	Zone_2B_1_22	Zone_2B_2_22	Zone_2B_3_22	Musq_01_22	Musq_02_22	Musq_04_22	Musq_06_22	Musq_07_22	Musq_08_22	Musq_11_22	Musq_15_22	Musq_16_22	Musq_19_22	Musq_26_22	Musq_28_22	Zone_2B_2_23	Zone_2B_3_23	Zone_2B_1_23	Zone_3_1_23	Zone_3_4_23	Zone_3_3_23	Zone_3_2_23	Zone_2A_12_23	Zone_2A_10_23	Zone_2A_1_23	Musq_25_23	Musq_27_23	Musq_29_23	Musq_31_23	Musq_19_23	Musq_01_23	Musq_03_23	Musq_05_23	Musq_07_23	Musq_09_23	Musq_11_23	Musq_13_23	Musq_15_23	Musq_17_23	Musq_21_23	Musq_23_23	Musq_19_24	Musq_21_24	Musq_23_24	Musq_25_24	Musq_27_24	Musq_29_24	Musq_31_24	Zone_2B_1_24	Zone_2B_2_24	Zone_2B_3_24	Zone_3_1_24	Zone_3_3_24	Zone_3_2_24	Zone_2A_12_24	Zone_2A_10_24	Zone_2A_1_24	Musq_01_24	Musq_03_24	Musq_05_24	Musq_07_24	Musq_09_24	Musq_11_24	Musq_13_24	Musq_15_24	Musq_17_24	Musq_21_25	Musq_19_25	Musq_17_25	Musq_15_25	Musq_13_25	Musq_11_25	Musq_09_25	Musq_07_25	Musq_05_25	Musq_03_25	Musq_01_25	Musq_23_25	Musq_25_25	Zone_3_1_25	Zone_3_3_25	Musq_31_25	Zone_3_2_25	Musq_29_25	Zone_2A_10_25	Zone_2A_1_25	Musq_27_25	Zone_2A_12_25	Zone_2B_1_25	Zone_2B_3_25	Zone_2B_2_25
Zone_2B_1_22	0	0.901357889175415	0.8602175712585449	0.996666431427002	0.859844446182251	0.9703117609024048	0.836309552192688	1.002055764198303	1.008142113685608	1.005282759666443	0.9505248069763184	1.007423758506775	0.9456226825714111	0.7961775660514832	0.1028560698032379	0.8394626975059509	0.8557438254356384	0.9069389700889587	0.8604822158813477	0.8527162671089172	0.8203464150428772	0.846201479434967	0.8354421854019165	0.855900764465332	0.8700059652328491	0.8725566864013672	0.8747195601463318	0.8541542291641235	0.8329357504844666	0.8606811761856079	0.8088029623031616	0.7737149596214294	0.8716151714324951	0.8488835692405701	0.8760561347007751	0.8787646889686584	0.9011110067367554	0.8542404174804688	0.902800440788269	0.8869820833206177	0.8477801084518433	0.8934052586555481	0.9979754686355591	0.8919998407363892	1.007744073867798	1.28206729888916	1.122435688972473	1.08998167514801	1.11360502243042	1.218537092208862	1.04535961151123	0.9286400079727173	0.9487808346748352	1.107612490653992	1.326786279678345	0.9176698327064514	0.9730414152145386	0.91576087474823	0.9066953659057617	0.963737964630127	0.9368094205856323	0.9615592360496521	0.8370230793952942	0.9561553001403809	0.9082877635955811	0.9323583841323853	0.9682716131210327	0.7790600657463074	0.8712652325630188	0.9146543741226196	0.9114879369735718	0.9005890488624573	0.9057194590568542	0.9249249696731567	0.9261561036109924	0.9427843689918518	0.8723980188369751	0.8619909286499023	0.8501747846603394	0.8866978287696838	0.8800445795059204	0.9000877141952515	0.8518998622894287	0.7112447023391724	0.8874008655548096	0.8977091312408447	0.8889414072036743	0.884782612323761	0.8693565726280212	0.899255633354187	0.8794770240783691
Zone_2B_2_22	0.901357889175415	0	0.3326348066329956	0.4452899098396301	0.2777706980705261	0.4190374314785004	0.3953097462654114	0.4522101879119873	0.4566996395587921	0.4573853611946106	0.3394888639450073	0.4577995240688324	0.3126177787780762	0.3786233365535736	0.8661866188049316	0.3492072522640228	0.331527054309845	0.3917043805122375	0.326647937297821	0.3358621895313263	0.3546959757804871	0.3379590511322021	0.2617122828960419	0.3346743583679199	0.3311623930931091	0.2932465076446533	0.329802393913269	0.3351478576660156	0.3381680250167847	0.2580367922782898	0.3245895206928253	0.3961583971977234	0.3823431432247162	0.3534470200538635	0.2923688292503357	0.2783792018890381	0.2587882280349731	0.2822526097297668	0.2418787479400635	0.2182340174913406	0.2221585214138031	0.2479430139064789	0.4310744404792786	0.3569899201393127	0.5152983069419861	0.7431730031967163	0.5843942761421204	0.5576493740081787	0.6643415689468384	0.6861552000045776	0.4649989306926727	0.67376309633255	0.4604820013046265	0.5513941049575806	0.8465909957885742	0.3700873851776123	0.414522111415863	0.4199604094028473	0.3579237461090088	0.3951730132102966	0.3309960067272186	0.3782548904418945	0.4111952781677246	0.3942686021327972	0.3408918082714081	0.3612735569477081	0.4260767102241516	0.2779557704925537	0.3228258490562439	0.2893279492855072	0.2392855733633041	0.2284089028835297	0.2399810254573822	0.2788890898227692	0.2735292613506317	0.307694286108017	0.2561818957328796	0.3104128241539001	0.3560656309127808	0.3463480472564697	0.3259472548961639	0.3298204839229584	0.3357741832733154	0.4071702659130096	0.3484519124031067	0.3102169036865234	0.3511548042297363	0.3258799016475677	0.3214992582798004	0.3657969236373901	0.3354189097881317
Zone_2B_3_22	0.8602175712585449	0.3326348066329956	0	0.490525484085083	0.3825536966323853	0.4642730057239532	0.2381515502929688	0.4973346292972565	0.5014452934265137	0.5024943947792053	0.4520970582962036	0.5028312206268311	0.4394862651824951	0.1030295491218567	0.8201498985290527	0.0608067587018013	0.0281787496060133	0.1302067190408707	0.007095331326127052	0.009097229689359665	0.04081909731030464	0.01706658490002155	0.1443445533514023	0.008287379518151283	0.07111705839633942	0.1088999137282372	0.09241284430027008	0.007224882487207651	0.09864367544651031	0.1979077309370041	0.3513990640640259	0.3797679841518402	0.4130034148693085	0.4243032336235046	0.4336183071136475	0.3373143672943115	0.3359126150608063	0.2288626432418823	0.3279733061790466	0.3280396461486816	0.2823902368545532	0.4035515189170837	0.4873075783252716	0.258198618888855	0.4222269654273987	0.7140945196151733	0.4822078347206116	0.4532772600650787	0.7042344212532043	0.6440377831459045	0.5190238356590271	0.6392590999603271	0.2623594999313354	0.511181116104126	0.8916596174240112	0.2940733134746552	0.4556233584880829	0.4691912531852722	0.3369956910610199	0.5127732753753662	0.3993102312088013	0.4229432940483093	0.4788834154605865	0.4761623740196228	0.4665691554546356	0.4770835638046265	0.4696743488311768	0.4089440107345581	0.3608603477478027	0.3900861144065857	0.3854086697101593	0.3384147882461548	0.3778794407844543	0.4135083556175232	0.4014009535312653	0.4366104602813721	0.4211806058883667	0.1862661242485046	0.143002912402153	0.1338882595300674	0.1692783236503601	0.1815179586410522	0.07908409833908081	0.1906629800796509	0.1317877173423767	0.1999908238649368	0.1381619274616241	0.1781700849533081	0.125430554151535	0.1488586068153381	0.1160929799079895
Musq_01_22	0.996666431427002	0.4452899098396301	0.490525484085083	0	0.3673617541790009	0.1307440996170044	0.4055697917938232	0.06226508691906929	0.05792236328125	0.06006909906864166	0.166724219918251	0.05899478867650032	0.1978661864995956	0.5363929271697998	0.9601149559020996	0.5130926370620728	0.4835713505744934	0.5685398578643799	0.4915175437927246	0.4934061765670776	0.5128389596939087	0.4965157508850098	0.4096439778804779	0.4928200542926788	0.4209761619567871	0.4646381735801697	0.4384234845638275	0.4931627810001373	0.4644817113876343	0.4136283397674561	0.4328203499317169	0.4824120104312897	0.3067522644996643	0.3823965191841125	0.3067477643489838	0.3190402090549469	0.3048046231269836	0.4004470705986023	0.2979297637939453	0.340252161026001	0.399896115064621	0.3475904166698456	0.5175581574440002	0.4991532564163208	0.6028151512145996	0.8796221613883972	0.7470481991767883	0.7217690348625183	0.7681326866149902	0.8237727880477905	0.6390595436096191	0.8376642465591431	0.6332575082778931	0.6830500960350037	0.8937997817993164	0.3864811062812805	0.1999305188655853	0.2591979503631592	0.4251953363418579	0.3937254846096039	0.3395887911319733	0.4014769196510315	0.4085187613964081	0.3297057747840881	0.3682388961315155	0.2689481973648071	0.06445041298866272	0.4173509478569031	0.2641951739788055	0.2567504048347473	0.2995056211948395	0.3172173500061035	0.3186624944210052	0.2435303032398224	0.2420208752155304	0.2041893154382706	0.3385011851787567	0.3920958042144775	0.5322956442832947	0.5160195827484131	0.4955218434333801	0.3716301620006561	0.5119355320930481	0.5836085677146912	0.5188053846359253	0.416931688785553	0.5208402276039124	0.4571611881256104	0.4949690103530884	0.5419902205467224	0.4824835062026978
Musq_02_22	0.859844446182251	0.2777706980705261	0.3825536966323853	0.3673617541790009	0	0.3409209847450256	0.3810333907604218	0.3999661803245544	0.4044905602931976	0.4051055312156677	0.233928456902504	0.4052680134773254	0.2078760862350464	0.4175959229469299	0.8235270977020264	0.3906857371330261	0.370585560798645	0.4525222182273865	0.3832626938819885	0.3843033313751221	0.4005969166755676	0.3854856491088867	0.3070683479309082	0.3836618661880493	0.3123434484004974	0.3243919014930725	0.3364602625370026	0.3843420743942261	0.3528270125389099	0.2419056445360184	0.1610284745693207	0.2486172020435333	0.1889103353023529	0.1305042654275894	0.2014346122741699	0.2276840955018997	0.1914770305156708	0.2104028463363647	0.1722916066646576	0.1242423355579376	0.19900943338871	0.1753211915493011	0.3902154564857483	0.3456079959869385	0.4991288483142853	0.7857779264450073	0.6459883451461792	0.6198080778121948	0.6933169364929199	0.7265779972076416	0.5375159978866577	0.7184041738510132	0.5209075808525085	0.5697168111801147	0.8365246057510376	0.3371355533599854	0.3869925141334534	0.2956640720367432	0.3112367391586304	0.2969406843185425	0.2968461215496063	0.334195464849472	0.3426700830459595	0.3297915458679199	0.2524740695953369	0.2454094886779785	0.3693910241127014	0.1951631605625153	0.2858250141143799	0.2222802937030792	0.1575836539268494	0.1575662195682526	0.1713297218084335	0.1761793494224548	0.1640639007091522	0.2057883441448212	0.1877393573522568	0.2977051138877869	0.4205428957939148	0.4066025018692017	0.387161910533905	0.3450267910957336	0.4015200734138489	0.4595436751842499	0.4105011820793152	0.3154504299163818	0.4118173122406006	0.3494513630867004	0.3866731226444244	0.4306556880474091	0.3737275302410126
Musq_04_22	0.9703117609024048	0.4190374314785004	0.4642730057239532	0.1307440996170044	0.3409209847450256	0	0.4407922923564911	0.1921602338552475	0.1877934187650681	0.1899407356977463	0.2698616087436676	0.1888224333524704	0.2825422883033752	0.509965181350708	0.9336872100830078	0.4868849515914917	0.4573636651039124	0.5424442291259766	0.465354710817337	0.4673553109169006	0.4866088926792145	0.4705993235111237	0.3835707306861877	0.4666571617126465	0.394947737455368	0.4494752883911133	0.4123950302600861	0.4670671224594116	0.4383187890052795	0.4052983522415161	0.4164561033248901	0.4634265899658203	0.3619436025619507	0.4071559906005859	0.3501466512680054	0.3417245745658875	0.3240080773830414	0.3934164643287659	0.3136178553104401	0.3387103378772736	0.3914541602134705	0.3444840610027313	0.515997588634491	0.4730612635612488	0.5765887498855591	0.8536646366119385	0.7207399010658264	0.6959235072135925	0.7418166399002075	0.797434389591217	0.6132364273071289	0.8113930225372314	0.6069638729095459	0.6728643774986267	0.8675061464309692	0.3921343684196472	0.2796709537506104	0.3433293998241425	0.44229656457901	0.4327370524406433	0.3840890526771545	0.4250974655151367	0.4360150396823883	0.3587478697299957	0.3999917507171631	0.3243812322616577	0.1938319951295853	0.4078101515769958	0.3259422183036804	0.2964770197868347	0.3029149174690247	0.3226205706596375	0.3334992825984955	0.2827845811843872	0.2697141170501709	0.2850910723209381	0.3591953814029694	0.3661345541477203	0.5065360069274902	0.4905531406402588	0.469360888004303	0.4026625156402588	0.4862655401229858	0.5577715039253235	0.4927321672439575	0.4269498586654663	0.4954167008399963	0.4312242865562439	0.4688752293586731	0.5161410570144653	0.4564316272735596
Musq_06_22	0.836309552192688	0.3953097462654114	0.2381515502929688	0.4055697917938232	0.3810333907604218	0.4407922923564911	0	0.4107335805892944	0.4171504378318787	0.4141563177108765	0.3599667549133301	0.4169845581054688	0.3549874126911163	0.1589591950178146	0.8007966279983521	0.2181609869003296	0.2263730764389038	0.2856627106666565	0.2393217384815216	0.2305467128753662	0.2086203992366791	0.2242079377174377	0.2002173066139221	0.234355628490448	0.190776526927948	0.2086304426193237	0.1863852739334106	0.2323028147220612	0.1788348853588104	0.1886328160762787	0.3443005681037903	0.3240557909011841	0.29794842004776	0.3072147071361542	0.2827104032039642	0.2185449302196503	0.247852236032486	0.183064877986908	0.2590938806533813	0.286065399646759	0.2563799023628235	0.3698946833610535	0.4209267497062683	0.2776669263839722	0.4011825621128082	0.751581072807312	0.5278201103210449	0.51398766040802	0.6827747821807861	0.6809623837471008	0.5479370951652527	0.5798013210296631	0.3633707761764526	0.5165776610374451	0.9169992208480835	0.2342466115951538	0.3667588829994202	0.3605451881885529	0.246813103556633	0.3979588747024536	0.3089012503623962	0.3314676880836487	0.2912494540214539	0.3738894462585449	0.3421272039413452	0.3854418396949768	0.3574724793434143	0.3235892057418823	0.2153925895690918	0.3003548383712769	0.3350487351417542	0.2879334688186646	0.3226162195205688	0.3250345587730408	0.3250665068626404	0.3524048924446106	0.3242428302764893	0.1822512149810791	0.2790566682815552	0.3236144185066223	0.2945935726165771	0.1457193046808243	0.2354544997215271	0.2287348210811615	0.3259319365024567	0.2120294272899628	0.3255161643028259	0.2679315805435181	0.275232195854187	0.3204325437545776	0.2609103322029114
Musq_07_22	1.002055764198303	0.4522101879119873	0.4973346292972565	0.06226508691906929	0.3999661803245544	0.1921602338552475	0.4107335805892944	0	0.01069558039307594	0.0103082088753581	0.1732828468084335	0.0114363981410861	0.2059528380632401	0.5417091846466064	0.9654312133789062	0.5185236930847168	0.4889727234840393	0.5747882127761841	0.4981922209262848	0.4989410042762756	0.518196702003479	0.5019320249557495	0.4162114858627319	0.4982306361198425	0.4495983719825745	0.4707115888595581	0.445267915725708	0.4985205233097076	0.4850844144821167	0.4202785491943359	0.4349769353866577	0.4877602756023407	0.312198132276535	0.3878426253795624	0.3121491968631744	0.3359056115150452	0.3301966190338135	0.4172087609767914	0.3176541924476624	0.3620419502258301	0.4020379185676575	0.368831068277359	0.534984827041626	0.5134950876235962	0.6249750256538391	0.8850929141044617	0.7540779113769531	0.7279139161109924	0.7736331224441528	0.8299409151077271	0.6445005536079407	0.8431195020675659	0.6382647752761841	0.687380313873291	0.9000480771064758	0.4196336269378662	0.2406423091888428	0.2651731073856354	0.4376803636550903	0.4023396968841553	0.3488661348819733	0.4232013523578644	0.4275767505168915	0.3581039607524872	0.3779509663581848	0.2790713310241699	0.0788687989115715	0.4239122271537781	0.2773412466049194	0.2589514851570129	0.3238750398159027	0.328293114900589	0.3241188526153564	0.2654531896114349	0.2745271325111389	0.2122071087360382	0.3439625203609467	0.4255236387252808	0.537595808506012	0.522821843624115	0.5021244287490845	0.3776441216468811	0.5174111127853394	0.5891138315200806	0.5249277353286743	0.4238526225090027	0.526330828666687	0.4774741232395172	0.5011646151542664	0.5482480525970459	0.4984462857246399
Musq_08_22	1.008142113685608	0.4566996395587921	0.5014452934265137	0.05792236328125	0.4044905602931976	0.1877934187650681	0.4171504378318787	0.01069558039307594	0	0.003377941437065601	0.1780530363321304	0.002636788645759225	0.2089044749736786	0.5477955937385559	0.9715176224708557	0.5240420699119568	0.4944911599159241	0.5794597864151001	0.5024670362472534	0.5044595003128052	0.5237736105918884	0.5074504613876343	0.4206379354000092	0.5037992000579834	0.4539490938186646	0.4755876660346985	0.4494026303291321	0.5040974617004395	0.4906028509140015	0.4290567636489868	0.4437689781188965	0.4933754801750183	0.3177305161952972	0.3933756649494171	0.3176675736904144	0.3414379954338074	0.335627019405365	0.422727108001709	0.3262071311473846	0.3676042556762695	0.410815954208374	0.3743175566196442	0.5439887046813965	0.5224989652633667	0.6338282823562622	0.8908810019493103	0.7585090398788452	0.7329092621803284	0.7794212102890015	0.834957480430603	0.6502739191055298	0.8488637208938599	0.6444570422172546	0.6942793130874634	0.9049399495124817	0.4241086840629578	0.2449733912944794	0.271984338760376	0.4434245228767395	0.4080839157104492	0.3576103448867798	0.4289455413818359	0.4365805983543396	0.3638481795787811	0.3837243914604187	0.288126528263092	0.08438829332590103	0.4326913058757782	0.286119282245636	0.2677500545978546	0.3280441164970398	0.3369020521640778	0.3321685492992401	0.2709861397743225	0.2787469625473022	0.2151240557432175	0.3495453596115112	0.4340560138225555	0.5432896614074707	0.5270785689353943	0.5065066814422607	0.3825648725032806	0.5229295492172241	0.5946526527404785	0.5297845602035522	0.4280887842178345	0.5318638682365417	0.4817308187484741	0.5059834718704224	0.5530138611793518	0.5031577348709106
Musq_11_22	1.005282759666443	0.4573853611946106	0.5024943947792053	0.06006909906864166	0.4051055312156677	0.1899407356977463	0.4141563177108765	0.0103082088753581	0.003377941437065601	0	0.175163522362709	0.004705352243036032	0.2100120931863785	0.5449361801147461	0.9685141444206238	0.5213250517845154	0.4917741417884827	0.5795740485191345	0.5033665895462036	0.5017424821853638	0.5210566520690918	0.5047333836555481	0.4213712215423584	0.5030480623245239	0.454816609621048	0.4757021069526672	0.4504276812076569	0.5013803839683533	0.4878858327865601	0.4263396263122559	0.4410449266433716	0.4906514585018158	0.3150064945220947	0.3910884857177734	0.3149505853652954	0.3387139737606049	0.3340042233467102	0.4200100898742676	0.3253158330917358	0.3648872077465057	0.4080989360809326	0.3735021948814392	0.5410865545272827	0.5195969343185425	0.6323320865631104	0.8879789113998413	0.7593652606010437	0.7331412434577942	0.7765191197395325	0.8348236083984375	0.6473718285560608	0.8459615707397461	0.6415549516677856	0.6913771629333496	0.9049015641212463	0.4247649312019348	0.2458696067333221	0.2690983712673187	0.4405385553836823	0.4051817953586578	0.3569620251655579	0.4260434508323669	0.4336785078048706	0.3609461188316345	0.3808223009109497	0.2862676978111267	0.08167068660259247	0.4299737811088562	0.2834022045135498	0.2650227844715118	0.3290932178497314	0.3365322053432465	0.3325484991073608	0.2682691514492035	0.2797020077705383	0.2161260396242142	0.3468180298805237	0.4328131079673767	0.5405725836753845	0.5279918313026428	0.5072944164276123	0.3826728165149689	0.5202124714851379	0.5919254422187805	0.5300804376602173	0.4290123581886292	0.5302455425262451	0.4826441407203674	0.506269097328186	0.5530338883399963	0.5032618641853333
Musq_15_22	0.9505248069763184	0.3394888639450073	0.4520970582962036	0.166724219918251	0.233928456902504	0.2698616087436676	0.3599667549133301	0.1732828468084335	0.1780530363321304	0.175163522362709	0	0.1787396818399429	0.03958652168512344	0.4904853105545044	0.914207398891449	0.4566993713378906	0.4356602132320404	0.5280493497848511	0.4528250098228455	0.4470597505569458	0.4667201042175293	0.4487525820732117	0.3705123662948608	0.4506198763847351	0.4039000570774078	0.3820794224739075	0.3997222483158112	0.4469573497772217	0.433693528175354	0.2935057282447815	0.337132453918457	0.4264118075370789	0.2323215454816818	0.2445169389247894	0.1403501182794571	0.2005385756492615	0.1763265877962112	0.2929984927177429	0.1674162745475769	0.1911855638027191	0.2443829476833344	0.2016259580850601	0.4187324643135071	0.420394241809845	0.5792907476425171	0.8345960378646851	0.7081297636032104	0.6825558543205261	0.7293561697006226	0.7836188077926636	0.576309859752655	0.7914049029350281	0.5880391597747803	0.6077696084976196	0.8621838688850403	0.3530255556106567	0.2317302227020264	0.1960782110691071	0.3190210461616516	0.2305929660797119	0.2263466119766235	0.3015581965446472	0.3129468560218811	0.2396334260702133	0.206224799156189	0.1156357824802399	0.170044481754303	0.2553743720054626	0.1826890408992767	0.1166827082633972	0.1582402735948563	0.1656792461872101	0.161695584654808	0.09678854048252106	0.1088601052761078	0.04563580453395844	0.1721989661455154	0.3796247243881226	0.4855529069900513	0.4754689931869507	0.4565509557723999	0.3315346539020538	0.4650485515594482	0.5367903709411621	0.4793172776699066	0.3489407002925873	0.4782419204711914	0.4315348267555237	0.4555544555187225	0.5012495517730713	0.4518525004386902
Musq_16_22	1.007423758506775	0.4577995240688324	0.5028312206268311	0.05899478867650032	0.4052680134773254	0.1888224333524704	0.4169845581054688	0.0114363981410861	0.002636788645759225	0.004705352243036032	0.1787396818399429	0	0.2099716067314148	0.5472277402877808	0.9709123373031616	0.5250877141952515	0.4955664277076721	0.5805927515029907	0.5036479830741882	0.5055390000343323	0.5248917937278748	0.5085595846176147	0.4217174053192139	0.5048786997795105	0.4550285935401917	0.4766333103179932	0.4505053162574768	0.5052066445350647	0.49188432097435	0.4300874471664429	0.4448219835758209	0.4944136142730713	0.3186395466327667	0.3943265676498413	0.318777322769165	0.3424613475799561	0.3366923332214355	0.4237579107284546	0.3272107839584351	0.368683785200119	0.4119399785995483	0.3746387660503387	0.5443393588066101	0.5228153467178345	0.6341785788536072	0.8912312984466553	0.7588250637054443	0.7331950664520264	0.779786229133606	0.8352787494659424	0.6506439447402954	0.8491050004959106	0.6447782516479492	0.6945157051086426	0.9053057432174683	0.4244969189167023	0.2453695982694626	0.2722207307815552	0.4437895715236664	0.4082912504673004	0.3579266667366028	0.4293106198310852	0.4368968904018402	0.3641985654830933	0.3840894103050232	0.2884915769100189	0.08546623587608337	0.4337677955627441	0.2871988415718079	0.2687783241271973	0.3291548490524292	0.3379815816879272	0.3330579102039337	0.2720657587051392	0.2796957790851593	0.2162332236766815	0.3505941331386566	0.4351356029510498	0.5443692207336426	0.5281170606613159	0.5075247287750244	0.3835453987121582	0.5240090489387512	0.5957015752792358	0.5308641195297241	0.4291684031486511	0.5328947305679321	0.4827488660812378	0.507001519203186	0.5540446639060974	0.5043498873710632
Musq_19_22	0.9456226825714111	0.3126177787780762	0.4394862651824951	0.1978661864995956	0.2078760862350464	0.2825422883033752	0.3549874126911163	0.2059528380632401	0.2089044749736786	0.2100120931863785	0.03958652168512344	0.2099716067314148	0	0.4855832457542419	0.9093053340911865	0.4513894319534302	0.4278963208198547	0.5172653198242188	0.4402302801609039	0.4417301416397095	0.461390495300293	0.4434230029582977	0.358071506023407	0.4414893984794617	0.3913372755050659	0.3712767362594604	0.3871391415596008	0.4416277408599854	0.4283639192581177	0.2874598503112793	0.3309902250766754	0.4210977852344513	0.2270196676254272	0.2375861704349518	0.1093478202819824	0.1952256560325623	0.1687314808368683	0.287678599357605	0.1569000631570816	0.1618518233299255	0.2390740662813187	0.1659955382347107	0.4135948419570923	0.4152565896511078	0.5712409615516663	0.8322773575782776	0.6956684589385986	0.6704660654067993	0.727057158946991	0.7757834196090698	0.5739911794662476	0.7862475514411926	0.5819274187088013	0.6020084619522095	0.8543484210968018	0.34098881483078	0.2449607253074646	0.2062841653823853	0.3138834536075592	0.2123968601226807	0.2151458412408829	0.2964009046554565	0.307789534330368	0.2381444573402405	0.1770177781581879	0.100904569029808	0.2090412378311157	0.2243715077638626	0.1773791313171387	0.1094508320093155	0.1199754551053047	0.1408422291278839	0.1238487511873245	0.06266642361879349	0.07061588764190674	0.006929763592779636	0.1412255316972733	0.3714538216590881	0.4802429974079132	0.4628882110118866	0.4439504444599152	0.3196336030960083	0.4597386121749878	0.531490683555603	0.4672283530235291	0.3363496065139771	0.4680671989917755	0.4189539551734924	0.4434560835361481	0.4904654622077942	0.4410787224769592
Musq_26_22	0.7961775660514832	0.3786233365535736	0.1030295491218567	0.5363929271697998	0.4175959229469299	0.509965181350708	0.1589591950178146	0.5417091846466064	0.5477955937385559	0.5449361801147461	0.4904853105545044	0.5472277402877808	0.4855832457542419	0	0.7561208009719849	0.09464174509048462	0.1057891547679901	0.1620564758777618	0.1043922305107117	0.09639212489128113	0.08074659109115601	0.09083171188831329	0.1937636435031891	0.0995555967092514	0.1258037537336349	0.1576793193817139	0.1467611193656921	0.09758803248405457	0.1102927923202515	0.2277818918228149	0.3590758740901947	0.3457204401493073	0.4277889132499695	0.4122093617916107	0.4198354482650757	0.34562748670578	0.3637598752975464	0.2449707984924316	0.3718582093715668	0.3634084463119507	0.2997904419898987	0.4467328190803528	0.5061482787132263	0.298154354095459	0.4371503293514252	0.7517708539962769	0.5311771631240845	0.5002648830413818	0.6885069608688354	0.6818291544914246	0.5484334230422974	0.5783846378326416	0.2920961678028107	0.5536637902259827	0.9142935872077942	0.3420654535293579	0.5019043684005737	0.4943923354148865	0.3608259558677673	0.5340445041656494	0.4453722238540649	0.4569803774356842	0.4257851839065552	0.5026591420173645	0.4805037975311279	0.5199940204620361	0.4913612604141235	0.3630713820457458	0.3548738360404968	0.4311649203300476	0.4321778416633606	0.384869247674942	0.4241206049919128	0.45557701587677	0.4480416178703308	0.4828351736068726	0.4267914593219757	0.2145849168300629	0.1731980293989182	0.2105823010206223	0.2159736305475235	0.2294937521219254	0.1303960829973221	0.134391576051712	0.2100831717252731	0.2473548203706741	0.2123059034347534	0.2250012457370758	0.1789079010486603	0.206855446100235	0.1756651401519775
Musq_28_22	0.1028560698032379	0.8661866188049316	0.8201498985290527	0.9601149559020996	0.8235270977020264	0.9336872100830078	0.8007966279983521	0.9654312133789062	0.9715176224708557	0.9685141444206238	0.914207398891449	0.9709123373031616	0.9093053340911865	0.7561208009719849	0	0.8023891448974609	0.8204458951950073	0.8677499294281006	0.8212770223617554	0.8129395246505737	0.7803757190704346	0.8066800832748413	0.8000649809837341	0.816361129283905	0.8349729180335999	0.8382254838943481	0.8394613862037659	0.8143755793571472	0.7984188795089722	0.8263500332832336	0.7753612399101257	0.7405727505683899	0.8386025428771973	0.813818633556366	0.8412624597549438	0.8457361459732056	0.8660460710525513	0.8192234039306641	0.8678575158119202	0.8519172072410583	0.8134489059448242	0.8715580701828003	0.9928043484687805	0.8862028121948242	1.001137733459473	1.273442506790161	1.116265058517456	1.083487749099731	1.105675458908081	1.210543870925903	1.038611173629761	0.9207160472869873	0.9432893395423889	1.101364970207214	1.317675828933716	0.9127183556556702	0.9672966003417969	0.9101651906967163	0.9009937047958374	0.9580127000808716	0.9312329292297363	0.9558960199356079	0.831470251083374	0.9510291814804077	0.9025064706802368	0.9255824089050293	0.9337649941444397	0.7447289824485779	0.8366150856018066	0.8803231716156006	0.8765985369682312	0.8660345673561096	0.8732601404190063	0.8901153206825256	0.8912188410758972	0.9071993827819824	0.8378754854202271	0.8276273608207703	0.811301052570343	0.8477188348770142	0.848522424697876	0.8657565116882324	0.8129209280014038	0.672265887260437	0.8483087420463562	0.8633780479431152	0.8500677347183228	0.8534789085388184	0.8379235863685608	0.860211968421936	0.8449764251708984
Zone_2B_2_23	0.8394626975059509	0.3492072522640228	0.0608067587018013	0.5130926370620728	0.3906857371330261	0.4868849515914917	0.2181609869003296	0.5185236930847168	0.5240420699119568	0.5213250517845154	0.4566993713378906	0.5250877141952515	0.4513894319534302	0.09464174509048462	0.8023891448974609	0	0.04979068413376808	0.1118154525756836	0.06104043126106262	0.05254951119422913	0.03929810971021652	0.04482590779662132	0.1658342182636261	0.05605138093233109	0.09255695343017578	0.09712466597557068	0.1142160594463348	0.05411416664719582	0.07891310751438141	0.1882627010345459	0.331308513879776	0.3479651510715485	0.3928205072879791	0.4013946056365967	0.4023516774177551	0.3034523129463196	0.3247996270656586	0.2050504982471466	0.3356427550315857	0.329572319984436	0.2579013407230377	0.4116535782814026	0.4680182337760925	0.2545673847198486	0.4176128804683685	0.7259589433670044	0.5037514567375183	0.4748176336288452	0.6833205223083496	0.6254002451896667	0.5171020030975342	0.6180980205535889	0.2352498769760132	0.5160090923309326	0.8694449663162231	0.3054558038711548	0.4721930623054504	0.4663891196250916	0.3205800354480743	0.4977602362632751	0.4083103537559509	0.4208804965019226	0.4475358724594116	0.4686366319656372	0.4410764276981354	0.4864256978034973	0.4631503820419312	0.3778480887413025	0.3296875357627869	0.3964793384075165	0.3973764777183533	0.3489435017108917	0.3891268968582153	0.4211024940013885	0.4131474494934082	0.4484929442405701	0.3916850686073303	0.1878449469804764	0.1363567113876343	0.1749904006719589	0.1911047846078873	0.2020944058895111	0.08712737262248993	0.1724822521209717	0.1773709654808044	0.211810827255249	0.1772748827934265	0.1997604966163635	0.1467275619506836	0.1430216878652573	0.1192129775881767
Zone_2B_3_23	0.8557438254356384	0.331527054309845	0.0281787496060133	0.4835713505744934	0.370585560798645	0.4573636651039124	0.2263730764389038	0.4889727234840393	0.4944911599159241	0.4917741417884827	0.4356602132320404	0.4955664277076721	0.4278963208198547	0.1057891547679901	0.8204458951950073	0.04979068413376808	0	0.1306979358196259	0.02830376476049423	0.02536491677165031	0.04456673189997673	0.02695575170218945	0.1437872350215912	0.02682092040777206	0.06287758052349091	0.09099984914064407	0.07769869267940521	0.02498861402273178	0.08608059585094452	0.1799840927124023	0.3344957530498505	0.359722912311554	0.3947179317474365	0.407593846321106	0.4167894124984741	0.3172426223754883	0.3201240599155426	0.2115688621997833	0.3093249201774597	0.3114144802093506	0.2587159276008606	0.3884028792381287	0.4704568386077881	0.2374735474586487	0.4112792611122131	0.7079876661300659	0.4809145331382751	0.4520878791809082	0.6988142728805542	0.6377175450325012	0.5107474327087402	0.6336970329284668	0.2528673410415649	0.4944332838058472	0.8855042457580566	0.2821063101291656	0.4441993534564972	0.4492666721343994	0.3204525709152222	0.4949703216552734	0.3843624591827393	0.4064773321151733	0.4620558023452759	0.4565519690513611	0.4491463899612427	0.4560929536819458	0.4566042423248291	0.3923650681972504	0.3441398143768311	0.3671356439590454	0.3670437335968018	0.3186107873916626	0.358794093132019	0.3976547420024872	0.3896840810775757	0.4249753654003143	0.4045479297637939	0.1751914173364639	0.1446264386177063	0.1473605036735535	0.1688258349895477	0.1724992692470551	0.08491398394107819	0.1904091686010361	0.1505817323923111	0.1883474588394165	0.1495703607797623	0.1701802313327789	0.1243433356285095	0.1517316102981567	0.1027757227420807
Zone_2B_1_23	0.9069389700889587	0.3917043805122375	0.1302067190408707	0.5685398578643799	0.4525222182273865	0.5424442291259766	0.2856627106666565	0.5747882127761841	0.5794597864151001	0.5795740485191345	0.5280493497848511	0.5805927515029907	0.5172653198242188	0.1620564758777618	0.8677499294281006	0.1118154525756836	0.1306979358196259	0	0.1234242543578148	0.1305461525917053	0.1363298296928406	0.1314150393009186	0.2216582596302032	0.128148540854454	0.1589675545692444	0.1466571837663651	0.1754831820726395	0.1299658417701721	0.147936150431633	0.257445365190506	0.4104703664779663	0.4256219863891602	0.4646905660629272	0.4640556573867798	0.4885318875312805	0.3956009149551392	0.3994854688644409	0.2916916310787201	0.4022562801837921	0.3986858129501343	0.3392899036407471	0.4784228801727295	0.5521656274795532	0.3262169361114502	0.4866942167282104	0.7894745469093323	0.5346328020095825	0.5055855512619019	0.7592499852180481	0.6543449759483337	0.5922996997833252	0.6608995199203491	0.2294841706752777	0.5785346627235413	0.8330715298652649	0.3642474412918091	0.5334253907203674	0.5352843403816223	0.406988114118576	0.5819432735443115	0.4748743176460266	0.4972688555717468	0.5255619883537292	0.5472636222839355	0.5346071124076843	0.5541689395904541	0.5398595333099365	0.450282096862793	0.4187636375427246	0.4623389542102814	0.4629619717597961	0.4151145219802856	0.4551842212677002	0.4899114966392517	0.4788004755973816	0.5141898393630981	0.4847460985183716	0.2303989380598068	0.1951157599687576	0.2079367935657501	0.2217341065406799	0.2334702610969543	0.1409352868795395	0.2121066898107529	0.2078685611486435	0.25237637758255	0.2113538533449173	0.2305560857057571	0.1776397228240967	0.1411398351192474	0.1530581265687943
Zone_3_1_23	0.8604822158813477	0.326647937297821	0.007095331326127052	0.4915175437927246	0.3832626938819885	0.465354710817337	0.2393217384815216	0.4981922209262848	0.5024670362472534	0.5033665895462036	0.4528250098228455	0.5036479830741882	0.4402302801609039	0.1043922305107117	0.8212770223617554	0.06104043126106262	0.02830376476049423	0.1234242543578148	0	0.01269976980984211	0.04114172607660294	0.01890191994607449	0.1447163820266724	0.01106631569564342	0.07115183770656586	0.1021883636713028	0.09258726239204407	0.01083132158964872	0.0920451283454895	0.191224992275238	0.3520186543464661	0.380256175994873	0.4135110974311829	0.4248600602149963	0.4339483380317688	0.3378195762634277	0.3363816142082214	0.2291639149188995	0.3285191059112549	0.3285361528396606	0.2758003771305084	0.4042176008224487	0.4838119149208069	0.2587703168392181	0.4228784739971161	0.7147459983825684	0.4758318662643433	0.4469069242477417	0.7048859596252441	0.6446413993835449	0.5196274518966675	0.6328591108322144	0.2559449672698975	0.504766583442688	0.8924498558044434	0.2878137528896332	0.4564390182495117	0.4697637557983398	0.3375828266143799	0.5134234428405762	0.3999617397785187	0.4236142337322235	0.479534924030304	0.475121796131134	0.4671943783760071	0.4777543544769287	0.469734787940979	0.4039303660392761	0.3610242605209351	0.3866226971149445	0.3859931826591492	0.3384946584701538	0.3783016502857208	0.4138836860656738	0.4019935727119446	0.4371415972709656	0.4212741255760193	0.1798499822616577	0.1365291625261307	0.1275165677070618	0.1628669500350952	0.1750227808952332	0.07251688092947006	0.1840723156929016	0.1253775358200073	0.1935715973377228	0.1317517459392548	0.1717709898948669	0.1189470440149307	0.1423782706260681	0.1097609400749207
Zone_3_4_23	0.8527162671089172	0.3358621895313263	0.009097229689359665	0.4934061765670776	0.3843033313751221	0.4673553109169006	0.2305467128753662	0.4989410042762756	0.5044595003128052	0.5017424821853638	0.4470597505569458	0.5055390000343323	0.4417301416397095	0.09639212489128113	0.8129395246505737	0.05254951119422913	0.02536491677165031	0.1305461525917053	0.01269976980984211	0	0.03322776407003403	0.008176447823643684	0.1464846283197403	0.005919724237173796	0.07288186997175217	0.1083253473043442	0.09459008276462555	0.002152377041056752	0.09037242829799652	0.1912322640419006	0.3448332548141479	0.3713115453720093	0.4051965177059174	0.4184744656085968	0.4251915812492371	0.3286567330360413	0.3305861949920654	0.2200800627470016	0.3278102874755859	0.3230809569358826	0.2738067805767059	0.4031221866607666	0.4787473082542419	0.2519034743309021	0.4179875552654266	0.7065533995628357	0.4845441281795502	0.4554018378257751	0.6958985328674316	0.6441502571105957	0.5105228424072266	0.631026029586792	0.2577550113201141	0.506652295589447	0.8919346928596497	0.2958107888698578	0.4579848349094391	0.4615747928619385	0.3284353911876678	0.5042130351066589	0.4001368284225464	0.4143877923488617	0.4703231453895569	0.4676021337509155	0.458008885383606	0.4766887426376343	0.4610823392868042	0.4003837704658508	0.3522429168224335	0.3869217336177826	0.3877447545528412	0.339311808347702	0.3795439004898071	0.4114707410335541	0.4036509394645691	0.4389650225639343	0.4126499593257904	0.1819545328617096	0.1344384551048279	0.1361390799283981	0.1719839870929718	0.1829425543546677	0.0704115629196167	0.1819374561309814	0.1359773129224777	0.2021791189908981	0.1378856599330902	0.1803785115480423	0.1273722052574158	0.1484466195106506	0.1161026954650879
Zone_3_3_23	0.8203464150428772	0.3546959757804871	0.04081909731030464	0.5128389596939087	0.4005969166755676	0.4866088926792145	0.2086203992366791	0.518196702003479	0.5237736105918884	0.5210566520690918	0.4667201042175293	0.5248917937278748	0.461390495300293	0.08074659109115601	0.7803757190704346	0.03929810971021652	0.04456673189997673	0.1363298296928406	0.04114172607660294	0.03322776407003403	0	0.02736517228186131	0.1659543812274933	0.0362512581050396	0.09250947833061218	0.1265044957399368	0.1139516159892082	0.03431351855397224	0.06770312786102295	0.1992846429347992	0.3403881788253784	0.3433600664138794	0.4103936553001404	0.4052597284317017	0.4032618999481201	0.3127568960189819	0.3375840485095978	0.2154259979724884	0.3457382321357727	0.3395099341869354	0.2676298320293427	0.4227886199951172	0.4783281087875366	0.2709506452083588	0.4115113317966461	0.7262736558914185	0.5042526721954346	0.4747249484062195	0.6641510128974915	0.6545078158378601	0.5229321122169495	0.5991708040237427	0.2641555666923523	0.5262795686721802	0.8982410430908203	0.3155867457389832	0.477763831615448	0.4775468111038208	0.3305956721305847	0.509114682674408	0.4197447896003723	0.4309028387069702	0.4386728405952454	0.4787792861461639	0.4493529200553894	0.4964092075824738	0.463662713766098	0.3688429594039917	0.3207050859928131	0.4065679907798767	0.4074652194976807	0.3590322434902191	0.3992155790328979	0.4312350749969482	0.4233665466308594	0.4586107134819031	0.3882919549942017	0.1879704594612122	0.1133659556508064	0.1653192937374115	0.1911358833312988	0.2025541365146637	0.07566629350185394	0.1504284292459488	0.1647206842899323	0.2219580411911011	0.1668747216463089	0.2001574337482452	0.1467298120260239	0.1598053127527237	0.1345836222171783
Zone_3_2_23	0.846201479434967	0.3379590511322021	0.01706658490002155	0.4965157508850098	0.3854856491088867	0.4705993235111237	0.2242079377174377	0.5019320249557495	0.5074504613876343	0.5047333836555481	0.4487525820732117	0.5085595846176147	0.4434230029582977	0.09083171188831329	0.8066800832748413	0.04482590779662132	0.02695575170218945	0.1314150393009186	0.01890191994607449	0.008176447823643684	0.02736517228186131	0	0.1494212746620178	0.01179232075810432	0.07580961287021637	0.108468770980835	0.09757053852081299	0.009908720850944519	0.08402106165885925	0.1869549751281738	0.339956521987915	0.3634302616119385	0.4007355570793152	0.4135943949222565	0.4171837866306305	0.3210427761077881	0.3257902860641479	0.2123344242572784	0.3288422226905823	0.3240809440612793	0.2658779323101044	0.4049336612224579	0.4709897935390472	0.2530744075775146	0.4154931306838989	0.7093884944915771	0.4869218468666077	0.4581535458564758	0.689806342124939	0.644856870174408	0.5053645968437195	0.6245718598365784	0.2582850456237793	0.5081800222396851	0.8926595449447632	0.2973679006099701	0.4597963094711304	0.4622290730476379	0.3207855224609375	0.4966787695884705	0.4019483029842377	0.4129353761672974	0.4628048837184906	0.4605725407600403	0.4504643082618713	0.4785001873970032	0.4543344378471375	0.3926231861114502	0.344485342502594	0.3884197473526001	0.3893328905105591	0.3408839702606201	0.3811320662498474	0.4130429327487946	0.405286967754364	0.4404664635658264	0.4048628211021423	0.17917600274086	0.1277123987674713	0.1406220644712448	0.1748446226119995	0.1854923218488693	0.0635400265455246	0.1751727759838104	0.1423652172088623	0.2037512958049774	0.1425354033708572	0.1830757260322571	0.1302625238895416	0.1494011282920837	0.1182973459362984
Zone_2A_12_23	0.8354421854019165	0.2617122828960419	0.1443445533514023	0.4096439778804779	0.3070683479309082	0.3835707306861877	0.2002173066139221	0.4162114858627319	0.4206379354000092	0.4213712215423584	0.3705123662948608	0.4217174053192139	0.358071506023407	0.1937636435031891	0.8000649809837341	0.1658342182636261	0.1437872350215912	0.2216582596302032	0.1447163820266724	0.1464846283197403	0.1659543812274933	0.1494212746620178	0	0.1457652449607849	0.1384380459785461	0.1422709822654724	0.1359647214412689	0.146053746342659	0.161898136138916	0.1279635578393936	0.2842393517494202	0.3306708335876465	0.3315160870552063	0.347225546836853	0.3546303510665894	0.2563015222549438	0.2562668919563293	0.1582211703062057	0.248169794678688	0.2510450780391693	0.2076000869274139	0.3262714445590973	0.4055370986461639	0.1901767551898956	0.3434746265411377	0.6324747800827026	0.4180978536605835	0.4063740372657776	0.6227134466171265	0.5632932186126709	0.4373170733451843	0.5656368732452393	0.2881277203559875	0.4306557178497314	0.773270845413208	0.2138998806476593	0.3742803335189819	0.3874534368515015	0.2599587440490723	0.431098461151123	0.3176513910293579	0.341289222240448	0.3972245454788208	0.3943918347358704	0.3859153687953949	0.3954246938228607	0.387872040271759	0.3346275389194489	0.2790326178073883	0.3083304166793823	0.3070475459098816	0.2596611678600311	0.2992791533470154	0.332438200712204	0.3202939033508301	0.3551421165466309	0.3444899916648865	0.152714416384697	0.2185432463884354	0.2180039882659912	0.1899309009313583	0.169199675321579	0.1670943200588226	0.2378149926662445	0.2192381024360657	0.1873569190502167	0.2222259938716888	0.1889452040195465	0.1701282560825348	0.2260817885398865	0.1762397140264511
Zone_2A_10_23	0.855900764465332	0.3346743583679199	0.008287379518151283	0.4928200542926788	0.3836618661880493	0.4666571617126465	0.234355628490448	0.4982306361198425	0.5037992000579834	0.5030480623245239	0.4506198763847351	0.5048786997795105	0.4414893984794617	0.0995555967092514	0.816361129283905	0.05605138093233109	0.02682092040777206	0.128148540854454	0.01106631569564342	0.005919724237173796	0.0362512581050396	0.01179232075810432	0.1457652449607849	0	0.07234995067119598	0.1067850366234779	0.09380118548870087	0.005797575693577528	0.09371834248304367	0.192767858505249	0.3469057083129883	0.3751652240753174	0.4084125757217407	0.4197466969490051	0.428864598274231	0.3327325582504272	0.3312535881996155	0.2240505516529083	0.3275162279605865	0.3255257606506348	0.2774088382720947	0.4030866622924805	0.4824762344360352	0.2550499439239502	0.417794406414032	0.7113741040229797	0.483698308467865	0.4546704292297363	0.6998018622398376	0.6426447033882141	0.5145580172538757	0.6344716548919678	0.2591725587844849	0.5094062685966492	0.8904170989990234	0.2951022386550903	0.4576871693134308	0.4655883312225342	0.3325016498565674	0.5083686113357544	0.4003850817680359	0.4185593724250793	0.4744508266448975	0.4713749289512634	0.4621249139308929	0.4776720106601715	0.4648551046848297	0.4041096568107605	0.3559718132019043	0.3890070915222168	0.3871799111366272	0.3390303254127502	0.3793067038059235	0.4131489992141724	0.4031631946563721	0.4384527206420898	0.4163492321968079	0.1813796758651733	0.1381080001592636	0.1355916261672974	0.1708063930273056	0.1826307028532028	0.07412495464086533	0.1856805086135864	0.1353352665901184	0.2015481740236282	0.1385702192783356	0.1797475665807724	0.1266475915908813	0.1470443457365036	0.1144334003329277
Zone_2A_1_23	0.8700059652328491	0.3311623930931091	0.07111705839633942	0.4209761619567871	0.3123434484004974	0.394947737455368	0.190776526927948	0.4495983719825745	0.4539490938186646	0.454816609621048	0.4039000570774078	0.4550285935401917	0.3913372755050659	0.1258037537336349	0.8349729180335999	0.09255695343017578	0.06287758052349091	0.1589675545692444	0.07115183770656586	0.07288186997175217	0.09250947833061218	0.07580961287021637	0.1384380459785461	0.07234995067119598	0	0.09115764498710632	0.05360806360840797	0.07267121970653534	0.05698614567518234	0.1567502617835999	0.3281862735748291	0.34604412317276	0.3644351363182068	0.3758001923561096	0.3851414024829865	0.2774603068828583	0.2674168944358826	0.1687562614679337	0.2621377408504486	0.2630271911621094	0.2453996390104294	0.3397676050662994	0.4236660897731781	0.2157045006752014	0.3581993877887726	0.706097424030304	0.4741120338439941	0.4457340240478516	0.6968123912811279	0.6369289755821228	0.5109553337097168	0.6319028735160828	0.256631076335907	0.4837757050991058	0.8847905397415161	0.2238239347934723	0.3855548501014709	0.4190584421157837	0.2815254330635071	0.4613420963287354	0.344173401594162	0.3584226369857788	0.4137062728404999	0.4058166742324829	0.4139712452888489	0.4207899570465088	0.3992968499660492	0.3701368570327759	0.3014477491378784	0.3416756987571716	0.3195949792861938	0.2812532484531403	0.3269404172897339	0.3486596941947937	0.3311569690704346	0.3883443176746368	0.3727402091026306	0.1158848404884338	0.1827985644340515	0.1816830635070801	0.1622381508350372	0.133095994591713	0.123203843832016	0.2050249874591827	0.1841387152671814	0.1514692306518555	0.1860523074865341	0.131693109869957	0.1338644176721573	0.190511018037796	0.1125052198767662
Musq_25_23	0.8725566864013672	0.2932465076446533	0.1088999137282372	0.4646381735801697	0.3243919014930725	0.4494752883911133	0.2086304426193237	0.4707115888595581	0.4755876660346985	0.4757021069526672	0.3820794224739075	0.4766333103179932	0.3712767362594604	0.1576793193817139	0.8382254838943481	0.09712466597557068	0.09099984914064407	0.1466571837663651	0.1021883636713028	0.1083253473043442	0.1265044957399368	0.108468770980835	0.1422709822654724	0.1067850366234779	0.09115764498710632	0	0.09359013289213181	0.1085230857133865	0.09510349482297897	0.1148519590497017	0.2798740863800049	0.3434807658195496	0.3479653596878052	0.3498682677745819	0.3609179854393005	0.2631195187568665	0.2617195546627045	0.1558837592601776	0.2575066685676575	0.2570894360542297	0.1990343630313873	0.332404613494873	0.4105851948261261	0.1907421499490738	0.4026383757591248	0.7083275318145752	0.4624764621257782	0.4340905547142029	0.6981195211410522	0.6186815500259399	0.4940081834793091	0.6168817281723022	0.2309552133083344	0.4445428848266602	0.8664339780807495	0.2393801063299179	0.4237647950649261	0.4172952175140381	0.2648276686668396	0.4392506778240204	0.3286687731742859	0.3512506186962128	0.406180202960968	0.4023140072822571	0.3943719267845154	0.4079854488372803	0.4383766651153564	0.330876886844635	0.2879942059516907	0.316131979227066	0.3169011175632477	0.2689074873924255	0.3089772462844849	0.3438945412635803	0.3327527642250061	0.3681876957416534	0.3483814001083374	0.1502011120319366	0.1834109127521515	0.184751570224762	0.1622108370065689	0.1381708979606628	0.1236992925405502	0.194231778383255	0.1892011761665344	0.128108948469162	0.1888514161109924	0.1484581232070923	0.1410502195358276	0.172226220369339	0.1118256151676178
Musq_27_23	0.8747195601463318	0.329802393913269	0.09241284430027008	0.4384234845638275	0.3364602625370026	0.4123950302600861	0.1863852739334106	0.445267915725708	0.4494026303291321	0.4504276812076569	0.3997222483158112	0.4505053162574768	0.3871391415596008	0.1467611193656921	0.8394613862037659	0.1142160594463348	0.07769869267940521	0.1754831820726395	0.09258726239204407	0.09459008276462555	0.1139516159892082	0.09757053852081299	0.1359647214412689	0.09380118548870087	0.05360806360840797	0.09359013289213181	0	0.09421437978744507	0.0953516811132431	0.1672342121601105	0.3298621773719788	0.338893324136734	0.3605051040649414	0.3718097805976868	0.3811842203140259	0.2809093594551086	0.2833312451839447	0.1854592859745026	0.2706244587898254	0.2754858434200287	0.2411534488201141	0.3511306345462799	0.4348473250865936	0.2309776544570923	0.383473664522171	0.7032533884048462	0.4712666869163513	0.44261634349823	0.6937145590782166	0.6337559223175049	0.5081195831298828	0.628825843334198	0.2628625333309174	0.4855607748031616	0.8813489675521851	0.2416433393955231	0.4031477570533752	0.4146063923835754	0.284476101398468	0.4603523015975952	0.3463962078094482	0.3705271780490875	0.4264624714851379	0.4155831933021545	0.4131962656974792	0.4164942800998688	0.4171887338161469	0.3800104856491089	0.3083012700080872	0.304446816444397	0.3238512277603149	0.2663222253322601	0.3147586584091187	0.3609901964664459	0.3489598035812378	0.3841974139213562	0.3687094449996948	0.1337878853082657	0.1996829509735107	0.1987023204565048	0.169483870267868	0.1289548128843307	0.1401147097349167	0.2104488015174866	0.2008333504199982	0.1565769910812378	0.2030720114707947	0.1486878991127014	0.1505456268787384	0.2074048817157745	0.1429630666971207
Musq_29_23	0.8541542291641235	0.3351478576660156	0.007224882487207651	0.4931627810001373	0.3843420743942261	0.4670671224594116	0.2323028147220612	0.4985205233097076	0.5040974617004395	0.5013803839683533	0.4469573497772217	0.5052066445350647	0.4416277408599854	0.09758803248405457	0.8143755793571472	0.05411416664719582	0.02498861402273178	0.1299658417701721	0.01083132158964872	0.002152377041056752	0.03431351855397224	0.009908720850944519	0.146053746342659	0.005797575693577528	0.07267121970653534	0.1085230857133865	0.09421437978744507	0	0.09203249216079712	0.1922766268253326	0.3460735380649567	0.3731474876403809	0.4064132571220398	0.4197552502155304	0.4270110726356506	0.3306954503059387	0.3319264650344849	0.2220660746097565	0.3278194665908813	0.3230728209018707	0.2755678296089172	0.4031383991241455	0.4806796312332153	0.2522951364517212	0.4190838932991028	0.7076247930526733	0.4843201041221619	0.4548962116241455	0.6977646946907043	0.644069492816925	0.5125207901000977	0.6326895952224731	0.2576261758804321	0.5064220428466797	0.8918679356575012	0.295725405216217	0.4580010771751404	0.4626542329788208	0.3305171132087708	0.5063314437866211	0.400094598531723	0.4165221452713013	0.4723990261554718	0.4695928990840912	0.4600877165794373	0.4766464829444885	0.4630731344223022	0.4023131132125854	0.3541752696037292	0.3866618275642395	0.3875589370727539	0.3391259908676147	0.3793580830097198	0.4113288223743439	0.4035090208053589	0.4387044310569763	0.4145672917366028	0.1830227077007294	0.1363114863634109	0.13599693775177	0.1712744832038879	0.1826965808868408	0.07234305143356323	0.1838986128568649	0.1345870047807693	0.2020518183708191	0.1377140730619431	0.1802512109279633	0.1268235743045807	0.1487167477607727	0.116200178861618
Musq_31_23	0.8329357504844666	0.3381680250167847	0.09864367544651031	0.4644817113876343	0.3528270125389099	0.4383187890052795	0.1788348853588104	0.4850844144821167	0.4906028509140015	0.4878858327865601	0.433693528175354	0.49188432097435	0.4283639192581177	0.1102927923202515	0.7984188795089722	0.07891310751438141	0.08608059585094452	0.147936150431633	0.0920451283454895	0.09037242829799652	0.06770312786102295	0.08402106165885925	0.161898136138916	0.09371834248304367	0.05698614567518234	0.09510349482297897	0.0953516811132431	0.09203249216079712	0	0.1515715420246124	0.3193066716194153	0.320488452911377	0.3777142763137817	0.3753175735473633	0.3724349141120911	0.2693806290626526	0.2893483936786652	0.1714468598365784	0.2974480986595154	0.2915808260440826	0.2250874042510986	0.3746816515922546	0.4257103204727173	0.2309796810150146	0.3629181385040283	0.7206579446792603	0.4833143353462219	0.4519628584384918	0.6681646704673767	0.6496010422706604	0.5172159075737	0.588128924369812	0.2454262971878052	0.4930233359336853	0.8948323726654053	0.2603331208229065	0.4295442998409271	0.443365603685379	0.2904885411262512	0.4727491140365601	0.3800162672996521	0.3826833367347717	0.3995597362518311	0.4287678599357605	0.4120186865329742	0.455411434173584	0.4148434996604919	0.3350704312324524	0.2855795323848724	0.3693913221359253	0.3590873181819916	0.3165798783302307	0.3635221123695374	0.3827335834503174	0.3750413656234741	0.425407350063324	0.3575782775878906	0.1234940961003304	0.1311094462871552	0.1820909529924393	0.1709096878767014	0.1542958170175552	0.09353885054588318	0.1539109200239182	0.1837995052337646	0.1734285056591034	0.1819317191839218	0.138710081577301	0.1339685916900635	0.1783948689699173	0.1076398715376854
Musq_19_23	0.8606811761856079	0.2580367922782898	0.1979077309370041	0.4136283397674561	0.2419056445360184	0.4052983522415161	0.1886328160762787	0.4202785491943359	0.4290567636489868	0.4263396263122559	0.2935057282447815	0.4300874471664429	0.2874598503112793	0.2277818918228149	0.8263500332832336	0.1882627010345459	0.1799840927124023	0.257445365190506	0.191224992275238	0.1912322640419006	0.1992846429347992	0.1869549751281738	0.1279635578393936	0.192767858505249	0.1567502617835999	0.1148519590497017	0.1672342121601105	0.1922766268253326	0.1515715420246124	0	0.2277471423149109	0.315209299325943	0.2943567931652069	0.25132155418396	0.2574475705623627	0.1597859859466553	0.1635822653770447	0.06002668663859367	0.1628592014312744	0.1628070622682571	0.09594827890396118	0.2433369159698486	0.3129916191101074	0.1562772542238235	0.3394204676151276	0.6792536973953247	0.4634398818016052	0.4505413472652435	0.6584347486495972	0.6103654503822327	0.4614442884922028	0.5875571370124817	0.318351686000824	0.4045107960700989	0.8582282066345215	0.1884024441242218	0.3725007772445679	0.3623656630516052	0.1744728684425354	0.3384366035461426	0.2363729476928711	0.2648711800575256	0.31059730052948	0.3143802285194397	0.2897867858409882	0.3132724761962891	0.3719871640205383	0.2233073264360428	0.2099086046218872	0.2220505774021149	0.2287656366825104	0.1734527945518494	0.2177386581897736	0.2524551153182983	0.2446301877498627	0.2844391167163849	0.2482549101114273	0.1324832141399384	0.2383029460906982	0.2558947801589966	0.2312896847724915	0.1634422689676285	0.1885212659835815	0.2601801753044128	0.2599449157714844	0.1513462215662003	0.2581261396408081	0.2004112899303436	0.2094898819923401	0.2581761479377747	0.1893942356109619
Musq_01_23	0.8088029623031616	0.3245895206928253	0.3513990640640259	0.4328203499317169	0.1610284745693207	0.4164561033248901	0.3443005681037903	0.4349769353866577	0.4437689781188965	0.4410449266433716	0.337132453918457	0.4448219835758209	0.3309902250766754	0.3590758740901947	0.7753612399101257	0.331308513879776	0.3344957530498505	0.4104703664779663	0.3520186543464661	0.3448332548141479	0.3403881788253784	0.339956521987915	0.2842393517494202	0.3469057083129883	0.3281862735748291	0.2798740863800049	0.3298621773719788	0.3460735380649567	0.3193066716194153	0.2277471423149109	0	0.1377752274274826	0.1511483937501907	0.1549257636070251	0.2916503250598907	0.253582626581192	0.2534006237983704	0.2107817381620407	0.2603353559970856	0.2358181476593018	0.208657443523407	0.3025458753108978	0.4159112274646759	0.3104279041290283	0.4812394976615906	0.7731541395187378	0.6170112490653992	0.5874554514884949	0.6621614694595337	0.7081940174102783	0.5215749740600586	0.6600395441055298	0.4705906808376312	0.5436280369758606	0.8388453125953674	0.362390398979187	0.432389885187149	0.3066710829734802	0.3258080184459686	0.392879992723465	0.3472857773303986	0.3794156312942505	0.3603635728359222	0.3759932816028595	0.3412372171878815	0.3572772741317749	0.4044658839702606	0.2483398020267487	0.2813538610935211	0.2752988934516907	0.2906326353549957	0.2622377276420593	0.2793079018592834	0.3075109422206879	0.3056857585906982	0.3281837403774261	0.2806853652000427	0.2911419868469238	0.3598434925079346	0.374758243560791	0.3531360328197479	0.3364137709140778	0.3495271801948547	0.3991032242774963	0.3785656690597534	0.3041993975639343	0.3775198757648468	0.338335782289505	0.3508123457431793	0.388770580291748	0.3516948223114014
Musq_03_23	0.7737149596214294	0.3961583971977234	0.3797679841518402	0.4824120104312897	0.2486172020435333	0.4634265899658203	0.3240557909011841	0.4877602756023407	0.4933754801750183	0.4906514585018158	0.4264118075370789	0.4944136142730713	0.4210977852344513	0.3457204401493073	0.7405727505683899	0.3479651510715485	0.359722912311554	0.4256219863891602	0.380256175994873	0.3713115453720093	0.3433600664138794	0.3634302616119385	0.3306708335876465	0.3751652240753174	0.34604412317276	0.3434807658195496	0.338893324136734	0.3731474876403809	0.320488452911377	0.315209299325943	0.1377752274274826	0	0.215130940079689	0.2240772098302841	0.3483487963676453	0.3071594834327698	0.3341569602489471	0.280267745256424	0.3433475196361542	0.3171057105064392	0.2976469099521637	0.3924160599708557	0.4931032955646515	0.3998090028762817	0.5190432667732239	0.8187302350997925	0.6598813533782959	0.6276914477348328	0.6745341420173645	0.755323052406311	0.5767651796340942	0.6428050994873047	0.4962660372257233	0.6120074987411499	0.8879321813583374	0.4131039381027222	0.4755618274211884	0.3607349693775177	0.3989911079406738	0.4766172170639038	0.4298050701618195	0.4567887783050537	0.39104363322258	0.4374052584171295	0.4164821207523346	0.4480568170547485	0.4464605748653412	0.3021333813667297	0.3311877846717834	0.3746232986450195	0.3764030933380127	0.3501191437244415	0.3690852224826813	0.3972480893135071	0.3954373598098755	0.4181754887104034	0.3495177924633026	0.330122321844101	0.3692383170127869	0.4029501676559448	0.3796446323394775	0.3611237108707428	0.3698164820671082	0.3679079413414001	0.4068406224250793	0.3499537110328674	0.405705451965332	0.3592083752155304	0.3786481320858002	0.4170456528663635	0.3788350522518158
Musq_05_23	0.8716151714324951	0.3823431432247162	0.4130034148693085	0.3067522644996643	0.1889103353023529	0.3619436025619507	0.29794842004776	0.312198132276535	0.3177305161952972	0.3150064945220947	0.2323215454816818	0.3186395466327667	0.2270196676254272	0.4277889132499695	0.8386025428771973	0.3928205072879791	0.3947179317474365	0.4646905660629272	0.4135110974311829	0.4051965177059174	0.4103936553001404	0.4007355570793152	0.3315160870552063	0.4084125757217407	0.3644351363182068	0.3479653596878052	0.3605051040649414	0.4064132571220398	0.3777142763137817	0.2943567931652069	0.1511483937501907	0.215130940079689	0	0.1349553316831589	0.2256045043468475	0.2035334855318069	0.2005814015865326	0.253998726606369	0.2215690612792969	0.2410393059253693	0.2814095616340637	0.3037250936031342	0.4244503378868103	0.3898589611053467	0.5210840702056885	0.8076385855674744	0.6649042367935181	0.6393676996231079	0.7058696746826172	0.7364159822463989	0.557920515537262	0.7171602249145508	0.5247966647148132	0.5700106024742126	0.8609625101089478	0.3095360994338989	0.3126638233661652	0.1781440377235413	0.3053236901760101	0.316181480884552	0.2634812593460083	0.320265918970108	0.3057563900947571	0.3034461140632629	0.2867225110530853	0.2580777704715729	0.2800571024417877	0.3177237510681152	0.1967892795801163	0.2079409062862396	0.2628438472747803	0.2516592144966125	0.2578515112400055	0.218932569026947	0.2279636263847351	0.2241007536649704	0.2684951424598694	0.3297942876815796	0.4298799932003021	0.4363678097724915	0.413341611623764	0.2920572757720947	0.4146809577941895	0.4689874351024628	0.4404318332672119	0.3108447790145874	0.4388796091079712	0.3883255124092102	0.4123451411724091	0.4428220391273499	0.4051257371902466
Musq_07_23	0.8488835692405701	0.3534470200538635	0.4243032336235046	0.3823965191841125	0.1305042654275894	0.4071559906005859	0.3072147071361542	0.3878426253795624	0.3933756649494171	0.3910884857177734	0.2445169389247894	0.3943265676498413	0.2375861704349518	0.4122093617916107	0.813818633556366	0.4013946056365967	0.407593846321106	0.4640556573867798	0.4248600602149963	0.4184744656085968	0.4052597284317017	0.4135943949222565	0.347225546836853	0.4197466969490051	0.3758001923561096	0.3498682677745819	0.3718097805976868	0.4197552502155304	0.3753175735473633	0.25132155418396	0.1549257636070251	0.2240772098302841	0.1349553316831589	0	0.1820233017206192	0.1840899288654327	0.1807504743337631	0.2225310504436493	0.1939128488302231	0.1885375827550888	0.2199131399393082	0.247287392616272	0.3989340662956238	0.3917617201805115	0.5259418487548828	0.8274780511856079	0.6857113838195801	0.658775806427002	0.7009736299514771	0.7572373151779175	0.5758364796638489	0.7089308500289917	0.5407788753509521	0.5881243944168091	0.8664659261703491	0.356626957654953	0.3984003663063049	0.2738855481147766	0.2832778990268707	0.3065489530563354	0.2872297167778015	0.3273626267910004	0.2939366102218628	0.3248428404331207	0.2584765255451202	0.2726824283599854	0.3590029180049896	0.2276611626148224	0.2403609603643417	0.2057392001152039	0.2223213016986847	0.2114862203598022	0.2107542753219604	0.2151131331920624	0.2152077108621597	0.2346923798322678	0.1920982301235199	0.3343662023544312	0.430246114730835	0.4481891989707947	0.4286749958992004	0.3183828294277191	0.4231204986572266	0.4516634941101074	0.4522107839584351	0.3210593163967133	0.4505839943885803	0.403663694858551	0.4276636242866516	0.4566299915313721	0.4203540682792664
Musq_09_23	0.8760561347007751	0.2923688292503357	0.4336183071136475	0.3067477643489838	0.2014346122741699	0.3501466512680054	0.2827104032039642	0.3121491968631744	0.3176675736904144	0.3149505853652954	0.1403501182794571	0.318777322769165	0.1093478202819824	0.4198354482650757	0.8412624597549438	0.4023516774177551	0.4167894124984741	0.4885318875312805	0.4339483380317688	0.4251915812492371	0.4032618999481201	0.4171837866306305	0.3546303510665894	0.428864598274231	0.3851414024829865	0.3609179854393005	0.3811842203140259	0.4270110726356506	0.3724349141120911	0.2574475705623627	0.2916503250598907	0.3483487963676453	0.2256045043468475	0.1820233017206192	0	0.1505721807479858	0.1496784389019012	0.2438703775405884	0.1503961533308029	0.1430411040782928	0.1959241628646851	0.1347980797290802	0.380287766456604	0.4001444876194	0.5338391065597534	0.8229639530181885	0.6919997930526733	0.6650761365890503	0.6593289971351624	0.7645151019096375	0.5563443899154663	0.7142330408096313	0.5553406476974487	0.5935333967208862	0.8398470878601074	0.340249240398407	0.3320923447608948	0.2813931703567505	0.2794519066810608	0.1877070963382721	0.2294629812240601	0.288219690322876	0.249504953622818	0.2631823122501373	0.1355359852313995	0.1643730700016022	0.2728299200534821	0.1409160643815994	0.1760781705379486	0.1355896890163422	0.09132321923971176	0.1332084238529205	0.09301133453845978	0.07253999263048172	0.09486435353755951	0.1027308851480484	0.07037564367055893	0.3403579592704773	0.4279872179031372	0.45778888463974	0.4377634525299072	0.3127280175685883	0.4235482811927795	0.4571666121482849	0.4618250131607056	0.3301626145839691	0.4601545333862305	0.4127669930458069	0.4367669224739075	0.4716157913208008	0.4312330782413483
Musq_11_23	0.8787646889686584	0.2783792018890381	0.3373143672943115	0.3190402090549469	0.2276840955018997	0.3417245745658875	0.2185449302196503	0.3359056115150452	0.3414379954338074	0.3387139737606049	0.2005385756492615	0.3424613475799561	0.1952256560325623	0.34562748670578	0.8457361459732056	0.3034523129463196	0.3172426223754883	0.3956009149551392	0.3378195762634277	0.3286567330360413	0.3127568960189819	0.3210427761077881	0.2563015222549438	0.3327325582504272	0.2774603068828583	0.2631195187568665	0.2809093594551086	0.3306954503059387	0.2693806290626526	0.1597859859466553	0.253582626581192	0.3071594834327698	0.2035334855318069	0.1840899288654327	0.1505721807479858	0	0.05633734911680222	0.138504758477211	0.07571792602539062	0.1217869445681572	0.1232967674732208	0.2070289850234985	0.2695083022117615	0.2876493632793427	0.4276640117168427	0.7192479372024536	0.5892297029495239	0.5666301846504211	0.6309411525726318	0.6586713194847107	0.4572721123695374	0.6383817791938782	0.45241579413414	0.4903496503829956	0.8473960161209106	0.2241434454917908	0.2738369107246399	0.2611859440803528	0.1723256856203079	0.2407785356044769	0.1448683440685272	0.1733953654766083	0.1880107223987579	0.1994010806083679	0.180855929851532	0.2146629989147186	0.2691287398338318	0.2194648534059525	0.09878099709749222	0.1363905370235443	0.160528153181076	0.1153812408447266	0.1594347953796387	0.153431698679924	0.1455839425325394	0.1922769546508789	0.1733635365962982	0.2369015514850616	0.3429223299026489	0.3840370774269104	0.3532656729221344	0.2245773077011108	0.327279269695282	0.3814430832862854	0.3881821632385254	0.2447628378868103	0.3864325284957886	0.3146116435527802	0.3362319767475128	0.3798220157623291	0.3236116170883179
Musq_13_23	0.9011110067367554	0.2587882280349731	0.3359126150608063	0.3048046231269836	0.1914770305156708	0.3240080773830414	0.247852236032486	0.3301966190338135	0.335627019405365	0.3340042233467102	0.1763265877962112	0.3366923332214355	0.1687314808368683	0.3637598752975464	0.8660460710525513	0.3247996270656586	0.3201240599155426	0.3994854688644409	0.3363816142082214	0.3305861949920654	0.3375840485095978	0.3257902860641479	0.2562668919563293	0.3312535881996155	0.2674168944358826	0.2617195546627045	0.2833312451839447	0.3319264650344849	0.2893483936786652	0.1635822653770447	0.2534006237983704	0.3341569602489471	0.2005814015865326	0.1807504743337631	0.1496784389019012	0.05633734911680222	0	0.1488496065139771	0.04242602735757828	0.08392021059989929	0.1213338002562523	0.1751265972852707	0.2821319997310638	0.2922190129756927	0.4342275261878967	0.7272300720214844	0.5935279726982117	0.5675537586212158	0.6552028656005859	0.6634271144866943	0.4670908451080322	0.6670761108398438	0.4615735709667206	0.4971233606338501	0.8493293523788452	0.2190332114696503	0.2639312148094177	0.2636943757534027	0.1864510327577591	0.2286235988140106	0.149300828576088	0.1773725003004074	0.2094723731279373	0.2081556916236877	0.1837777197360992	0.1964986026287079	0.2670249342918396	0.2174136340618134	0.1272032558917999	0.1267604529857635	0.1281112432479858	0.08928438276052475	0.1359963864088058	0.1232250481843948	0.1107104644179344	0.1658323407173157	0.169242262840271	0.2323175370693207	0.3624507188796997	0.3798527717590332	0.3530338704586029	0.2272244840860367	0.3396447598934174	0.4076267778873444	0.3840753138065338	0.2405116260051727	0.3829611539840698	0.3124451339244843	0.3393361568450928	0.3767102956771851	0.3225305080413818
Musq_15_23	0.8542404174804688	0.2822526097297668	0.2288626432418823	0.4004470705986023	0.2104028463363647	0.3934164643287659	0.183064877986908	0.4172087609767914	0.422727108001709	0.4200100898742676	0.2929984927177429	0.4237579107284546	0.287678599357605	0.2449707984924316	0.8192234039306641	0.2050504982471466	0.2115688621997833	0.2916916310787201	0.2291639149188995	0.2200800627470016	0.2154259979724884	0.2123344242572784	0.1582211703062057	0.2240505516529083	0.1687562614679337	0.1558837592601776	0.1854592859745026	0.2220660746097565	0.1714468598365784	0.06002668663859367	0.2107817381620407	0.280267745256424	0.253998726606369	0.2225310504436493	0.2438703775405884	0.138504758477211	0.1488496065139771	0	0.1533896625041962	0.1318761557340622	0.1135544627904892	0.2373936772346497	0.2979779839515686	0.187265008687973	0.3496092557907104	0.6871481537818909	0.5013062953948975	0.4887872338294983	0.6512269973754883	0.618715226650238	0.466076672077179	0.5879076719284058	0.3559640347957611	0.4225772023200989	0.8635636568069458	0.1948130130767822	0.3595650494098663	0.3241424858570099	0.1523892432451248	0.3320371806621552	0.2388584315776825	0.2483517825603485	0.282575249671936	0.2980976104736328	0.2768601775169373	0.314723789691925	0.3505318462848663	0.2337384521961212	0.1882103532552719	0.2327209562063217	0.2222768366336823	0.1764392107725143	0.2228418588638306	0.2460229396820068	0.2380368262529373	0.284743994474411	0.2345867156982422	0.1574225723743439	0.2643355429172516	0.2959569692611694	0.2695561349391937	0.1863356232643127	0.2187646627426147	0.2812458872795105	0.3000524640083313	0.1740050166845322	0.2982392609119415	0.2320330142974854	0.2497283518314362	0.296966940164566	0.2250938415527344
Musq_17_23	0.902800440788269	0.2418787479400635	0.3279733061790466	0.2979297637939453	0.1722916066646576	0.3136178553104401	0.2590938806533813	0.3176541924476624	0.3262071311473846	0.3253158330917358	0.1674162745475769	0.3272107839584351	0.1569000631570816	0.3718582093715668	0.8678575158119202	0.3356427550315857	0.3093249201774597	0.4022562801837921	0.3285191059112549	0.3278102874755859	0.3457382321357727	0.3288422226905823	0.248169794678688	0.3275162279605865	0.2621377408504486	0.2575066685676575	0.2706244587898254	0.3278194665908813	0.2974480986595154	0.1628592014312744	0.2603353559970856	0.3433475196361542	0.2215690612792969	0.1939128488302231	0.1503961533308029	0.07571792602539062	0.04242602735757828	0.1533896625041962	0	0.06866775453090668	0.1163093149662018	0.1550032198429108	0.2809449434280396	0.2827816307544708	0.4363467693328857	0.7217205762863159	0.5836079120635986	0.5577788352966309	0.6509366631507874	0.6622575521469116	0.4605395197868347	0.6731455326080322	0.4640842080116272	0.4887720942497253	0.8412700891494751	0.2126203179359436	0.2552468180656433	0.2561107575893402	0.1882632523775101	0.2245313376188278	0.1361171901226044	0.17977175116539	0.2147050201892853	0.2081840634346008	0.1798640340566635	0.1739181578159332	0.272674560546875	0.211022824048996	0.1363067477941513	0.107723206281662	0.1045275777578354	0.06103569269180298	0.1043269038200378	0.1123199462890625	0.101367674767971	0.1539278477430344	0.1696335822343826	0.2341767251491547	0.370260089635849	0.3716942369937897	0.3416375517845154	0.2228880822658539	0.3445518612861633	0.415704071521759	0.376111626625061	0.2325271219015121	0.3751184344291687	0.2995426654815674	0.3267147541046143	0.3794539868831635	0.3179094195365906
Musq_21_23	0.8869820833206177	0.2182340174913406	0.3280396461486816	0.340252161026001	0.1242423355579376	0.3387103378772736	0.286065399646759	0.3620419502258301	0.3676042556762695	0.3648872077465057	0.1911855638027191	0.368683785200119	0.1618518233299255	0.3634084463119507	0.8519172072410583	0.329572319984436	0.3114144802093506	0.3986858129501343	0.3285361528396606	0.3230809569358826	0.3395099341869354	0.3240809440612793	0.2510450780391693	0.3255257606506348	0.2630271911621094	0.2570894360542297	0.2754858434200287	0.3230728209018707	0.2915808260440826	0.1628070622682571	0.2358181476593018	0.3171057105064392	0.2410393059253693	0.1885375827550888	0.1430411040782928	0.1217869445681572	0.08392021059989929	0.1318761557340622	0.06866775453090668	0	0.118346132338047	0.1123558282852173	0.286017119884491	0.2844979763031006	0.4419876933097839	0.7230126261711121	0.5896126627922058	0.562879741191864	0.6428071260452271	0.669101357460022	0.4652314782142639	0.6690913438796997	0.4608039259910583	0.4918972551822662	0.8356694579124451	0.253572016954422	0.2997118234634399	0.2799238562583923	0.2117100656032562	0.233738899230957	0.1931290328502655	0.226205587387085	0.253388375043869	0.2496297359466553	0.1757091283798218	0.2062276899814606	0.3101579248905182	0.1632960587739944	0.1830019950866699	0.1546189188957214	0.09138727933168411	0.06362049281597137	0.09834803640842438	0.1151382699608803	0.1073440909385681	0.1589260101318359	0.1366590261459351	0.2368379831314087	0.3613110184669495	0.3670533895492554	0.3402344882488251	0.2507951855659485	0.3398805856704712	0.4080511331558228	0.3711050152778625	0.2396146059036255	0.369433581829071	0.299645721912384	0.331336498260498	0.3754091858863831	0.3173925876617432
Musq_23_23	0.8477801084518433	0.2221585214138031	0.2823902368545532	0.399896115064621	0.19900943338871	0.3914541602134705	0.2563799023628235	0.4020379185676575	0.410815954208374	0.4080989360809326	0.2443829476833344	0.4119399785995483	0.2390740662813187	0.2997904419898987	0.8134489059448242	0.2579013407230377	0.2587159276008606	0.3392899036407471	0.2758003771305084	0.2738067805767059	0.2676298320293427	0.2658779323101044	0.2076000869274139	0.2774088382720947	0.2453996390104294	0.1990343630313873	0.2411534488201141	0.2755678296089172	0.2250874042510986	0.09594827890396118	0.208657443523407	0.2976469099521637	0.2814095616340637	0.2199131399393082	0.1959241628646851	0.1232967674732208	0.1213338002562523	0.1135544627904892	0.1163093149662018	0.118346132338047	0	0.1997646391391754	0.2893352508544922	0.2375525534152985	0.4060356020927429	0.6866599321365356	0.5368415117263794	0.5123401284217834	0.624277651309967	0.6270396709442139	0.4401644766330719	0.5963751077651978	0.3998640775680542	0.4424095749855042	0.8388199806213379	0.2581626772880554	0.3589439988136292	0.3420681357383728	0.200972244143486	0.2866839468479156	0.2227863371372223	0.2522037029266357	0.2812190353870392	0.2922486364841461	0.2288594394922256	0.2612691819667816	0.3494397401809692	0.147127702832222	0.1782485246658325	0.168444037437439	0.1766938120126724	0.1185474023222923	0.1637917011976242	0.2084519863128662	0.2008422762155533	0.2359786331653595	0.1835343241691589	0.1983824968338013	0.2840197682380676	0.3180541694164276	0.2930651605129242	0.2348081916570663	0.2616063952445984	0.3269583582878113	0.3220515549182892	0.2132155299186707	0.3203801512718201	0.2676882743835449	0.2751263380050659	0.3191421031951904	0.2695308923721313
Musq_19_24	0.8934052586555481	0.2479430139064789	0.4035515189170837	0.3475904166698456	0.1753211915493011	0.3444840610027313	0.3698946833610535	0.368831068277359	0.3743175566196442	0.3735021948814392	0.2016259580850601	0.3746387660503387	0.1659955382347107	0.4467328190803528	0.8715580701828003	0.4116535782814026	0.3884028792381287	0.4784228801727295	0.4042176008224487	0.4031221866607666	0.4227886199951172	0.4049336612224579	0.3262714445590973	0.4030866622924805	0.3397676050662994	0.332404613494873	0.3511306345462799	0.4031383991241455	0.3746816515922546	0.2433369159698486	0.3025458753108978	0.3924160599708557	0.3037250936031342	0.247287392616272	0.1347980797290802	0.2070289850234985	0.1751265972852707	0.2373936772346497	0.1550032198429108	0.1123558282852173	0.1997646391391754	0	0.3164244294166565	0.3103711605072021	0.4698709845542908	0.7490553259849548	0.6118505001068115	0.5849664211273193	0.6435611844062805	0.6922142505645752	0.4908789396286011	0.6994577646255493	0.4892209768295288	0.517111599445343	0.7932698726654053	0.2811996936798096	0.3100210726261139	0.2931246757507324	0.2482399642467499	0.1961649209260941	0.21620774269104	0.2580973505973816	0.2788275182247162	0.2443655282258987	0.1486098617315292	0.1650993227958679	0.3288211822509766	0.1811578124761581	0.2711877226829529	0.1806203573942184	0.05946645140647888	0.124721959233284	0.08544476330280304	0.1073375940322876	0.1068243831396103	0.1596555411815643	0.09172554314136505	0.3177742958068848	0.4416893720626831	0.4316558241844177	0.4039225280284882	0.3303282856941223	0.4211900234222412	0.4928222596645355	0.436005175113678	0.3130817413330078	0.4353303909301758	0.3656473457813263	0.4033175110816956	0.4515191912651062	0.3923594057559967
Musq_21_24	0.9979754686355591	0.4310744404792786	0.4873075783252716	0.5175581574440002	0.3902154564857483	0.515997588634491	0.4209267497062683	0.534984827041626	0.5439887046813965	0.5410865545272827	0.4187324643135071	0.5443393588066101	0.4135948419570923	0.5061482787132263	0.9928043484687805	0.4680182337760925	0.4704568386077881	0.5521656274795532	0.4838119149208069	0.4787473082542419	0.4783281087875366	0.4709897935390472	0.4055370986461639	0.4824762344360352	0.4236660897731781	0.4105851948261261	0.4348473250865936	0.4806796312332153	0.4257103204727173	0.3129916191101074	0.4159112274646759	0.4931032955646515	0.4244503378868103	0.3989340662956238	0.380287766456604	0.2695083022117615	0.2821319997310638	0.2979779839515686	0.2809449434280396	0.286017119884491	0.2893352508544922	0.3164244294166565	0	0.2609779834747314	0.1886450797319412	0.4741280078887939	0.357979953289032	0.340313196182251	0.4147232174873352	0.4214062690734863	0.2357368022203445	0.4178788065910339	0.3677210211753845	0.2454015910625458	0.6194221973419189	0.2576138377189636	0.3187648952007294	0.3632357120513916	0.2020293027162552	0.2169431447982788	0.2083885073661804	0.1401445269584656	0.2385209500789642	0.2187920808792114	0.2513861954212189	0.3230685293674469	0.467598021030426	0.3916250169277191	0.3159810304641724	0.350492000579834	0.3491514921188354	0.3038983643054962	0.3466727733612061	0.3691805005073547	0.3611173033714294	0.4105864763259888	0.3726993799209595	0.3751211166381836	0.4986836612224579	0.5268551111221313	0.4823487102985382	0.4058934450149536	0.4743769466876984	0.5441874265670776	0.5309461355209351	0.3989938497543335	0.529266357421875	0.4486363530158997	0.4749206602573395	0.5294665694236755	0.4707595109939575
Musq_23_24	0.8919998407363892	0.3569899201393127	0.258198618888855	0.4991532564163208	0.3456079959869385	0.4730612635612488	0.2776669263839722	0.5134950876235962	0.5224989652633667	0.5195969343185425	0.420394241809845	0.5228153467178345	0.4152565896511078	0.298154354095459	0.8862028121948242	0.2545673847198486	0.2374735474586487	0.3262169361114502	0.2587703168392181	0.2519034743309021	0.2709506452083588	0.2530744075775146	0.1901767551898956	0.2550499439239502	0.2157045006752014	0.1907421499490738	0.2309776544570923	0.2522951364517212	0.2309796810150146	0.1562772542238235	0.3104279041290283	0.3998090028762817	0.3898589611053467	0.3917617201805115	0.4001444876194	0.2876493632793427	0.2922190129756927	0.187265008687973	0.2827816307544708	0.2844979763031006	0.2375525534152985	0.3103711605072021	0.2609779834747314	0	0.2441141605377197	0.5676765441894531	0.3529590368270874	0.3466846346855164	0.5665926933288574	0.4915614128112793	0.3576461672782898	0.5016897916793823	0.2014278173446655	0.3103911280632019	0.7620898485183716	0.1269571185112	0.3052158057689667	0.3481903076171875	0.1459536552429199	0.3103407621383667	0.2144303321838379	0.2030373811721802	0.2686521410942078	0.2673486471176147	0.2783613204956055	0.3256800472736359	0.4683767259120941	0.3599384427070618	0.3073458671569824	0.3464795053005219	0.3490467071533203	0.2948930859565735	0.3417204022407532	0.3727958202362061	0.3648736476898193	0.4123599529266357	0.3876892924308777	0.2106961309909821	0.3232979774475098	0.3299533426761627	0.2931010127067566	0.2593054473400116	0.2708273530006409	0.3416087031364441	0.3336187601089478	0.2480649650096893	0.3322481513023376	0.256974846124649	0.2733780443668365	0.3309096693992615	0.2525633573532104
Musq_25_24	1.007744073867798	0.5152983069419861	0.4222269654273987	0.6028151512145996	0.4991288483142853	0.5765887498855591	0.4011825621128082	0.6249750256538391	0.6338282823562622	0.6323320865631104	0.5792907476425171	0.6341785788536072	0.5712409615516663	0.4371503293514252	1.001137733459473	0.4176128804683685	0.4112792611122131	0.4866942167282104	0.4228784739971161	0.4179875552654266	0.4115113317966461	0.4154931306838989	0.3434746265411377	0.417794406414032	0.3581993877887726	0.4026383757591248	0.383473664522171	0.4190838932991028	0.3629181385040283	0.3394204676151276	0.4812394976615906	0.5190432667732239	0.5210840702056885	0.5259418487548828	0.5338391065597534	0.4276640117168427	0.4342275261878967	0.3496092557907104	0.4363467693328857	0.4419876933097839	0.4060356020927429	0.4698709845542908	0.1886450797319412	0.2441141605377197	0	0.3999302983283997	0.2265608310699463	0.2129078060388565	0.375667929649353	0.3353251814842224	0.2290228754281998	0.3185478150844574	0.3061550855636597	0.1915526986122131	0.5804359912872314	0.2702559530735016	0.4095278978347778	0.4777754545211792	0.3139875531196594	0.39164137840271	0.3735304176807404	0.3047100305557251	0.3919073939323425	0.380475252866745	0.4182354509830475	0.4830147624015808	0.5645564794540405	0.5174257159233093	0.4458390772342682	0.5130547881126404	0.5035537481307983	0.4600767493247986	0.5018997192382812	0.5263665914535522	0.5134165287017822	0.5684043169021606	0.5269427299499512	0.3357086479663849	0.4536046385765076	0.4834500253200531	0.4366947114467621	0.4005459249019623	0.4250283241271973	0.4822007715702057	0.4855207502841949	0.4151141047477722	0.4863863587379456	0.4033287763595581	0.4275133907794952	0.4814260005950928	0.4172097444534302
Musq_27_24	1.28206729888916	0.7431730031967163	0.7140945196151733	0.8796221613883972	0.7857779264450073	0.8536646366119385	0.751581072807312	0.8850929141044617	0.8908810019493103	0.8879789113998413	0.8345960378646851	0.8912312984466553	0.8322773575782776	0.7517708539962769	1.273442506790161	0.7259589433670044	0.7079876661300659	0.7894745469093323	0.7147459983825684	0.7065533995628357	0.7262736558914185	0.7093884944915771	0.6324747800827026	0.7113741040229797	0.706097424030304	0.7083275318145752	0.7032533884048462	0.7076247930526733	0.7206579446792603	0.6792536973953247	0.7731541395187378	0.8187302350997925	0.8076385855674744	0.8274780511856079	0.8229639530181885	0.7192479372024536	0.7272300720214844	0.6871481537818909	0.7217205762863159	0.7230126261711121	0.6866599321365356	0.7490553259849548	0.4741280078887939	0.5676765441894531	0.3999302983283997	0	0.2966881394386292	0.3624812662601471	0.340301513671875	0.199467808008194	0.3728617131710052	0.4075181484222412	0.5952962636947632	0.2957964241504669	0.2770893573760986	0.6037191152572632	0.6855999231338501	0.7358813881874084	0.5998128056526184	0.6573115587234497	0.6350860595703125	0.5695515871047974	0.6976640224456787	0.6591587066650391	0.6991770267486572	0.7546094655990601	0.8482936024665833	0.8051145076751709	0.7443804144859314	0.7783044576644897	0.7849615812301636	0.7364616394042969	0.7728145122528076	0.8050557374954224	0.7968771457672119	0.8299978971481323	0.8137250542640686	0.6962026953697205	0.760959267616272	0.7697404623031616	0.7231093645095825	0.7194293737411499	0.7249807119369507	0.7964311242103577	0.7718331813812256	0.737420916557312	0.7717586755752563	0.7278823852539062	0.7106057405471802	0.7763100862503052	0.730157732963562
Musq_29_24	1.122435688972473	0.5843942761421204	0.4822078347206116	0.7470481991767883	0.6459883451461792	0.7207399010658264	0.5278201103210449	0.7540779113769531	0.7585090398788452	0.7593652606010437	0.7081297636032104	0.7588250637054443	0.6956684589385986	0.5311771631240845	1.116265058517456	0.5037514567375183	0.4809145331382751	0.5346328020095825	0.4758318662643433	0.4845441281795502	0.5042526721954346	0.4869218468666077	0.4180978536605835	0.483698308467865	0.4741120338439941	0.4624764621257782	0.4712666869163513	0.4843201041221619	0.4833143353462219	0.4634398818016052	0.6170112490653992	0.6598813533782959	0.6649042367935181	0.6857113838195801	0.6919997930526733	0.5892297029495239	0.5935279726982117	0.5013062953948975	0.5836079120635986	0.5896126627922058	0.5368415117263794	0.6118505001068115	0.357979953289032	0.3529590368270874	0.2265608310699463	0.2966881394386292	0	0.09714578092098236	0.3079749345779419	0.2217023074626923	0.2812461853027344	0.2316269129514694	0.3269726037979126	0.1277412325143814	0.4881080090999603	0.3968204855918884	0.5556642413139343	0.6166183352470398	0.44398432970047	0.5416845083236694	0.5021344423294067	0.4462961554527283	0.5729299783706665	0.5383565425872803	0.5714864730834961	0.6219277381896973	0.7251640558242798	0.6689188480377197	0.6164051294326782	0.6419556736946106	0.6443619728088379	0.5969072580337524	0.6329075694084167	0.6692272424697876	0.6572638750076294	0.6925798654556274	0.6826715469360352	0.4359766840934753	0.5026763677597046	0.501680850982666	0.455318808555603	0.4514277279376984	0.4620084166526794	0.5343844890594482	0.5044630169868469	0.4693039059638977	0.5061571598052979	0.4601525366306305	0.4429742693901062	0.5107276439666748	0.4623342752456665
Musq_31_24	1.08998167514801	0.5576493740081787	0.4532772600650787	0.7217690348625183	0.6198080778121948	0.6959235072135925	0.51398766040802	0.7279139161109924	0.7329092621803284	0.7331412434577942	0.6825558543205261	0.7331950664520264	0.6704660654067993	0.5002648830413818	1.083487749099731	0.4748176336288452	0.4520878791809082	0.5055855512619019	0.4469069242477417	0.4554018378257751	0.4747249484062195	0.4581535458564758	0.4063740372657776	0.4546704292297363	0.4457340240478516	0.4340905547142029	0.44261634349823	0.4548962116241455	0.4519628584384918	0.4505413472652435	0.5874554514884949	0.6276914477348328	0.6393676996231079	0.658775806427002	0.6650761365890503	0.5666301846504211	0.5675537586212158	0.4887872338294983	0.5577788352966309	0.562879741191864	0.5123401284217834	0.5849664211273193	0.340313196182251	0.3466846346855164	0.2129078060388565	0.3624812662601471	0.09714578092098236	0	0.3407893180847168	0.2894614636898041	0.2630201876163483	0.2549295723438263	0.311865895986557	0.15890172123909	0.5381205677986145	0.3907263875007629	0.5308941602706909	0.5912433862686157	0.4439905285835266	0.5220350027084351	0.4824121594429016	0.4336256384849548	0.54642653465271	0.5144870281219482	0.5467792153358459	0.596760630607605	0.6996410489082336	0.642060399055481	0.5931495428085327	0.6164621114730835	0.6181187629699707	0.570094883441925	0.6059156656265259	0.6437796950340271	0.6322345733642578	0.6675266027450562	0.6557921171188354	0.397162139415741	0.4266377687454224	0.4295296669006348	0.382435530424118	0.4000586867332458	0.40523362159729	0.505618691444397	0.4312376379966736	0.3971496522426605	0.4274645745754242	0.3834234476089478	0.374311238527298	0.4379328191280365	0.4004860818386078
Zone_2B_1_24	1.11360502243042	0.6643415689468384	0.7042344212532043	0.7681326866149902	0.6933169364929199	0.7418166399002075	0.6827747821807861	0.7736331224441528	0.7794212102890015	0.7765191197395325	0.7293561697006226	0.779786229133606	0.727057158946991	0.6885069608688354	1.105675458908081	0.6833205223083496	0.6988142728805542	0.7592499852180481	0.7048859596252441	0.6958985328674316	0.6641510128974915	0.689806342124939	0.6227134466171265	0.6998018622398376	0.6968123912811279	0.6981195211410522	0.6937145590782166	0.6977646946907043	0.6681646704673767	0.6584347486495972	0.6621614694595337	0.6745341420173645	0.7058696746826172	0.7009736299514771	0.6593289971351624	0.6309411525726318	0.6552028656005859	0.6512269973754883	0.6509366631507874	0.6428071260452271	0.624277651309967	0.6435611844062805	0.4147232174873352	0.5665926933288574	0.375667929649353	0.340301513671875	0.3079749345779419	0.3407893180847168	0	0.2426797449588776	0.2923403382301331	0.3171578049659729	0.5807695984840393	0.2984947264194489	0.400165319442749	0.6024031639099121	0.5927214622497559	0.6329846978187561	0.5790249109268188	0.5402799248695374	0.5788009166717529	0.5260992646217346	0.5318063497543335	0.5443000793457031	0.5626226663589478	0.6473784446716309	0.7189493775367737	0.6265321373939514	0.6261178255081177	0.6730720400810242	0.6796921491622925	0.6469142436981201	0.65603107213974	0.6997861862182617	0.6915320158004761	0.7247580885887146	0.6634219288825989	0.6734417080879211	0.6942508220672607	0.7424325346946716	0.6788341403007507	0.7109995484352112	0.6959195733070374	0.7056233882904053	0.7433860898017883	0.7111238837242126	0.744444727897644	0.6895841956138611	0.6847661733627319	0.7431809902191162	0.7198351621627808
Zone_2B_2_24	1.218537092208862	0.6861552000045776	0.6440377831459045	0.8237727880477905	0.7265779972076416	0.797434389591217	0.6809623837471008	0.8299409151077271	0.834957480430603	0.8348236083984375	0.7836188077926636	0.8352787494659424	0.7757834196090698	0.6818291544914246	1.210543870925903	0.6254002451896667	0.6377175450325012	0.6543449759483337	0.6446413993835449	0.6441502571105957	0.6545078158378601	0.644856870174408	0.5632932186126709	0.6426447033882141	0.6369289755821228	0.6186815500259399	0.6337559223175049	0.644069492816925	0.6496010422706604	0.6103654503822327	0.7081940174102783	0.755323052406311	0.7364159822463989	0.7572373151779175	0.7645151019096375	0.6586713194847107	0.6634271144866943	0.618715226650238	0.6622575521469116	0.669101357460022	0.6270396709442139	0.6922142505645752	0.4214062690734863	0.4915614128112793	0.3353251814842224	0.199467808008194	0.2217023074626923	0.2894614636898041	0.2426797449588776	0	0.2995591461658478	0.339344322681427	0.4567295014858246	0.2195130735635757	0.3088274002075195	0.534738302230835	0.6321284770965576	0.6840718984603882	0.5246073007583618	0.6037297248840332	0.578211784362793	0.5167756676673889	0.6404883861541748	0.6093473434448242	0.6442909836769104	0.7003616094589233	0.7956318259239197	0.7469356060028076	0.686524510383606	0.7257812023162842	0.728394627571106	0.6807225942611694	0.7126038074493408	0.7516837120056152	0.7401374578475952	0.7733410596847534	0.7555309534072876	0.6323196887969971	0.6973811388015747	0.7078599333763123	0.6504901051521301	0.6562051773071289	0.6585988402366638	0.7260163426399231	0.7091392874717712	0.6755284667015076	0.7115933895111084	0.6551953554153442	0.6368207335472107	0.6487728357315063	0.6457286477088928
Zone_2B_3_24	1.04535961151123	0.4649989306926727	0.5190238356590271	0.6390595436096191	0.5375159978866577	0.6132364273071289	0.5479370951652527	0.6445005536079407	0.6502739191055298	0.6473718285560608	0.576309859752655	0.6506439447402954	0.5739911794662476	0.5484334230422974	1.038611173629761	0.5171020030975342	0.5107474327087402	0.5922996997833252	0.5196274518966675	0.5105228424072266	0.5229321122169495	0.5053645968437195	0.4373170733451843	0.5145580172538757	0.5109553337097168	0.4940081834793091	0.5081195831298828	0.5125207901000977	0.5172159075737	0.4614442884922028	0.5215749740600586	0.5767651796340942	0.557920515537262	0.5758364796638489	0.5563443899154663	0.4572721123695374	0.4670908451080322	0.466076672077179	0.4605395197868347	0.4652314782142639	0.4401644766330719	0.4908789396286011	0.2357368022203445	0.3576461672782898	0.2290228754281998	0.3728617131710052	0.2812461853027344	0.2630201876163483	0.2923403382301331	0.2995591461658478	0	0.3559847176074982	0.3997176587581635	0.2306428551673889	0.5216221213340759	0.3992704749107361	0.4447420537471771	0.4878802299499512	0.3863016068935394	0.4064404964447021	0.3823471069335938	0.3254506587982178	0.4385298788547516	0.3983240127563477	0.4355613589286804	0.4966424703598022	0.5993688106536865	0.543379545211792	0.4862158000469208	0.5199516415596008	0.5266866087913513	0.4781866669654846	0.5105615854263306	0.5467661023139954	0.5385875701904297	0.5716638565063477	0.5471298694610596	0.4970448613166809	0.5511667132377625	0.5673589110374451	0.5038169622421265	0.5243992209434509	0.5212951898574829	0.5929150581359863	0.5704469680786133	0.5196294784545898	0.5696797966957092	0.5072335004806519	0.4905405640602112	0.5728824734687805	0.5341888666152954
Zone_3_1_24	0.9286400079727173	0.67376309633255	0.6392590999603271	0.8376642465591431	0.7184041738510132	0.8113930225372314	0.5798013210296631	0.8431195020675659	0.8488637208938599	0.8459615707397461	0.7914049029350281	0.8491050004959106	0.7862475514411926	0.5783846378326416	0.9207160472869873	0.6180980205535889	0.6336970329284668	0.6608995199203491	0.6328591108322144	0.631026029586792	0.5991708040237427	0.6245718598365784	0.5656368732452393	0.6344716548919678	0.6319028735160828	0.6168817281723022	0.628825843334198	0.6326895952224731	0.588128924369812	0.5875571370124817	0.6600395441055298	0.6428050994873047	0.7171602249145508	0.7089308500289917	0.7142330408096313	0.6383817791938782	0.6670761108398438	0.5879076719284058	0.6731455326080322	0.6690913438796997	0.5963751077651978	0.6994577646255493	0.4178788065910339	0.5016897916793823	0.3185478150844574	0.4075181484222412	0.2316269129514694	0.2549295723438263	0.3171578049659729	0.339344322681427	0.3559847176074982	0	0.4771578311920166	0.2556797862052917	0.5713788270950317	0.5405194163322449	0.6465772986412048	0.678062915802002	0.5337842702865601	0.6004208326339722	0.5955080986022949	0.5309664607048035	0.5099779367446899	0.6066215634346008	0.6209945678710938	0.7099695801734924	0.7879016399383545	0.6159095764160156	0.633963406085968	0.7272119522094727	0.734931468963623	0.6860984563827515	0.7226183414459229	0.755766749382019	0.74782794713974	0.7832931280136108	0.7182474136352539	0.5740480422973633	0.5975226163864136	0.648557722568512	0.6006929278373718	0.6112268567085266	0.5962355136871338	0.4555105865001678	0.6494634747505188	0.6162086725234985	0.6505062580108643	0.6066546440124512	0.5965943932533264	0.6443198323249817	0.6204631328582764
Zone_3_3_24	0.9487808346748352	0.4604820013046265	0.2623594999313354	0.6332575082778931	0.5209075808525085	0.6069638729095459	0.3633707761764526	0.6382647752761841	0.6444570422172546	0.6415549516677856	0.5880391597747803	0.6447782516479492	0.5819274187088013	0.2920961678028107	0.9432893395423889	0.2352498769760132	0.2528673410415649	0.2294841706752777	0.2559449672698975	0.2577550113201141	0.2641555666923523	0.2582850456237793	0.2881277203559875	0.2591725587844849	0.256631076335907	0.2309552133083344	0.2628625333309174	0.2576261758804321	0.2454262971878052	0.318351686000824	0.4705906808376312	0.4962660372257233	0.5247966647148132	0.5407788753509521	0.5553406476974487	0.45241579413414	0.4615735709667206	0.3559640347957611	0.4640842080116272	0.4608039259910583	0.3998640775680542	0.4892209768295288	0.3677210211753845	0.2014278173446655	0.3061550855636597	0.5952962636947632	0.3269726037979126	0.311865895986557	0.5807695984840393	0.4567295014858246	0.3997176587581635	0.4771578311920166	0	0.3784909248352051	0.7109284996986389	0.2773059904575348	0.4464091956615448	0.4951165318489075	0.3134937882423401	0.4299555420875549	0.3918042778968811	0.3347701132297516	0.4393742084503174	0.4235471487045288	0.4477271139621735	0.5070011019706726	0.6000037789344788	0.5260781049728394	0.4818073809146881	0.5224729180335999	0.5277665853500366	0.4786202609539032	0.5151251554489136	0.5514289140701294	0.5436035394668579	0.5789585113525391	0.5447854995727539	0.2790265679359436	0.2865721881389618	0.3032935857772827	0.2643800973892212	0.2843174338340759	0.2356997728347778	0.2991060614585876	0.3040432929992676	0.3042672276496887	0.3050963878631592	0.2715537250041962	0.2421670258045197	0.2377200275659561	0.2395206540822983
Zone_3_2_24	1.107612490653992	0.5513941049575806	0.511181116104126	0.6830500960350037	0.5697168111801147	0.6728643774986267	0.5165776610374451	0.687380313873291	0.6942793130874634	0.6913771629333496	0.6077696084976196	0.6945157051086426	0.6020084619522095	0.5536637902259827	1.101364970207214	0.5160090923309326	0.4944332838058472	0.5785346627235413	0.504766583442688	0.506652295589447	0.5262795686721802	0.5081800222396851	0.4306557178497314	0.5094062685966492	0.4837757050991058	0.4445428848266602	0.4855607748031616	0.5064220428466797	0.4930233359336853	0.4045107960700989	0.5436280369758606	0.6120074987411499	0.5700106024742126	0.5881243944168091	0.5935333967208862	0.4903496503829956	0.4971233606338501	0.4225772023200989	0.4887720942497253	0.4918972551822662	0.4424095749855042	0.517111599445343	0.2454015910625458	0.3103911280632019	0.1915526986122131	0.2957964241504669	0.1277412325143814	0.15890172123909	0.2984947264194489	0.2195130735635757	0.2306428551673889	0.2556797862052917	0.3784909248352051	0	0.4922888875007629	0.3384003043174744	0.4854024648666382	0.5199984312057495	0.3340197801589966	0.4323313236236572	0.4020918607711792	0.3399026989936829	0.4694298505783081	0.4351813197135925	0.4718159735202789	0.5242486000061035	0.654069185256958	0.5692989826202393	0.5149903297424316	0.5418472290039062	0.5527306795120239	0.5027995109558105	0.5394325852394104	0.572759747505188	0.564322829246521	0.5990394949913025	0.5841453075408936	0.4753271043300629	0.5606578588485718	0.5647547245025635	0.5201705694198608	0.4793896377086639	0.5162697434425354	0.5879718661308289	0.5688074231147766	0.4704641103744507	0.5671123266220093	0.5058501362800598	0.5073466300964355	0.5736930370330811	0.5056962370872498
Zone_2A_12_24	1.326786279678345	0.8465909957885742	0.8916596174240112	0.8937997817993164	0.8365246057510376	0.8675061464309692	0.9169992208480835	0.9000480771064758	0.9049399495124817	0.9049015641212463	0.8621838688850403	0.9053057432174683	0.8543484210968018	0.9142935872077942	1.317675828933716	0.8694449663162231	0.8855042457580566	0.8330715298652649	0.8924498558044434	0.8919346928596497	0.8982410430908203	0.8926595449447632	0.773270845413208	0.8904170989990234	0.8847905397415161	0.8664339780807495	0.8813489675521851	0.8918679356575012	0.8948323726654053	0.8582282066345215	0.8388453125953674	0.8879321813583374	0.8609625101089478	0.8664659261703491	0.8398470878601074	0.8473960161209106	0.8493293523788452	0.8635636568069458	0.8412700891494751	0.8356694579124451	0.8388199806213379	0.7932698726654053	0.6194221973419189	0.7620898485183716	0.5804359912872314	0.2770893573760986	0.4881080090999603	0.5381205677986145	0.400165319442749	0.3088274002075195	0.5216221213340759	0.5713788270950317	0.7109284996986389	0.4922888875007629	0	0.7990257740020752	0.7836742401123047	0.8009947538375854	0.795198917388916	0.7025882601737976	0.7732630968093872	0.7305599451065063	0.7967222332954407	0.7447425127029419	0.752349853515625	0.7787160873413086	0.889485239982605	0.8445733785629272	0.8728506565093994	0.8383914232254028	0.8277180194854736	0.833674430847168	0.8250884413719177	0.840897798538208	0.8382304310798645	0.8522379398345947	0.8332475423812866	0.8735438585281372	0.9211941957473755	0.9184641242027283	0.8785233497619629	0.8994131684303284	0.9063917398452759	0.9621827602386475	0.9196000099182129	0.8988336324691772	0.9226216077804565	0.8864593505859375	0.8844412565231323	0.8696555495262146	0.8905353546142578
Zone_2A_10_24	0.9176698327064514	0.3700873851776123	0.2940733134746552	0.3864811062812805	0.3371355533599854	0.3921343684196472	0.2342466115951538	0.4196336269378662	0.4241086840629578	0.4247649312019348	0.3530255556106567	0.4244969189167023	0.34098881483078	0.3420654535293579	0.9127183556556702	0.3054558038711548	0.2821063101291656	0.3642474412918091	0.2878137528896332	0.2958107888698578	0.3155867457389832	0.2973679006099701	0.2138998806476593	0.2951022386550903	0.2238239347934723	0.2393801063299179	0.2416433393955231	0.295725405216217	0.2603331208229065	0.1884024441242218	0.362390398979187	0.4131039381027222	0.3095360994338989	0.356626957654953	0.340249240398407	0.2241434454917908	0.2190332114696503	0.1948130130767822	0.2126203179359436	0.253572016954422	0.2581626772880554	0.2811996936798096	0.2576138377189636	0.1269571185112	0.2702559530735016	0.6037191152572632	0.3968204855918884	0.3907263875007629	0.6024031639099121	0.534738302230835	0.3992704749107361	0.5405194163322449	0.2773059904575348	0.3384003043174744	0.7990257740020752	0	0.2069699317216873	0.2631810903549194	0.1159788519144058	0.2765416502952576	0.1538239568471909	0.1608482301235199	0.227473646402359	0.2164440751075745	0.2361458986997604	0.2591716647148132	0.3675482869148254	0.385105311870575	0.2499634921550751	0.2887345552444458	0.2847951948642731	0.2468762993812561	0.2981767058372498	0.2979047298431396	0.2769122123718262	0.337914764881134	0.3585227131843567	0.2010362148284912	0.3532239496707916	0.3509144186973572	0.3161346316337585	0.1998227834701538	0.3068444728851318	0.3785287141799927	0.3556516468524933	0.2243294417858124	0.3557284474372864	0.2752282023429871	0.2968818545341492	0.3613110482692719	0.2832292914390564
Zone_2A_1_24	0.9730414152145386	0.414522111415863	0.4556233584880829	0.1999305188655853	0.3869925141334534	0.2796709537506104	0.3667588829994202	0.2406423091888428	0.2449733912944794	0.2458696067333221	0.2317302227020264	0.2453695982694626	0.2449607253074646	0.5019043684005737	0.9672966003417969	0.4721930623054504	0.4441993534564972	0.5334253907203674	0.4564390182495117	0.4579848349094391	0.477763831615448	0.4597963094711304	0.3742803335189819	0.4576871693134308	0.3855548501014709	0.4237647950649261	0.4031477570533752	0.4580010771751404	0.4295442998409271	0.3725007772445679	0.432389885187149	0.4755618274211884	0.3126638233661652	0.3984003663063049	0.3320923447608948	0.2738369107246399	0.2639312148094177	0.3595650494098663	0.2552468180656433	0.2997118234634399	0.3589439988136292	0.3100210726261139	0.3187648952007294	0.3052158057689667	0.4095278978347778	0.6855999231338501	0.5556642413139343	0.5308941602706909	0.5927214622497559	0.6321284770965576	0.4447420537471771	0.6465772986412048	0.4464091956615448	0.4854024648666382	0.7836742401123047	0.2069699317216873	0	0.1585840582847595	0.2511548399925232	0.2552740573883057	0.1592952609062195	0.2105066776275635	0.227524533867836	0.1586293280124664	0.2259979546070099	0.1984813213348389	0.1896036863327026	0.4298416078090668	0.2229183465242386	0.2565350830554962	0.3132743239402771	0.2824525833129883	0.3177788257598877	0.2706131935119629	0.2575784921646118	0.2465483248233795	0.3731654286384583	0.3560023903846741	0.4987719655036926	0.4928827881813049	0.4575347900390625	0.335319846868515	0.475973904132843	0.5476396083831787	0.4976982474327087	0.3795624375343323	0.4978833794593811	0.4165740013122559	0.4503037929534912	0.5077456831932068	0.446980893611908
Musq_01_24	0.91576087474823	0.4199604094028473	0.4691912531852722	0.2591979503631592	0.2956640720367432	0.3433293998241425	0.3605451881885529	0.2651731073856354	0.271984338760376	0.2690983712673187	0.1960782110691071	0.2722207307815552	0.2062841653823853	0.4943923354148865	0.9101651906967163	0.4663891196250916	0.4492666721343994	0.5352843403816223	0.4697637557983398	0.4615747928619385	0.4775468111038208	0.4622290730476379	0.3874534368515015	0.4655883312225342	0.4190584421157837	0.4172952175140381	0.4146063923835754	0.4626542329788208	0.443365603685379	0.3623656630516052	0.3066710829734802	0.3607349693775177	0.1781440377235413	0.2738855481147766	0.2813931703567505	0.2611859440803528	0.2636943757534027	0.3241424858570099	0.2561107575893402	0.2799238562583923	0.3420681357383728	0.2931246757507324	0.3632357120513916	0.3481903076171875	0.4777754545211792	0.7358813881874084	0.6166183352470398	0.5912433862686157	0.6329846978187561	0.6840718984603882	0.4878802299499512	0.678062915802002	0.4951165318489075	0.5199984312057495	0.8009947538375854	0.2631810903549194	0.1585840582847595	0	0.2614778876304626	0.249743789434433	0.1910346001386642	0.2516201138496399	0.2548889815807343	0.1952577233314514	0.2267697155475616	0.173687607049942	0.2322686463594437	0.3725082576274872	0.2153817564249039	0.222192257642746	0.2984219193458557	0.2868289947509766	0.2912126481533051	0.247008204460144	0.2516386806964874	0.2113783657550812	0.3258086442947388	0.3905234932899475	0.4968798756599426	0.4956047534942627	0.4650088548660278	0.3483157157897949	0.4779737889766693	0.53614342212677	0.4997203946113586	0.3744338750839233	0.4979801177978516	0.4383524060249329	0.4639590978622437	0.5131800174713135	0.4644830226898193
Musq_03_24	0.9066953659057617	0.3579237461090088	0.3369956910610199	0.4251953363418579	0.3112367391586304	0.44229656457901	0.246813103556633	0.4376803636550903	0.4434245228767395	0.4405385553836823	0.3190210461616516	0.4437895715236664	0.3138834536075592	0.3608259558677673	0.9009937047958374	0.3205800354480743	0.3204525709152222	0.406988114118576	0.3375828266143799	0.3284353911876678	0.3305956721305847	0.3207855224609375	0.2599587440490723	0.3325016498565674	0.2815254330635071	0.2648276686668396	0.284476101398468	0.3305171132087708	0.2904885411262512	0.1744728684425354	0.3258080184459686	0.3989911079406738	0.3053236901760101	0.2832778990268707	0.2794519066810608	0.1723256856203079	0.1864510327577591	0.1523892432451248	0.1882632523775101	0.2117100656032562	0.200972244143486	0.2482399642467499	0.2020293027162552	0.1459536552429199	0.3139875531196594	0.5998128056526184	0.44398432970047	0.4439905285835266	0.5790249109268188	0.5246073007583618	0.3863016068935394	0.5337842702865601	0.3134937882423401	0.3340197801589966	0.795198917388916	0.1159788519144058	0.2511548399925232	0.2614778876304626	0	0.2098208963871002	0.1149221956729889	0.1184749752283096	0.1852741092443466	0.1864949613809586	0.1751917004585266	0.2348960638046265	0.3760854601860046	0.3229833841323853	0.220684826374054	0.2590044438838959	0.2678026258945465	0.2200254201889038	0.251492977142334	0.2766545414924622	0.2688575983047485	0.3111008405685425	0.2798095047473907	0.2550898790359497	0.3755686283111572	0.401039719581604	0.3658131957054138	0.2421238273382187	0.3296191096305847	0.4005809426307678	0.4051780700683594	0.2617891430854797	0.4034755229949951	0.3317407965660095	0.3464509248733521	0.40432208776474	0.3334133625030518
Musq_05_24	0.963737964630127	0.3951730132102966	0.5127732753753662	0.3937254846096039	0.2969406843185425	0.4327370524406433	0.3979588747024536	0.4023396968841553	0.4080839157104492	0.4051817953586578	0.2305929660797119	0.4082912504673004	0.2123968601226807	0.5340445041656494	0.9580127000808716	0.4977602362632751	0.4949703216552734	0.5819432735443115	0.5134234428405762	0.5042130351066589	0.509114682674408	0.4966787695884705	0.431098461151123	0.5083686113357544	0.4613420963287354	0.4392506778240204	0.4603523015975952	0.5063314437866211	0.4727491140365601	0.3384366035461426	0.392879992723465	0.4766172170639038	0.316181480884552	0.3065489530563354	0.1877070963382721	0.2407785356044769	0.2286235988140106	0.3320371806621552	0.2245313376188278	0.233738899230957	0.2866839468479156	0.1961649209260941	0.2169431447982788	0.3103407621383667	0.39164137840271	0.6573115587234497	0.5416845083236694	0.5220350027084351	0.5402799248695374	0.6037297248840332	0.4064404964447021	0.6004208326339722	0.4299555420875549	0.4323313236236572	0.7025882601737976	0.2765416502952576	0.2552740573883057	0.249743789434433	0.2098208963871002	0	0.1548249423503876	0.1291170567274094	0.2000962197780609	0.1424283087253571	0.08080294728279114	0.1388817131519318	0.3495765328407288	0.2923156917095184	0.2870714962482452	0.2097840458154678	0.2050668746232986	0.2100030779838562	0.2027017176151276	0.1807994544506073	0.1837713718414307	0.2096179276704788	0.2237932980060577	0.4248847365379333	0.5279388427734375	0.5413745641708374	0.5026254653930664	0.3919406235218048	0.5074363350868225	0.5791261196136475	0.5455129146575928	0.4093833565711975	0.5437616109848022	0.4783105254173279	0.5048788785934448	0.555039644241333	0.5062946677207947
Musq_07_24	0.9368094205856323	0.3309960067272186	0.3993102312088013	0.3395887911319733	0.2968461215496063	0.3840890526771545	0.3089012503623962	0.3488661348819733	0.3576103448867798	0.3569620251655579	0.2263466119766235	0.3579266667366028	0.2151458412408829	0.4453722238540649	0.9312329292297363	0.4083103537559509	0.3843624591827393	0.4748743176460266	0.3999617397785187	0.4001368284225464	0.4197447896003723	0.4019483029842377	0.3176513910293579	0.4003850817680359	0.344173401594162	0.3286687731742859	0.3463962078094482	0.400094598531723	0.3800162672996521	0.2363729476928711	0.3472857773303986	0.4298050701618195	0.2634812593460083	0.2872297167778015	0.2294629812240601	0.1448683440685272	0.149300828576088	0.2388584315776825	0.1361171901226044	0.1931290328502655	0.2227863371372223	0.21620774269104	0.2083885073661804	0.2144303321838379	0.3735304176807404	0.6350860595703125	0.5021344423294067	0.4824121594429016	0.5788009166717529	0.578211784362793	0.3823471069335938	0.5955080986022949	0.3918042778968811	0.4020918607711792	0.7732630968093872	0.1538239568471909	0.1592952609062195	0.1910346001386642	0.1149221956729889	0.1548249423503876	0	0.09092236310243607	0.1440521627664566	0.1251813173294067	0.1307149529457092	0.1304049491882324	0.3165965676307678	0.3186156451702118	0.1709379106760025	0.1693188697099686	0.2227326780557632	0.1714470982551575	0.2118801325559616	0.1880787312984467	0.1884695291519165	0.2123423218727112	0.2708010077476501	0.3196564316749573	0.4467034339904785	0.4453972578048706	0.4100423455238342	0.2785148620605469	0.4181613922119141	0.4898542463779449	0.4494969844818115	0.306183785200119	0.4487848877906799	0.3760594129562378	0.3939440846443176	0.4542070329189301	0.3916596174240112
Musq_09_24	0.9615592360496521	0.3782548904418945	0.4229432940483093	0.4014769196510315	0.334195464849472	0.4250974655151367	0.3314676880836487	0.4232013523578644	0.4289455413818359	0.4260434508323669	0.3015581965446472	0.4293106198310852	0.2964009046554565	0.4569803774356842	0.9558960199356079	0.4208804965019226	0.4064773321151733	0.4972688555717468	0.4236142337322235	0.4143877923488617	0.4309028387069702	0.4129353761672974	0.341289222240448	0.4185593724250793	0.3584226369857788	0.3512506186962128	0.3705271780490875	0.4165221452713013	0.3826833367347717	0.2648711800575256	0.3794156312942505	0.4567887783050537	0.320265918970108	0.3273626267910004	0.288219690322876	0.1733953654766083	0.1773725003004074	0.2483517825603485	0.17977175116539	0.226205587387085	0.2522037029266357	0.2580973505973816	0.1401445269584656	0.2030373811721802	0.3047100305557251	0.5695515871047974	0.4462961554527283	0.4336256384849548	0.5260992646217346	0.5167756676673889	0.3254506587982178	0.5309664607048035	0.3347701132297516	0.3399026989936829	0.7305599451065063	0.1608482301235199	0.2105066776275635	0.2516201138496399	0.1184749752283096	0.1291170567274094	0.09092236310243607	0	0.1474595814943314	0.1141234040260315	0.1644438803195953	0.2110269367694855	0.3658511638641357	0.3602092266082764	0.2230320423841476	0.2441616654396057	0.2653985023498535	0.2252345830202103	0.2678952515125275	0.2521072030067444	0.2439286410808563	0.2936379611492157	0.3098099827766418	0.332663357257843	0.4626103639602661	0.4737530648708344	0.4332782030105591	0.3099236488342285	0.4291917085647583	0.500880241394043	0.4778926372528076	0.334503710269928	0.4761888682842255	0.395719587802887	0.4169993996620178	0.4812663197517395	0.4114337861537933
Musq_11_24	0.8370230793952942	0.4111952781677246	0.4788834154605865	0.4085187613964081	0.3426700830459595	0.4360150396823883	0.2912494540214539	0.4275767505168915	0.4365805983543396	0.4336785078048706	0.3129468560218811	0.4368968904018402	0.307789534330368	0.4257851839065552	0.831470251083374	0.4475358724594116	0.4620558023452759	0.5255619883537292	0.479534924030304	0.4703231453895569	0.4386728405952454	0.4628048837184906	0.3972245454788208	0.4744508266448975	0.4137062728404999	0.406180202960968	0.4264624714851379	0.4723990261554718	0.3995597362518311	0.31059730052948	0.3603635728359222	0.39104363322258	0.3057563900947571	0.2939366102218628	0.249504953622818	0.1880107223987579	0.2094723731279373	0.282575249671936	0.2147050201892853	0.253388375043869	0.2812190353870392	0.2788275182247162	0.2385209500789642	0.2686521410942078	0.3919073939323425	0.6976640224456787	0.5729299783706665	0.54642653465271	0.5318063497543335	0.6404883861541748	0.4385298788547516	0.5099779367446899	0.4393742084503174	0.4694298505783081	0.7967222332954407	0.227473646402359	0.227524533867836	0.2548889815807343	0.1852741092443466	0.2000962197780609	0.1440521627664566	0.1474595814943314	0	0.1473921239376068	0.160174161195755	0.2196007072925568	0.3590192198753357	0.2456630766391754	0.1895630210638046	0.253157377243042	0.2852409482002258	0.2464963793754578	0.2854408621788025	0.2626389861106873	0.2540198564529419	0.3050119578838348	0.2894607484340668	0.3690569400787354	0.4687942564487457	0.5143938660621643	0.4789571166038513	0.3609701693058014	0.4690582156181335	0.4189245700836182	0.5184849500656128	0.3779900670051575	0.5167058706283569	0.4382088184356689	0.47227543592453	0.5170062780380249	0.4663920998573303
Musq_13_24	0.9561553001403809	0.3942686021327972	0.4761623740196228	0.3297057747840881	0.3297915458679199	0.3587478697299957	0.3738894462585449	0.3581039607524872	0.3638481795787811	0.3609461188316345	0.2396334260702133	0.3641985654830933	0.2381444573402405	0.5026591420173645	0.9510291814804077	0.4686366319656372	0.4565519690513611	0.5472636222839355	0.475121796131134	0.4676021337509155	0.4787792861461639	0.4605725407600403	0.3943918347358704	0.4713749289512634	0.4058166742324829	0.4023140072822571	0.4155831933021545	0.4695928990840912	0.4287678599357605	0.3143802285194397	0.3759932816028595	0.4374052584171295	0.3034461140632629	0.3248428404331207	0.2631823122501373	0.1994010806083679	0.2081556916236877	0.2980976104736328	0.2081840634346008	0.2496297359466553	0.2922486364841461	0.2443655282258987	0.2187920808792114	0.2673486471176147	0.380475252866745	0.6591587066650391	0.5383565425872803	0.5144870281219482	0.5443000793457031	0.6093473434448242	0.3983240127563477	0.6066215634346008	0.4235471487045288	0.4351813197135925	0.7447425127029419	0.2164440751075745	0.1586293280124664	0.1952577233314514	0.1864949613809586	0.1424283087253571	0.1251813173294067	0.1141234040260315	0.1473921239376068	0	0.1371539533138275	0.1554508805274963	0.2883708775043488	0.347699373960495	0.2195656001567841	0.1907280087471008	0.2459681928157806	0.2242829203605652	0.2495918869972229	0.2128898203372955	0.1977449059486389	0.2387360036373138	0.289933443069458	0.370794266462326	0.4957915544509888	0.507449746131897	0.4697149395942688	0.355268269777298	0.4753181338310242	0.5470110177993774	0.5116080045700073	0.3710730671882629	0.5098726749420166	0.4299367964267731	0.4662158489227295	0.5203686356544495	0.4624519348144531
Musq_15_24	0.9082877635955811	0.3408918082714081	0.4665691554546356	0.3682388961315155	0.2524740695953369	0.3999917507171631	0.3421272039413452	0.3779509663581848	0.3837243914604187	0.3808223009109497	0.206224799156189	0.3840894103050232	0.1770177781581879	0.4805037975311279	0.9025064706802368	0.4410764276981354	0.4491463899612427	0.5346071124076843	0.4671943783760071	0.458008885383606	0.4493529200553894	0.4504643082618713	0.3859153687953949	0.4621249139308929	0.4139712452888489	0.3943719267845154	0.4131962656974792	0.4600877165794373	0.4120186865329742	0.2897867858409882	0.3412372171878815	0.4164821207523346	0.2867225110530853	0.2584765255451202	0.1355359852313995	0.180855929851532	0.1837777197360992	0.2768601775169373	0.1798640340566635	0.1757091283798218	0.2288594394922256	0.1486098617315292	0.2513861954212189	0.2783613204956055	0.4182354509830475	0.6991770267486572	0.5714864730834961	0.5467792153358459	0.5626226663589478	0.6442909836769104	0.4355613589286804	0.6209945678710938	0.4477271139621735	0.4718159735202789	0.752349853515625	0.2361458986997604	0.2259979546070099	0.2267697155475616	0.1751917004585266	0.08080294728279114	0.1307149529457092	0.1644438803195953	0.160174161195755	0.1371539533138275	0	0.1121598184108734	0.32036092877388	0.2248210906982422	0.2398723065853119	0.1779432743787766	0.1541438400745392	0.1614956259727478	0.146302118897438	0.1429190039634705	0.1404848843812943	0.1742142736911774	0.1606930196285248	0.3736010193824768	0.4680982828140259	0.4947716593742371	0.461747944355011	0.3456143736839294	0.4567007422447205	0.5193469524383545	0.4989006221294403	0.3631865382194519	0.4971798658370972	0.4322201013565063	0.460361659526825	0.5077383518218994	0.4599370360374451
Musq_17_24	0.9323583841323853	0.3612735569477081	0.4770835638046265	0.2689481973648071	0.2454094886779785	0.3243812322616577	0.3854418396949768	0.2790713310241699	0.288126528263092	0.2862676978111267	0.1156357824802399	0.2884915769100189	0.100904569029808	0.5199940204620361	0.9255824089050293	0.4864256978034973	0.4560929536819458	0.5541689395904541	0.4777543544769287	0.4766887426376343	0.4964092075824738	0.4785001873970032	0.3954246938228607	0.4776720106601715	0.4207899570465088	0.4079854488372803	0.4164942800998688	0.4766464829444885	0.455411434173584	0.3132724761962891	0.3572772741317749	0.4480568170547485	0.2580777704715729	0.2726824283599854	0.1643730700016022	0.2146629989147186	0.1964986026287079	0.314723789691925	0.1739181578159332	0.2062276899814606	0.2612691819667816	0.1650993227958679	0.3230685293674469	0.3256800472736359	0.4830147624015808	0.7546094655990601	0.6219277381896973	0.596760630607605	0.6473784446716309	0.7003616094589233	0.4966424703598022	0.7099695801734924	0.5070011019706726	0.5242486000061035	0.7787160873413086	0.2591716647148132	0.1984813213348389	0.173687607049942	0.2348960638046265	0.1388817131519318	0.1304049491882324	0.2110269367694855	0.2196007072925568	0.1554508805274963	0.1121598184108734	0	0.274995356798172	0.2702184021472931	0.2100515365600586	0.1320389658212662	0.1612402498722076	0.1639870554208755	0.1614770293235779	0.1095398515462875	0.1200511157512665	0.09910808503627777	0.1960157006978989	0.394681453704834	0.5149274468421936	0.500246524810791	0.4747148454189301	0.3564466834068298	0.4946581125259399	0.5663688778877258	0.5041466355323792	0.3736899495124817	0.5030109882354736	0.4416459202766418	0.4736886620521545	0.5272849798202515	0.4699025750160217
Musq_21_25	0.9682716131210327	0.4260767102241516	0.4696743488311768	0.06445041298866272	0.3693910241127014	0.1938319951295853	0.3574724793434143	0.0788687989115715	0.08438829332590103	0.08167068660259247	0.170044481754303	0.08546623587608337	0.2090412378311157	0.4913612604141235	0.9337649941444397	0.4631503820419312	0.4566042423248291	0.5398595333099365	0.469734787940979	0.4610823392868042	0.463662713766098	0.4543344378471375	0.387872040271759	0.4648551046848297	0.3992968499660492	0.4383766651153564	0.4171887338161469	0.4630731344223022	0.4148434996604919	0.3719871640205383	0.4044658839702606	0.4464605748653412	0.2800571024417877	0.3590029180049896	0.2728299200534821	0.2691287398338318	0.2670249342918396	0.3505318462848663	0.272674560546875	0.3101579248905182	0.3494397401809692	0.3288211822509766	0.467598021030426	0.4683767259120941	0.5645564794540405	0.8482936024665833	0.7251640558242798	0.6996410489082336	0.7189493775367737	0.7956318259239197	0.5993688106536865	0.7879016399383545	0.6000037789344788	0.654069185256958	0.889485239982605	0.3675482869148254	0.1896036863327026	0.2322686463594437	0.3760854601860046	0.3495765328407288	0.3165965676307678	0.3658511638641357	0.3590192198753357	0.2883708775043488	0.32036092877388	0.274995356798172	0	0.3796978890895844	0.2138018012046814	0.2293797433376312	0.2816649079322815	0.2934801280498505	0.2964354455471039	0.2344983220100403	0.2288566827774048	0.2138441950082779	0.3131131231784821	0.3612843453884125	0.4818392693996429	0.4993216395378113	0.4734545648097992	0.3483868837356567	0.461479127407074	0.5331711769104004	0.5021205544471741	0.3944564461708069	0.5011987686157227	0.434838205575943	0.4723635017871857	0.5129755735397339	0.4573211073875427
Musq_19_25	0.7790600657463074	0.2779557704925537	0.4089440107345581	0.4173509478569031	0.1951631605625153	0.4078101515769958	0.3235892057418823	0.4239122271537781	0.4326913058757782	0.4299737811088562	0.2553743720054626	0.4337677955627441	0.2243715077638626	0.3630713820457458	0.7447289824485779	0.3778480887413025	0.3923650681972504	0.450282096862793	0.4039303660392761	0.4003837704658508	0.3688429594039917	0.3926231861114502	0.3346275389194489	0.4041096568107605	0.3701368570327759	0.330876886844635	0.3800104856491089	0.4023131132125854	0.3350704312324524	0.2233073264360428	0.2483398020267487	0.3021333813667297	0.3177237510681152	0.2276611626148224	0.1409160643815994	0.2194648534059525	0.2174136340618134	0.2337384521961212	0.211022824048996	0.1632960587739944	0.147127702832222	0.1811578124761581	0.3916250169277191	0.3599384427070618	0.5174257159233093	0.8051145076751709	0.6689188480377197	0.642060399055481	0.6265321373939514	0.7469356060028076	0.543379545211792	0.6159095764160156	0.5260781049728394	0.5692989826202393	0.8445733785629272	0.385105311870575	0.4298416078090668	0.3725082576274872	0.3229833841323853	0.2923156917095184	0.3186156451702118	0.3602092266082764	0.2456630766391754	0.347699373960495	0.2248210906982422	0.2702184021472931	0.3796978890895844	0	0.2387959808111191	0.2148588001728058	0.1670762896537781	0.1709312498569489	0.1624431163072586	0.18185955286026	0.1863203048706055	0.2177550196647644	0.140117347240448	0.3276560306549072	0.3919063210487366	0.4265272319316864	0.4099997282028198	0.3701566457748413	0.3934245407581329	0.351773738861084	0.4303717911243439	0.3376949429512024	0.4292920827865601	0.3814321756362915	0.4067579507827759	0.4416627287864685	0.3968643844127655
Musq_17_25	0.8712652325630188	0.3228258490562439	0.3608603477478027	0.2641951739788055	0.2858250141143799	0.3259422183036804	0.2153925895690918	0.2773412466049194	0.286119282245636	0.2834022045135498	0.1826890408992767	0.2871988415718079	0.1773791313171387	0.3548738360404968	0.8366150856018066	0.3296875357627869	0.3441398143768311	0.4187636375427246	0.3610242605209351	0.3522429168224335	0.3207050859928131	0.344485342502594	0.2790326178073883	0.3559718132019043	0.3014477491378784	0.2879942059516907	0.3083012700080872	0.3541752696037292	0.2855795323848724	0.2099086046218872	0.2813538610935211	0.3311877846717834	0.1967892795801163	0.2403609603643417	0.1760781705379486	0.09878099709749222	0.1272032558917999	0.1882103532552719	0.1363067477941513	0.1830019950866699	0.1782485246658325	0.2711877226829529	0.3159810304641724	0.3073458671569824	0.4458390772342682	0.7443804144859314	0.6164051294326782	0.5931495428085327	0.6261178255081177	0.686524510383606	0.4862158000469208	0.633963406085968	0.4818073809146881	0.5149903297424316	0.8728506565093994	0.2499634921550751	0.2229183465242386	0.2153817564249039	0.220684826374054	0.2870714962482452	0.1709379106760025	0.2230320423841476	0.1895630210638046	0.2195656001567841	0.2398723065853119	0.2100515365600586	0.2138018012046814	0.2387959808111191	0	0.1471065580844879	0.2259570062160492	0.1713887304067612	0.2224161922931671	0.1777786463499069	0.1784403920173645	0.1742683351039886	0.2241028547286987	0.2518994212150574	0.3565099835395813	0.4058390557765961	0.3791094422340393	0.2393270432949066	0.35042804479599	0.3743219971656799	0.4099088311195374	0.2665367424488068	0.4082149863243103	0.3408710658550262	0.3634093999862671	0.4043189883232117	0.3483377695083618
Musq_15_25	0.9146543741226196	0.2893279492855072	0.3900861144065857	0.2567504048347473	0.2222802937030792	0.2964770197868347	0.3003548383712769	0.2589514851570129	0.2677500545978546	0.2650227844715118	0.1166827082633972	0.2687783241271973	0.1094508320093155	0.4311649203300476	0.8803231716156006	0.3964793384075165	0.3671356439590454	0.4623389542102814	0.3866226971149445	0.3869217336177826	0.4065679907798767	0.3884197473526001	0.3083304166793823	0.3890070915222168	0.3416756987571716	0.316131979227066	0.304446816444397	0.3866618275642395	0.3693913221359253	0.2220505774021149	0.2752988934516907	0.3746232986450195	0.2079409062862396	0.2057392001152039	0.1355896890163422	0.1363905370235443	0.1267604529857635	0.2327209562063217	0.107723206281662	0.1546189188957214	0.168444037437439	0.1806203573942184	0.350492000579834	0.3464795053005219	0.5130547881126404	0.7783044576644897	0.6419556736946106	0.6164621114730835	0.6730720400810242	0.7257812023162842	0.5199516415596008	0.7272119522094727	0.5224729180335999	0.5418472290039062	0.8383914232254028	0.2887345552444458	0.2565350830554962	0.222192257642746	0.2590044438838959	0.2097840458154678	0.1693188697099686	0.2441616654396057	0.253157377243042	0.1907280087471008	0.1779432743787766	0.1320389658212662	0.2293797433376312	0.2148588001728058	0.1471065580844879	0	0.1262792199850082	0.09842504560947418	0.1145346909761429	0.09378889948129654	0.0952267199754715	0.1063145771622658	0.1713333576917648	0.298733651638031	0.4209526777267456	0.4142705202102661	0.3902538418769836	0.2652482390403748	0.400684654712677	0.4723846316337585	0.4183847904205322	0.282690018415451	0.4167115390300751	0.3651229739189148	0.3892017006874084	0.4354994297027588	0.3860316276550293
Musq_13_25	0.9114879369735718	0.2392855733633041	0.3854086697101593	0.2995056211948395	0.1575836539268494	0.3029149174690247	0.3350487351417542	0.3238750398159027	0.3280441164970398	0.3290932178497314	0.1582402735948563	0.3291548490524292	0.1199754551053047	0.4321778416633606	0.8765985369682312	0.3973764777183533	0.3670437335968018	0.4629619717597961	0.3859931826591492	0.3877447545528412	0.4074652194976807	0.3893328905105591	0.3070475459098816	0.3871799111366272	0.3195949792861938	0.3169011175632477	0.3238512277603149	0.3875589370727539	0.3590873181819916	0.2287656366825104	0.2906326353549957	0.3764030933380127	0.2628438472747803	0.2223213016986847	0.09132321923971176	0.160528153181076	0.1281112432479858	0.2222768366336823	0.1045275777578354	0.09138727933168411	0.1766938120126724	0.05946645140647888	0.3491514921188354	0.3490467071533203	0.5035537481307983	0.7849615812301636	0.6443619728088379	0.6181187629699707	0.6796921491622925	0.728394627571106	0.5266866087913513	0.734931468963623	0.5277665853500366	0.5527306795120239	0.8277180194854736	0.2847951948642731	0.3132743239402771	0.2984219193458557	0.2678026258945465	0.2050668746232986	0.2227326780557632	0.2653985023498535	0.2852409482002258	0.2459681928157806	0.1541438400745392	0.1612402498722076	0.2816649079322815	0.1670762896537781	0.2259570062160492	0.1262792199850082	0	0.0712898001074791	0.04443567618727684	0.06158901005983353	0.05807533487677574	0.1131186708807945	0.08633844554424286	0.2995718419551849	0.4258751273155212	0.4140881896018982	0.3898281455039978	0.293347954750061	0.4054907560348511	0.4772303700447083	0.4187750816345215	0.2884674668312073	0.4189708828926086	0.351042628288269	0.3893041908740997	0.4361723065376282	0.3769999444484711
Musq_11_25	0.9005890488624573	0.2284089028835297	0.3384147882461548	0.3172173500061035	0.1575662195682526	0.3226205706596375	0.2879334688186646	0.328293114900589	0.3369020521640778	0.3365322053432465	0.1656792461872101	0.3379815816879272	0.1408422291278839	0.384869247674942	0.8660345673561096	0.3489435017108917	0.3186107873916626	0.4151145219802856	0.3384946584701538	0.339311808347702	0.3590322434902191	0.3408839702606201	0.2596611678600311	0.3390303254127502	0.2812532484531403	0.2689074873924255	0.2663222253322601	0.3391259908676147	0.3165798783302307	0.1734527945518494	0.2622377276420593	0.3501191437244415	0.2516592144966125	0.2114862203598022	0.1332084238529205	0.1153812408447266	0.08928438276052475	0.1764392107725143	0.06103569269180298	0.06362049281597137	0.1185474023222923	0.124721959233284	0.3038983643054962	0.2948930859565735	0.4600767493247986	0.7364616394042969	0.5969072580337524	0.570094883441925	0.6469142436981201	0.6807225942611694	0.4781866669654846	0.6860984563827515	0.4786202609539032	0.5027995109558105	0.833674430847168	0.2468762993812561	0.2824525833129883	0.2868289947509766	0.2200254201889038	0.2100030779838562	0.1714470982551575	0.2252345830202103	0.2464963793754578	0.2242829203605652	0.1614956259727478	0.1639870554208755	0.2934801280498505	0.1709312498569489	0.1713887304067612	0.09842504560947418	0.0712898001074791	0	0.07022923231124878	0.104411855340004	0.09381698817014694	0.1377168446779251	0.142376571893692	0.2510898113250732	0.3787941932678223	0.3775108158588409	0.350772500038147	0.2465064227581024	0.3567228615283966	0.4284605979919434	0.3816701471805573	0.2428201735019684	0.3811001181602478	0.3149675726890564	0.3412984013557434	0.3882304430007935	0.3301294147968292
Musq_09_25	0.9057194590568542	0.2399810254573822	0.3778794407844543	0.3186624944210052	0.1713297218084335	0.3334992825984955	0.3226162195205688	0.3241188526153564	0.3321685492992401	0.3325484991073608	0.161695584654808	0.3330579102039337	0.1238487511873245	0.4241206049919128	0.8732601404190063	0.3891268968582153	0.358794093132019	0.4551842212677002	0.3783016502857208	0.3795439004898071	0.3992155790328979	0.3811320662498474	0.2992791533470154	0.3793067038059235	0.3269404172897339	0.3089772462844849	0.3147586584091187	0.3793580830097198	0.3635221123695374	0.2177386581897736	0.2793079018592834	0.3690852224826813	0.2578515112400055	0.2107542753219604	0.09301133453845978	0.1594347953796387	0.1359963864088058	0.2228418588638306	0.1043269038200378	0.09834803640842438	0.1637917011976242	0.08544476330280304	0.3466727733612061	0.3417204022407532	0.5018997192382812	0.7728145122528076	0.6329075694084167	0.6059156656265259	0.65603107213974	0.7126038074493408	0.5105615854263306	0.7226183414459229	0.5151251554489136	0.5394325852394104	0.8250884413719177	0.2981767058372498	0.3177788257598877	0.2912126481533051	0.251492977142334	0.2027017176151276	0.2118801325559616	0.2678952515125275	0.2854408621788025	0.2495918869972229	0.146302118897438	0.1614770293235779	0.2964354455471039	0.1624431163072586	0.2224161922931671	0.1145346909761429	0.04443567618727684	0.07022923231124878	0	0.079013392329216	0.07704012095928192	0.1170993000268936	0.0917377695441246	0.3026046454906464	0.4175586104393005	0.4082247614860535	0.3733997344970703	0.2770812511444092	0.3972899913787842	0.4689221978187561	0.4124675989151001	0.2741909921169281	0.4126158952713013	0.3463896214962006	0.3730436265468597	0.4283002316951752	0.3763712048530579
Musq_07_25	0.9249249696731567	0.2788890898227692	0.4135083556175232	0.2435303032398224	0.1761793494224548	0.2827845811843872	0.3250345587730408	0.2654531896114349	0.2709861397743225	0.2682691514492035	0.09678854048252106	0.2720657587051392	0.06266642361879349	0.45557701587677	0.8901153206825256	0.4211024940013885	0.3976547420024872	0.4899114966392517	0.4138836860656738	0.4114707410335541	0.4312350749969482	0.4130429327487946	0.332438200712204	0.4131489992141724	0.3486596941947937	0.3438945412635803	0.3609901964664459	0.4113288223743439	0.3827335834503174	0.2524551153182983	0.3075109422206879	0.3972480893135071	0.218932569026947	0.2151131331920624	0.07253999263048172	0.153431698679924	0.1232250481843948	0.2460229396820068	0.1123199462890625	0.1151382699608803	0.2084519863128662	0.1073375940322876	0.3691805005073547	0.3727958202362061	0.5263665914535522	0.8050557374954224	0.6692272424697876	0.6437796950340271	0.6997861862182617	0.7516837120056152	0.5467661023139954	0.755766749382019	0.5514289140701294	0.572759747505188	0.840897798538208	0.2979047298431396	0.2706131935119629	0.247008204460144	0.2766545414924622	0.1807994544506073	0.1880787312984467	0.2521072030067444	0.2626389861106873	0.2128898203372955	0.1429190039634705	0.1095398515462875	0.2344983220100403	0.18185955286026	0.1777786463499069	0.09378889948129654	0.06158901005983353	0.104411855340004	0.079013392329216	0	0.02517259307205677	0.05587828159332275	0.1043797805905342	0.3260838389396667	0.4496236741542816	0.4389717280864716	0.41761714220047	0.2925080358982086	0.4291370511054993	0.5008760094642639	0.4430753588676453	0.3097730576992035	0.441332221031189	0.3789565563201904	0.4165903925895691	0.4630275070667267	0.4039635062217712
Musq_05_25	0.9261561036109924	0.2735292613506317	0.4014009535312653	0.2420208752155304	0.1640639007091522	0.2697141170501709	0.3250665068626404	0.2745271325111389	0.2787469625473022	0.2797020077705383	0.1088601052761078	0.2796957790851593	0.07061588764190674	0.4480416178703308	0.8912188410758972	0.4131474494934082	0.3896840810775757	0.4788004755973816	0.4019935727119446	0.4036509394645691	0.4233665466308594	0.405286967754364	0.3202939033508301	0.4031631946563721	0.3311569690704346	0.3327527642250061	0.3489598035812378	0.4035090208053589	0.3750413656234741	0.2446301877498627	0.3056857585906982	0.3954373598098755	0.2279636263847351	0.2152077108621597	0.09486435353755951	0.1455839425325394	0.1107104644179344	0.2380368262529373	0.101367674767971	0.1073440909385681	0.2008422762155533	0.1068243831396103	0.3611173033714294	0.3648736476898193	0.5134165287017822	0.7968771457672119	0.6572638750076294	0.6322345733642578	0.6915320158004761	0.7401374578475952	0.5385875701904297	0.74782794713974	0.5436035394668579	0.564322829246521	0.8382304310798645	0.2769122123718262	0.2575784921646118	0.2516386806964874	0.2688575983047485	0.1837713718414307	0.1884695291519165	0.2439286410808563	0.2540198564529419	0.1977449059486389	0.1404848843812943	0.1200511157512665	0.2288566827774048	0.1863203048706055	0.1784403920173645	0.0952267199754715	0.05807533487677574	0.09381698817014694	0.07704012095928192	0.02517259307205677	0	0.06385431438684464	0.116192489862442	0.3073851466178894	0.4420237243175507	0.4298250079154968	0.4058132171630859	0.284516453742981	0.4215346276760101	0.4932549297809601	0.434473842382431	0.2978859543800354	0.4346380531787872	0.3671289682388306	0.4051931500434875	0.4519912004470825	0.3927879631519318
Musq_03_25	0.9427843689918518	0.307694286108017	0.4366104602813721	0.2041893154382706	0.2057883441448212	0.2850910723209381	0.3524048924446106	0.2122071087360382	0.2151240557432175	0.2161260396242142	0.04563580453395844	0.2162332236766815	0.006929763592779636	0.4828351736068726	0.9071993827819824	0.4484929442405701	0.4249753654003143	0.5141898393630981	0.4371415972709656	0.4389650225639343	0.4586107134819031	0.4404664635658264	0.3551421165466309	0.4384527206420898	0.3883443176746368	0.3681876957416534	0.3841974139213562	0.4387044310569763	0.425407350063324	0.2844391167163849	0.3281837403774261	0.4181754887104034	0.2241007536649704	0.2346923798322678	0.1027308851480484	0.1922769546508789	0.1658323407173157	0.284743994474411	0.1539278477430344	0.1589260101318359	0.2359786331653595	0.1596555411815643	0.4105864763259888	0.4123599529266357	0.5684043169021606	0.8299978971481323	0.6925798654556274	0.6675266027450562	0.7247580885887146	0.7733410596847534	0.5716638565063477	0.7832931280136108	0.5789585113525391	0.5990394949913025	0.8522379398345947	0.337914764881134	0.2465483248233795	0.2113783657550812	0.3111008405685425	0.2096179276704788	0.2123423218727112	0.2936379611492157	0.3050119578838348	0.2387360036373138	0.1742142736911774	0.09910808503627777	0.2138441950082779	0.2177550196647644	0.1742683351039886	0.1063145771622658	0.1131186708807945	0.1377168446779251	0.1170993000268936	0.05587828159332275	0.06385431438684464	0	0.1344914138317108	0.3684248328208923	0.4772127270698547	0.4597470760345459	0.4409938752651215	0.3165653347969055	0.4567230343818665	0.5284750461578369	0.464198112487793	0.3332145512104034	0.4650369882583618	0.4158128499984741	0.4404995441436768	0.4873948097229004	0.437973827123642
Musq_01_25	0.8723980188369751	0.2561818957328796	0.4211806058883667	0.3385011851787567	0.1877393573522568	0.3591953814029694	0.3242428302764893	0.3439625203609467	0.3495453596115112	0.3468180298805237	0.1721989661455154	0.3505941331386566	0.1412255316972733	0.4267914593219757	0.8378754854202271	0.3916850686073303	0.4045479297637939	0.4847460985183716	0.4212741255760193	0.4126499593257904	0.3882919549942017	0.4048628211021423	0.3444899916648865	0.4163492321968079	0.3727402091026306	0.3483814001083374	0.3687094449996948	0.4145672917366028	0.3575782775878906	0.2482549101114273	0.2806853652000427	0.3495177924633026	0.2684951424598694	0.1920982301235199	0.07037564367055893	0.1733635365962982	0.169242262840271	0.2345867156982422	0.1696335822343826	0.1366590261459351	0.1835343241691589	0.09172554314136505	0.3726993799209595	0.3876892924308777	0.5269427299499512	0.8137250542640686	0.6826715469360352	0.6557921171188354	0.6634219288825989	0.7555309534072876	0.5471298694610596	0.7182474136352539	0.5447854995727539	0.5841453075408936	0.8332475423812866	0.3585227131843567	0.3731654286384583	0.3258086442947388	0.2798095047473907	0.2237932980060577	0.2708010077476501	0.3098099827766418	0.2894607484340668	0.289933443069458	0.1606930196285248	0.1960157006978989	0.3131131231784821	0.140117347240448	0.2241028547286987	0.1713333576917648	0.08633844554424286	0.142376571893692	0.0917377695441246	0.1043797805905342	0.116192489862442	0.1344914138317108	0	0.3322312235832214	0.4093256294727325	0.4437456130981445	0.4249482750892639	0.3243336081504822	0.4107085466384888	0.4576302170753479	0.4476791024208069	0.3172969222068787	0.4465798735618591	0.3998113572597504	0.4238976240158081	0.4589837491512299	0.4185223579406738
Musq_23_25	0.8619909286499023	0.3104128241539001	0.1862661242485046	0.3920958042144775	0.2977051138877869	0.3661345541477203	0.1822512149810791	0.4255236387252808	0.4340560138225555	0.4328131079673767	0.3796247243881226	0.4351356029510498	0.3714538216590881	0.2145849168300629	0.8276273608207703	0.1878449469804764	0.1751914173364639	0.2303989380598068	0.1798499822616577	0.1819545328617096	0.1879704594612122	0.17917600274086	0.152714416384697	0.1813796758651733	0.1158848404884338	0.1502011120319366	0.1337878853082657	0.1830227077007294	0.1234940961003304	0.1324832141399384	0.2911419868469238	0.330122321844101	0.3297942876815796	0.3343662023544312	0.3403579592704773	0.2369015514850616	0.2323175370693207	0.1574225723743439	0.2341767251491547	0.2368379831314087	0.1983824968338013	0.3177742958068848	0.3751211166381836	0.2106961309909821	0.3357086479663849	0.6962026953697205	0.4359766840934753	0.397162139415741	0.6734417080879211	0.6323196887969971	0.4970448613166809	0.5740480422973633	0.2790265679359436	0.4753271043300629	0.8735438585281372	0.2010362148284912	0.3560023903846741	0.3905234932899475	0.2550898790359497	0.4248847365379333	0.3196564316749573	0.332663357257843	0.3690569400787354	0.370794266462326	0.3736010193824768	0.394681453704834	0.3612843453884125	0.3276560306549072	0.2518994212150574	0.298733651638031	0.2995718419551849	0.2510898113250732	0.3026046454906464	0.3260838389396667	0.3073851466178894	0.3684248328208923	0.3322312235832214	0	0.1776766330003738	0.1968516111373901	0.1679703742265701	0.09426337480545044	0.1435710191726685	0.2185337841510773	0.199016660451889	0.1238559857010841	0.1997220367193222	0.1273746192455292	0.1490494161844254	0.1974931359291077	0.1286499202251434
Musq_25_25	0.8501747846603394	0.3560656309127808	0.143002912402153	0.5322956442832947	0.4205428957939148	0.5065360069274902	0.2790566682815552	0.537595808506012	0.5432896614074707	0.5405725836753845	0.4855529069900513	0.5443692207336426	0.4802429974079132	0.1731980293989182	0.811301052570343	0.1363567113876343	0.1446264386177063	0.1951157599687576	0.1365291625261307	0.1344384551048279	0.1133659556508064	0.1277123987674713	0.2185432463884354	0.1381080001592636	0.1827985644340515	0.1834109127521515	0.1996829509735107	0.1363114863634109	0.1311094462871552	0.2383029460906982	0.3598434925079346	0.3692383170127869	0.4298799932003021	0.430246114730835	0.4279872179031372	0.3429223299026489	0.3624507188796997	0.2643355429172516	0.370260089635849	0.3613110184669495	0.2840197682380676	0.4416893720626831	0.4986836612224579	0.3232979774475098	0.4536046385765076	0.760959267616272	0.5026763677597046	0.4266377687454224	0.6942508220672607	0.6973811388015747	0.5511667132377625	0.5975226163864136	0.2865721881389618	0.5606578588485718	0.9211941957473755	0.3532239496707916	0.4987719655036926	0.4968798756599426	0.3755686283111572	0.5279388427734375	0.4467034339904785	0.4626103639602661	0.4687942564487457	0.4957915544509888	0.4680982828140259	0.5149274468421936	0.4818392693996429	0.3919063210487366	0.3565099835395813	0.4209526777267456	0.4258751273155212	0.3787941932678223	0.4175586104393005	0.4496236741542816	0.4420237243175507	0.4772127270698547	0.4093256294727325	0.1776766330003738	0	0.05555476620793343	0.09309829026460648	0.1796473562717438	0.0643480196595192	0.1799812912940979	0.05688103660941124	0.1442153453826904	0.05377760529518127	0.1065400838851929	0.08183116465806961	0.05569151788949966	0.08903787285089493
Zone_3_1_25	0.8866978287696838	0.3463480472564697	0.1338882595300674	0.5160195827484131	0.4066025018692017	0.4905531406402588	0.3236144185066223	0.522821843624115	0.5270785689353943	0.5279918313026428	0.4754689931869507	0.5281170606613159	0.4628882110118866	0.2105823010206223	0.8477188348770142	0.1749904006719589	0.1473605036735535	0.2079367935657501	0.1275165677070618	0.1361390799283981	0.1653192937374115	0.1406220644712448	0.2180039882659912	0.1355916261672974	0.1816830635070801	0.184751570224762	0.1987023204565048	0.13599693775177	0.1820909529924393	0.2558947801589966	0.374758243560791	0.4029501676559448	0.4363678097724915	0.4481891989707947	0.45778888463974	0.3840370774269104	0.3798527717590332	0.2959569692611694	0.3716942369937897	0.3670533895492554	0.3180541694164276	0.4316558241844177	0.5268551111221313	0.3299533426761627	0.4834500253200531	0.7697404623031616	0.501680850982666	0.4295296669006348	0.7424325346946716	0.7078599333763123	0.5673589110374451	0.648557722568512	0.3032935857772827	0.5647547245025635	0.9184641242027283	0.3509144186973572	0.4928827881813049	0.4956047534942627	0.401039719581604	0.5413745641708374	0.4453972578048706	0.4737530648708344	0.5143938660621643	0.507449746131897	0.4947716593742371	0.500246524810791	0.4993216395378113	0.4265272319316864	0.4058390557765961	0.4142705202102661	0.4140881896018982	0.3775108158588409	0.4082247614860535	0.4389717280864716	0.4298250079154968	0.4597470760345459	0.4437456130981445	0.1968516111373901	0.05555476620793343	0	0.08558313548564911	0.1789556741714478	0.08967268466949463	0.2316462993621826	0.004893951117992401	0.1393744200468063	0.006229467689990997	0.1038436070084572	0.08245749771595001	0.06683957576751709	0.09267328679561615
Zone_3_3_25	0.8800445795059204	0.3259472548961639	0.1692783236503601	0.4955218434333801	0.387161910533905	0.469360888004303	0.2945935726165771	0.5021244287490845	0.5065066814422607	0.5072944164276123	0.4565509557723999	0.5075247287750244	0.4439504444599152	0.2159736305475235	0.848522424697876	0.1911047846078873	0.1688258349895477	0.2217341065406799	0.1628669500350952	0.1719839870929718	0.1911358833312988	0.1748446226119995	0.1899309009313583	0.1708063930273056	0.1622381508350372	0.1622108370065689	0.169483870267868	0.1712744832038879	0.1709096878767014	0.2312896847724915	0.3531360328197479	0.3796446323394775	0.413341611623764	0.4286749958992004	0.4377634525299072	0.3532656729221344	0.3530338704586029	0.2695561349391937	0.3416375517845154	0.3402344882488251	0.2930651605129242	0.4039225280284882	0.4823487102985382	0.2931010127067566	0.4366947114467621	0.7231093645095825	0.455318808555603	0.382435530424118	0.6788341403007507	0.6504901051521301	0.5038169622421265	0.6006929278373718	0.2643800973892212	0.5201705694198608	0.8785233497619629	0.3161346316337585	0.4575347900390625	0.4650088548660278	0.3658131957054138	0.5026254653930664	0.4100423455238342	0.4332782030105591	0.4789571166038513	0.4697149395942688	0.461747944355011	0.4747148454189301	0.4734545648097992	0.4099997282028198	0.3791094422340393	0.3902538418769836	0.3898281455039978	0.350772500038147	0.3733997344970703	0.41761714220047	0.4058132171630859	0.4409938752651215	0.4249482750892639	0.1679703742265701	0.09309829026460648	0.08558313548564911	0	0.1507672667503357	0.1223091408610344	0.2283788472414017	0.08691727370023727	0.1130726337432861	0.09000711143016815	0.05399385094642639	0.05495256930589676	0.1026273369789124	0.1042328178882599
Musq_31_25	0.9000877141952515	0.3298204839229584	0.1815179586410522	0.3716301620006561	0.3450267910957336	0.4026625156402588	0.1457193046808243	0.3776441216468811	0.3825648725032806	0.3826728165149689	0.3315346539020538	0.3835453987121582	0.3196336030960083	0.2294937521219254	0.8657565116882324	0.2020944058895111	0.1724992692470551	0.2334702610969543	0.1750227808952332	0.1829425543546677	0.2025541365146637	0.1854923218488693	0.169199675321579	0.1826307028532028	0.133095994591713	0.1381708979606628	0.1289548128843307	0.1826965808868408	0.1542958170175552	0.1634422689676285	0.3364137709140778	0.3611237108707428	0.2920572757720947	0.3183828294277191	0.3127280175685883	0.2245773077011108	0.2272244840860367	0.1863356232643127	0.2228880822658539	0.2507951855659485	0.2348081916570663	0.3303282856941223	0.4058934450149536	0.2593054473400116	0.4005459249019623	0.7194293737411499	0.4514277279376984	0.4000586867332458	0.7109995484352112	0.6562051773071289	0.5243992209434509	0.6112268567085266	0.2843174338340759	0.4793896377086639	0.8994131684303284	0.1998227834701538	0.335319846868515	0.3483157157897949	0.2421238273382187	0.3919406235218048	0.2785148620605469	0.3099236488342285	0.3609701693058014	0.355268269777298	0.3456143736839294	0.3564466834068298	0.3483868837356567	0.3701566457748413	0.2393270432949066	0.2652482390403748	0.293347954750061	0.2465064227581024	0.2770812511444092	0.2925080358982086	0.284516453742981	0.3165653347969055	0.3243336081504822	0.09426337480545044	0.1796473562717438	0.1789556741714478	0.1507672667503357	0	0.1412828862667084	0.2327614724636078	0.1816399395465851	0.06994815170764923	0.1824983656406403	0.1234886646270752	0.1310178190469742	0.1881553679704666	0.1223275065422058
Zone_3_2_25	0.8518998622894287	0.3357741832733154	0.07908409833908081	0.5119355320930481	0.4015200734138489	0.4862655401229858	0.2354544997215271	0.5174111127853394	0.5229295492172241	0.5202124714851379	0.4650485515594482	0.5240090489387512	0.4597386121749878	0.1303960829973221	0.8129209280014038	0.08712737262248993	0.08491398394107819	0.1409352868795395	0.07251688092947006	0.0704115629196167	0.07566629350185394	0.0635400265455246	0.1670943200588226	0.07412495464086533	0.123203843832016	0.1236992925405502	0.1401147097349167	0.07234305143356323	0.09353885054588318	0.1885212659835815	0.3495271801948547	0.3698164820671082	0.4146809577941895	0.4231204986572266	0.4235482811927795	0.327279269695282	0.3396447598934174	0.2187646627426147	0.3445518612861633	0.3398805856704712	0.2616063952445984	0.4211900234222412	0.4743769466876984	0.2708273530006409	0.4250283241271973	0.7249807119369507	0.4620084166526794	0.40523362159729	0.6959195733070374	0.6585988402366638	0.5212951898574829	0.5962355136871338	0.2356997728347778	0.5162697434425354	0.9063917398452759	0.3068444728851318	0.475973904132843	0.4779737889766693	0.3296191096305847	0.5074363350868225	0.4181613922119141	0.4291917085647583	0.4690582156181335	0.4753181338310242	0.4567007422447205	0.4946581125259399	0.461479127407074	0.3934245407581329	0.35042804479599	0.400684654712677	0.4054907560348511	0.3567228615283966	0.3972899913787842	0.4291370511054993	0.4215346276760101	0.4567230343818665	0.4107085466384888	0.1435710191726685	0.0643480196595192	0.08967268466949463	0.1223091408610344	0.1412828862667084	0	0.1421004682779312	0.0913379117846489	0.1512383371591568	0.09133557975292206	0.1299232244491577	0.07769738137722015	0.09395307302474976	0.06518528610467911
Musq_29_25	0.7112447023391724	0.4071702659130096	0.1906629800796509	0.5836085677146912	0.4595436751842499	0.5577715039253235	0.2287348210811615	0.5891138315200806	0.5946526527404785	0.5919254422187805	0.5367903709411621	0.5957015752792358	0.531490683555603	0.134391576051712	0.672265887260437	0.1724822521209717	0.1904091686010361	0.2121066898107529	0.1840723156929016	0.1819374561309814	0.1504284292459488	0.1751727759838104	0.2378149926662445	0.1856805086135864	0.2050249874591827	0.194231778383255	0.2104488015174866	0.1838986128568649	0.1539109200239182	0.2601801753044128	0.3991032242774963	0.3679079413414001	0.4689874351024628	0.4516634941101074	0.4571666121482849	0.3814430832862854	0.4076267778873444	0.2812458872795105	0.415704071521759	0.4080511331558228	0.3269583582878113	0.4928222596645355	0.5441874265670776	0.3416087031364441	0.4822007715702057	0.7964311242103577	0.5343844890594482	0.505618691444397	0.7056233882904053	0.7260163426399231	0.5929150581359863	0.4555105865001678	0.2991060614585876	0.5879718661308289	0.9621827602386475	0.3785287141799927	0.5476396083831787	0.53614342212677	0.4005809426307678	0.5791261196136475	0.4898542463779449	0.500880241394043	0.4189245700836182	0.5470110177993774	0.5193469524383545	0.5663688778877258	0.5331711769104004	0.351773738861084	0.3743219971656799	0.4723846316337585	0.4772303700447083	0.4284605979919434	0.4689221978187561	0.5008760094642639	0.4932549297809601	0.5284750461578369	0.4576302170753479	0.2185337841510773	0.1799812912940979	0.2316462993621826	0.2283788472414017	0.2327614724636078	0.1421004682779312	0	0.2330156862735748	0.2518633306026459	0.2333989441394806	0.2302755415439606	0.1991719305515289	0.2273398637771606	0.195251077413559
Zone_2A_10_25	0.8874008655548096	0.3484519124031067	0.1317877173423767	0.5188053846359253	0.4105011820793152	0.4927321672439575	0.3259319365024567	0.5249277353286743	0.5297845602035522	0.5300804376602173	0.4793172776699066	0.5308641195297241	0.4672283530235291	0.2100831717252731	0.8483087420463562	0.1773709654808044	0.1505817323923111	0.2078685611486435	0.1253775358200073	0.1359773129224777	0.1647206842899323	0.1423652172088623	0.2192381024360657	0.1353352665901184	0.1841387152671814	0.1892011761665344	0.2008333504199982	0.1345870047807693	0.1837995052337646	0.2599449157714844	0.3785656690597534	0.4068406224250793	0.4404318332672119	0.4522107839584351	0.4618250131607056	0.3881821632385254	0.3840753138065338	0.3000524640083313	0.376111626625061	0.3711050152778625	0.3220515549182892	0.436005175113678	0.5309461355209351	0.3336187601089478	0.4855207502841949	0.7718331813812256	0.5044630169868469	0.4312376379966736	0.7433860898017883	0.7091392874717712	0.5704469680786133	0.6494634747505188	0.3040432929992676	0.5688074231147766	0.9196000099182129	0.3556516468524933	0.4976982474327087	0.4997203946113586	0.4051780700683594	0.5455129146575928	0.4494969844818115	0.4778926372528076	0.5184849500656128	0.5116080045700073	0.4989006221294403	0.5041466355323792	0.5021205544471741	0.4303717911243439	0.4099088311195374	0.4183847904205322	0.4187750816345215	0.3816701471805573	0.4124675989151001	0.4430753588676453	0.434473842382431	0.464198112487793	0.4476791024208069	0.199016660451889	0.05688103660941124	0.004893951117992401	0.08691727370023727	0.1816399395465851	0.0913379117846489	0.2330156862735748	0	0.1440975964069366	0.009584893472492695	0.1068305671215057	0.08335399627685547	0.06764811277389526	0.09489025175571442
Zone_2A_1_25	0.8977091312408447	0.3102169036865234	0.1999908238649368	0.416931688785553	0.3154504299163818	0.4269498586654663	0.2120294272899628	0.4238526225090027	0.4280887842178345	0.4290123581886292	0.3489407002925873	0.4291684031486511	0.3363496065139771	0.2473548203706741	0.8633780479431152	0.211810827255249	0.1883474588394165	0.25237637758255	0.1935715973377228	0.2021791189908981	0.2219580411911011	0.2037512958049774	0.1873569190502167	0.2015481740236282	0.1514692306518555	0.128108948469162	0.1565769910812378	0.2020518183708191	0.1734285056591034	0.1513462215662003	0.3041993975639343	0.3499537110328674	0.3108447790145874	0.3210593163967133	0.3301626145839691	0.2447628378868103	0.2405116260051727	0.1740050166845322	0.2325271219015121	0.2396146059036255	0.2132155299186707	0.3130817413330078	0.3989938497543335	0.2480649650096893	0.4151141047477722	0.737420916557312	0.4693039059638977	0.3971496522426605	0.7111238837242126	0.6755284667015076	0.5196294784545898	0.6162086725234985	0.3042672276496887	0.4704641103744507	0.8988336324691772	0.2243294417858124	0.3795624375343323	0.3744338750839233	0.2617891430854797	0.4093833565711975	0.306183785200119	0.334503710269928	0.3779900670051575	0.3710730671882629	0.3631865382194519	0.3736899495124817	0.3944564461708069	0.3376949429512024	0.2665367424488068	0.282690018415451	0.2884674668312073	0.2428201735019684	0.2741909921169281	0.3097730576992035	0.2978859543800354	0.3332145512104034	0.3172969222068787	0.1238559857010841	0.1442153453826904	0.1393744200468063	0.1130726337432861	0.06994815170764923	0.1512383371591568	0.2518633306026459	0.1440975964069366	0	0.1443111300468445	0.08655834197998047	0.1081977784633636	0.1543137729167938	0.1165247112512589
Musq_27_25	0.8889414072036743	0.3511548042297363	0.1381619274616241	0.5208402276039124	0.4118173122406006	0.4954167008399963	0.3255161643028259	0.526330828666687	0.5318638682365417	0.5302455425262451	0.4782419204711914	0.5328947305679321	0.4680671989917755	0.2123059034347534	0.8500677347183228	0.1772748827934265	0.1495703607797623	0.2113538533449173	0.1317517459392548	0.1378856599330902	0.1668747216463089	0.1425354033708572	0.2222259938716888	0.1385702192783356	0.1860523074865341	0.1888514161109924	0.2030720114707947	0.1377140730619431	0.1819317191839218	0.2581261396408081	0.3775198757648468	0.405705451965332	0.4388796091079712	0.4505839943885803	0.4601545333862305	0.3864325284957886	0.3829611539840698	0.2982392609119415	0.3751184344291687	0.369433581829071	0.3203801512718201	0.4353303909301758	0.529266357421875	0.3322481513023376	0.4863863587379456	0.7717586755752563	0.5061571598052979	0.4274645745754242	0.744444727897644	0.7115933895111084	0.5696797966957092	0.6505062580108643	0.3050963878631592	0.5671123266220093	0.9226216077804565	0.3557284474372864	0.4978833794593811	0.4979801177978516	0.4034755229949951	0.5437616109848022	0.4487848877906799	0.4761888682842255	0.5167058706283569	0.5098726749420166	0.4971798658370972	0.5030109882354736	0.5011987686157227	0.4292920827865601	0.4082149863243103	0.4167115390300751	0.4189708828926086	0.3811001181602478	0.4126158952713013	0.441332221031189	0.4346380531787872	0.4650369882583618	0.4465798735618591	0.1997220367193222	0.05377760529518127	0.006229467689990997	0.09000711143016815	0.1824983656406403	0.09133557975292206	0.2333989441394806	0.009584893472492695	0.1443111300468445	0	0.1039083451032639	0.08549292385578156	0.07029087841510773	0.09494068473577499
Zone_2A_12_25	0.884782612323761	0.3258799016475677	0.1781700849533081	0.4571611881256104	0.3494513630867004	0.4312242865562439	0.2679315805435181	0.4774741232395172	0.4817308187484741	0.4826441407203674	0.4315348267555237	0.4827488660812378	0.4189539551734924	0.2250012457370758	0.8534789085388184	0.1997604966163635	0.1701802313327789	0.2305560857057571	0.1717709898948669	0.1803785115480423	0.2001574337482452	0.1830757260322571	0.1889452040195465	0.1797475665807724	0.131693109869957	0.1484581232070923	0.1486878991127014	0.1802512109279633	0.138710081577301	0.2004112899303436	0.338335782289505	0.3592083752155304	0.3883255124092102	0.403663694858551	0.4127669930458069	0.3146116435527802	0.3124451339244843	0.2320330142974854	0.2995426654815674	0.299645721912384	0.2676882743835449	0.3656473457813263	0.4486363530158997	0.256974846124649	0.4033287763595581	0.7278823852539062	0.4601525366306305	0.3834234476089478	0.6895841956138611	0.6551953554153442	0.5072335004806519	0.6066546440124512	0.2715537250041962	0.5058501362800598	0.8864593505859375	0.2752282023429871	0.4165740013122559	0.4383524060249329	0.3317407965660095	0.4783105254173279	0.3760594129562378	0.395719587802887	0.4382088184356689	0.4299367964267731	0.4322201013565063	0.4416459202766418	0.434838205575943	0.3814321756362915	0.3408710658550262	0.3651229739189148	0.351042628288269	0.3149675726890564	0.3463896214962006	0.3789565563201904	0.3671289682388306	0.4158128499984741	0.3998113572597504	0.1273746192455292	0.1065400838851929	0.1038436070084572	0.05399385094642639	0.1234886646270752	0.1299232244491577	0.2302755415439606	0.1068305671215057	0.08655834197998047	0.1039083451032639	0	0.05531072616577148	0.1198744401335716	0.08358430117368698
Zone_2B_1_25	0.8693565726280212	0.3214992582798004	0.125430554151535	0.4949690103530884	0.3866731226444244	0.4688752293586731	0.275232195854187	0.5011646151542664	0.5059834718704224	0.506269097328186	0.4555544555187225	0.507001519203186	0.4434560835361481	0.1789079010486603	0.8379235863685608	0.1467275619506836	0.1243433356285095	0.1776397228240967	0.1189470440149307	0.1273722052574158	0.1467298120260239	0.1302625238895416	0.1701282560825348	0.1266475915908813	0.1338644176721573	0.1410502195358276	0.1505456268787384	0.1268235743045807	0.1339685916900635	0.2094898819923401	0.3508123457431793	0.3786481320858002	0.4123451411724091	0.4276636242866516	0.4367669224739075	0.3362319767475128	0.3393361568450928	0.2497283518314362	0.3267147541046143	0.331336498260498	0.2751263380050659	0.4033175110816956	0.4749206602573395	0.2733780443668365	0.4275133907794952	0.7106057405471802	0.4429742693901062	0.374311238527298	0.6847661733627319	0.6368207335472107	0.4905405640602112	0.5965943932533264	0.2421670258045197	0.5073466300964355	0.8844412565231323	0.2968818545341492	0.4503037929534912	0.4639590978622437	0.3464509248733521	0.5048788785934448	0.3939440846443176	0.4169993996620178	0.47227543592453	0.4662158489227295	0.460361659526825	0.4736886620521545	0.4723635017871857	0.4067579507827759	0.3634093999862671	0.3892017006874084	0.3893041908740997	0.3412984013557434	0.3730436265468597	0.4165903925895691	0.4051931500434875	0.4404995441436768	0.4238976240158081	0.1490494161844254	0.08183116465806961	0.08245749771595001	0.05495256930589676	0.1310178190469742	0.07769738137722015	0.1991719305515289	0.08335399627685547	0.1081977784633636	0.08549292385578156	0.05531072616577148	0	0.09062609076499939	0.05861251801252365
Zone_2B_3_25	0.899255633354187	0.3657969236373901	0.1488586068153381	0.5419902205467224	0.4306556880474091	0.5161410570144653	0.3204325437545776	0.5482480525970459	0.5530138611793518	0.5530338883399963	0.5012495517730713	0.5540446639060974	0.4904654622077942	0.206855446100235	0.860211968421936	0.1430216878652573	0.1517316102981567	0.1411398351192474	0.1423782706260681	0.1484466195106506	0.1598053127527237	0.1494011282920837	0.2260817885398865	0.1470443457365036	0.190511018037796	0.172226220369339	0.2074048817157745	0.1487167477607727	0.1783948689699173	0.2581761479377747	0.388770580291748	0.4170456528663635	0.4428220391273499	0.4566299915313721	0.4716157913208008	0.3798220157623291	0.3767102956771851	0.296966940164566	0.3794539868831635	0.3754091858863831	0.3191421031951904	0.4515191912651062	0.5294665694236755	0.3309096693992615	0.4814260005950928	0.7763100862503052	0.5107276439666748	0.4379328191280365	0.7431809902191162	0.6487728357315063	0.5728824734687805	0.6443198323249817	0.2377200275659561	0.5736930370330811	0.8696555495262146	0.3613110482692719	0.5077456831932068	0.5131800174713135	0.40432208776474	0.555039644241333	0.4542070329189301	0.4812663197517395	0.5170062780380249	0.5203686356544495	0.5077383518218994	0.5272849798202515	0.5129755735397339	0.4416627287864685	0.4043189883232117	0.4354994297027588	0.4361723065376282	0.3882304430007935	0.4283002316951752	0.4630275070667267	0.4519912004470825	0.4873948097229004	0.4589837491512299	0.1974931359291077	0.05569151788949966	0.06683957576751709	0.1026273369789124	0.1881553679704666	0.09395307302474976	0.2273398637771606	0.06764811277389526	0.1543137729167938	0.07029087841510773	0.1198744401335716	0.09062609076499939	0	0.08073775470256805
Zone_2B_2_25	0.8794770240783691	0.3354189097881317	0.1160929799079895	0.4824835062026978	0.3737275302410126	0.4564316272735596	0.2609103322029114	0.4984462857246399	0.5031577348709106	0.5032618641853333	0.4518525004386902	0.5043498873710632	0.4410787224769592	0.1756651401519775	0.8449764251708984	0.1192129775881767	0.1027757227420807	0.1530581265687943	0.1097609400749207	0.1161026954650879	0.1345836222171783	0.1182973459362984	0.1762397140264511	0.1144334003329277	0.1125052198767662	0.1118256151676178	0.1429630666971207	0.116200178861618	0.1076398715376854	0.1893942356109619	0.3516948223114014	0.3788350522518158	0.4051257371902466	0.4203540682792664	0.4312330782413483	0.3236116170883179	0.3225305080413818	0.2250938415527344	0.3179094195365906	0.3173925876617432	0.2695308923721313	0.3923594057559967	0.4707595109939575	0.2525633573532104	0.4172097444534302	0.730157732963562	0.4623342752456665	0.4004860818386078	0.7198351621627808	0.6457286477088928	0.5341888666152954	0.6204631328582764	0.2395206540822983	0.5056962370872498	0.8905353546142578	0.2832292914390564	0.446980893611908	0.4644830226898193	0.3334133625030518	0.5062946677207947	0.3916596174240112	0.4114337861537933	0.4663920998573303	0.4624519348144531	0.4599370360374451	0.4699025750160217	0.4573211073875427	0.3968643844127655	0.3483377695083618	0.3860316276550293	0.3769999444484711	0.3301294147968292	0.3763712048530579	0.4039635062217712	0.3927879631519318	0.437973827123642	0.4185223579406738	0.1286499202251434	0.08903787285089493	0.09267328679561615	0.1042328178882599	0.1223275065422058	0.06518528610467911	0.195251077413559	0.09489025175571442	0.1165247112512589	0.09494068473577499	0.08358430117368698	0.05861251801252365	0.08073775470256805	0
