	Zone_2B_1_22	Zone_2B_2_22	Zone_2B_3_22	Musq_01_22	Musq_02_22	Musq_04_22	Musq_06_22	Musq_07_22	Musq_08_22	Musq_11_22	Musq_15_22	Musq_16_22	Musq_19_22	Musq_26_22	Musq_28_22	Zone_2B_2_23	Zone_2B_3_23	Zone_2B_1_23	Zone_3_1_23	Zone_3_4_23	Zone_3_3_23	Zone_3_2_23	Zone_2A_12_23	Zone_2A_10_23	Zone_2A_1_23	Musq_25_23	Musq_27_23	Musq_29_23	Musq_31_23	Musq_19_23	Musq_01_23	Musq_03_23	Musq_05_23	Musq_07_23	Musq_09_23	Musq_11_23	Musq_13_23	Musq_15_23	Musq_17_23	Musq_21_23	Musq_23_23	Musq_19_24	Musq_21_24	Musq_23_24	Musq_25_24	Musq_27_24	Musq_29_24	Musq_31_24	Zone_2B_1_24	Zone_2B_2_24	Zone_2B_3_24	Zone_3_1_24	Zone_3_3_24	Zone_3_2_24	Zone_2A_12_24	Zone_2A_10_24	Zone_2A_1_24	Musq_01_24	Musq_03_24	Musq_05_24	Musq_07_24	Musq_09_24	Musq_11_24	Musq_13_24	Musq_15_24	Musq_17_24	Musq_21_25	Musq_19_25	Musq_17_25	Musq_15_25	Musq_13_25	Musq_11_25	Musq_09_25	Musq_07_25	Musq_05_25	Musq_03_25	Musq_01_25	Musq_23_25	Musq_25_25	Zone_3_1_25	Zone_3_3_25	Musq_31_25	Zone_3_2_25	Musq_29_25	Zone_2A_10_25	Zone_2A_1_25	Musq_27_25	Zone_2A_12_25	Zone_2B_1_25	Zone_2B_3_25	Zone_2B_2_25
Zone_2B_1_22	0	0.714733898639679	0.8125403523445129	0.6768149137496948	0.7785434722900391	0.7984374761581421	0.6833070516586304	0.6217357516288757	0.8701815009117126	0.7537263631820679	0.4579427242279053	0.6389414668083191	0.7171676158905029	0.4597715735435486	0.4256984293460846	0.694951593875885	0.7026758193969727	0.78745436668396	0.6509005427360535	0.6493442058563232	0.7032479047775269	0.6421588063240051	0.7163341641426086	0.7286745309829712	0.6569368243217468	0.7903317809104919	0.7994290590286255	0.647566020488739	0.6490506529808044	0.7172426581382751	0.7433589696884155	0.7249966859817505	0.7355294823646545	0.72623211145401	0.6772714257240295	0.6850790977478027	0.7025665044784546	0.6995944976806641	0.7531827688217163	0.6732999682426453	0.685336709022522	0.8430675268173218	0.857260525226593	0.8654994964599609	0.8716676831245422	0.8852516412734985	0.9136097431182861	0.8564649820327759	0.8882561326026917	0.8698403239250183	0.8487871885299683	0.8680787682533264	0.8719210624694824	0.8859394788742065	0.9077028036117554	0.9025965332984924	0.9160454869270325	0.8638008236885071	0.8532664775848389	0.8764416575431824	0.867226779460907	0.8525567054748535	0.8752886652946472	0.8674696683883667	0.8659737110137939	0.8639470934867859	0.6477269530296326	0.654472291469574	0.6534268260002136	0.6591911911964417	0.790986180305481	0.6604527831077576	0.7032931447029114	0.6456190347671509	0.7890360355377197	0.6449500918388367	0.6596948504447937	0.7094290852546692	0.642784595489502	0.6551458239555359	0.6400450468063354	0.6857637763023376	0.6390224695205688	0.6558704972267151	0.6445230841636658	0.639464259147644	0.7014042139053345	0.6443327069282532	0.6451112627983093	0.6994211077690125	0.7936555147171021
Zone_2B_2_22	0.714733898639679	0	0.8110700249671936	0.6322387456893921	0.7882195115089417	0.6123677492141724	0.757469117641449	0.7961324453353882	0.8778228759765625	0.7663348913192749	0.7714132070541382	0.8703576326370239	0.7327613234519958	0.7628685235977173	0.7711629867553711	0.69883793592453	0.7061412334442139	0.7873271107673645	0.6574873328208923	0.6563783884048462	0.7068570852279663	0.6493489146232605	0.7196184396743774	0.7313801050186157	0.6631277203559875	0.7900838851928711	0.7987016439437866	0.6543838381767273	0.6557244658470154	0.7192703485488892	0.7449505925178528	0.7273359894752502	0.7373843193054199	0.7285130023956299	0.682181715965271	0.688751220703125	0.706037700176239	0.7032259106636047	0.7544896006584167	0.6784517765045166	0.6897649168968201	0.8413047790527344	0.8736911416053772	0.8636260032653809	0.8696662783622742	0.8832228183746338	0.8317646980285645	0.8549792170524597	0.8862287998199463	0.86794513463974	0.8457366824150085	0.866479218006134	0.8700174689292908	0.8840109705924988	0.9217236638069153	0.8996121287345886	0.9128265976905823	0.8618406057357788	0.8513906598091125	0.8745238780975342	0.8652463555335999	0.8704293966293335	0.873274564743042	0.8655856847763062	0.8640004396438599	0.8619861006736755	0.6545338034629822	0.6599597334861755	0.6589804887771606	0.6643826365470886	0.7898886203765869	0.6655660271644592	0.7060025334358215	0.6516772508621216	0.7881600856781006	0.6519470810890198	0.6657055616378784	0.7122501730918884	0.6489846706390381	0.6605854630470276	0.6464678645133972	0.6893935203552246	0.6464265584945679	0.6612644195556641	0.6515440940856934	0.6468373537063599	0.7041867971420288	0.6504310369491577	0.6511585116386414	0.703057587146759	0.7926127910614014
Zone_2B_3_22	0.8125403523445129	0.8110700249671936	0	0.896812915802002	0.8448582291603088	0.8901727199554443	0.8472229838371277	0.8527600765228271	0.691601574420929	0.7957422137260437	0.8424513339996338	0.8652567267417908	0.773862898349762	0.7577147483825684	0.8242307305335999	0.7425986528396606	0.7527570724487305	0.7031127214431763	0.6784250736236572	0.6325951218605042	0.7255551218986511	0.6642652153968811	0.6596269607543945	0.6465224623680115	0.6879057884216309	0.7104125022888184	0.5720796585083008	0.6730851531028748	0.6805499792098999	0.7711331248283386	0.781710147857666	0.7805215716362	0.7928612232208252	0.7819931507110596	0.7181828618049622	0.7291716337203979	0.752615213394165	0.7487404346466064	0.7411762475967407	0.712461531162262	0.7295284271240234	0.8893067240715027	0.923713207244873	0.9147442579269409	0.9135725498199463	0.9243454933166504	0.9154442548751831	0.9086818099021912	0.926667332649231	0.918004035949707	0.9091081619262695	0.9166859984397888	0.9195524454116821	0.929750919342041	0.9261530041694641	0.8905384540557861	0.8917766809463501	0.9071195125579834	0.8982193470001221	0.9228850603103638	0.9099496603012085	0.9155349135398865	0.91648930311203	0.9162287712097168	0.9089181423187256	0.9072408676147461	0.6733444929122925	0.6840642690658569	0.682421863079071	0.6913870573043823	0.5841768980026245	0.6933203339576721	0.7535561919212341	0.6699322462081909	0.7071452140808105	0.6688439249992371	0.6921604871749878	0.654915452003479	0.6706264019012451	0.6851181387901306	0.6607621908187866	0.730119526386261	0.6590561866760254	0.6862481236457825	0.6681470274925232	0.6597941517829895	0.7544873356819153	0.673102080821991	0.674341082572937	0.7485129237174988	0.72441166639328
Musq_01_22	0.6768149137496948	0.6322387456893921	0.896812915802002	0	0.8832992315292358	0.4295118749141693	0.6783801317214966	0.6888568997383118	0.7674610018730164	0.811396062374115	0.6377179026603699	0.6305753588676453	0.8040574193000793	0.7497426867485046	0.7234596610069275	0.8720189929008484	0.8857063055038452	0.8761144280433655	0.8591537475585938	0.8516945242881775	0.8682747483253479	0.8567171096801758	0.855945885181427	0.8538346290588379	0.8608580231666565	0.865159273147583	0.8437748551368713	0.8582199215888977	0.8595304489135742	0.8789282441139221	0.881719172000885	0.8813987374305725	0.8848124146461487	0.8817958235740662	0.8788225650787354	0.8690472841262817	0.8743478059768677	0.8734350204467773	0.8716962933540344	0.8655698299407959	0.8809730410575867	0.9203426837921143	0.9386677742004395	0.9334890842437744	0.9328352212905884	0.9390448331832886	0.8569552898406982	0.9361703991889954	0.9404434561729431	0.9353353977203369	0.9303892254829407	0.9345840811729431	0.9362265467643738	0.9423359632492065	0.9452405571937561	0.9209319949150085	0.9215289950370789	0.9293222427368164	0.9247100353240967	0.9381763935089111	0.930844783782959	0.9341427683830261	0.9344725608825684	0.9343249201774597	0.9302864670753479	0.9293870329856873	0.8582648634910583	0.8601599931716919	0.8598648309707642	0.8614991307258606	0.8449872732162476	0.8618590235710144	0.874571681022644	0.857677161693573	0.8645111918449402	0.8574910759925842	0.8616427183151245	0.8551754355430603	0.8577961325645447	0.8603504300117493	0.8561334609985352	0.8692517876625061	0.8558518290519714	0.8605556488037109	0.8573724627494812	0.855973482131958	0.874794065952301	0.8582229018211365	0.8584378957748413	0.8733819723129272	0.8680327534675598
Musq_02_22	0.7785434722900391	0.7882195115089417	0.8448582291603088	0.8832992315292358	0	0.8753641843795776	0.8532839417457581	0.774538516998291	0.8337839245796204	0.7185893654823303	0.6785325407981873	0.8328571319580078	0.5961209535598755	0.7990090250968933	0.7749051451683044	0.6742674112319946	0.668004035949707	0.7548537850379944	0.5839709639549255	0.5962218046188354	0.6234980821609497	0.5729601979255676	0.6547280550003052	0.6673567891120911	0.5915562510490417	0.7387303113937378	0.7174177765846252	0.5797745585441589	0.5856558680534363	0.6652203798294067	0.6743913292884827	0.6760857105255127	0.6877897381782532	0.6763314604759216	0.6371241211891174	0.6620485782623291	0.6470106840133667	0.6433120369911194	0.701030969619751	0.6104381680488586	0.6465086936950684	0.8237907886505127	0.870915949344635	0.8580688834190369	0.8564211130142212	0.8718376755714417	0.9020907878875732	0.8572970628738403	0.8752403259277344	0.8626899123191833	0.8502060174942017	0.8608149886131287	0.8649042248725891	0.8798045516014099	0.9195511341094971	0.8927234411239624	0.8996193408966064	0.8333563208580017	0.8200558423995972	0.8697121143341064	0.8513698577880859	0.8597100377082825	0.8605360984802246	0.8601666688919067	0.8360923528671265	0.8476356863975525	0.6226158142089844	0.6253615617752075	0.6288678646087646	0.6351854801177979	0.7697129249572754	0.6365675926208496	0.6833560466766357	0.6203022599220276	0.770596981048584	0.6195679903030396	0.635737419128418	0.6863833069801331	0.6207713484764099	0.6307524442672729	0.6141820549964905	0.6642447113990784	0.6130585670471191	0.6315467357635498	0.6190994381904602	0.6135440468788147	0.6841409206390381	0.6224508285522461	0.6232952475547791	0.6791386008262634	0.7783613801002502
Musq_04_22	0.7984374761581421	0.6123677492141724	0.8901727199554443	0.4295118749141693	0.8753641843795776	0	0.7006258964538574	0.6844415664672852	0.86457759141922	0.8930665254592896	0.7717303037643433	0.7813801765441895	0.8878539204597473	0.8026524782180786	0.7820286154747009	0.8838444948196411	0.8976369500160217	0.8887384533882141	0.8717299103736877	0.8646678924560547	0.8803271651268005	0.8694261312484741	0.8686962723731995	0.8666968941688538	0.8733394742012024	0.8773952722549438	0.8571391105651855	0.8708473443984985	0.8720858097076416	0.8903164267539978	0.8929241299629211	0.8926248550415039	0.895809531211853	0.8929954767227173	0.8912559747695923	0.8810535669326782	0.8860284090042114	0.8851727843284607	0.8835415840148926	0.8777819275856018	0.8932520151138306	0.9286185503005981	0.9453024864196777	0.9406037330627441	0.9400094747543335	0.9456441402435303	0.8631283640861511	0.9436535835266113	0.946910560131073	0.9422803521156311	0.9377850294113159	0.9415982961654663	0.9430891275405884	0.9486228823661804	0.9517847895622253	0.9291576743125916	0.9297034740447998	0.9368137717247009	0.9326093792915344	0.9448571801185608	0.9381995797157288	0.9411975145339966	0.9414970874786377	0.9413630366325378	0.9376916289329529	0.9368728995323181	0.8708899021148682	0.8726804256439209	0.8724016547203064	0.8739446401596069	0.8582937121391296	0.8742842078208923	0.8862383365631104	0.8703342080116272	0.8767848610877991	0.870158314704895	0.8740801215171814	0.8679669499397278	0.8704467415809631	0.8728603720664978	0.8688738346099854	0.8812457323074341	0.8686073422431946	0.8730540871620178	0.870046079158783	0.8687224984169006	0.8864467144012451	0.8708502054214478	0.8710533976554871	0.885123074054718	0.8800997138023376
Musq_06_22	0.6833070516586304	0.757469117641449	0.8472229838371277	0.6783801317214966	0.8532839417457581	0.7006258964538574	0	0.5708913803100586	0.8538632392883301	0.6730971932411194	0.6294810771942139	0.71181321144104	0.7756064534187317	0.6192739009857178	0.565362811088562	0.799712598323822	0.8027800917625427	0.855857253074646	0.7833458185195923	0.7753767967224121	0.7960215210914612	0.7815345525741577	0.7975394129753113	0.8273994326591492	0.7866734862327576	0.8565859198570251	0.8553119301795959	0.7833929657936096	0.7838172316551208	0.8097817897796631	0.7943419218063354	0.813709557056427	0.8182157874107361	0.8142313957214355	0.7948243618011475	0.7970061898231506	0.8038166761398315	0.8026368618011475	0.833531379699707	0.7925906777381897	0.7971041798591614	0.8514685034751892	0.8828531503677368	0.8738299608230591	0.8726993799209595	0.8835148215293884	0.8601943850517273	0.868092954158783	0.8859755396842957	0.8770326972007751	0.8684874176979065	0.8757275938987732	0.8785842061042786	0.8893198370933533	0.9165118336677551	0.9028254747390747	0.9066712856292725	0.873006284236908	0.8655778169631958	0.8819915056228638	0.8692700266838074	0.8747082948684692	0.8755338788032532	0.8752779960632324	0.8683114647865295	0.8667694926261902	0.7842545509338379	0.7865991592407227	0.7862329483032227	0.7882627844810486	0.8641924858093262	0.7887107133865356	0.8048232197761536	0.7835299372673035	0.8571933507919312	0.7833009958267212	0.78844153881073	0.817516028881073	0.7836765646934509	0.7868353128433228	0.7816321849822998	0.7980128526687622	0.7812868356704712	0.7870897054672241	0.7831549644470215	0.7814358472824097	0.8051101565361023	0.7842027544975281	0.7844682335853577	0.8032916188240051	0.8600806593894958
Musq_07_22	0.6217357516288757	0.7961324453353882	0.8527600765228271	0.6888568997383118	0.774538516998291	0.6844415664672852	0.5708913803100586	0	0.681033194065094	0.5735428333282471	0.453528881072998	0.594098687171936	0.5594412088394165	0.6316409707069397	0.5821326971054077	0.7142499089241028	0.7211834192276001	0.8026931285858154	0.6543398499488831	0.6510060429573059	0.68464595079422	0.6672613024711609	0.7367373108863831	0.6943837404251099	0.6601177453994751	0.7892314195632935	0.7961491942405701	0.6511510610580444	0.676180899143219	0.7182161211967468	0.7267040014266968	0.7375061511993408	0.750842273235321	0.7269351482391357	0.6984362602233887	0.7054101228713989	0.7040143609046936	0.7184157371520996	0.7531641125679016	0.6758147478103638	0.6873931288719177	0.840804398059845	0.8760616779327393	0.8640003204345703	0.8624566197395325	0.8769287467002869	0.9115739464759827	0.8634436130523682	0.8801323175430298	0.8683330416679382	0.856641948223114	0.8733311891555786	0.8704112768173218	0.8844349384307861	0.9233602285385132	0.9080014824867249	0.9129050374031067	0.8540851473808289	0.8509995937347412	0.8812186717987061	0.8577301502227783	0.8723534345626831	0.866312563419342	0.8727574348449707	0.8563967347145081	0.8408964872360229	0.6721845269203186	0.6577579975128174	0.6567571759223938	0.6622772216796875	0.7896937131881714	0.6634862422943115	0.7047165632247925	0.6492897868156433	0.7879667282104492	0.648650586605072	0.6627599596977234	0.710867166519165	0.6496982574462891	0.6787562966346741	0.6653943061828613	0.7060222029685974	0.6644914150238037	0.6793988347053528	0.648242712020874	0.6648813486099243	0.7054131627082825	0.6720515489578247	0.6727325916290283	0.7182600498199463	0.7948035597801208
Musq_08_22	0.8701815009117126	0.8778228759765625	0.691601574420929	0.7674610018730164	0.8337839245796204	0.86457759141922	0.8538632392883301	0.681033194065094	0	0.54575115442276	0.7071624994277954	0.7240246534347534	0.5344469547271729	0.8744032382965088	0.8527353405952454	0.7532234191894531	0.7625903487205505	0.7170909643173218	0.694721519947052	0.6536394357681274	0.737573504447937	0.6819673180580139	0.6778014302253723	0.6660633683204651	0.7032920122146606	0.7237376570701599	0.6024254560470581	0.6899051666259766	0.6966402530670166	0.7796095013618469	0.7894493937492371	0.7883419990539551	0.7998586893081665	0.7897130846977234	0.7308288216590881	0.7408873438835144	0.762459397315979	0.7588829398155212	0.7519140243530273	0.7256060838699341	0.7412144541740417	0.8914176225662231	0.9247592687606812	0.9160327315330505	0.9148945212364197	0.9253753423690796	0.9167129397392273	0.9101483225822449	0.927638828754425	0.9192014932632446	0.9105618000030518	0.917919933795929	0.9207078814506531	0.9306476712226868	0.9271372556686401	0.8926049470901489	0.8937990069389343	0.9086336493492126	0.9000194668769836	0.9239524602890015	0.9113779067993164	0.9171620011329651	0.9177286624908447	0.9174754619598389	0.910377562046051	0.908751368522644	0.6901388168334961	0.6998156905174255	0.6983314156532288	0.7064446210861206	0.6108532547950745	0.7081978321075439	0.7633284330368042	0.6870650053024292	0.7207608222961426	0.6860846281051636	0.7071455717086792	0.6735758185386658	0.6876901388168335	0.700768768787384	0.6788205504417419	0.7417564392089844	0.6772891879081726	0.7017917633056641	0.6854577660560608	0.6779513359069824	0.7641882300376892	0.6899205446243286	0.6910372376441956	0.7586733102798462	0.7365263700485229
Musq_11_22	0.7537263631820679	0.7663348913192749	0.7957422137260437	0.811396062374115	0.7185893654823303	0.8930665254592896	0.6730971932411194	0.5735428333282471	0.54575115442276	0	0.5898858308792114	0.7268564701080322	0.4094272553920746	0.7606669068336487	0.5132327675819397	0.6266584396362305	0.6384068131446838	0.7427324056625366	0.5567017793655396	0.5108421444892883	0.6073769330978394	0.54218989610672	0.644051194190979	0.6594222784042358	0.5665968656539917	0.7470661401748657	0.7208120822906494	0.5511918067932129	0.5589068531990051	0.6601637005805969	0.6729905605316162	0.6715378761291504	0.6867632865905762	0.673336923122406	0.5991982221603394	0.6114240288734436	0.6382412910461426	0.6337379813194275	0.7022793889045715	0.5929181575775146	0.611824631690979	0.7925482988357544	0.8532417416572571	0.8371125459671021	0.8350216746330261	0.8543869853019714	0.8995346426963806	0.8263350129127502	0.8586031198501587	0.8429490327835083	0.8270897269248962	0.8405855894088745	0.8457316160202026	0.8642255663871765	0.9009609818458557	0.8741663098335266	0.880321204662323	0.8331840038299561	0.8185592293739319	0.8517429232597351	0.8285806179046631	0.8391897082328796	0.8402332067489624	0.839766800403595	0.8267530798912048	0.8237878680229187	0.5514583587646484	0.5625692009925842	0.5608553290367126	0.5702663064002991	0.7389659881591797	0.5723139047622681	0.6393392086029053	0.5479597449302673	0.7451178431510925	0.5468469858169556	0.5710844397544861	0.634091854095459	0.5486701130867004	0.5636715888977051	0.5386480689048767	0.6124886274337769	0.5369299650192261	0.5648562908172607	0.5461361408233643	0.5376725792884827	0.6404267549514771	0.5512093901634216	0.5524837374687195	0.633474588394165	0.7555726766586304
Musq_15_22	0.4579427242279053	0.7714132070541382	0.8424513339996338	0.6377179026603699	0.6785325407981873	0.7717303037643433	0.6294810771942139	0.453528881072998	0.7071624994277954	0.5898858308792114	0	0.4745935797691345	0.4630430638790131	0.4983574748039246	0.4200437664985657	0.6328008770942688	0.6426720023155212	0.7315735220909119	0.6083422899246216	0.5762338042259216	0.6453374624252319	0.5980448722839355	0.6780089139938354	0.6907016038894653	0.6154381632804871	0.7586241960525513	0.7115037441253662	0.6044173836708069	0.6099182367324829	0.6598515510559082	0.6945270299911499	0.6843546628952026	0.6830693483352661	0.6948028802871704	0.637708842754364	0.6345770955085754	0.6673051118850708	0.652291476726532	0.6959679126739502	0.6330426335334778	0.6189113259315491	0.8173043727874756	0.8580813407897949	0.8437081575393677	0.8418614268302917	0.8678531646728516	0.9030571579933167	0.8447245359420776	0.8629090785980225	0.848883330821991	0.8453379273414612	0.8563879728317261	0.8606431484222412	0.8761299848556519	0.9023100137710571	0.8894955515861511	0.8839947581291199	0.8378190398216248	0.8182950615882874	0.8656435012817383	0.8420219421386719	0.8552377223968506	0.8560974597930908	0.8514893054962158	0.8404853940010071	0.8320018649101257	0.5717564821243286	0.6125423312187195	0.5791884064674377	0.5866862535476685	0.7267297506332397	0.5883248448371887	0.6434592604637146	0.5690032839775085	0.7476488351821899	0.5681292414665222	0.5873405337333679	0.6570834517478943	0.5695617198944092	0.5814263224601746	0.5955511331558228	0.6210184097290039	0.5603726506233215	0.5823692083358765	0.5675712823867798	0.5609514117240906	0.6443785429000854	0.571560263633728	0.6053357720375061	0.6385165452957153	0.7430640459060669
Musq_16_22	0.6389414668083191	0.8703576326370239	0.8652567267417908	0.6305753588676453	0.8328571319580078	0.7813801765441895	0.71181321144104	0.594098687171936	0.7240246534347534	0.7268564701080322	0.4745935797691345	0	0.6961086392402649	0.6665118336677551	0.6164273023605347	0.7370286583900452	0.7583392858505249	0.7332016229629517	0.7620062232017517	0.7467629909515381	0.7275441884994507	0.7570619583129883	0.7554898858070374	0.7511692047119141	0.7654444575309753	0.7195562124252319	0.7601500749588013	0.760115385055542	0.7627676725387573	0.7542064785957336	0.7933170795440674	0.7926603555679321	0.6897350549697876	0.6793051362037659	0.7777224779129028	0.7668590545654297	0.7780464291572571	0.7405831217765808	0.772472083568573	0.7748659253120422	0.7969280481338501	0.8260297179222107	0.8828313946723938	0.8559802770614624	0.8702723979949951	0.8834672570228577	0.8847324848175049	0.8171229958534241	0.8922069668769836	0.862690269947052	0.8743677735328674	0.8232914805412292	0.864805281162262	0.8450554609298706	0.8800129890441895	0.8652108907699585	0.870644748210907	0.8039423823356628	0.8603405356407166	0.8188750147819519	0.8495021462440491	0.8796327710151672	0.8583728075027466	0.8734628558158875	0.8718147873878479	0.8699771761894226	0.7602064609527588	0.7640382647514343	0.7634427547454834	0.7667335867881775	0.772273063659668	0.7674562931060791	0.6537035703659058	0.7590140104293823	0.6165079474449158	0.7586361169815063	0.7670220732688904	0.7539162635803223	0.759255588054657	0.7644222974777222	0.7558725476264954	0.6342653036117554	0.7552980184555054	0.7648357152938843	0.7583950757980347	0.7555461525917053	0.7439777851104736	0.7601213455200195	0.7605571150779724	0.7404502034187317	0.7269269227981567
Musq_19_22	0.7171676158905029	0.7327613234519958	0.773862898349762	0.8040574193000793	0.5961209535598755	0.8878539204597473	0.7756064534187317	0.5594412088394165	0.5344469547271729	0.4094272553920746	0.4630430638790131	0.6961086392402649	0	0.7458499073982239	0.7060473561286926	0.5407055616378784	0.5569063425064087	0.6720185279846191	0.4415264129638672	0.3738797903060913	0.5138379335403442	0.420352041721344	0.5460084080696106	0.5628002882003784	0.4558437764644623	0.678216278553009	0.6290461421012878	0.4335117936134338	0.4447253942489624	0.5865750312805176	0.6038665175437927	0.6019155383110046	0.622270405292511	0.6043314933776855	0.5023351311683655	0.5195061564445496	0.5566790103912354	0.5504835247993469	0.6302566528320312	0.4934594631195068	0.5200664401054382	0.7884502410888672	0.8519095182418823	0.8351753950119019	0.8329992890357971	0.8530942797660828	0.8993674516677856	0.8239414095878601	0.8574514985084534	0.8412414193153381	0.8247293829917908	0.8387867212295532	0.8441293239593506	0.8632521033287048	0.900845468044281	0.8731098175048828	0.8794818520545959	0.8210564255714417	0.8046990633010864	0.8503585457801819	0.8262856006622314	0.8373356461524963	0.8384203910827637	0.8379355669021606	0.8243780732154846	0.8212804198265076	0.4339002072811127	0.4500276744365692	0.447548121213913	0.461128294467926	0.6525107622146606	0.4640713334083557	0.5581867694854736	0.4287962913513184	0.6754332184791565	0.4271703362464905	0.462304562330246	0.5329462289810181	0.4298335313796997	0.4516212046146393	0.415151983499527	0.5209948420524597	0.4126247465610504	0.4533322751522064	0.4261310398578644	0.4137174785137177	0.5596792101860046	0.4335373640060425	0.4353936612606049	0.5501205921173096	0.6903069019317627
Musq_26_22	0.4597715735435486	0.7628685235977173	0.7577147483825684	0.7497426867485046	0.7990090250968933	0.8026524782180786	0.6192739009857178	0.6316409707069397	0.8744032382965088	0.7606669068336487	0.4983574748039246	0.6665118336677551	0.7458499073982239	0	0.4467524886131287	0.7298884987831116	0.7364055514335632	0.8177186846733093	0.6930263042449951	0.670529842376709	0.7194029092788696	0.6857719421386719	0.7141470909118652	0.7658219933509827	0.6980471611022949	0.8200693130493164	0.8127118945121765	0.6902567744255066	0.694139838218689	0.7487387657165527	0.7240416407585144	0.7553272843360901	0.7643029093742371	0.7563784718513489	0.7150319814682007	0.7215824723243713	0.7363129854202271	0.733803927898407	0.7840152382850647	0.7117062211036682	0.7217988967895508	0.8490998148918152	0.8883277773857117	0.8775544762611389	0.8761768937110901	0.8891028761863708	0.9240943193435669	0.870499849319458	0.8919674158096313	0.8814226388931274	0.8709901571273804	0.8798522353172302	0.8832788467407227	0.8958166837692261	0.9289456009864807	0.915555477142334	0.9203528761863708	0.8687106370925903	0.8587344288825989	0.8873156309127808	0.8719603419303894	0.8786113858222961	0.8796185255050659	0.8793094158172607	0.870771586894989	0.8688491582870483	0.6903902292251587	0.695996105670929	0.6951263546943665	0.6999248266220093	0.8251779079437256	0.7009761333465576	0.7369269728660583	0.6886407732963562	0.819010317325592	0.6880859732627869	0.7003445029258728	0.7478024363517761	0.6889954209327698	0.6965563893318176	0.6840206384658813	0.7221577167510986	0.6831738948822021	0.697159469127655	0.6877318620681763	0.6835396885871887	0.7375359535217285	0.690265417098999	0.6909043192863464	0.7336574196815491	0.8247389793395996
Musq_28_22	0.4256984293460846	0.7711629867553711	0.8242307305335999	0.7234596610069275	0.7749051451683044	0.7820286154747009	0.565362811088562	0.5821326971054077	0.8527353405952454	0.5132327675819397	0.4200437664985657	0.6164273023605347	0.7060473561286926	0.4467524886131287	0	0.7365579009056091	0.743567943572998	0.8335570693016052	0.6962233185768127	0.6710222959518433	0.7252034544944763	0.68814617395401	0.764274537563324	0.7776412963867188	0.7017865180969238	0.8359256386756897	0.8316888213157654	0.6931451559066772	0.6974590420722961	0.7567372918128967	0.7646176815032959	0.7637207508087158	0.7731773853302002	0.7648317217826843	0.7204426527023315	0.7275712490081787	0.7434686422348022	0.7407736778259277	0.7958590984344482	0.7168092727661133	0.7278061509132385	0.8378297090530396	0.8823165893554688	0.8702716827392578	0.8687224388122559	0.8831782341003418	0.9198682308197021	0.8623144626617432	0.8863568305969238	0.8746113181114197	0.8628694415092468	0.872851550579071	0.8766878247261047	0.8906137943267822	0.9254156351089478	0.9097760915756226	0.914983868598938	0.8689138889312744	0.8583338260650635	0.8811904191970825	0.8639665246009827	0.8718137741088867	0.8725895285606384	0.8722427487373352	0.862622082233429	0.8604447245597839	0.6932938098907471	0.6995165348052979	0.6985530257225037	0.7038612961769104	0.8443359732627869	0.7050216197967529	0.7441273331642151	0.6913461685180664	0.834859311580658	0.6907278299331665	0.7043246030807495	0.7575242519378662	0.6917410492897034	0.7001371383666992	0.6861892938613892	0.7281955480575562	0.6852421164512634	0.700804591178894	0.6903330087661743	0.6856514811515808	0.7447802424430847	0.6931548714637756	0.6938656568527222	0.7406163215637207	0.8406115174293518
Zone_2B_2_23	0.694951593875885	0.69883793592453	0.7425986528396606	0.8720189929008484	0.6742674112319946	0.8838444948196411	0.799712598323822	0.7142499089241028	0.7532234191894531	0.6266584396362305	0.6328008770942688	0.7370286583900452	0.5407055616378784	0.7298884987831116	0.7365579009056091	0	0.09011261165142059	0.2344266772270203	0.3419398665428162	0.3347899317741394	0.1984478086233139	0.3356074094772339	0.4641028344631195	0.4769843220710754	0.3744820356369019	0.2652435004711151	0.5119499564170837	0.3527750968933105	0.3483378887176514	0.1402929127216339	0.5469905734062195	0.5031723380088806	0.32622891664505	0.4602151215076447	0.4339072108268738	0.396877259016037	0.4604073464870453	0.2030756324529648	0.4977753758430481	0.4183281362056732	0.4373196363449097	0.6335358619689941	0.8055444359779358	0.6952097415924072	0.7985755205154419	0.8324227333068848	0.8681265115737915	0.7687289118766785	0.827786386013031	0.7072501182556152	0.7910206317901611	0.7796716690063477	0.7253084778785706	0.8134081959724426	0.8046349287033081	0.8342166543006897	0.8386344313621521	0.7599824666976929	0.7648869752883911	0.7956422567367554	0.6968909502029419	0.8148066401481628	0.7497819066047668	0.8016811609268188	0.7950959205627441	0.7846099138259888	0.3028334081172943	0.3760959208011627	0.3193361461162567	0.3385254442691803	0.5205786228179932	0.3393357396125793	0.3501817286014557	0.2966657280921936	0.4927341639995575	0.2976970374584198	0.3399416208267212	0.4320114254951477	0.2979187667369843	0.3270845115184784	0.3357217609882355	0.2924191951751709	0.2771369218826294	0.3263346254825592	0.2964487969875336	0.2784559428691864	0.08122051507234573	0.3023946285247803	0.3575817942619324	0.05330906435847282	0.251730889081955
Zone_2B_3_23	0.7026758193969727	0.7061412334442139	0.7527570724487305	0.8857063055038452	0.668004035949707	0.8976369500160217	0.8027800917625427	0.7211834192276001	0.7625903487205505	0.6384068131446838	0.6426720023155212	0.7583392858505249	0.5569063425064087	0.7364055514335632	0.743567943572998	0.09011261165142059	0	0.1924247592687607	0.3398836851119995	0.4026390612125397	0.1998347640037537	0.3336556553840637	0.4593451619148254	0.4718827903270721	0.371740311384201	0.2650295197963715	0.5056747794151306	0.3504550457000732	0.3461437523365021	0.1428890824317932	0.542018711566925	0.4969953596591949	0.3227116465568542	0.4565254151821136	0.3974880874156952	0.4500297605991364	0.4564370810985565	0.2042890042066574	0.4910659492015839	0.4148185253143311	0.4017763435840607	0.6531587839126587	0.8154098987579346	0.7093073725700378	0.8096582889556885	0.8415375947952271	0.8638982772827148	0.7719273567199707	0.8367905020713806	0.7205550074577332	0.8027701377868652	0.7909800410270691	0.7378759980201721	0.8224508762359619	0.8068543076515198	0.8443167209625244	0.8504241108894348	0.7558817863464355	0.7604638934135437	0.8058544993400574	0.7115400433540344	0.825200080871582	0.7619857788085938	0.8124104142189026	0.7908965945243835	0.7967417240142822	0.3703646659851074	0.4285350441932678	0.3843335509300232	0.4007758796215057	0.5729478001594543	0.4013195037841797	0.4046766757965088	0.3651549518108368	0.5396878719329834	0.3661854863166809	0.4019803702831268	0.4884280562400818	0.3662128448486328	0.3910567164421082	0.4010898768901825	0.3548681437969208	0.3486979603767395	0.3902703523635864	0.3651320040225983	0.3498076498508453	0.1606979519128799	0.3699939250946045	0.4195738732814789	0.1366935819387436	0.3187370896339417
Zone_2B_1_23	0.78745436668396	0.7873271107673645	0.7031127214431763	0.8761144280433655	0.7548537850379944	0.8887384533882141	0.855857253074646	0.8026931285858154	0.7170909643173218	0.7427324056625366	0.7315735220909119	0.7332016229629517	0.6720185279846191	0.8177186846733093	0.8335570693016052	0.2344266772270203	0.1924247592687607	0	0.48330157995224	0.5383956432342529	0.3257645070552826	0.4671726822853088	0.4638038575649261	0.4441180825233459	0.4985566437244415	0.1007154732942581	0.4160028100013733	0.48137167096138	0.4912233948707581	0.2556731998920441	0.6386010050773621	0.5976477265357971	0.427317887544632	0.5568014979362488	0.5164501070976257	0.5639415383338928	0.5644267797470093	0.3239920437335968	0.5073202252388	0.5342258214950562	0.5134276151657104	0.7163527011871338	0.8579344153404236	0.7592421174049377	0.8568247556686401	0.8829862475395203	0.8600388765335083	0.8224815130233765	0.8773453831672668	0.7686190009117126	0.8520733118057251	0.8374044895172119	0.7846805453300476	0.862016499042511	0.8005123734474182	0.8382347226142883	0.8448124527931213	0.807667076587677	0.8158423900604248	0.8490431308746338	0.7635920643806458	0.8708476424217224	0.8094324469566345	0.858338475227356	0.8406928181648254	0.8470426201820374	0.5002232789993286	0.5532488822937012	0.5116502046585083	0.5254120826721191	0.4845591485500336	0.525523841381073	0.5147778987884521	0.4959574937820435	0.4592296779155731	0.4971507489681244	0.5263944268226624	0.5020990371704102	0.4942514300346375	0.5150400400161743	0.5293083190917969	0.4706507623195648	0.4797965288162231	0.5140624642372131	0.4937036633491516	0.4807131588459015	0.2776182591915131	0.4973683953285217	0.5442995429039001	0.2560426592826843	0.1797912567853928
Zone_3_1_23	0.6509005427360535	0.6574873328208923	0.6784250736236572	0.8591537475585938	0.5839709639549255	0.8717299103736877	0.7833458185195923	0.6543398499488831	0.694721519947052	0.5567017793655396	0.6083422899246216	0.7620062232017517	0.4415264129638672	0.6930263042449951	0.6962233185768127	0.3419398665428162	0.3398836851119995	0.48330157995224	0	0.1437155306339264	0.2408327758312225	0.04859162494540215	0.2440302222967148	0.2051967233419418	0.06466730684041977	0.4226433634757996	0.3572343289852142	0.01881941966712475	0.07773629575967789	0.3342630565166473	0.4128795564174652	0.398618757724762	0.4418381154537201	0.3783199787139893	0.2708759307861328	0.3271019458770752	0.2808375358581543	0.3089165091514587	0.3788881599903107	0.1506383568048477	0.2492606043815613	0.7399349212646484	0.8044877052307129	0.7810428142547607	0.7880734801292419	0.8147619962692261	0.8370809555053711	0.7849169969558716	0.8205037713050842	0.7895750999450684	0.7662595510482788	0.7949924468994141	0.7936235666275024	0.8202149271965027	0.8805069327354431	0.81876540184021	0.8396767973899841	0.7537668943405151	0.7408914566040039	0.8104161620140076	0.7790805101394653	0.8026832342147827	0.7953070998191833	0.7938538193702698	0.7586647868156433	0.7723509669303894	0.1867301911115646	0.155022531747818	0.1576227396726608	0.1866866946220398	0.4096825122833252	0.188395768404007	0.3559640049934387	0.122183158993721	0.4897811412811279	0.1232588142156601	0.1888523548841476	0.2625911831855774	0.1199547424912453	0.2170628309249878	0.1500411331653595	0.3294960260391235	0.1455884724855423	0.2163356691598892	0.1170551851391792	0.1475149542093277	0.3584913015365601	0.1821912825107574	0.1854138970375061	0.3765824139118195	0.5147742629051208
Zone_3_4_23	0.6493442058563232	0.6563783884048462	0.6325951218605042	0.8516945242881775	0.5962218046188354	0.8646678924560547	0.7753767967224121	0.6510060429573059	0.6536394357681274	0.5108421444892883	0.5762338042259216	0.7467629909515381	0.3738797903060913	0.670529842376709	0.6710222959518433	0.3347899317741394	0.4026390612125397	0.5383956432342529	0.1437155306339264	0	0.2851500809192657	0.09998218715190887	0.295670211315155	0.3149217963218689	0.1726710498332977	0.5136142373085022	0.387543261051178	0.1272916495800018	0.1502276062965393	0.4161805808544159	0.4504766464233398	0.4471979737281799	0.4810710251331329	0.4512567222118378	0.317288339138031	0.295748233795166	0.3636025190353394	0.3524878025054932	0.4604960381984711	0.246479332447052	0.3411495089530945	0.7338253855705261	0.8191505074501038	0.7971413135528564	0.7942540645599365	0.8206958770751953	0.8678637742996216	0.7922306656837463	0.8263642191886902	0.8051592111587524	0.7832273840904236	0.8019201159477234	0.808960497379303	0.8338755369186401	0.8802458047866821	0.8301748633384705	0.8378115892410278	0.7783024907112122	0.756161630153656	0.8171250820159912	0.7853088974952698	0.8000019788742065	0.8014364242553711	0.8007954359054565	0.7827571034431458	0.7786033153533936	0.1325041949748993	0.1693024188280106	0.1601620465517044	0.1912529468536377	0.4312114715576172	0.1930631250143051	0.3690966367721558	0.1220466271042824	0.5109728574752808	0.1232069358229637	0.1935626864433289	0.2768467962741852	0.1241765692830086	0.1724705398082733	0.09377776831388474	0.3017490804195404	0.08849144726991653	0.1717511713504791	0.1210812777280807	0.09077940881252289	0.3745230138301849	0.131762370467186	0.1355520188808441	0.3547243177890778	0.5386245846748352
Zone_3_3_23	0.7032479047775269	0.7068570852279663	0.7255551218986511	0.8682747483253479	0.6234980821609497	0.8803271651268005	0.7960215210914612	0.68464595079422	0.737573504447937	0.6073769330978394	0.6453374624252319	0.7275441884994507	0.5138379335403442	0.7194029092788696	0.7252034544944763	0.1984478086233139	0.1998347640037537	0.3257645070552826	0.2408327758312225	0.2851500809192657	0	0.2567034065723419	0.4020579755306244	0.3759191036224365	0.2615199387073517	0.2606566548347473	0.4767788648605347	0.2325547486543655	0.2922129333019257	0.1861432194709778	0.4503349959850311	0.4685052037239075	0.3107329905033112	0.381990909576416	0.3745079636573792	0.4182915389537811	0.375663697719574	0.1456780135631561	0.4589671492576599	0.3183614909648895	0.3917174637317657	0.6664561629295349	0.8164988160133362	0.7345906496047974	0.801352858543396	0.8253208994865417	0.8559287190437317	0.7782735228538513	0.8305152654647827	0.7449332475662231	0.791483998298645	0.7885613441467285	0.7498404979705811	0.814080536365509	0.8349419832229614	0.8432904481887817	0.8520413041114807	0.7369509339332581	0.7591836452484131	0.8040136694908142	0.7193494439125061	0.8148532509803772	0.7401293516159058	0.815533459186554	0.7743199467658997	0.7873674035072327	0.3559698462486267	0.3295581936836243	0.3319314122200012	0.3513950407505035	0.5397359728813171	0.3521815836429596	0.3617748618125916	0.3089300394058228	0.4846672117710114	0.310009241104126	0.3528276383876801	0.4197844564914703	0.3102025985717773	0.3786841928958893	0.3348680138587952	0.3406792283058167	0.3320247232913971	0.3778562843799591	0.3087413609027863	0.3332542479038239	0.205891489982605	0.3555610179901123	0.3576512038707733	0.2234794199466705	0.3676291108131409
Zone_3_2_23	0.6421588063240051	0.6493489146232605	0.6642652153968811	0.8567171096801758	0.5729601979255676	0.8694261312484741	0.7815345525741577	0.6672613024711609	0.6819673180580139	0.54218989610672	0.5980448722839355	0.7570619583129883	0.420352041721344	0.6857719421386719	0.68814617395401	0.3356074094772339	0.3336556553840637	0.4671726822853088	0.04859162494540215	0.09998218715190887	0.2567034065723419	0	0.2091831415891647	0.2234471291303635	0.0807637944817543	0.4423324167728424	0.3493369221687317	0.03498959168791771	0.06029314547777176	0.3513246178627014	0.4269964396953583	0.3878804445266724	0.425335168838501	0.3923680186271667	0.2414020895957947	0.301476776599884	0.2958441376686096	0.283567488193512	0.3946087956428528	0.166514664888382	0.2682787179946899	0.7415103912353516	0.8140869736671448	0.7917808294296265	0.7988758683204651	0.8242164254188538	0.8472838401794434	0.7866011261940002	0.8296677470207214	0.7998991012573242	0.7777141928672791	0.7966181635856628	0.8037509322166443	0.8290488719940186	0.8824346661567688	0.8209930658340454	0.8420422673225403	0.7655390501022339	0.7423712611198425	0.8120313882827759	0.7903364896774292	0.8043721318244934	0.8057445287704468	0.7954794764518738	0.7702054977416992	0.7839460372924805	0.1488959193229675	0.1718494445085526	0.1745167374610901	0.2034618407487869	0.4304385185241699	0.2051174640655518	0.3711487054824829	0.1392330527305603	0.5069034695625305	0.1403485089540482	0.2056142091751099	0.2845821380615234	0.141200065612793	0.1859837472438812	0.1131793558597565	0.3071646690368652	0.1083180829882622	0.1852802783250809	0.138386145234108	0.1104216501116753	0.3763341009616852	0.1482100337743759	0.1517146676778793	0.3574454784393311	0.5336388349533081
Zone_2A_12_23	0.7163341641426086	0.7196184396743774	0.6596269607543945	0.855945885181427	0.6547280550003052	0.8686962723731995	0.7975394129753113	0.7367373108863831	0.6778014302253723	0.644051194190979	0.6780089139938354	0.7554898858070374	0.5460084080696106	0.7141470909118652	0.764274537563324	0.4641028344631195	0.4593451619148254	0.4638038575649261	0.2440302222967148	0.295670211315155	0.4020579755306244	0.2091831415891647	0	0.2160908430814743	0.2672852277755737	0.4359775483608246	0.3433762490749359	0.2309047132730484	0.2492474764585495	0.4688294231891632	0.4689609110355377	0.4955404996871948	0.5246301889419556	0.4990143477916718	0.3488110303878784	0.4363186359405518	0.4243863224983215	0.415057897567749	0.396819144487381	0.3272330462932587	0.4079184532165527	0.7831618189811707	0.841629683971405	0.8230659961700439	0.830169141292572	0.8511322736740112	0.846771240234375	0.8108843564987183	0.8556580543518066	0.8298115134239197	0.8114064335823059	0.8270838856697083	0.8330161571502686	0.8541328907012939	0.8753040432929993	0.8202314376831055	0.8413882255554199	0.8004701137542725	0.7812991738319397	0.8399149179458618	0.8231322765350342	0.8347052931785583	0.8358392715454102	0.8261377811431885	0.8043431639671326	0.8178752660751343	0.3243817985057831	0.3402958810329437	0.3429853320121765	0.3645080327987671	0.422372430562973	0.3653343319892883	0.4891083240509033	0.3173909783363342	0.5014813542366028	0.3186224400997162	0.3660835325717926	0.2866419553756714	0.3188129961490631	0.3517407476902008	0.2986110150814056	0.4408992230892181	0.2951180636882782	0.3508303165435791	0.3172053694725037	0.2966291010379791	0.4933297634124756	0.3238851428031921	0.326423704624176	0.4787289202213287	0.5287916660308838
Zone_2A_10_23	0.7286745309829712	0.7313801050186157	0.6465224623680115	0.8538346290588379	0.6673567891120911	0.8666968941688538	0.8273994326591492	0.6943837404251099	0.6660633683204651	0.6594222784042358	0.6907016038894653	0.7511692047119141	0.5628002882003784	0.7658219933509827	0.7776412963867188	0.4769843220710754	0.4718827903270721	0.4441180825233459	0.2051967233419418	0.3149217963218689	0.3759191036224365	0.2234471291303635	0.2160908430814743	0	0.2306845188140869	0.377472996711731	0.3116525709629059	0.1948170810937881	0.2669683396816254	0.4487350583076477	0.514673113822937	0.5020180344581604	0.5377664566040039	0.4830434024333954	0.4048992693424225	0.4522205889225006	0.4037275314331055	0.4302316606044769	0.3742314577102661	0.2993802726268768	0.385202169418335	0.7907984256744385	0.8394244313240051	0.8204101920127869	0.8275715708732605	0.8490465879440308	0.836970329284668	0.8263874650001526	0.8536754846572876	0.8273240923881531	0.8084468245506287	0.8330099582672119	0.8306071758270264	0.852208137512207	0.8811699151992798	0.8181547522544861	0.839605987071991	0.7973052859306335	0.7884330749511719	0.8454320430755615	0.8203505873680115	0.8406602740287781	0.8333853483200073	0.8320938348770142	0.8012828826904297	0.7979984283447266	0.3423539102077484	0.3114767074584961	0.3142262399196625	0.3374496698379517	0.3476432263851166	0.3384276032447815	0.4713127613067627	0.2864318490028381	0.4488170742988586	0.2876742780208588	0.3391538858413696	0.2529279887676239	0.2879782617092133	0.3693073987960815	0.3169942796230316	0.4567583501338959	0.3135555386543274	0.3683592081069946	0.2861326932907104	0.3150431513786316	0.4757565855979919	0.3418653309345245	0.3443624079227448	0.4938129186630249	0.4806041717529297
Zone_2A_1_23	0.6569368243217468	0.6631277203559875	0.6879057884216309	0.8608580231666565	0.5915562510490417	0.8733394742012024	0.7866734862327576	0.6601177453994751	0.7032920122146606	0.5665968656539917	0.6154381632804871	0.7654444575309753	0.4558437764644623	0.6980471611022949	0.7017865180969238	0.3744820356369019	0.371740311384201	0.4985566437244415	0.06466730684041977	0.1726710498332977	0.2615199387073517	0.0807637944817543	0.2672852277755737	0.2306845188140869	0	0.4398985505104065	0.398990124464035	0.05199834331870079	0.132122278213501	0.2943322062492371	0.374328225851059	0.3594247996807098	0.4056068658828735	0.3918696343898773	0.2907245755195618	0.3444240093231201	0.2338259965181351	0.2625581026077271	0.3939732909202576	0.09310588985681534	0.2725653946399689	0.7479064464569092	0.8094159364700317	0.786822497844696	0.7938047647476196	0.8195109963417053	0.8419545292854309	0.790966808795929	0.8250511884689331	0.795038640499115	0.7726045250892639	0.800444483757019	0.79893958568573	0.8246028423309326	0.8842930793762207	0.8251126408576965	0.8455819487571716	0.7439883351325989	0.7483307719230652	0.8153042793273926	0.7851595878601074	0.8080577254295349	0.8007648587226868	0.7993484139442444	0.7651523351669312	0.7786957621574402	0.2119615823030472	0.1811896711587906	0.1837496310472488	0.211127758026123	0.4279918372631073	0.212676152586937	0.3713483214378357	0.1505177021026611	0.502232551574707	0.151594340801239	0.2131654173135757	0.2887371778488159	0.1523669064044952	0.2440006881952286	0.1814369559288025	0.3495400846004486	0.1772969663143158	0.243252769112587	0.1497499346733093	0.1790879964828491	0.3763513565063477	0.2113736271858215	0.2143786549568176	0.394055962562561	0.5283028483390808
Musq_25_23	0.7903317809104919	0.7900838851928711	0.7104125022888184	0.865159273147583	0.7387303113937378	0.8773952722549438	0.8565859198570251	0.7892314195632935	0.7237376570701599	0.7470661401748657	0.7586241960525513	0.7195562124252319	0.678216278553009	0.8200693130493164	0.8359256386756897	0.2652435004711151	0.2650295197963715	0.1007154732942581	0.4226433634757996	0.5136142373085022	0.2606566548347473	0.4423324167728424	0.4359775483608246	0.377472996711731	0.4398985505104065	0	0.4456798434257507	0.4200223982334137	0.4674466252326965	0.240653932094574	0.5949519872665405	0.5883988738059998	0.442762166261673	0.5087864995002747	0.5217883586883545	0.5562489032745361	0.51280677318573	0.3175948262214661	0.4926084578037262	0.4756577014923096	0.5290367603302002	0.7065147757530212	0.8540011048316956	0.754789412021637	0.852462112903595	0.8697953224182129	0.8450983166694641	0.8237868547439575	0.8735684156417847	0.7643181681632996	0.8360440731048584	0.8303418755531311	0.7688401937484741	0.8492676019668579	0.8120328783988953	0.8294447064399719	0.8493090867996216	0.7959297895431519	0.8205466866493225	0.8424884676933289	0.751568615436554	0.8639430403709412	0.7936093211174011	0.8560004234313965	0.8295703530311584	0.842405378818512	0.5224282741546631	0.4951867759227753	0.5000623464584351	0.5116351842880249	0.4682867527008057	0.511795699596405	0.502660870552063	0.4815429151058197	0.4190412759780884	0.4827152788639069	0.5126408338546753	0.4625287652015686	0.4824198782444	0.5361803770065308	0.5053919553756714	0.4918124675750732	0.5034298896789551	0.5352032780647278	0.4818238914012909	0.5042782425880432	0.2677149772644043	0.5197075605392456	0.5211569666862488	0.2854421138763428	0.1693560779094696
Musq_27_23	0.7994290590286255	0.7987016439437866	0.5720796585083008	0.8437748551368713	0.7174177765846252	0.8571391105651855	0.8553119301795959	0.7961491942405701	0.6024254560470581	0.7208120822906494	0.7115037441253662	0.7601500749588013	0.6290461421012878	0.8127118945121765	0.8316888213157654	0.5119499564170837	0.5056747794151306	0.4160028100013733	0.3572343289852142	0.387543261051178	0.4767788648605347	0.3493369221687317	0.3433762490749359	0.3116525709629059	0.398990124464035	0.4456798434257507	0	0.3715628385543823	0.3655062913894653	0.5272142887115479	0.5960451364517212	0.5768694281578064	0.5817365646362305	0.5965964198112488	0.5098333954811096	0.5314726233482361	0.5341534018516541	0.505897045135498	0.4616418480873108	0.4529018402099609	0.474953681230545	0.8161666393280029	0.8635969161987305	0.8472427129745483	0.845100998878479	0.8748498558998108	0.8446037769317627	0.8579326272010803	0.8689685463905334	0.8531944155693054	0.8493869304656982	0.8620610237121582	0.8668494820594788	0.8838618993759155	0.8754569292068481	0.8158846497535706	0.811303436756134	0.8231695294380188	0.7973881959915161	0.8724130988121033	0.8454111814498901	0.8607578873634338	0.8617323040962219	0.8563389778137207	0.8266960382461548	0.8335084915161133	0.3980039060115814	0.4730465710163116	0.4158414006233215	0.4366151094436646	0.2565266489982605	0.4371688067913055	0.5533196926116943	0.3912809491157532	0.4946553409099579	0.3927063941955566	0.4381143152713776	0.4002823829650879	0.3926493227481842	0.4244447946548462	0.4393132030963898	0.5084712505340576	0.3697886168956757	0.4233403503894806	0.3913428783416748	0.3712502121925354	0.5574273467063904	0.3975265622138977	0.4623495638370514	0.5437054634094238	0.4974825978279114
Musq_29_23	0.647566020488739	0.6543838381767273	0.6730851531028748	0.8582199215888977	0.5797745585441589	0.8708473443984985	0.7833929657936096	0.6511510610580444	0.6899051666259766	0.5511918067932129	0.6044173836708069	0.760115385055542	0.4335117936134338	0.6902567744255066	0.6931451559066772	0.3527750968933105	0.3504550457000732	0.48137167096138	0.01881941966712475	0.1272916495800018	0.2325547486543655	0.03498959168791771	0.2309047132730484	0.1948170810937881	0.05199834331870079	0.4200223982334137	0.3715628385543823	0	0.08720055222511292	0.3310257792472839	0.4059074521064758	0.391385942697525	0.4355603158473969	0.3707813620567322	0.2597366571426392	0.3174036145210266	0.2707787454128265	0.2993146777153015	0.3704619109630585	0.1365721821784973	0.241252139210701	0.743825376033783	0.8072642087936401	0.784126877784729	0.7911826372146606	0.8175050020217896	0.8400610089302063	0.7881768941879272	0.823167085647583	0.7925479412078857	0.769534707069397	0.7979977130889893	0.7965432405471802	0.822782039642334	0.8831033706665039	0.8224825263023376	0.8433215022087097	0.7571200132369995	0.7445259094238281	0.8132101893424988	0.7823114991188049	0.805700957775116	0.7983177900314331	0.7968745827674866	0.7619569301605225	0.7756724953651428	0.1724831610918045	0.1402485519647598	0.1428702771663666	0.1729075759649277	0.3993441462516785	0.174710214138031	0.3473761081695557	0.1061514690518379	0.4828245937824249	0.1072255298495293	0.1751471608877182	0.2536025941371918	0.1081986576318741	0.2076413333415985	0.138758048415184	0.3228761255741119	0.1341738998889923	0.2069195657968521	0.105182945728302	0.1361573785543442	0.3527044951915741	0.1718347519636154	0.1751480549573898	0.3709814548492432	0.5109101533889771
Musq_31_23	0.6490506529808044	0.6557244658470154	0.6805499792098999	0.8595304489135742	0.5856558680534363	0.8720858097076416	0.7838172316551208	0.676180899143219	0.6966402530670166	0.5589068531990051	0.6099182367324829	0.7627676725387573	0.4447253942489624	0.694139838218689	0.6974590420722961	0.3483378887176514	0.3461437523365021	0.4912233948707581	0.07773629575967789	0.1502276062965393	0.2922129333019257	0.06029314547777176	0.2492474764585495	0.2669683396816254	0.132122278213501	0.4674466252326965	0.3655062913894653	0.08720055222511292	0	0.342771977186203	0.433875560760498	0.3960094451904297	0.4443546235561371	0.400318443775177	0.2300245016813278	0.3083955943584442	0.3079517185688019	0.3127514123916626	0.4034067094326019	0.1560663878917694	0.2568447887897491	0.7405322194099426	0.8083694577217102	0.7905296683311462	0.7937785387039185	0.8228358626365662	0.8455824851989746	0.7839070558547974	0.8282840847969055	0.7986196279525757	0.7765263915061951	0.7953494787216187	0.8024603128433228	0.827719509601593	0.8806814551353455	0.8191520571708679	0.8400098085403442	0.7644484043121338	0.7414472699165344	0.8062615394592285	0.789040207862854	0.8030272722244263	0.8007754683494568	0.7905223369598389	0.7690873146057129	0.7826782464981079	0.1923920661211014	0.2128985077142715	0.2154965847730637	0.1837083548307419	0.4587139487266541	0.1936705857515335	0.3952153921127319	0.1836966723203659	0.5261816382408142	0.1848102360963821	0.2437307089567184	0.2711495757102966	0.1775935441255569	0.2259599417448044	0.1603016406297684	0.3362646400928497	0.1559445559978485	0.2252242565155029	0.1830458045005798	0.1578296422958374	0.394952654838562	0.1839905381202698	0.1871905773878098	0.3825514912605286	0.5464058518409729
Musq_19_23	0.7172426581382751	0.7192703485488892	0.7711331248283386	0.8789282441139221	0.6652203798294067	0.8903164267539978	0.8097817897796631	0.7182161211967468	0.7796095013618469	0.6601637005805969	0.6598515510559082	0.7542064785957336	0.5865750312805176	0.7487387657165527	0.7567372918128967	0.1402929127216339	0.1428890824317932	0.2556731998920441	0.3342630565166473	0.4161805808544159	0.1861432194709778	0.3513246178627014	0.4688294231891632	0.4487350583076477	0.2943322062492371	0.240653932094574	0.5272142887115479	0.3310257792472839	0.342771977186203	0	0.4706500172615051	0.4482629597187042	0.2876948714256287	0.4239751398563385	0.3988946378231049	0.4376674890518188	0.3745114505290985	0.1623787581920624	0.4573308825492859	0.2948544025421143	0.3695444464683533	0.6575055122375488	0.8037209510803223	0.7019751667976379	0.7979087233543396	0.8338360190391541	0.8553470969200134	0.7820882201194763	0.8293070793151855	0.71333247423172	0.794187605381012	0.7915856838226318	0.730600893497467	0.8153092861175537	0.8143672347068787	0.8433010578155518	0.8492729663848877	0.7321598529815674	0.7615398764610291	0.8016455769538879	0.7038700580596924	0.8247473239898682	0.750662624835968	0.8089252114295959	0.7824001312255859	0.7880763411521912	0.3853283226490021	0.4037170112133026	0.3628304004669189	0.342299222946167	0.5424337983131409	0.3354746997356415	0.3832007050514221	0.3410731554031372	0.5140870213508606	0.3435859680175781	0.3793850541114807	0.4217331111431122	0.3421230018138885	0.4006213545799255	0.4103730916976929	0.3657771050930023	0.3628199994564056	0.3998656868934631	0.3425251543521881	0.3638425171375275	0.1444199085235596	0.3810175359249115	0.4275898635387421	0.1622831523418427	0.2976217865943909
Musq_01_23	0.7433589696884155	0.7449505925178528	0.781710147857666	0.881719172000885	0.6743913292884827	0.8929241299629211	0.7943419218063354	0.7267040014266968	0.7894493937492371	0.6729905605316162	0.6945270299911499	0.7933170795440674	0.6038665175437927	0.7240416407585144	0.7646176815032959	0.5469905734062195	0.542018711566925	0.6386010050773621	0.4128795564174652	0.4504766464233398	0.4503349959850311	0.4269964396953583	0.4689609110355377	0.514673113822937	0.374328225851059	0.5949519872665405	0.5960451364517212	0.4059074521064758	0.433875560760498	0.4706500172615051	0	0.1706401705741882	0.4223741292953491	0.3133223950862885	0.3461926579475403	0.3916409015655518	0.1760116219520569	0.4631714224815369	0.4028657376766205	0.3423358500003815	0.4950487911701202	0.7710493803024292	0.8135426044464111	0.8102736473083496	0.8080189824104309	0.8365412354469299	0.865756094455719	0.8150963187217712	0.841098427772522	0.8168340921401978	0.8072758316993713	0.8218527436256409	0.8199678063392639	0.8408946990966797	0.888450026512146	0.8563178181648254	0.8641588091850281	0.7576736807823181	0.7794641256332397	0.8308961987495422	0.7678701281547546	0.8278504014015198	0.7755424380302429	0.8210635185241699	0.7916623950004578	0.803764283657074	0.4917329549789429	0.4663898944854736	0.4726826846599579	0.4690708518028259	0.635231077671051	0.4714328944683075	0.5363569259643555	0.4562007486820221	0.6353514194488525	0.4549659788608551	0.4819680452346802	0.5295083522796631	0.4592009782791138	0.5042788982391357	0.4786436259746552	0.5309767127037048	0.4768934845924377	0.5054993629455566	0.4564046859741211	0.4776498973369598	0.5394123196601868	0.4914776980876923	0.4927835464477539	0.554722785949707	0.6511684656143188
Musq_03_23	0.7249966859817505	0.7273359894752502	0.7805215716362	0.8813987374305725	0.6760857105255127	0.8926248550415039	0.813709557056427	0.7375061511993408	0.7883419990539551	0.6715378761291504	0.6843546628952026	0.7926603555679321	0.6019155383110046	0.7553272843360901	0.7637207508087158	0.5031723380088806	0.4969953596591949	0.5976477265357971	0.398618757724762	0.4471979737281799	0.4685052037239075	0.3878804445266724	0.4955404996871948	0.5020180344581604	0.3594247996807098	0.5883988738059998	0.5768694281578064	0.391385942697525	0.3960094451904297	0.4482629597187042	0.1706401705741882	0	0.3799366652965546	0.3041457831859589	0.3110257983207703	0.3290275037288666	0.1640389412641525	0.3789111971855164	0.3743689954280853	0.3322010636329651	0.4330846071243286	0.7705023884773254	0.8064470887184143	0.8024933934211731	0.8089492321014404	0.8414553999900818	0.8630906939506531	0.8056144118309021	0.8419191837310791	0.8093764185905457	0.8040589094161987	0.8131213188171387	0.8171172142028809	0.8384497165679932	0.8845922350883484	0.8463084697723389	0.8587404489517212	0.7488635182380676	0.7733086347579956	0.8228123784065247	0.7657026052474976	0.8275299668312073	0.7896323204040527	0.7967460155487061	0.780712366104126	0.8047448396682739	0.4383092820644379	0.4555643796920776	0.3987261950969696	0.4407429397106171	0.5717664361000061	0.4009034037590027	0.513453483581543	0.4264263808727264	0.5812160968780518	0.4250939190387726	0.4123422503471375	0.4585862755775452	0.4272769689559937	0.4527035355567932	0.4421061277389526	0.4849993586540222	0.4212477803230286	0.4541023075580597	0.4242428243160248	0.4221183657646179	0.5148769021034241	0.4380162060260773	0.4576462209224701	0.5119316577911377	0.6293478012084961
Musq_05_23	0.7355294823646545	0.7373843193054199	0.7928612232208252	0.8848124146461487	0.6877897381782532	0.895809531211853	0.8182157874107361	0.750842273235321	0.7998586893081665	0.6867632865905762	0.6830693483352661	0.6897350549697876	0.622270405292511	0.7643029093742371	0.7731773853302002	0.32622891664505	0.3227116465568542	0.427317887544632	0.4418381154537201	0.4810710251331329	0.3107329905033112	0.425335168838501	0.5246301889419556	0.5377664566040039	0.4056068658828735	0.442762166261673	0.5817365646362305	0.4355603158473969	0.4443546235561371	0.2876948714256287	0.4223741292953491	0.3799366652965546	0	0.2346809953451157	0.3602084517478943	0.4155301749706268	0.3487086594104767	0.2466627508401871	0.5000851154327393	0.3873452246189117	0.4933643937110901	0.7056525945663452	0.8094395399093628	0.7470627427101135	0.81648850440979	0.8459939956665039	0.8674831986427307	0.7419973015785217	0.8413872718811035	0.7561178207397461	0.8102965354919434	0.7545130848884583	0.7712433934211731	0.7908375859260559	0.8388811349868774	0.8499589562416077	0.8556075692176819	0.7002286314964294	0.7716513276100159	0.7716540098190308	0.7250784635543823	0.8309721946716309	0.7489116191864014	0.818920373916626	0.799202561378479	0.8047735095024109	0.4493594169616699	0.4915213286876678	0.4597311317920685	0.4681186378002167	0.617984414100647	0.4704061448574066	0.314973920583725	0.4433348774909973	0.4433590471744537	0.4421050846576691	0.4690322875976562	0.5467815399169922	0.4462904036045074	0.4628481566905975	0.4753057062625885	0.2630042433738708	0.4334115982055664	0.464160680770874	0.4435048997402191	0.4342243373394012	0.3520804345607758	0.4490850269794464	0.4890740513801575	0.3390370905399323	0.478367418050766
Musq_07_23	0.72623211145401	0.7285130023956299	0.7819931507110596	0.8817958235740662	0.6763314604759216	0.8929954767227173	0.8142313957214355	0.7269351482391357	0.7897130846977234	0.673336923122406	0.6948028802871704	0.6793051362037659	0.6043314933776855	0.7563784718513489	0.7648317217826843	0.4602151215076447	0.4565254151821136	0.5568014979362488	0.3783199787139893	0.4512567222118378	0.381990909576416	0.3923680186271667	0.4990143477916718	0.4830434024333954	0.3918696343898773	0.5087864995002747	0.5965964198112488	0.3707813620567322	0.400318443775177	0.4239751398563385	0.3133223950862885	0.3041457831859589	0.2346809953451157	0	0.3109931647777557	0.4059627652168274	0.1958889663219452	0.4135916531085968	0.3713989555835724	0.3599152266979218	0.466435581445694	0.7466242909431458	0.8056836128234863	0.7824485898017883	0.8081076741218567	0.836607813835144	0.8579620122909546	0.7366669178009033	0.84116131067276	0.7901378870010376	0.7981947660446167	0.7498289942741394	0.7938066124916077	0.7803301215171814	0.8737316131591797	0.8467310070991516	0.8642292618751526	0.7058009505271912	0.7795818448066711	0.7643237709999084	0.756084680557251	0.8279268741607666	0.7645497918128967	0.8127186298370361	0.7917639017105103	0.8038601875305176	0.460262268781662	0.4343624114990234	0.4408378005027771	0.4375031590461731	0.606591522693634	0.4400548338890076	0.2899950444698334	0.4230899512767792	0.4012788236141205	0.4217529892921448	0.4509609043598175	0.4988269805908203	0.4262490272521973	0.4738445281982422	0.4460776448249817	0.2688501179218292	0.4441799521446228	0.4751651287078857	0.4232212901115417	0.4450002014636993	0.4539365768432617	0.4599858522415161	0.4614002406597137	0.4699613153934479	0.5738927125930786
Musq_09_23	0.6772714257240295	0.682181715965271	0.7181828618049622	0.8788225650787354	0.6371241211891174	0.8912559747695923	0.7948243618011475	0.6984362602233887	0.7308288216590881	0.5991982221603394	0.637708842754364	0.7777224779129028	0.5023351311683655	0.7150319814682007	0.7204426527023315	0.4339072108268738	0.3974880874156952	0.5164501070976257	0.2708759307861328	0.317288339138031	0.3745079636573792	0.2414020895957947	0.3488110303878784	0.4048992693424225	0.2907245755195618	0.5217883586883545	0.5098333954811096	0.2597366571426392	0.2300245016813278	0.3988946378231049	0.3461926579475403	0.3110257983207703	0.3602084517478943	0.3109931647777557	0	0.2725222408771515	0.2118549346923828	0.38321852684021	0.4089617431163788	0.22169029712677	0.3291337490081787	0.7574818134307861	0.8051069378852844	0.8019229173660278	0.813551127910614	0.8390335440635681	0.8620101809501648	0.7791123390197754	0.843793511390686	0.8092926740646362	0.7982054352760315	0.8063110113143921	0.8127989172935486	0.8359817266464233	0.873971164226532	0.8410812616348267	0.8603060841560364	0.7779833078384399	0.7676361203193665	0.816087007522583	0.7753491997718811	0.8218252658843994	0.787814736366272	0.8100017905235291	0.7912847995758057	0.8043047785758972	0.3381753861904144	0.3461560606956482	0.3543934226036072	0.3279516398906708	0.5601762533187866	0.3230551481246948	0.4539327919483185	0.3290460109710693	0.5732318758964539	0.32710000872612	0.3691047430038452	0.3952979445457458	0.3333401679992676	0.3592308461666107	0.3158747851848602	0.408750981092453	0.3128669261932373	0.3612628281116486	0.3289371430873871	0.3141676783561707	0.4580538272857666	0.3377437591552734	0.3399505019187927	0.4458976686000824	0.595402717590332
Musq_11_23	0.6850790977478027	0.688751220703125	0.7291716337203979	0.8690472841262817	0.6620485782623291	0.8810535669326782	0.7970061898231506	0.7054101228713989	0.7408873438835144	0.6114240288734436	0.6345770955085754	0.7668590545654297	0.5195061564445496	0.7215824723243713	0.7275712490081787	0.396877259016037	0.4500297605991364	0.5639415383338928	0.3271019458770752	0.295748233795166	0.4182915389537811	0.301476776599884	0.4363186359405518	0.4522205889225006	0.3444240093231201	0.5562489032745361	0.5314726233482361	0.3174036145210266	0.3083955943584442	0.4376674890518188	0.3916409015655518	0.3290275037288666	0.4155301749706268	0.4059627652168274	0.2725222408771515	0	0.322602391242981	0.3600339889526367	0.4303795099258423	0.3647771179676056	0.3658991754055023	0.7491965889930725	0.7929208278656006	0.7901051640510559	0.8017168641090393	0.8330035209655762	0.869176983833313	0.7909252047538757	0.8337143063545227	0.7979140281677246	0.7911479473114014	0.800097644329071	0.8064213991165161	0.8303080797195435	0.8777751922607422	0.8350210189819336	0.8467198014259338	0.7691801786422729	0.7724353671073914	0.8085293173789978	0.7395488619804382	0.8152256011962891	0.7722792029380798	0.7867034077644348	0.7826671600341797	0.7916817665100098	0.2961315512657166	0.3385468423366547	0.2532956898212433	0.306616872549057	0.4663232564926147	0.2500666081905365	0.4192748665809631	0.284699022769928	0.4963881969451904	0.2875953018665314	0.276040107011795	0.3223218023777008	0.2891627252101898	0.319744735956192	0.29646897315979	0.3710649013519287	0.2692036926746368	0.3189781010150909	0.2894296646118164	0.2705877423286438	0.4258148074150085	0.2938650250434875	0.3209048807621002	0.411984920501709	0.5619519948959351
Musq_13_23	0.7025665044784546	0.706037700176239	0.752615213394165	0.8743478059768677	0.6470106840133667	0.8860284090042114	0.8038166761398315	0.7040143609046936	0.762459397315979	0.6382412910461426	0.6673051118850708	0.7780464291572571	0.5566790103912354	0.7363129854202271	0.7434686422348022	0.4604073464870453	0.4564370810985565	0.5644267797470093	0.2808375358581543	0.3636025190353394	0.375663697719574	0.2958441376686096	0.4243863224983215	0.4037275314331055	0.2338259965181351	0.51280677318573	0.5341534018516541	0.2707787454128265	0.3079517185688019	0.3745114505290985	0.1760116219520569	0.1640389412641525	0.3487086594104767	0.1958889663219452	0.2118549346923828	0.322602391242981	0	0.3644871115684509	0.283490389585495	0.202423483133316	0.3945259153842926	0.758553683757782	0.7978916168212891	0.792941689491272	0.7996249794960022	0.8302747011184692	0.8520597219467163	0.7971347570419312	0.8351828455924988	0.8004540801048279	0.7888339161872864	0.8055855631828308	0.8040332794189453	0.8277811408042908	0.884450376033783	0.8388859033584595	0.8574484586715698	0.753616988658905	0.7682458162307739	0.8161526918411255	0.7665018439292908	0.8206122517585754	0.7745394706726074	0.8046741485595703	0.7820349335670471	0.7946628928184509	0.3820565640926361	0.3549977540969849	0.3598941266536713	0.3597205579280853	0.5490687489509583	0.3604251742362976	0.4518477618694305	0.3368420302867889	0.5630199313163757	0.337863028049469	0.3758818209171295	0.4261870384216309	0.3407533764839172	0.4022592902183533	0.3634426593780518	0.4407573342323303	0.3609418869018555	0.4014637768268585	0.3395439684391022	0.3620230555534363	0.4577549993991852	0.3816950917243958	0.383543848991394	0.4729132354259491	0.5842209458351135
Musq_15_23	0.6995944976806641	0.7032259106636047	0.7487404346466064	0.8734350204467773	0.6433120369911194	0.8851727843284607	0.8026368618011475	0.7184157371520996	0.7588829398155212	0.6337379813194275	0.652291476726532	0.7405831217765808	0.5504835247993469	0.733803927898407	0.7407736778259277	0.2030756324529648	0.2042890042066574	0.3239920437335968	0.3089165091514587	0.3524878025054932	0.1456780135631561	0.283567488193512	0.415057897567749	0.4302316606044769	0.2625581026077271	0.3175948262214661	0.505897045135498	0.2993146777153015	0.3127514123916626	0.1623787581920624	0.4631714224815369	0.3789111971855164	0.2466627508401871	0.4135916531085968	0.38321852684021	0.3600339889526367	0.3644871115684509	0	0.4744494259357452	0.3056893050670624	0.367306262254715	0.6786101460456848	0.81589275598526	0.7358107566833496	0.8101714849472046	0.83672034740448	0.8589289784431458	0.7747194170951843	0.8373222947120667	0.7458728551864624	0.7966305017471313	0.7850823998451233	0.7557656168937683	0.8176928162574768	0.8346467018127441	0.8379365801811218	0.8511977791786194	0.7192084193229675	0.760840117931366	0.8005066514015198	0.7181904315948486	0.8197351694107056	0.7562792301177979	0.7954466938972473	0.7719941735267639	0.7972353100776672	0.3498311340808868	0.3811800479888916	0.3124673664569855	0.3792832791805267	0.5089678168296814	0.3297090232372284	0.3857764601707458	0.3415204584598541	0.4597220420837402	0.3425534665584564	0.330294281244278	0.3968544006347656	0.3454440534114838	0.3716241121292114	0.352738231420517	0.3357750475406647	0.3269221186637878	0.3708460032939911	0.3442465364933014	0.3280964195728302	0.2449270784854889	0.3494393825531006	0.3735101222991943	0.2240002304315567	0.3950670957565308
Musq_17_23	0.7531827688217163	0.7544896006584167	0.7411762475967407	0.8716962933540344	0.701030969619751	0.8835415840148926	0.833531379699707	0.7531641125679016	0.7519140243530273	0.7022793889045715	0.6959679126739502	0.772472083568573	0.6302566528320312	0.7840152382850647	0.7958590984344482	0.4977753758430481	0.4910659492015839	0.5073202252388	0.3788881599903107	0.4604960381984711	0.4589671492576599	0.3946087956428528	0.396819144487381	0.3742314577102661	0.3939732909202576	0.4926084578037262	0.4616418480873108	0.3704619109630585	0.4034067094326019	0.4573308825492859	0.4028657376766205	0.3743689954280853	0.5000851154327393	0.3713989555835724	0.4089617431163788	0.4303795099258423	0.283490389585495	0.4744494259357452	0	0.415268212556839	0.4344899654388428	0.7829687595367432	0.7877468466758728	0.8069694042205811	0.803076446056366	0.8464645147323608	0.8500155806541443	0.8235345482826233	0.8422957062721252	0.8074632883071899	0.8043434619903564	0.824328601360321	0.8277638554573059	0.8484793305397034	0.8657763004302979	0.8361351490020752	0.830407440662384	0.7886185050010681	0.784641444683075	0.838772714138031	0.7982607483863831	0.8446995615959167	0.8090717196464539	0.824440598487854	0.803644061088562	0.8096207976341248	0.4263991117477417	0.4460565745830536	0.4042030572891235	0.3576579093933105	0.4793363809585571	0.4039548933506012	0.452411562204361	0.3826065957546234	0.5284393429756165	0.3836736977100372	0.3743177354335785	0.3761063814163208	0.3863678276538849	0.4014745950698853	0.4321511089801788	0.479566901922226	0.4067780673503876	0.4006568491458893	0.3853566944599152	0.4077827930450439	0.4942189157009125	0.3802638947963715	0.430616706609726	0.5095174908638	0.4952100813388824
Musq_21_23	0.6732999682426453	0.6784517765045166	0.712461531162262	0.8655698299407959	0.6104381680488586	0.8777819275856018	0.7925906777381897	0.6758147478103638	0.7256060838699341	0.5929181575775146	0.6330426335334778	0.7748659253120422	0.4934594631195068	0.7117062211036682	0.7168092727661133	0.4183281362056732	0.4148185253143311	0.5342258214950562	0.1506383568048477	0.246479332447052	0.3183614909648895	0.166514664888382	0.3272330462932587	0.2993802726268768	0.09310588985681534	0.4756577014923096	0.4529018402099609	0.1365721821784973	0.1560663878917694	0.2948544025421143	0.3423358500003815	0.3322010636329651	0.3873452246189117	0.3599152266979218	0.22169029712677	0.3647771179676056	0.202423483133316	0.3056893050670624	0.415268212556839	0	0.2711652517318726	0.7552511692047119	0.8090391159057617	0.7917219400405884	0.7948986887931824	0.8231722712516785	0.8454021811485291	0.7960278391838074	0.8284932374954224	0.7995717525482178	0.7781707644462585	0.8048962354660034	0.8033034801483154	0.8279330730438232	0.8864697217941284	0.8298612236976624	0.8496676087379456	0.7505092620849609	0.7551987767219543	0.814825177192688	0.7903271913528442	0.8123455047607422	0.8016870617866516	0.8003017902374268	0.7709447145462036	0.7841749787330627	0.2769412398338318	0.2452553659677505	0.2510376870632172	0.2258945554494858	0.4722361266613007	0.2173261195421219	0.4096536636352539	0.2196349054574966	0.532858669757843	0.220701202750206	0.2728351652622223	0.2930253148078918	0.2246992886066437	0.3041501045227051	0.2513248026371002	0.394458144903183	0.2478631138801575	0.3033713102340698	0.2226788848638535	0.2493603527545929	0.4165054857730865	0.2764462530612946	0.2789766788482666	0.4332213401794434	0.5579172372817993
Musq_23_23	0.685336709022522	0.6897649168968201	0.7295284271240234	0.8809730410575867	0.6465086936950684	0.8932520151138306	0.7971041798591614	0.6873931288719177	0.7412144541740417	0.611824631690979	0.6189113259315491	0.7969280481338501	0.5200664401054382	0.7217988967895508	0.7278061509132385	0.4373196363449097	0.4017763435840607	0.5134276151657104	0.2492606043815613	0.3411495089530945	0.3917174637317657	0.2682787179946899	0.4079184532165527	0.385202169418335	0.2725653946399689	0.5290367603302002	0.474953681230545	0.241252139210701	0.2568447887897491	0.3695444464683533	0.4950487911701202	0.4330846071243286	0.4933643937110901	0.466435581445694	0.3291337490081787	0.3658991754055023	0.3945259153842926	0.367306262254715	0.4344899654388428	0.2711652517318726	0	0.7464914321899414	0.809609591960907	0.7926282286643982	0.7957621216773987	0.8334813117980957	0.8559380173683167	0.7999128699302673	0.8120991587638855	0.8003252148628235	0.7917576432228088	0.8166546821594238	0.8147894740104675	0.8374965786933899	0.8793044686317444	0.8433589339256287	0.8496593832969666	0.7618860006332397	0.7569534182548523	0.8255583047866821	0.785656750202179	0.8239373564720154	0.8135775923728943	0.7958194613456726	0.7663934826850891	0.7852782607078552	0.308039665222168	0.3334861695766449	0.2232447266578674	0.2597149610519409	0.4397121071815491	0.1902448385953903	0.4286496937274933	0.2551069259643555	0.5285288691520691	0.2561517655849457	0.2453878819942474	0.2940610647201538	0.2564978003501892	0.3298650979995728	0.3388572931289673	0.4129135608673096	0.2785508036613464	0.3290892839431763	0.2547424137592316	0.2799086272716522	0.4328480958938599	0.3045239150524139	0.3612508177757263	0.4489271342754364	0.5681308507919312
Musq_19_24	0.8430675268173218	0.8413047790527344	0.8893067240715027	0.9203426837921143	0.8237907886505127	0.9286185503005981	0.8514685034751892	0.840804398059845	0.8914176225662231	0.7925482988357544	0.8173043727874756	0.8260297179222107	0.7884502410888672	0.8490998148918152	0.8378297090530396	0.6335358619689941	0.6531587839126587	0.7163527011871338	0.7399349212646484	0.7338253855705261	0.6664561629295349	0.7415103912353516	0.7831618189811707	0.7907984256744385	0.7479064464569092	0.7065147757530212	0.8161666393280029	0.743825376033783	0.7405322194099426	0.6575055122375488	0.7710493803024292	0.7705023884773254	0.7056525945663452	0.7466242909431458	0.7574818134307861	0.7491965889930725	0.758553683757782	0.6786101460456848	0.7829687595367432	0.7552511692047119	0.7464914321899414	0	0.5143764615058899	0.4033488929271698	0.4503832757472992	0.5220017433166504	0.6040481328964233	0.4690194427967072	0.5088496208190918	0.3914352059364319	0.4844454526901245	0.460821658372879	0.4233676195144653	0.5320600271224976	0.5082255601882935	0.4504844546318054	0.4609508216381073	0.5816314220428467	0.5220560431480408	0.4909510612487793	0.3403236865997314	0.4746406674385071	0.3979406356811523	0.4845936298370361	0.4782544374465942	0.4427395164966583	0.7256820797920227	0.7283415198326111	0.7458572387695312	0.7399587035179138	0.8279735445976257	0.7489581704139709	0.7031576633453369	0.7424702048301697	0.7718230485916138	0.7427018284797668	0.7407016158103943	0.7789793014526367	0.7426539659500122	0.738099992275238	0.7216601371765137	0.7221777439117432	0.7401809096336365	0.7222228050231934	0.7425190210342407	0.7403675317764282	0.6463260650634766	0.7346681952476501	0.7165570259094238	0.6430721879005432	0.6844640374183655
Musq_21_24	0.857260525226593	0.8736911416053772	0.923713207244873	0.9386677742004395	0.870915949344635	0.9453024864196777	0.8828531503677368	0.8760616779327393	0.9247592687606812	0.8532417416572571	0.8580813407897949	0.8828313946723938	0.8519095182418823	0.8883277773857117	0.8823165893554688	0.8055444359779358	0.8154098987579346	0.8579344153404236	0.8044877052307129	0.8191505074501038	0.8164988160133362	0.8140869736671448	0.841629683971405	0.8394244313240051	0.8094159364700317	0.8540011048316956	0.8635969161987305	0.8072642087936401	0.8083694577217102	0.8037209510803223	0.8135426044464111	0.8064470887184143	0.8094395399093628	0.8056836128234863	0.8051069378852844	0.7929208278656006	0.7978916168212891	0.81589275598526	0.7877468466758728	0.8090391159057617	0.809609591960907	0.5143764615058899	0	0.3494376242160797	0.3843704760074615	0.3971128463745117	0.541218638420105	0.4381336867809296	0.3871189057826996	0.3900653123855591	0.3691829144954681	0.4849102795124054	0.4545969069004059	0.3744384944438934	0.424081951379776	0.4370041787624359	0.4057261049747467	0.4909332394599915	0.4157897233963013	0.3871347010135651	0.3867104351520538	0.2824290990829468	0.3764628767967224	0.3591744005680084	0.3150361478328705	0.2942759990692139	0.8045117259025574	0.8085048794746399	0.797433614730835	0.7943912148475647	0.8553892374038696	0.7947167754173279	0.8034462332725525	0.795535683631897	0.8489722013473511	0.7957246899604797	0.7993356585502625	0.8222695589065552	0.7956382632255554	0.8058995008468628	0.8133010864257812	0.8060132265090942	0.8025386929512024	0.806070864200592	0.7956228256225586	0.8026373982429504	0.8036672472953796	0.8041338324546814	0.8150715231895447	0.8101812601089478	0.8458588719367981
Musq_23_24	0.8654994964599609	0.8636260032653809	0.9147442579269409	0.9334890842437744	0.8580688834190369	0.9406037330627441	0.8738299608230591	0.8640003204345703	0.9160327315330505	0.8371125459671021	0.8437081575393677	0.8559802770614624	0.8351753950119019	0.8775544762611389	0.8702716827392578	0.6952097415924072	0.7093073725700378	0.7592421174049377	0.7810428142547607	0.7971413135528564	0.7345906496047974	0.7917808294296265	0.8230659961700439	0.8204101920127869	0.786822497844696	0.754789412021637	0.8472427129745483	0.784126877784729	0.7905296683311462	0.7019751667976379	0.8102736473083496	0.8024933934211731	0.7470627427101135	0.7824485898017883	0.8019229173660278	0.7901051640510559	0.792941689491272	0.7358107566833496	0.8069694042205811	0.7917219400405884	0.7926282286643982	0.4033488929271698	0.3494376242160797	0	0.4303095936775208	0.331540435552597	0.574971079826355	0.4241184294223785	0.4417374134063721	0.3397549688816071	0.4327031075954437	0.4464244246482849	0.3717744648456573	0.3318453133106232	0.391484260559082	0.4236253499984741	0.3635580539703369	0.4656042158603668	0.418132483959198	0.407903790473938	0.3094958961009979	0.4059266746044159	0.35483518242836	0.4224649369716644	0.4010474681854248	0.3905224204063416	0.780987560749054	0.7857200503349304	0.7730516791343689	0.7748492956161499	0.8379831910133362	0.7752469182014465	0.7607833743095398	0.770666778087616	0.8122212290763855	0.7708650231361389	0.7753983736038208	0.8059607744216919	0.7707958817481995	0.7827658653259277	0.7908335328102112	0.7627348303794861	0.7785080671310425	0.7829806804656982	0.7707368135452271	0.7786324024200439	0.694280207157135	0.7805519700050354	0.7930532097816467	0.7019835114479065	0.7455718517303467
Musq_25_24	0.8716676831245422	0.8696662783622742	0.9135725498199463	0.9328352212905884	0.8564211130142212	0.9400094747543335	0.8726993799209595	0.8624566197395325	0.9148945212364197	0.8350216746330261	0.8418614268302917	0.8702723979949951	0.8329992890357971	0.8761768937110901	0.8687224388122559	0.7985755205154419	0.8096582889556885	0.8568247556686401	0.7880734801292419	0.7942540645599365	0.801352858543396	0.7988758683204651	0.830169141292572	0.8275715708732605	0.7938047647476196	0.852462112903595	0.845100998878479	0.7911826372146606	0.7937785387039185	0.7979087233543396	0.8080189824104309	0.8089492321014404	0.81648850440979	0.8081076741218567	0.813551127910614	0.8017168641090393	0.7996249794960022	0.8101714849472046	0.803076446056366	0.7948986887931824	0.7957621216773987	0.4503832757472992	0.3843704760074615	0.4303095936775208	0	0.3603309690952301	0.5427221655845642	0.354814738035202	0.4107318818569183	0.3592833280563354	0.3295793235301971	0.4145994484424591	0.4442467987537384	0.4078223705291748	0.4655026793479919	0.4692823886871338	0.4586306214332581	0.5866361856460571	0.4964948296546936	0.4829019904136658	0.4502077400684357	0.4395478963851929	0.4013482928276062	0.3953744471073151	0.4586713016033173	0.3264099359512329	0.7880427241325378	0.7927220463752747	0.7800636291503906	0.7661629915237427	0.8453627228736877	0.7783727049827576	0.7854915261268616	0.7777391672134399	0.8468652367591858	0.777942419052124	0.7706384062767029	0.8093578219413757	0.7778649926185608	0.7781227231025696	0.7914446592330933	0.7990133166313171	0.7856293320655823	0.7783453464508057	0.77781742811203	0.7857503294944763	0.7965680956840515	0.7758265137672424	0.7885716557502747	0.8037975430488586	0.8331480622291565
Musq_27_24	0.8852516412734985	0.8832228183746338	0.9243454933166504	0.9390448331832886	0.8718376755714417	0.9456441402435303	0.8835148215293884	0.8769287467002869	0.9253753423690796	0.8543869853019714	0.8678531646728516	0.8834672570228577	0.8530942797660828	0.8891028761863708	0.8831782341003418	0.8324227333068848	0.8415375947952271	0.8829862475395203	0.8147619962692261	0.8206958770751953	0.8253208994865417	0.8242164254188538	0.8511322736740112	0.8490465879440308	0.8195109963417053	0.8697953224182129	0.8748498558998108	0.8175050020217896	0.8228358626365662	0.8338360190391541	0.8365412354469299	0.8414553999900818	0.8459939956665039	0.836607813835144	0.8390335440635681	0.8330035209655762	0.8302747011184692	0.83672034740448	0.8464645147323608	0.8231722712516785	0.8334813117980957	0.5220017433166504	0.3971128463745117	0.331540435552597	0.3603309690952301	0	0.5688315629959106	0.4536131620407104	0.407410591840744	0.4399513900279999	0.4323987066745758	0.4419041275978088	0.4405414462089539	0.3138101696968079	0.4884195327758789	0.4025242626667023	0.3875317871570587	0.5577897429466248	0.4820807278156281	0.4652253091335297	0.4638879001140594	0.3870589435100555	0.4269534349441528	0.3774003088474274	0.4172308743000031	0.4274907112121582	0.8253222703933716	0.8186466097831726	0.8184211254119873	0.8133909106254578	0.87496417760849	0.8199524879455566	0.8242901563644409	0.8167616724967957	0.8691384196281433	0.8169563412666321	0.8138377666473389	0.8410384654998779	0.8168513774871826	0.8202656507492065	0.8179149627685547	0.8331605195999146	0.823602557182312	0.8204214572906494	0.8168672919273376	0.8236886858940125	0.8303400278091431	0.8186619877815247	0.8188232779502869	0.8366786241531372	0.8655039072036743
Musq_29_24	0.9136097431182861	0.8317646980285645	0.9154442548751831	0.8569552898406982	0.9020907878875732	0.8631283640861511	0.8601943850517273	0.9115739464759827	0.9167129397392273	0.8995346426963806	0.9030571579933167	0.8847324848175049	0.8993674516677856	0.9240943193435669	0.9198682308197021	0.8681265115737915	0.8638982772827148	0.8600388765335083	0.8370809555053711	0.8678637742996216	0.8559287190437317	0.8472838401794434	0.846771240234375	0.836970329284668	0.8419545292854309	0.8450983166694641	0.8446037769317627	0.8400610089302063	0.8455824851989746	0.8553470969200134	0.865756094455719	0.8630906939506531	0.8674831986427307	0.8579620122909546	0.8620101809501648	0.869176983833313	0.8520597219467163	0.8589289784431458	0.8500155806541443	0.8454021811485291	0.8559380173683167	0.6040481328964233	0.541218638420105	0.574971079826355	0.5427221655845642	0.5688315629959106	0	0.5259913802146912	0.5206621289253235	0.5219307541847229	0.4792485237121582	0.4646590650081635	0.5096366405487061	0.5486765503883362	0.582746684551239	0.5134745836257935	0.5053683519363403	0.6942610740661621	0.6467600464820862	0.6101829409599304	0.5992217063903809	0.5527518391609192	0.5648597478866577	0.5474865436553955	0.5194159746170044	0.5390087962150574	0.8628398776054382	0.8540383577346802	0.8555066585540771	0.8565676808357239	0.8509445786476135	0.8568024039268494	0.8653987646102905	0.8541011810302734	0.8585471510887146	0.8543275594711304	0.856999397277832	0.8525135517120361	0.8541771173477173	0.8637620210647583	0.8612268567085266	0.8693073391914368	0.8614025115966797	0.863886833190918	0.8542520403862	0.8614745140075684	0.8655546903610229	0.8624756932258606	0.8626050353050232	0.8722870349884033	0.8609028458595276
Musq_31_24	0.8564649820327759	0.8549792170524597	0.9086818099021912	0.9361703991889954	0.8572970628738403	0.9436535835266113	0.868092954158783	0.8634436130523682	0.9101483225822449	0.8263350129127502	0.8447245359420776	0.8171229958534241	0.8239414095878601	0.870499849319458	0.8623144626617432	0.7687289118766785	0.7719273567199707	0.8224815130233765	0.7849169969558716	0.7922306656837463	0.7782735228538513	0.7866011261940002	0.8108843564987183	0.8263874650001526	0.790966808795929	0.8237868547439575	0.8579326272010803	0.7881768941879272	0.7839070558547974	0.7820882201194763	0.8150963187217712	0.8056144118309021	0.7419973015785217	0.7366669178009033	0.7791123390197754	0.7909252047538757	0.7971347570419312	0.7747194170951843	0.8235345482826233	0.7960278391838074	0.7999128699302673	0.4690194427967072	0.4381336867809296	0.4241184294223785	0.354814738035202	0.4536131620407104	0.5259913802146912	0	0.4579044282436371	0.3067997097969055	0.3407539129257202	0.3356226086616516	0.4159900844097137	0.3063340187072754	0.4284807145595551	0.4757207334041595	0.5147488713264465	0.5660595893859863	0.58372563123703	0.4610510170459747	0.5135775804519653	0.5035145878791809	0.4915200471878052	0.5243276357650757	0.5145866870880127	0.4390799105167389	0.7882241606712341	0.790225625038147	0.7899129390716553	0.7916495800018311	0.8577076196670532	0.7920336723327637	0.7241325974464417	0.7876066565513611	0.772718071937561	0.7874114513397217	0.7918028831481934	0.8171184659004211	0.7863094210624695	0.7904277443885803	0.7859919667243958	0.7151044011116028	0.785698413848877	0.7906455397605896	0.787287175655365	0.7858251333236694	0.7751845121383667	0.7867613434791565	0.7869895100593567	0.7746489644050598	0.8251480460166931
Zone_2B_1_24	0.8882561326026917	0.8862287998199463	0.926667332649231	0.9404434561729431	0.8752403259277344	0.946910560131073	0.8859755396842957	0.8801323175430298	0.927638828754425	0.8586031198501587	0.8629090785980225	0.8922069668769836	0.8574514985084534	0.8919674158096313	0.8863568305969238	0.827786386013031	0.8367905020713806	0.8773453831672668	0.8205037713050842	0.8263642191886902	0.8305152654647827	0.8296677470207214	0.8556580543518066	0.8536754846572876	0.8250511884689331	0.8735684156417847	0.8689685463905334	0.823167085647583	0.8282840847969055	0.8293070793151855	0.841098427772522	0.8419191837310791	0.8413872718811035	0.84116131067276	0.843793511390686	0.8337143063545227	0.8351828455924988	0.8373222947120667	0.8422957062721252	0.8284932374954224	0.8120991587638855	0.5088496208190918	0.3871189057826996	0.4417374134063721	0.4107318818569183	0.407410591840744	0.5206621289253235	0.4579044282436371	0	0.3854779303073883	0.3318460881710052	0.408760666847229	0.448279082775116	0.3670234084129333	0.4882575869560242	0.5121771693229675	0.4333703815937042	0.5878267288208008	0.5036072731018066	0.5039884448051453	0.4784448146820068	0.4234781861305237	0.4053487777709961	0.454189270734787	0.4066872000694275	0.3559541702270508	0.8092273473739624	0.8130282759666443	0.8138272166252136	0.8097003102302551	0.8691020011901855	0.815362274646759	0.8110470771789551	0.8121643662452698	0.858711838722229	0.8123523592948914	0.810140073299408	0.8415625095367432	0.8122541904449463	0.8164229989051819	0.8228142857551575	0.828460693359375	0.818848192691803	0.804673969745636	0.8122631311416626	0.8189345598220825	0.8257911801338196	0.8148230910301208	0.8139541745185852	0.8319946527481079	0.8507216572761536
Zone_2B_2_24	0.8698403239250183	0.86794513463974	0.918004035949707	0.9353353977203369	0.8626899123191833	0.9422803521156311	0.8770326972007751	0.8683330416679382	0.9192014932632446	0.8429490327835083	0.848883330821991	0.862690269947052	0.8412414193153381	0.8814226388931274	0.8746113181114197	0.7072501182556152	0.7205550074577332	0.7686190009117126	0.7895750999450684	0.8051592111587524	0.7449332475662231	0.7998991012573242	0.8298115134239197	0.8273240923881531	0.795038640499115	0.7643181681632996	0.8531944155693054	0.7925479412078857	0.7986196279525757	0.71333247423172	0.8168340921401978	0.8093764185905457	0.7561178207397461	0.7901378870010376	0.8092926740646362	0.7979140281677246	0.8004540801048279	0.7458728551864624	0.8074632883071899	0.7995717525482178	0.8003252148628235	0.3914352059364319	0.3900653123855591	0.3397549688816071	0.3592833280563354	0.4399513900279999	0.5219307541847229	0.3067997097969055	0.3854779303073883	0	0.3066141307353973	0.3764036297798157	0.3166945576667786	0.3809874951839447	0.3649792075157166	0.527963399887085	0.5013519525527954	0.6207401156425476	0.5863689780235291	0.5265352725982666	0.4534527361392975	0.4697348177433014	0.4233702719211578	0.5180474519729614	0.4518493711948395	0.4395193159580231	0.7763896584510803	0.7810381650924683	0.7819274663925171	0.7764429450035095	0.8443194031715393	0.7839550971984863	0.7627562284469604	0.7797262072563171	0.8069937825202942	0.7799214124679565	0.7769722938537598	0.8134827613830566	0.7798452973365784	0.7840946912765503	0.792808473110199	0.7717462182044983	0.7872624397277832	0.7843009233474731	0.7798031568527222	0.7873771786689758	0.7062197923660278	0.78196781873703	0.7809857130050659	0.7136285305023193	0.7345835566520691
Zone_2B_3_24	0.8487871885299683	0.8457366824150085	0.9091081619262695	0.9303892254829407	0.8502060174942017	0.9377850294113159	0.8684874176979065	0.856641948223114	0.9105618000030518	0.8270897269248962	0.8453379273414612	0.8743677735328674	0.8247293829917908	0.8709901571273804	0.8628694415092468	0.7910206317901611	0.8027701377868652	0.8520733118057251	0.7662595510482788	0.7832273840904236	0.791483998298645	0.7777141928672791	0.8114064335823059	0.8084468245506287	0.7726045250892639	0.8360440731048584	0.8493869304656982	0.769534707069397	0.7765263915061951	0.794187605381012	0.8072758316993713	0.8040589094161987	0.8102965354919434	0.7981947660446167	0.7982054352760315	0.7911479473114014	0.7888339161872864	0.7966305017471313	0.8043434619903564	0.7781707644462585	0.7917576432228088	0.4844454526901245	0.3691829144954681	0.4327031075954437	0.3295793235301971	0.4323987066745758	0.4792485237121582	0.3407539129257202	0.3318460881710052	0.3066141307353973	0	0.353550523519516	0.4164787828922272	0.3687562644481659	0.4234692752361298	0.5260365605354309	0.4628247022628784	0.6066130995750427	0.5599256753921509	0.5147038698196411	0.4978964328765869	0.4550025761127472	0.459521621465683	0.5010985732078552	0.4087440371513367	0.3976251780986786	0.7794105410575867	0.7713724970817566	0.7710275053977966	0.7605206966400146	0.8396148085594177	0.7733656764030457	0.777330219745636	0.7684841752052307	0.835135281085968	0.7686924338340759	0.7611218690872192	0.7986199259757996	0.7686220407485962	0.7689921855926514	0.7696314454078674	0.7913838624954224	0.7767709493637085	0.7692354917526245	0.7685556411743164	0.7769033312797546	0.7890074849128723	0.7664798498153687	0.7667326927185059	0.7965683937072754	0.8272873163223267
Zone_3_1_24	0.8680787682533264	0.866479218006134	0.9166859984397888	0.9345840811729431	0.8608149886131287	0.9415982961654663	0.8757275938987732	0.8733311891555786	0.917919933795929	0.8405855894088745	0.8563879728317261	0.8232914805412292	0.8387867212295532	0.8798522353172302	0.872851550579071	0.7796716690063477	0.7909800410270691	0.8374044895172119	0.7949924468994141	0.8019201159477234	0.7885613441467285	0.7966181635856628	0.8270838856697083	0.8330099582672119	0.800444483757019	0.8303418755531311	0.8620610237121582	0.7979977130889893	0.7953494787216187	0.7915856838226318	0.8218527436256409	0.8131213188171387	0.7545130848884583	0.7498289942741394	0.8063110113143921	0.800097644329071	0.8055855631828308	0.7850823998451233	0.824328601360321	0.8048962354660034	0.8166546821594238	0.460821658372879	0.4849102795124054	0.4464244246482849	0.4145994484424591	0.4419041275978088	0.4646590650081635	0.3356226086616516	0.408760666847229	0.3764036297798157	0.353550523519516	0	0.3556330800056458	0.3780986964702606	0.5332842469215393	0.5022567510604858	0.4891123175621033	0.5785106420516968	0.5741829872131348	0.4775930941104889	0.4992676377296448	0.4617389738559723	0.4318479597568512	0.4667564928531647	0.4518477320671082	0.4905264377593994	0.7980392575263977	0.7997937202453613	0.7995195388793945	0.7949041724205017	0.8618383407592773	0.8013814091682434	0.7157613635063171	0.797498345375061	0.7836560606956482	0.79732745885849	0.7950435876846313	0.8245028257369995	0.7976076602935791	0.7937926650047302	0.7888352274894714	0.7310278415679932	0.7958285808563232	0.7822747826576233	0.7972186207771301	0.7959394454956055	0.7866747975349426	0.7917503118515015	0.7919557690620422	0.7850204706192017	0.8270214200019836
Zone_3_3_24	0.8719210624694824	0.8700174689292908	0.9195524454116821	0.9362265467643738	0.8649042248725891	0.9430891275405884	0.8785842061042786	0.8704112768173218	0.9207078814506531	0.8457316160202026	0.8606431484222412	0.864805281162262	0.8441293239593506	0.8832788467407227	0.8766878247261047	0.7253084778785706	0.7378759980201721	0.7846805453300476	0.7936235666275024	0.808960497379303	0.7498404979705811	0.8037509322166443	0.8330161571502686	0.8306071758270264	0.79893958568573	0.7688401937484741	0.8668494820594788	0.7965432405471802	0.8024603128433228	0.730600893497467	0.8199678063392639	0.8171172142028809	0.7712433934211731	0.7938066124916077	0.8127989172935486	0.8064213991165161	0.8040332794189453	0.7557656168937683	0.8277638554573059	0.8033034801483154	0.8147894740104675	0.4233676195144653	0.4545969069004059	0.3717744648456573	0.4442467987537384	0.4405414462089539	0.5096366405487061	0.4159900844097137	0.448279082775116	0.3166945576667786	0.4164787828922272	0.3556330800056458	0	0.4476180672645569	0.478575587272644	0.5102025270462036	0.5158541798591614	0.598171591758728	0.5483572483062744	0.4929108619689941	0.4106612801551819	0.4452501237392426	0.4001882970333099	0.4409147500991821	0.4330506920814514	0.4837446212768555	0.8050742745399475	0.7979417443275452	0.7976723909378052	0.7991690635681152	0.8582785129547119	0.7995002269744873	0.7849982380867004	0.7956892251968384	0.8272503018379211	0.7958870530128479	0.7996587753295898	0.8219775557518005	0.7957965135574341	0.8065198063850403	0.8028920292854309	0.7873328328132629	0.8030158281326294	0.8066983819007874	0.7957805395126343	0.8031190037727356	0.7241077423095703	0.8046792149543762	0.8048643469810486	0.7313140034675598	0.7717427015304565
Zone_3_2_24	0.8859394788742065	0.8840109705924988	0.929750919342041	0.9423359632492065	0.8798045516014099	0.9486228823661804	0.8893198370933533	0.8844349384307861	0.9306476712226868	0.8642255663871765	0.8761299848556519	0.8450554609298706	0.8632521033287048	0.8958166837692261	0.8906137943267822	0.8134081959724426	0.8224508762359619	0.862016499042511	0.8202149271965027	0.8338755369186401	0.814080536365509	0.8290488719940186	0.8541328907012939	0.852208137512207	0.8246028423309326	0.8492676019668579	0.8838618993759155	0.822782039642334	0.827719509601593	0.8153092861175537	0.8408946990966797	0.8384497165679932	0.7908375859260559	0.7803301215171814	0.8359817266464233	0.8303080797195435	0.8277811408042908	0.8176928162574768	0.8484793305397034	0.8279330730438232	0.8374965786933899	0.5320600271224976	0.3744384944438934	0.3318453133106232	0.4078223705291748	0.3138101696968079	0.5486765503883362	0.3063340187072754	0.3670234084129333	0.3809874951839447	0.3687562644481659	0.3780986964702606	0.4476180672645569	0	0.4360334575176239	0.4575390517711639	0.3989913463592529	0.5231664180755615	0.5212222933769226	0.4351125657558441	0.4735924899578094	0.4299037158489227	0.4428300857543945	0.4526510238647461	0.4603365957736969	0.4170305132865906	0.8300538063049316	0.8238105773925781	0.8236058950424194	0.8247444629669189	0.8764437437057495	0.8249968290328979	0.7718409895896912	0.8221002221107483	0.8100377917289734	0.8222843408584595	0.8251504898071289	0.8447306752204895	0.8221815228462219	0.8311206698417664	0.828363299369812	0.7737024426460266	0.8284913301467896	0.831256628036499	0.8222036361694336	0.8285695314407349	0.8115909099578857	0.8297200798988342	0.8298607468605042	0.8176482319831848	0.8507645726203918
Zone_2A_12_24	0.9077028036117554	0.9217236638069153	0.9261530041694641	0.9452405571937561	0.9195511341094971	0.9517847895622253	0.9165118336677551	0.9233602285385132	0.9271372556686401	0.9009609818458557	0.9023100137710571	0.8800129890441895	0.900845468044281	0.9289456009864807	0.9254156351089478	0.8046349287033081	0.8068543076515198	0.8005123734474182	0.8805069327354431	0.8802458047866821	0.8349419832229614	0.8824346661567688	0.8753040432929993	0.8811699151992798	0.8842930793762207	0.8120328783988953	0.8754569292068481	0.8831033706665039	0.8806814551353455	0.8143672347068787	0.888450026512146	0.8845922350883484	0.8388811349868774	0.8737316131591797	0.873971164226532	0.8777751922607422	0.884450376033783	0.8346467018127441	0.8657763004302979	0.8864697217941284	0.8793044686317444	0.5082255601882935	0.424081951379776	0.391484260559082	0.4655026793479919	0.4884195327758789	0.582746684551239	0.4284807145595551	0.4882575869560242	0.3649792075157166	0.4234692752361298	0.5332842469215393	0.478575587272644	0.4360334575176239	0	0.5498351454734802	0.480533093214035	0.6469230055809021	0.6137661337852478	0.5714515447616577	0.5384920835494995	0.505467414855957	0.5222529172897339	0.5899506807327271	0.5579581260681152	0.5145092606544495	0.8738272786140442	0.8839763998985291	0.8746101856231689	0.8666651844978333	0.8830651044845581	0.8755975365638733	0.8517178297042847	0.8735416531562805	0.8591827750205994	0.8734515905380249	0.8667422533035278	0.8776355385780334	0.8735994696617126	0.8660516142845154	0.8772677779197693	0.8568413257598877	0.8726615905761719	0.8661609888076782	0.8733941912651062	0.8727198839187622	0.810471773147583	0.864926815032959	0.8744754195213318	0.8091638088226318	0.7946473360061646
Zone_2A_10_24	0.9025965332984924	0.8996121287345886	0.8905384540557861	0.9209319949150085	0.8927234411239624	0.9291576743125916	0.9028254747390747	0.9080014824867249	0.8926049470901489	0.8741663098335266	0.8894955515861511	0.8652108907699585	0.8731098175048828	0.915555477142334	0.9097760915756226	0.8342166543006897	0.8443167209625244	0.8382347226142883	0.81876540184021	0.8301748633384705	0.8432904481887817	0.8209930658340454	0.8202314376831055	0.8181547522544861	0.8251126408576965	0.8294447064399719	0.8158846497535706	0.8224825263023376	0.8191520571708679	0.8433010578155518	0.8563178181648254	0.8463084697723389	0.8499589562416077	0.8467310070991516	0.8410812616348267	0.8350210189819336	0.8388859033584595	0.8379365801811218	0.8361351490020752	0.8298612236976624	0.8433589339256287	0.4504844546318054	0.4370041787624359	0.4236253499984741	0.4692823886871338	0.4025242626667023	0.5134745836257935	0.4757207334041595	0.5121771693229675	0.527963399887085	0.5260365605354309	0.5022567510604858	0.5102025270462036	0.4575390517711639	0.5498351454734802	0	0.2721741795539856	0.5735090374946594	0.4740580916404724	0.4500745534896851	0.4087797701358795	0.4018712043762207	0.4392094910144806	0.4013469815254211	0.4342510104179382	0.3747770488262177	0.8247084021568298	0.8113117814064026	0.8258357644081116	0.8274523615837097	0.8176835179328918	0.8278093934059143	0.8406689763069153	0.82368403673172	0.8304523825645447	0.8239515423774719	0.8280328512191772	0.8212401866912842	0.8238005638122559	0.8263154029846191	0.8221738934516907	0.8352283239364624	0.8223538994789124	0.826518177986145	0.8238356113433838	0.8224720358848572	0.8408982157707214	0.8242195248603821	0.8244306445121765	0.839848518371582	0.833993673324585
Zone_2A_1_24	0.9160454869270325	0.9128265976905823	0.8917766809463501	0.9215289950370789	0.8996193408966064	0.9297034740447998	0.9066712856292725	0.9129050374031067	0.8937990069389343	0.880321204662323	0.8839947581291199	0.870644748210907	0.8794818520545959	0.9203528761863708	0.914983868598938	0.8386344313621521	0.8504241108894348	0.8448124527931213	0.8396767973899841	0.8378115892410278	0.8520413041114807	0.8420422673225403	0.8413882255554199	0.839605987071991	0.8455819487571716	0.8493090867996216	0.811303436756134	0.8433215022087097	0.8400098085403442	0.8492729663848877	0.8641588091850281	0.8587404489517212	0.8556075692176819	0.8642292618751526	0.8603060841560364	0.8467198014259338	0.8574484586715698	0.8511977791786194	0.830407440662384	0.8496676087379456	0.8496593832969666	0.4609508216381073	0.4057261049747467	0.3635580539703369	0.4586306214332581	0.3875317871570587	0.5053683519363403	0.5147488713264465	0.4333703815937042	0.5013519525527954	0.4628247022628784	0.4891123175621033	0.5158541798591614	0.3989913463592529	0.480533093214035	0.2721741795539856	0	0.5473688244819641	0.4515320956707001	0.447076290845871	0.4212825894355774	0.3495467305183411	0.4120857119560242	0.3993527889251709	0.3854925930500031	0.3576451241970062	0.8296059966087341	0.8445573449134827	0.8306770324707031	0.8192652463912964	0.8169080018997192	0.8325709700584412	0.8330827355384827	0.8286128640174866	0.8425562977790833	0.8288800716400146	0.8198542594909668	0.8341737985610962	0.82872474193573	0.8180767297744751	0.8338252902030945	0.8396949768066406	0.8273478150367737	0.8182888627052307	0.8287689089775085	0.8274612426757812	0.845145046710968	0.8158860802650452	0.8301665186882019	0.844144880771637	0.8261033892631531
Musq_01_24	0.8638008236885071	0.8618406057357788	0.9071195125579834	0.9293222427368164	0.8333563208580017	0.9368137717247009	0.873006284236908	0.8540851473808289	0.9086336493492126	0.8331840038299561	0.8378190398216248	0.8039423823356628	0.8210564255714417	0.8687106370925903	0.8689138889312744	0.7599824666976929	0.7558817863464355	0.807667076587677	0.7537668943405151	0.7783024907112122	0.7369509339332581	0.7655390501022339	0.8004701137542725	0.7973052859306335	0.7439883351325989	0.7959297895431519	0.8231695294380188	0.7571200132369995	0.7644484043121338	0.7321598529815674	0.7576736807823181	0.7488635182380676	0.7002286314964294	0.7058009505271912	0.7779833078384399	0.7691801786422729	0.753616988658905	0.7192084193229675	0.7886185050010681	0.7505092620849609	0.7618860006332397	0.5816314220428467	0.4909332394599915	0.4656042158603668	0.5866361856460571	0.5577897429466248	0.6942610740661621	0.5660595893859863	0.5878267288208008	0.6207401156425476	0.6066130995750427	0.5785106420516968	0.598171591758728	0.5231664180755615	0.6469230055809021	0.5735090374946594	0.5473688244819641	0	0.2867105305194855	0.3303211331367493	0.3914719521999359	0.450308233499527	0.4801945686340332	0.4855737388134003	0.453339159488678	0.4720549881458282	0.7794886827468872	0.7751322984695435	0.7570585608482361	0.7702175378799438	0.8276734352111816	0.7596121430397034	0.7006638646125793	0.7683637738227844	0.7393476366996765	0.7685756683349609	0.7570213079452515	0.7855165004730225	0.7685040831565857	0.7787525653839111	0.779903769493103	0.7042299509048462	0.7768017053604126	0.7789880037307739	0.7684362530708313	0.7769363522529602	0.758257269859314	0.7763224244117737	0.7824344038963318	0.7661229968070984	0.8072789311408997
Musq_03_24	0.8532664775848389	0.8513906598091125	0.8982193470001221	0.9247100353240967	0.8200558423995972	0.9326093792915344	0.8655778169631958	0.8509995937347412	0.9000194668769836	0.8185592293739319	0.8182950615882874	0.8603405356407166	0.8046990633010864	0.8587344288825989	0.8583338260650635	0.7648869752883911	0.7604638934135437	0.8158423900604248	0.7408914566040039	0.756161630153656	0.7591836452484131	0.7423712611198425	0.7812991738319397	0.7884330749511719	0.7483307719230652	0.8205466866493225	0.7973881959915161	0.7445259094238281	0.7414472699165344	0.7615398764610291	0.7794641256332397	0.7733086347579956	0.7716513276100159	0.7795818448066711	0.7676361203193665	0.7724353671073914	0.7682458162307739	0.760840117931366	0.784641444683075	0.7551987767219543	0.7569534182548523	0.5220560431480408	0.4157897233963013	0.418132483959198	0.4964948296546936	0.4820807278156281	0.6467600464820862	0.58372563123703	0.5036072731018066	0.5863689780235291	0.5599256753921509	0.5741829872131348	0.5483572483062744	0.5212222933769226	0.6137661337852478	0.4740580916404724	0.4515320956707001	0.2867105305194855	0	0.3719508051872253	0.3735222220420837	0.3511097133159637	0.4267019629478455	0.3922324776649475	0.3813420832157135	0.3677898049354553	0.7497068643569946	0.7644094824790955	0.7514834403991699	0.7537969350814819	0.8279099464416504	0.7543080449104309	0.7727070450782776	0.7484036087989807	0.8311101198196411	0.7486227750778198	0.7544676065444946	0.7903872728347778	0.7485705614089966	0.7521697282791138	0.7613973617553711	0.764923632144928	0.7463343143463135	0.7524600625038147	0.7484568357467651	0.7465037107467651	0.7730349898338318	0.7491700649261475	0.7643985152244568	0.7713845372200012	0.8273709416389465
Musq_05_24	0.8764416575431824	0.8745238780975342	0.9228850603103638	0.9381763935089111	0.8697121143341064	0.9448571801185608	0.8819915056228638	0.8812186717987061	0.9239524602890015	0.8517429232597351	0.8656435012817383	0.8188750147819519	0.8503585457801819	0.8873156309127808	0.8811904191970825	0.7956422567367554	0.8058544993400574	0.8490431308746338	0.8104161620140076	0.8171250820159912	0.8040136694908142	0.8120313882827759	0.8399149179458618	0.8454320430755615	0.8153042793273926	0.8424884676933289	0.8724130988121033	0.8132101893424988	0.8062615394592285	0.8016455769538879	0.8308961987495422	0.8228123784065247	0.7716540098190308	0.7643237709999084	0.816087007522583	0.8085293173789978	0.8161526918411255	0.8005066514015198	0.838772714138031	0.814825177192688	0.8255583047866821	0.4909510612487793	0.3871347010135651	0.407903790473938	0.4829019904136658	0.4652253091335297	0.6101829409599304	0.4610510170459747	0.5039884448051453	0.5265352725982666	0.5147038698196411	0.4775930941104889	0.4929108619689941	0.4351125657558441	0.5714515447616577	0.4500745534896851	0.447076290845871	0.3303211331367493	0.3719508051872253	0	0.3149524927139282	0.3237279951572418	0.3806522786617279	0.3766331970691681	0.3924027979373932	0.384532243013382	0.8132455945014954	0.814409077167511	0.8141734600067139	0.8110894560813904	0.8718484044075012	0.8113871812820435	0.7578290700912476	0.812440812587738	0.7994150519371033	0.8126372098922729	0.8159332871437073	0.8329263925552368	0.812534511089325	0.8145611882209778	0.8112311959266663	0.7511060237884521	0.8113570809364319	0.8147250413894653	0.8125443458557129	0.8114516735076904	0.8015531897544861	0.8128710389137268	0.8130409121513367	0.8004533052444458	0.8442002534866333
Musq_07_24	0.867226779460907	0.8652463555335999	0.9099496603012085	0.930844783782959	0.8513698577880859	0.9381995797157288	0.8692700266838074	0.8577301502227783	0.9113779067993164	0.8285806179046631	0.8420219421386719	0.8495021462440491	0.8262856006622314	0.8719603419303894	0.8639665246009827	0.6968909502029419	0.7115400433540344	0.7635920643806458	0.7790805101394653	0.7853088974952698	0.7193494439125061	0.7903364896774292	0.8231322765350342	0.8203505873680115	0.7851595878601074	0.751568615436554	0.8454111814498901	0.7823114991188049	0.789040207862854	0.7038700580596924	0.7678701281547546	0.7657026052474976	0.7250784635543823	0.756084680557251	0.7753491997718811	0.7395488619804382	0.7665018439292908	0.7181904315948486	0.7982607483863831	0.7903271913528442	0.785656750202179	0.3403236865997314	0.3867104351520538	0.3094958961009979	0.4502077400684357	0.4638879001140594	0.5992217063903809	0.5135775804519653	0.4784448146820068	0.4534527361392975	0.4978964328765869	0.4992676377296448	0.4106612801551819	0.4735924899578094	0.5384920835494995	0.4087797701358795	0.4212825894355774	0.3914719521999359	0.3735222220420837	0.3149524927139282	0	0.3641366064548492	0.2234831750392914	0.3693670928478241	0.3709390461444855	0.2951789498329163	0.7862748503684998	0.7839978933334351	0.7646188735961914	0.779836893081665	0.8330360651016235	0.7670166492462158	0.764981210231781	0.7755722999572754	0.7993832230567932	0.7757818698883057	0.767169713973999	0.7921667098999023	0.7757040858268738	0.7880748510360718	0.7893387079238892	0.7671108841896057	0.7837517261505127	0.7882930040359497	0.7756509780883789	0.7838782668113708	0.6959013938903809	0.7858237028121948	0.7916814684867859	0.7039310336112976	0.7493187189102173
Musq_09_24	0.8525567054748535	0.8704293966293335	0.9155349135398865	0.9341427683830261	0.8597100377082825	0.9411975145339966	0.8747082948684692	0.8723534345626831	0.9171620011329651	0.8391897082328796	0.8552377223968506	0.8796327710151672	0.8373356461524963	0.8786113858222961	0.8718137741088867	0.8148066401481628	0.825200080871582	0.8708476424217224	0.8026832342147827	0.8000019788742065	0.8148532509803772	0.8043721318244934	0.8347052931785583	0.8406602740287781	0.8080577254295349	0.8639430403709412	0.8607578873634338	0.805700957775116	0.8030272722244263	0.8247473239898682	0.8278504014015198	0.8275299668312073	0.8309721946716309	0.8279268741607666	0.8218252658843994	0.8152256011962891	0.8206122517585754	0.8197351694107056	0.8446995615959167	0.8123455047607422	0.8239373564720154	0.4746406674385071	0.2824290990829468	0.4059266746044159	0.4395478963851929	0.3870589435100555	0.5527518391609192	0.5035145878791809	0.4234781861305237	0.4697348177433014	0.4550025761127472	0.4617389738559723	0.4452501237392426	0.4299037158489227	0.505467414855957	0.4018712043762207	0.3495467305183411	0.450308233499527	0.3511097133159637	0.3237279951572418	0.3641366064548492	0	0.3302655518054962	0.288051575422287	0.2674404382705688	0.3459602296352386	0.8057406544685364	0.8070627450942993	0.8067976832389832	0.8082694411277771	0.8692236542701721	0.8085950613021851	0.8204891085624695	0.8048465251922607	0.8632029294967651	0.8050552606582642	0.8087647557258606	0.8317993879318237	0.804952085018158	0.8072338104248047	0.8034824132919312	0.8154178857803345	0.8036115169525146	0.8074184060096741	0.804950475692749	0.8037182688713074	0.8207041025161743	0.805331289768219	0.805522620677948	0.8196842670440674	0.8654619455337524
Musq_11_24	0.8752886652946472	0.873274564743042	0.91648930311203	0.9344725608825684	0.8605360984802246	0.9414970874786377	0.8755338788032532	0.866312563419342	0.9177286624908447	0.8402332067489624	0.8560974597930908	0.8583728075027466	0.8384203910827637	0.8796185255050659	0.8725895285606384	0.7497819066047668	0.7619857788085938	0.8094324469566345	0.7953070998191833	0.8014364242553711	0.7401293516159058	0.8057445287704468	0.8358392715454102	0.8333853483200073	0.8007648587226868	0.7936093211174011	0.8617323040962219	0.7983177900314331	0.8007754683494568	0.750662624835968	0.7755424380302429	0.7896323204040527	0.7489116191864014	0.7645497918128967	0.787814736366272	0.7722792029380798	0.7745394706726074	0.7562792301177979	0.8090717196464539	0.8016870617866516	0.8135775923728943	0.3979406356811523	0.3764628767967224	0.35483518242836	0.4013482928276062	0.4269534349441528	0.5648597478866577	0.4915200471878052	0.4053487777709961	0.4233702719211578	0.459521621465683	0.4318479597568512	0.4001882970333099	0.4428300857543945	0.5222529172897339	0.4392094910144806	0.4120857119560242	0.4801945686340332	0.4267019629478455	0.3806522786617279	0.2234831750392914	0.3302655518054962	0	0.3262682855129242	0.3538727760314941	0.3322328329086304	0.8070941567420959	0.7997435331344604	0.7994683980941772	0.7973828315734863	0.8619132041931152	0.7977281808853149	0.7863398194313049	0.7974425554275513	0.8298274874687195	0.7976473569869995	0.80149906873703	0.8209443092346191	0.7975522875785828	0.8085647225379944	0.8048651814460754	0.7887723445892334	0.8049947619438171	0.8087466359138489	0.7975385785102844	0.8050999045372009	0.7482950687408447	0.8066883087158203	0.806877076625824	0.7555892467498779	0.7961955070495605
Musq_13_24	0.8674696683883667	0.8655856847763062	0.9162287712097168	0.9343249201774597	0.8601666688919067	0.9413630366325378	0.8752779960632324	0.8727574348449707	0.9174754619598389	0.839766800403595	0.8514893054962158	0.8734628558158875	0.8379355669021606	0.8793094158172607	0.8722427487373352	0.8016811609268188	0.8124104142189026	0.858338475227356	0.7938538193702698	0.8007954359054565	0.815533459186554	0.7954794764518738	0.8261377811431885	0.8320938348770142	0.7993484139442444	0.8560004234313965	0.8563389778137207	0.7968745827674866	0.7905223369598389	0.8089252114295959	0.8210635185241699	0.7967460155487061	0.818920373916626	0.8127186298370361	0.8100017905235291	0.7867034077644348	0.8046741485595703	0.7954466938972473	0.824440598487854	0.8003017902374268	0.7958194613456726	0.4845936298370361	0.3591744005680084	0.4224649369716644	0.3953744471073151	0.3774003088474274	0.5474865436553955	0.5243276357650757	0.454189270734787	0.5180474519729614	0.5010985732078552	0.4667564928531647	0.4409147500991821	0.4526510238647461	0.5899506807327271	0.4013469815254211	0.3993527889251709	0.4855737388134003	0.3922324776649475	0.3766331970691681	0.3693670928478241	0.288051575422287	0.3262682855129242	0	0.2889833152294159	0.3639151751995087	0.7916595339775085	0.7983182072639465	0.7805336713790894	0.7907538414001465	0.8441287279129028	0.7788835167884827	0.8076220750808716	0.7907150983810425	0.8396562933921814	0.7909179925918579	0.7827669978141785	0.8024118542671204	0.7908293604850769	0.7932969927787781	0.7945599555969238	0.8021434545516968	0.7893562912940979	0.7934965491294861	0.7908046245574951	0.7894718050956726	0.8078542947769165	0.7912394404411316	0.7967017292976379	0.8067319393157959	0.8530750274658203
Musq_15_24	0.8659737110137939	0.8640004396438599	0.9089181423187256	0.9302864670753479	0.8360923528671265	0.9376916289329529	0.8683114647865295	0.8563967347145081	0.910377562046051	0.8267530798912048	0.8404853940010071	0.8718147873878479	0.8243780732154846	0.870771586894989	0.862622082233429	0.7950959205627441	0.7908965945243835	0.8406928181648254	0.7586647868156433	0.7827571034431458	0.7743199467658997	0.7702054977416992	0.8043431639671326	0.8012828826904297	0.7651523351669312	0.8295703530311584	0.8266960382461548	0.7619569301605225	0.7690873146057129	0.7824001312255859	0.7916623950004578	0.780712366104126	0.799202561378479	0.7917639017105103	0.7912847995758057	0.7826671600341797	0.7820349335670471	0.7719941735267639	0.803644061088562	0.7709447145462036	0.7663934826850891	0.4782544374465942	0.3150361478328705	0.4010474681854248	0.4586713016033173	0.4172308743000031	0.5194159746170044	0.5145866870880127	0.4066872000694275	0.4518493711948395	0.4087440371513367	0.4518477320671082	0.4330506920814514	0.4603365957736969	0.5579581260681152	0.4342510104179382	0.3854925930500031	0.453339159488678	0.3813420832157135	0.3924027979373932	0.3709390461444855	0.2674404382705688	0.3538727760314941	0.2889833152294159	0	0.3388126492500305	0.7838019728660583	0.7795119881629944	0.7618644833564758	0.7773101925849915	0.8310824036598206	0.7643184661865234	0.7927687764167786	0.7729460597038269	0.8271729350090027	0.7731565833091736	0.764471173286438	0.7897437214851379	0.7730808854103088	0.785647451877594	0.7868862152099609	0.7955097556114197	0.7812196016311646	0.7858706116676331	0.773022472858429	0.7813491821289062	0.7930391430854797	0.7833442091941833	0.7892836332321167	0.8005891442298889	0.8420119285583496
Musq_17_24	0.8639470934867859	0.8619861006736755	0.9072408676147461	0.9293870329856873	0.8476356863975525	0.9368728995323181	0.8667694926261902	0.8408964872360229	0.908751368522644	0.8237878680229187	0.8320018649101257	0.8699771761894226	0.8212804198265076	0.8688491582870483	0.8604447245597839	0.7846099138259888	0.7967417240142822	0.8470426201820374	0.7723509669303894	0.7786033153533936	0.7873674035072327	0.7839460372924805	0.8178752660751343	0.7979984283447266	0.7786957621574402	0.842405378818512	0.8335084915161133	0.7756724953651428	0.7826782464981079	0.7880763411521912	0.803764283657074	0.8047448396682739	0.8047735095024109	0.8038601875305176	0.8043047785758972	0.7916817665100098	0.7946628928184509	0.7972353100776672	0.8096207976341248	0.7841749787330627	0.7852782607078552	0.4427395164966583	0.2942759990692139	0.3905224204063416	0.3264099359512329	0.4274907112121582	0.5390087962150574	0.4390799105167389	0.3559541702270508	0.4395193159580231	0.3976251780986786	0.4905264377593994	0.4837446212768555	0.4170305132865906	0.5145092606544495	0.3747770488262177	0.3576451241970062	0.4720549881458282	0.3677898049354553	0.384532243013382	0.2951789498329163	0.3459602296352386	0.3322328329086304	0.3639151751995087	0.3388126492500305	0	0.772258460521698	0.7774732708930969	0.7636808156967163	0.7657020092010498	0.8338438868522644	0.7661488056182861	0.782339334487915	0.7609949707984924	0.8363420367240906	0.7612035274505615	0.7663052082061768	0.7993075251579285	0.7611405253410339	0.7742686867713928	0.782896876335144	0.7848982810974121	0.7694697380065918	0.7745094895362854	0.7610589265823364	0.7696096301078796	0.7826299071311951	0.7717828154563904	0.7853843569755554	0.7903470396995544	0.8328153491020203
Musq_21_25	0.6477269530296326	0.6545338034629822	0.6733444929122925	0.8582648634910583	0.6226158142089844	0.8708899021148682	0.7842545509338379	0.6721845269203186	0.6901388168334961	0.5514583587646484	0.5717564821243286	0.7602064609527588	0.4339002072811127	0.6903902292251587	0.6932938098907471	0.3028334081172943	0.3703646659851074	0.5002232789993286	0.1867301911115646	0.1325041949748993	0.3559698462486267	0.1488959193229675	0.3243817985057831	0.3423539102077484	0.2119615823030472	0.5224282741546631	0.3980039060115814	0.1724831610918045	0.1923920661211014	0.3853283226490021	0.4917329549789429	0.4383092820644379	0.4493594169616699	0.460262268781662	0.3381753861904144	0.2961315512657166	0.3820565640926361	0.3498311340808868	0.4263991117477417	0.2769412398338318	0.308039665222168	0.7256820797920227	0.8045117259025574	0.780987560749054	0.7880427241325378	0.8253222703933716	0.8628398776054382	0.7882241606712341	0.8092273473739624	0.7763896584510803	0.7794105410575867	0.7980392575263977	0.8050742745399475	0.8300538063049316	0.8738272786140442	0.8247084021568298	0.8296059966087341	0.7794886827468872	0.7497068643569946	0.8132455945014954	0.7862748503684998	0.8057406544685364	0.8070941567420959	0.7916595339775085	0.7838019728660583	0.772258460521698	0	0.1256726086139679	0.1200257688760757	0.151160404086113	0.3795371949672699	0.1530869603157043	0.3318704068660736	0.0818624421954155	0.4416587650775909	0.08291718363761902	0.1534851342439651	0.2749404311180115	0.08840837329626083	0.1363659203052521	0.1395082920789719	0.2630912661552429	0.05306043103337288	0.1357423365116119	0.08524397760629654	0.05066562816500664	0.3401164412498474	0.09593977034091949	0.09175807982683182	0.3200465440750122	0.4489254653453827
Musq_19_25	0.654472291469574	0.6599597334861755	0.6840642690658569	0.8601599931716919	0.6253615617752075	0.8726804256439209	0.7865991592407227	0.6577579975128174	0.6998156905174255	0.5625692009925842	0.6125423312187195	0.7640382647514343	0.4500276744365692	0.695996105670929	0.6995165348052979	0.3760959208011627	0.4285350441932678	0.5532488822937012	0.155022531747818	0.1693024188280106	0.3295581936836243	0.1718494445085526	0.3402958810329437	0.3114767074584961	0.1811896711587906	0.4951867759227753	0.4730465710163116	0.1402485519647598	0.2128985077142715	0.4037170112133026	0.4663898944854736	0.4555643796920776	0.4915213286876678	0.4343624114990234	0.3461560606956482	0.3385468423366547	0.3549977540969849	0.3811800479888916	0.4460565745830536	0.2452553659677505	0.3334861695766449	0.7283415198326111	0.8085048794746399	0.7857200503349304	0.7927220463752747	0.8186466097831726	0.8540383577346802	0.790225625038147	0.8130282759666443	0.7810381650924683	0.7713724970817566	0.7997937202453613	0.7979417443275452	0.8238105773925781	0.8839763998985291	0.8113117814064026	0.8445573449134827	0.7751322984695435	0.7644094824790955	0.814409077167511	0.7839978933334351	0.8070627450942993	0.7997435331344604	0.7983182072639465	0.7795119881629944	0.7774732708930969	0.1256726086139679	0	0.1708759069442749	0.1916886568069458	0.4186163544654846	0.1970019936561584	0.3635329902172089	0.1366468220949173	0.4435512721538544	0.1360441446304321	0.1996579021215439	0.2775079309940338	0.142617255449295	0.2324950248003006	0.1720469444990158	0.3437717258930206	0.1701482832431793	0.2352975010871887	0.1382361054420471	0.1719752848148346	0.3686520755290985	0.2026934176683426	0.1261163502931595	0.3906107246875763	0.4764294028282166
Musq_17_25	0.6534268260002136	0.6589804887771606	0.682421863079071	0.8598648309707642	0.6288678646087646	0.8724016547203064	0.7862329483032227	0.6567571759223938	0.6983314156532288	0.5608553290367126	0.5791884064674377	0.7634427547454834	0.447548121213913	0.6951263546943665	0.6985530257225037	0.3193361461162567	0.3843335509300232	0.5116502046585083	0.1576227396726608	0.1601620465517044	0.3319314122200012	0.1745167374610901	0.3429853320121765	0.3142262399196625	0.1837496310472488	0.5000623464584351	0.4158414006233215	0.1428702771663666	0.2154965847730637	0.3628304004669189	0.4726826846599579	0.3987261950969696	0.4597311317920685	0.4408378005027771	0.3543934226036072	0.2532956898212433	0.3598941266536713	0.3124673664569855	0.4042030572891235	0.2510376870632172	0.2232447266578674	0.7458572387695312	0.797433614730835	0.7730516791343689	0.7800636291503906	0.8184211254119873	0.8555066585540771	0.7899129390716553	0.8138272166252136	0.7819274663925171	0.7710275053977966	0.7995195388793945	0.7976723909378052	0.8236058950424194	0.8746101856231689	0.8258357644081116	0.8306770324707031	0.7570585608482361	0.7514834403991699	0.8141734600067139	0.7646188735961914	0.8067976832389832	0.7994683980941772	0.7805336713790894	0.7618644833564758	0.7636808156967163	0.1200257688760757	0.1708759069442749	0	0.1158130317926407	0.2756752371788025	0.03926157578825951	0.3074363470077515	0.04802053794264793	0.4203161299228668	0.05165087431669235	0.04634098336100578	0.1666001975536346	0.05472958087921143	0.1593431234359741	0.1633348762989044	0.2796527445316315	0.0832502469420433	0.158697322010994	0.05397718399763107	0.08093179017305374	0.315868616104126	0.1210846751928329	0.1976685076951981	0.3357537090778351	0.4763269126415253
Musq_15_25	0.6591911911964417	0.6643826365470886	0.6913870573043823	0.8614991307258606	0.6351854801177979	0.8739446401596069	0.7882627844810486	0.6622772216796875	0.7064446210861206	0.5702663064002991	0.5866862535476685	0.7667335867881775	0.461128294467926	0.6999248266220093	0.7038612961769104	0.3385254442691803	0.4007758796215057	0.5254120826721191	0.1866866946220398	0.1912529468536377	0.3513950407505035	0.2034618407487869	0.3645080327987671	0.3374496698379517	0.211127758026123	0.5116351842880249	0.4366151094436646	0.1729075759649277	0.1837083548307419	0.342299222946167	0.4690708518028259	0.4407429397106171	0.4681186378002167	0.4375031590461731	0.3279516398906708	0.306616872549057	0.3597205579280853	0.3792832791805267	0.3576579093933105	0.2258945554494858	0.2597149610519409	0.7399587035179138	0.7943912148475647	0.7748492956161499	0.7661629915237427	0.8133909106254578	0.8565676808357239	0.7916495800018311	0.8097003102302551	0.7764429450035095	0.7605206966400146	0.7949041724205017	0.7991690635681152	0.8247444629669189	0.8666651844978333	0.8274523615837097	0.8192652463912964	0.7702175378799438	0.7537969350814819	0.8110894560813904	0.779836893081665	0.8082694411277771	0.7973828315734863	0.7907538414001465	0.7773101925849915	0.7657020092010498	0.151160404086113	0.1916886568069458	0.1158130317926407	0	0.3675690293312073	0.09001273661851883	0.2748726606369019	0.07869325578212738	0.4830115437507629	0.07795180380344391	0.07802271097898483	0.2158508747816086	0.08929058909416199	0.1173249930143356	0.1549112200737	0.3009279370307922	0.1169851869344711	0.1207113191485405	0.08448797464370728	0.1147464737296104	0.3319462835788727	0.08123698085546494	0.1598388701677322	0.3540787100791931	0.4482171535491943
Musq_13_25	0.790986180305481	0.7898886203765869	0.5841768980026245	0.8449872732162476	0.7697129249572754	0.8582937121391296	0.8641924858093262	0.7896937131881714	0.6108532547950745	0.7389659881591797	0.7267297506332397	0.772273063659668	0.6525107622146606	0.8251779079437256	0.8443359732627869	0.5205786228179932	0.5729478001594543	0.4845591485500336	0.4096825122833252	0.4312114715576172	0.5397359728813171	0.4304385185241699	0.422372430562973	0.3476432263851166	0.4279918372631073	0.4682867527008057	0.2565266489982605	0.3993441462516785	0.4587139487266541	0.5424337983131409	0.635231077671051	0.5717664361000061	0.617984414100647	0.606591522693634	0.5601762533187866	0.4663232564926147	0.5490687489509583	0.5089678168296814	0.4793363809585571	0.4722361266613007	0.4397121071815491	0.8279735445976257	0.8553892374038696	0.8379831910133362	0.8453627228736877	0.87496417760849	0.8509445786476135	0.8577076196670532	0.8691020011901855	0.8443194031715393	0.8396148085594177	0.8618383407592773	0.8582785129547119	0.8764437437057495	0.8830651044845581	0.8176835179328918	0.8169080018997192	0.8276734352111816	0.8279099464416504	0.8718484044075012	0.8330360651016235	0.8692236542701721	0.8619132041931152	0.8441287279129028	0.8310824036598206	0.8338438868522644	0.3795371949672699	0.4186163544654846	0.2756752371788025	0.3675690293312073	0	0.3002881109714508	0.5021105408668518	0.3151809275150299	0.3715777695178986	0.3188197016716003	0.3032144606113434	0.2530253529548645	0.3245184123516083	0.4081432223320007	0.4223253726959229	0.4917802512645721	0.3542904257774353	0.4070682227611542	0.3250169157981873	0.3519719243049622	0.5115995407104492	0.3805592656135559	0.446031391620636	0.5321422815322876	0.4440018534660339
Musq_11_25	0.6604527831077576	0.6655660271644592	0.6933203339576721	0.8618590235710144	0.6365675926208496	0.8742842078208923	0.7887107133865356	0.6634862422943115	0.7081978321075439	0.5723139047622681	0.5883248448371887	0.7674562931060791	0.4640713334083557	0.7009761333465576	0.7050216197967529	0.3393357396125793	0.4013195037841797	0.525523841381073	0.188395768404007	0.1930631250143051	0.3521815836429596	0.2051174640655518	0.3653343319892883	0.3384276032447815	0.212676152586937	0.511795699596405	0.4371688067913055	0.174710214138031	0.1936705857515335	0.3354746997356415	0.4714328944683075	0.4009034037590027	0.4704061448574066	0.4400548338890076	0.3230551481246948	0.2500666081905365	0.3604251742362976	0.3297090232372284	0.4039548933506012	0.2173261195421219	0.1902448385953903	0.7489581704139709	0.7947167754173279	0.7752469182014465	0.7783727049827576	0.8199524879455566	0.8568024039268494	0.7920336723327637	0.815362274646759	0.7839550971984863	0.7733656764030457	0.8013814091682434	0.7995002269744873	0.8249968290328979	0.8755975365638733	0.8278093934059143	0.8325709700584412	0.7596121430397034	0.7543080449104309	0.8113871812820435	0.7670166492462158	0.8085950613021851	0.7977281808853149	0.7788835167884827	0.7643184661865234	0.7661488056182861	0.1530869603157043	0.1970019936561584	0.03926157578825951	0.09001273661851883	0.3002881109714508	0	0.324660062789917	0.08106643706560135	0.4349870383739471	0.08456229418516159	0.07822294533252716	0.1314840763807297	0.09159570932388306	0.1896704584360123	0.1947081089019775	0.3019277155399323	0.1191633343696594	0.1889975070953369	0.09103702753782272	0.1169357001781464	0.3354352712631226	0.1541015356779099	0.2265641540288925	0.3548135459423065	0.4909001290798187
Musq_09_25	0.7032931447029114	0.7060025334358215	0.7535561919212341	0.874571681022644	0.6833560466766357	0.8862383365631104	0.8048232197761536	0.7047165632247925	0.7633284330368042	0.6393392086029053	0.6434592604637146	0.6537035703659058	0.5581867694854736	0.7369269728660583	0.7441273331642151	0.3501817286014557	0.4046766757965088	0.5147778987884521	0.3559640049934387	0.3690966367721558	0.3617748618125916	0.3711487054824829	0.4891083240509033	0.4713127613067627	0.3713483214378357	0.502660870552063	0.5533196926116943	0.3473761081695557	0.3952153921127319	0.3832007050514221	0.5363569259643555	0.513453483581543	0.314973920583725	0.2899950444698334	0.4539327919483185	0.4192748665809631	0.4518477618694305	0.3857764601707458	0.452411562204361	0.4096536636352539	0.4286496937274933	0.7031576633453369	0.8034462332725525	0.7607833743095398	0.7854915261268616	0.8242901563644409	0.8653987646102905	0.7241325974464417	0.8110470771789551	0.7627562284469604	0.777330219745636	0.7157613635063171	0.7849982380867004	0.7718409895896912	0.8517178297042847	0.8406689763069153	0.8330827355384827	0.7006638646125793	0.7727070450782776	0.7578290700912476	0.764981210231781	0.8204891085624695	0.7863398194313049	0.8076220750808716	0.7927687764167786	0.782339334487915	0.3318704068660736	0.3635329902172089	0.3074363470077515	0.2748726606369019	0.5021105408668518	0.324660062789917	0	0.2818763554096222	0.2921620011329651	0.2846082746982574	0.2781282961368561	0.4208165407180786	0.2890721559524536	0.3077390789985657	0.3334826529026031	0.09992337226867676	0.311313807964325	0.2542887926101685	0.2893231213092804	0.3095721006393433	0.3464742302894592	0.2828003764152527	0.3377854526042938	0.3636505603790283	0.446639209985733
Musq_07_25	0.6456190347671509	0.6516772508621216	0.6699322462081909	0.857677161693573	0.6203022599220276	0.8703342080116272	0.7835299372673035	0.6492897868156433	0.6870650053024292	0.5479597449302673	0.5690032839775085	0.7590140104293823	0.4287962913513184	0.6886407732963562	0.6913461685180664	0.2966657280921936	0.3651549518108368	0.4959574937820435	0.122183158993721	0.1220466271042824	0.3089300394058228	0.1392330527305603	0.3173909783363342	0.2864318490028381	0.1505177021026611	0.4815429151058197	0.3912809491157532	0.1061514690518379	0.1836966723203659	0.3410731554031372	0.4562007486820221	0.4264263808727264	0.4433348774909973	0.4230899512767792	0.3290460109710693	0.284699022769928	0.3368420302867889	0.3415204584598541	0.3826065957546234	0.2196349054574966	0.2551069259643555	0.7424702048301697	0.795535683631897	0.770666778087616	0.7777391672134399	0.8167616724967957	0.8541011810302734	0.7876066565513611	0.8121643662452698	0.7797262072563171	0.7684841752052307	0.797498345375061	0.7956892251968384	0.8221002221107483	0.8735416531562805	0.82368403673172	0.8286128640174866	0.7683637738227844	0.7484036087989807	0.812440812587738	0.7755722999572754	0.8048465251922607	0.7974425554275513	0.7907150983810425	0.7729460597038269	0.7609949707984924	0.0818624421954155	0.1366468220949173	0.04802053794264793	0.07869325578212738	0.3151809275150299	0.08106643706560135	0.2818763554096222	0	0.4503803253173828	0.003804257372394204	0.08381350338459015	0.2123704105615616	0.01203744485974312	0.1244522258639336	0.1271258890628815	0.2543171942234039	0.04164553806185722	0.1238424032926559	0.0110439769923687	0.0392218641936779	0.2937269806861877	0.08297290652990341	0.1644293218851089	0.3141809403896332	0.4598636627197266
Musq_05_25	0.7890360355377197	0.7881600856781006	0.7071452140808105	0.8645111918449402	0.770596981048584	0.8767848610877991	0.8571933507919312	0.7879667282104492	0.7207608222961426	0.7451178431510925	0.7476488351821899	0.6165079474449158	0.6754332184791565	0.819010317325592	0.834859311580658	0.4927341639995575	0.5396878719329834	0.4592296779155731	0.4897811412811279	0.5109728574752808	0.4846672117710114	0.5069034695625305	0.5014813542366028	0.4488170742988586	0.502232551574707	0.4190412759780884	0.4946553409099579	0.4828245937824249	0.5261816382408142	0.5140870213508606	0.6353514194488525	0.5812160968780518	0.4433590471744537	0.4012788236141205	0.5732318758964539	0.4963881969451904	0.5630199313163757	0.4597220420837402	0.5284393429756165	0.532858669757843	0.5285288691520691	0.7718230485916138	0.8489722013473511	0.8122212290763855	0.8468652367591858	0.8691384196281433	0.8585471510887146	0.772718071937561	0.858711838722229	0.8069937825202942	0.835135281085968	0.7836560606956482	0.8272503018379211	0.8100377917289734	0.8591827750205994	0.8304523825645447	0.8425562977790833	0.7393476366996765	0.8311101198196411	0.7994150519371033	0.7993832230567932	0.8632029294967651	0.8298274874687195	0.8396562933921814	0.8271729350090027	0.8363420367240906	0.4416587650775909	0.4435512721538544	0.4203161299228668	0.4830115437507629	0.3715777695178986	0.4349870383739471	0.2921620011329651	0.4503803253173828	0	0.4531261026859283	0.4373002052307129	0.3803679049015045	0.4567314684391022	0.5132389664649963	0.5013132095336914	0.267212450504303	0.4796725511550903	0.5122706294059753	0.4575705528259277	0.4779220521450043	0.4856406450271606	0.4956331551074982	0.465844452381134	0.5032923817634583	0.3725416958332062
Musq_03_25	0.6449500918388367	0.6519470810890198	0.6688439249992371	0.8574910759925842	0.6195679903030396	0.870158314704895	0.7833009958267212	0.648650586605072	0.6860846281051636	0.5468469858169556	0.5681292414665222	0.7586361169815063	0.4271703362464905	0.6880859732627869	0.6907278299331665	0.2976970374584198	0.3661854863166809	0.4971507489681244	0.1232588142156601	0.1232069358229637	0.310009241104126	0.1403485089540482	0.3186224400997162	0.2876742780208588	0.151594340801239	0.4827152788639069	0.3927063941955566	0.1072255298495293	0.1848102360963821	0.3435859680175781	0.4549659788608551	0.4250939190387726	0.4421050846576691	0.4217529892921448	0.32710000872612	0.2875953018665314	0.337863028049469	0.3425534665584564	0.3836736977100372	0.220701202750206	0.2561517655849457	0.7427018284797668	0.7957246899604797	0.7708650231361389	0.777942419052124	0.8169563412666321	0.8543275594711304	0.7874114513397217	0.8123523592948914	0.7799214124679565	0.7686924338340759	0.79732745885849	0.7958870530128479	0.8222843408584595	0.8734515905380249	0.8239515423774719	0.8288800716400146	0.7685756683349609	0.7486227750778198	0.8126372098922729	0.7757818698883057	0.8050552606582642	0.7976473569869995	0.7909179925918579	0.7731565833091736	0.7612035274505615	0.08291718363761902	0.1360441446304321	0.05165087431669235	0.07795180380344391	0.3188197016716003	0.08456229418516159	0.2846082746982574	0.003804257372394204	0.4531261026859283	0	0.08059676736593246	0.215858519077301	0.01581420376896858	0.1238200962543488	0.1307449191808701	0.2572583556175232	0.04269278421998024	0.1273068934679031	0.007276528514921665	0.04026569798588753	0.2935234010219574	0.08659899979829788	0.1678936928510666	0.3152041733264923	0.4624926149845123
Musq_01_25	0.6596948504447937	0.6657055616378784	0.6921604871749878	0.8616427183151245	0.635737419128418	0.8740801215171814	0.78844153881073	0.6627599596977234	0.7071455717086792	0.5710844397544861	0.5873405337333679	0.7670220732688904	0.462304562330246	0.7003445029258728	0.7043246030807495	0.3399416208267212	0.4019803702831268	0.5263944268226624	0.1888523548841476	0.1935626864433289	0.3528276383876801	0.2056142091751099	0.3660835325717926	0.3391538858413696	0.2131654173135757	0.5126408338546753	0.4381143152713776	0.1751471608877182	0.2437307089567184	0.3793850541114807	0.4819680452346802	0.4123422503471375	0.4690322875976562	0.4509609043598175	0.3691047430038452	0.276040107011795	0.3758818209171295	0.330294281244278	0.3743177354335785	0.2728351652622223	0.2453878819942474	0.7407016158103943	0.7993356585502625	0.7753983736038208	0.7706384062767029	0.8138377666473389	0.856999397277832	0.7918028831481934	0.810140073299408	0.7769722938537598	0.7611218690872192	0.7950435876846313	0.7996587753295898	0.8251504898071289	0.8667422533035278	0.8280328512191772	0.8198542594909668	0.7570213079452515	0.7544676065444946	0.8159332871437073	0.767169713973999	0.8087647557258606	0.80149906873703	0.7827669978141785	0.764471173286438	0.7663052082061768	0.1534851342439651	0.1996579021215439	0.04634098336100578	0.07802271097898483	0.3032144606113434	0.07822294533252716	0.2781282961368561	0.08381350338459015	0.4373002052307129	0.08059676736593246	0	0.2046806067228317	0.09433306008577347	0.1220590472221375	0.1595952808856964	0.3042332530021667	0.1195069774985313	0.1254139393568039	0.08710832893848419	0.1172746419906616	0.3349142372608185	0.0863126739859581	0.1643868237733841	0.3554291427135468	0.4508294463157654
Musq_23_25	0.7094290852546692	0.7122501730918884	0.654915452003479	0.8551754355430603	0.6863833069801331	0.8679669499397278	0.817516028881073	0.710867166519165	0.6735758185386658	0.634091854095459	0.6570834517478943	0.7539162635803223	0.5329462289810181	0.7478024363517761	0.7575242519378662	0.4320114254951477	0.4884280562400818	0.5020990371704102	0.2625911831855774	0.2768467962741852	0.4197844564914703	0.2845821380615234	0.2866419553756714	0.2529279887676239	0.2887371778488159	0.4625287652015686	0.4002823829650879	0.2536025941371918	0.2711495757102966	0.4217331111431122	0.5295083522796631	0.4585862755775452	0.5467815399169922	0.4988269805908203	0.3952979445457458	0.3223218023777008	0.4261870384216309	0.3968544006347656	0.3761063814163208	0.2930253148078918	0.2940610647201538	0.7789793014526367	0.8222695589065552	0.8059607744216919	0.8093578219413757	0.8410384654998779	0.8525135517120361	0.8171184659004211	0.8415625095367432	0.8134827613830566	0.7986199259757996	0.8245028257369995	0.8219775557518005	0.8447306752204895	0.8776355385780334	0.8212401866912842	0.8341737985610962	0.7855165004730225	0.7903872728347778	0.8329263925552368	0.7921667098999023	0.8317993879318237	0.8209443092346191	0.8024118542671204	0.7897437214851379	0.7993075251579285	0.2749404311180115	0.2775079309940338	0.1666001975536346	0.2158508747816086	0.2530253529548645	0.1314840763807297	0.4208165407180786	0.2123704105615616	0.3803679049015045	0.215858519077301	0.2046806067228317	0	0.2101597934961319	0.299709141254425	0.2710893750190735	0.3994120657444	0.2383809238672256	0.2988497018814087	0.2101291418075562	0.2400812804698944	0.423073410987854	0.2685514092445374	0.3006669580936432	0.4428019225597382	0.4651625454425812
Musq_25_25	0.642784595489502	0.6489846706390381	0.6706264019012451	0.8577961325645447	0.6207713484764099	0.8704467415809631	0.7836765646934509	0.6496982574462891	0.6876901388168335	0.5486701130867004	0.5695617198944092	0.759255588054657	0.4298335313796997	0.6889954209327698	0.6917410492897034	0.2979187667369843	0.3662128448486328	0.4942514300346375	0.1199547424912453	0.1241765692830086	0.3102025985717773	0.141200065612793	0.3188129961490631	0.2879782617092133	0.1523669064044952	0.4824198782444	0.3926493227481842	0.1081986576318741	0.1775935441255569	0.3421230018138885	0.4592009782791138	0.4272769689559937	0.4462904036045074	0.4262490272521973	0.3333401679992676	0.2891627252101898	0.3407533764839172	0.3454440534114838	0.3863678276538849	0.2246992886066437	0.2564978003501892	0.7426539659500122	0.7956382632255554	0.7707958817481995	0.7778649926185608	0.8168513774871826	0.8541771173477173	0.7863094210624695	0.8122541904449463	0.7798452973365784	0.7686220407485962	0.7976076602935791	0.7957965135574341	0.8221815228462219	0.8735994696617126	0.8238005638122559	0.82872474193573	0.7685040831565857	0.7485705614089966	0.812534511089325	0.7757040858268738	0.804952085018158	0.7975522875785828	0.7908293604850769	0.7730808854103088	0.7611405253410339	0.08840837329626083	0.142617255449295	0.05472958087921143	0.08929058909416199	0.3245184123516083	0.09159570932388306	0.2890721559524536	0.01203744485974312	0.4567314684391022	0.01581420376896858	0.09433306008577347	0.2101597934961319	0	0.1222538203001022	0.1248334795236588	0.2557289600372314	0.03924291580915451	0.1216479390859604	0.008641808293759823	0.04156581684947014	0.2860867083072662	0.07174691557884216	0.1540671586990356	0.3124586939811707	0.4530009031295776
Zone_3_1_25	0.6551458239555359	0.6605854630470276	0.6851181387901306	0.8603504300117493	0.6307524442672729	0.8728603720664978	0.7868353128433228	0.6787562966346741	0.700768768787384	0.5636715888977051	0.5814263224601746	0.7644222974777222	0.4516212046146393	0.6965563893318176	0.7001371383666992	0.3270845115184784	0.3910567164421082	0.5150400400161743	0.2170628309249878	0.1724705398082733	0.3786841928958893	0.1859837472438812	0.3517407476902008	0.3693073987960815	0.2440006881952286	0.5361803770065308	0.4244447946548462	0.2076413333415985	0.2259599417448044	0.4006213545799255	0.5042788982391357	0.4527035355567932	0.4628481566905975	0.4738445281982422	0.3592308461666107	0.319744735956192	0.4022592902183533	0.3716241121292114	0.4014745950698853	0.3041501045227051	0.3298650979995728	0.738099992275238	0.8058995008468628	0.7827658653259277	0.7781227231025696	0.8202656507492065	0.8637620210647583	0.7904277443885803	0.8164229989051819	0.7840946912765503	0.7689921855926514	0.7937926650047302	0.8065198063850403	0.8311206698417664	0.8660516142845154	0.8263154029846191	0.8180767297744751	0.7787525653839111	0.7521697282791138	0.8145611882209778	0.7880748510360718	0.8072338104248047	0.8085647225379944	0.7932969927787781	0.785647451877594	0.7742686867713928	0.1363659203052521	0.2324950248003006	0.1593431234359741	0.1173249930143356	0.4081432223320007	0.1896704584360123	0.3077390789985657	0.1244522258639336	0.5132389664649963	0.1238200962543488	0.1220590472221375	0.299709141254425	0.1222538203001022	0	0.1315751820802689	0.28819739818573	0.09212029725313187	0.09714002907276154	0.1176974102854729	0.09419996291399002	0.2959980368614197	0.05557595938444138	0.1372203379869461	0.2791910171508789	0.4709548652172089
Zone_3_3_25	0.6400450468063354	0.6464678645133972	0.6607621908187866	0.8561334609985352	0.6141820549964905	0.8688738346099854	0.7816321849822998	0.6653943061828613	0.6788205504417419	0.5386480689048767	0.5955511331558228	0.7558725476264954	0.415151983499527	0.6840206384658813	0.6861892938613892	0.3357217609882355	0.4010898768901825	0.5293083190917969	0.1500411331653595	0.09377776831388474	0.3348680138587952	0.1131793558597565	0.2986110150814056	0.3169942796230316	0.1814369559288025	0.5053919553756714	0.4393132030963898	0.138758048415184	0.1603016406297684	0.4103730916976929	0.4786436259746552	0.4421061277389526	0.4753057062625885	0.4460776448249817	0.3158747851848602	0.29646897315979	0.3634426593780518	0.352738231420517	0.4321511089801788	0.2513248026371002	0.3388572931289673	0.7216601371765137	0.8133010864257812	0.7908335328102112	0.7914446592330933	0.8179149627685547	0.8612268567085266	0.7859919667243958	0.8228142857551575	0.792808473110199	0.7696314454078674	0.7888352274894714	0.8028920292854309	0.828363299369812	0.8772677779197693	0.8221738934516907	0.8338252902030945	0.779903769493103	0.7613973617553711	0.8112311959266663	0.7893387079238892	0.8034824132919312	0.8048651814460754	0.7945599555969238	0.7868862152099609	0.782896876335144	0.1395082920789719	0.1720469444990158	0.1633348762989044	0.1549112200737	0.4223253726959229	0.1947081089019775	0.3334826529026031	0.1271258890628815	0.5013132095336914	0.1307449191808701	0.1595952808856964	0.2710893750190735	0.1248334795236588	0.1315751820802689	0	0.2959766387939453	0.09346073120832443	0.1250314116477966	0.1244054660201073	0.09562917798757553	0.3669914603233337	0.08991613239049911	0.09380079805850983	0.3492808640003204	0.5027002692222595
Musq_31_25	0.6857637763023376	0.6893935203552246	0.730119526386261	0.8692517876625061	0.6642447113990784	0.8812457323074341	0.7980128526687622	0.7060222029685974	0.7417564392089844	0.6124886274337769	0.6210184097290039	0.6342653036117554	0.5209948420524597	0.7221577167510986	0.7281955480575562	0.2924191951751709	0.3548681437969208	0.4706507623195648	0.3294960260391235	0.3017490804195404	0.3406792283058167	0.3071646690368652	0.4408992230892181	0.4567583501338959	0.3495400846004486	0.4918124675750732	0.5084712505340576	0.3228761255741119	0.3362646400928497	0.3657771050930023	0.5309767127037048	0.4849993586540222	0.2630042433738708	0.2688501179218292	0.408750981092453	0.3710649013519287	0.4407573342323303	0.3357750475406647	0.479566901922226	0.394458144903183	0.4129135608673096	0.7221777439117432	0.8060132265090942	0.7627348303794861	0.7990133166313171	0.8331605195999146	0.8693073391914368	0.7151044011116028	0.828460693359375	0.7717462182044983	0.7913838624954224	0.7310278415679932	0.7873328328132629	0.7737024426460266	0.8568413257598877	0.8352283239364624	0.8396949768066406	0.7042299509048462	0.764923632144928	0.7511060237884521	0.7671108841896057	0.8154178857803345	0.7887723445892334	0.8021434545516968	0.7955097556114197	0.7848982810974121	0.2630912661552429	0.3437717258930206	0.2796527445316315	0.3009279370307922	0.4917802512645721	0.3019277155399323	0.09992337226867676	0.2543171942234039	0.267212450504303	0.2572583556175232	0.3042332530021667	0.3994120657444	0.2557289600372314	0.28819739818573	0.2959766387939453	0	0.2344059348106384	0.2874639928340912	0.2558746933937073	0.2324746251106262	0.3229597508907318	0.2607371509075165	0.3203839361667633	0.305708646774292	0.4701236188411713
Zone_3_2_25	0.6390224695205688	0.6464265584945679	0.6590561866760254	0.8558518290519714	0.6130585670471191	0.8686073422431946	0.7812868356704712	0.6644914150238037	0.6772891879081726	0.5369299650192261	0.5603726506233215	0.7552980184555054	0.4126247465610504	0.6831738948822021	0.6852421164512634	0.2771369218826294	0.3486979603767395	0.4797965288162231	0.1455884724855423	0.08849144726991653	0.3320247232913971	0.1083180829882622	0.2951180636882782	0.3135555386543274	0.1772969663143158	0.5034298896789551	0.3697886168956757	0.1341738998889923	0.1559445559978485	0.3628199994564056	0.4768934845924377	0.4212477803230286	0.4334115982055664	0.4441799521446228	0.3128669261932373	0.2692036926746368	0.3609418869018555	0.3269221186637878	0.4067780673503876	0.2478631138801575	0.2785508036613464	0.7401809096336365	0.8025386929512024	0.7785080671310425	0.7856293320655823	0.823602557182312	0.8614025115966797	0.785698413848877	0.818848192691803	0.7872624397277832	0.7767709493637085	0.7958285808563232	0.8030158281326294	0.8284913301467896	0.8726615905761719	0.8223538994789124	0.8273478150367737	0.7768017053604126	0.7463343143463135	0.8113570809364319	0.7837517261505127	0.8036115169525146	0.8049947619438171	0.7893562912940979	0.7812196016311646	0.7694697380065918	0.05306043103337288	0.1701482832431793	0.0832502469420433	0.1169851869344711	0.3542904257774353	0.1191633343696594	0.311313807964325	0.04164553806185722	0.4796725511550903	0.04269278421998024	0.1195069774985313	0.2383809238672256	0.03924291580915451	0.09212029725313187	0.09346073120832443	0.2344059348106384	0	0.09154880046844482	0.03560596331954002	0.002516287378966808	0.314169853925705	0.04758402332663536	0.133588507771492	0.292592465877533	0.4802772998809814
Musq_29_25	0.6558704972267151	0.6612644195556641	0.6862481236457825	0.8605556488037109	0.6315467357635498	0.8730540871620178	0.7870897054672241	0.6793988347053528	0.7017917633056641	0.5648562908172607	0.5823692083358765	0.7648357152938843	0.4533322751522064	0.697159469127655	0.700804591178894	0.3263346254825592	0.3902703523635864	0.5140624642372131	0.2163356691598892	0.1717511713504791	0.3778562843799591	0.1852802783250809	0.3508303165435791	0.3683592081069946	0.243252769112587	0.5352032780647278	0.4233403503894806	0.2069195657968521	0.2252242565155029	0.3998656868934631	0.5054993629455566	0.4541023075580597	0.464160680770874	0.4751651287078857	0.3612628281116486	0.3189781010150909	0.4014637768268585	0.3708460032939911	0.4006568491458893	0.3033713102340698	0.3290892839431763	0.7222228050231934	0.806070864200592	0.7829806804656982	0.7783453464508057	0.8204214572906494	0.863886833190918	0.7906455397605896	0.804673969745636	0.7843009233474731	0.7692354917526245	0.7822747826576233	0.8066983819007874	0.831256628036499	0.8661609888076782	0.826518177986145	0.8182888627052307	0.7789880037307739	0.7524600625038147	0.8147250413894653	0.7882930040359497	0.8074184060096741	0.8087466359138489	0.7934965491294861	0.7858706116676331	0.7745094895362854	0.1357423365116119	0.2352975010871887	0.158697322010994	0.1207113191485405	0.4070682227611542	0.1889975070953369	0.2542887926101685	0.1238424032926559	0.5122706294059753	0.1273068934679031	0.1254139393568039	0.2988497018814087	0.1216479390859604	0.09714002907276154	0.1250314116477966	0.2874639928340912	0.09154880046844482	0	0.1212241277098656	0.09362592548131943	0.3570660948753357	0.0550747774541378	0.1365965902805328	0.3396667838096619	0.4700503349304199
Zone_2A_10_25	0.6445230841636658	0.6515440940856934	0.6681470274925232	0.8573724627494812	0.6190994381904602	0.870046079158783	0.7831549644470215	0.648242712020874	0.6854577660560608	0.5461361408233643	0.5675712823867798	0.7583950757980347	0.4261310398578644	0.6877318620681763	0.6903330087661743	0.2964487969875336	0.3651320040225983	0.4937036633491516	0.1170551851391792	0.1210812777280807	0.3087413609027863	0.138386145234108	0.3172053694725037	0.2861326932907104	0.1497499346733093	0.4818238914012909	0.3913428783416748	0.105182945728302	0.1830458045005798	0.3425251543521881	0.4564046859741211	0.4242428243160248	0.4435048997402191	0.4232212901115417	0.3289371430873871	0.2894296646118164	0.3395439684391022	0.3442465364933014	0.3853566944599152	0.2226788848638535	0.2547424137592316	0.7425190210342407	0.7956228256225586	0.7707368135452271	0.77781742811203	0.8168672919273376	0.8542520403862	0.787287175655365	0.8122631311416626	0.7798031568527222	0.7685556411743164	0.7972186207771301	0.7957805395126343	0.8222036361694336	0.8733941912651062	0.8238356113433838	0.8287689089775085	0.7684362530708313	0.7484568357467651	0.8125443458557129	0.7756509780883789	0.804950475692749	0.7975385785102844	0.7908046245574951	0.773022472858429	0.7610589265823364	0.08524397760629654	0.1382361054420471	0.05397718399763107	0.08448797464370728	0.3250169157981873	0.09103702753782272	0.2893231213092804	0.0110439769923687	0.4575705528259277	0.007276528514921665	0.08710832893848419	0.2101291418075562	0.008641808293759823	0.1176974102854729	0.1244054660201073	0.2558746933937073	0.03560596331954002	0.1212241277098656	0	0.03795228898525238	0.2893437445163727	0.08004238456487656	0.1619910001754761	0.3110882937908173	0.4590075612068176
Zone_2A_1_25	0.639464259147644	0.6468373537063599	0.6597941517829895	0.855973482131958	0.6135440468788147	0.8687224984169006	0.7814358472824097	0.6648813486099243	0.6779513359069824	0.5376725792884827	0.5609514117240906	0.7555461525917053	0.4137174785137177	0.6835396885871887	0.6856514811515808	0.2784559428691864	0.3498076498508453	0.4807131588459015	0.1475149542093277	0.09077940881252289	0.3332542479038239	0.1104216501116753	0.2966291010379791	0.3150431513786316	0.1790879964828491	0.5042782425880432	0.3712502121925354	0.1361573785543442	0.1578296422958374	0.3638425171375275	0.4776498973369598	0.4221183657646179	0.4342243373394012	0.4450002014636993	0.3141676783561707	0.2705877423286438	0.3620230555534363	0.3280964195728302	0.4077827930450439	0.2493603527545929	0.2799086272716522	0.7403675317764282	0.8026373982429504	0.7786324024200439	0.7857503294944763	0.8236886858940125	0.8614745140075684	0.7858251333236694	0.8189345598220825	0.7873771786689758	0.7769033312797546	0.7959394454956055	0.8031190037727356	0.8285695314407349	0.8727198839187622	0.8224720358848572	0.8274612426757812	0.7769363522529602	0.7465037107467651	0.8114516735076904	0.7838782668113708	0.8037182688713074	0.8050999045372009	0.7894718050956726	0.7813491821289062	0.7696096301078796	0.05066562816500664	0.1719752848148346	0.08093179017305374	0.1147464737296104	0.3519719243049622	0.1169357001781464	0.3095721006393433	0.0392218641936779	0.4779220521450043	0.04026569798588753	0.1172746419906616	0.2400812804698944	0.04156581684947014	0.09419996291399002	0.09562917798757553	0.2324746251106262	0.002516287378966808	0.09362592548131943	0.03795228898525238	0	0.3153572678565979	0.04986681044101715	0.1355694234371185	0.2938525974750519	0.4811513125896454
Musq_27_25	0.7014042139053345	0.7041867971420288	0.7544873356819153	0.874794065952301	0.6841409206390381	0.8864467144012451	0.8051101565361023	0.7054131627082825	0.7641882300376892	0.6404267549514771	0.6443785429000854	0.7439777851104736	0.5596792101860046	0.7375359535217285	0.7447802424430847	0.08122051507234573	0.1606979519128799	0.2776182591915131	0.3584913015365601	0.3745230138301849	0.205891489982605	0.3763341009616852	0.4933297634124756	0.4757565855979919	0.3763513565063477	0.2677149772644043	0.5574273467063904	0.3527044951915741	0.394952654838562	0.1444199085235596	0.5394123196601868	0.5148769021034241	0.3520804345607758	0.4539365768432617	0.4580538272857666	0.4258148074150085	0.4577549993991852	0.2449270784854889	0.4942189157009125	0.4165054857730865	0.4328480958938599	0.6463260650634766	0.8036672472953796	0.694280207157135	0.7965680956840515	0.8303400278091431	0.8655546903610229	0.7751845121383667	0.8257911801338196	0.7062197923660278	0.7890074849128723	0.7866747975349426	0.7241077423095703	0.8115909099578857	0.810471773147583	0.8408982157707214	0.845145046710968	0.758257269859314	0.7730349898338318	0.8015531897544861	0.6959013938903809	0.8207041025161743	0.7482950687408447	0.8078542947769165	0.7930391430854797	0.7826299071311951	0.3401164412498474	0.3686520755290985	0.315868616104126	0.3319462835788727	0.5115995407104492	0.3354352712631226	0.3464742302894592	0.2937269806861877	0.4856406450271606	0.2935234010219574	0.3349142372608185	0.423073410987854	0.2860867083072662	0.2959980368614197	0.3669914603233337	0.3229597508907318	0.314169853925705	0.3570660948753357	0.2893437445163727	0.3153572678565979	0	0.3297228813171387	0.3815880119800568	0.02979435585439205	0.2416408360004425
Zone_2A_12_25	0.6443327069282532	0.6504310369491577	0.673102080821991	0.8582229018211365	0.6224508285522461	0.8708502054214478	0.7842027544975281	0.6720515489578247	0.6899205446243286	0.5512093901634216	0.571560263633728	0.7601213455200195	0.4335373640060425	0.690265417098999	0.6931548714637756	0.3023946285247803	0.3699939250946045	0.4973683953285217	0.1821912825107574	0.131762370467186	0.3555610179901123	0.1482100337743759	0.3238851428031921	0.3418653309345245	0.2113736271858215	0.5197075605392456	0.3975265622138977	0.1718347519636154	0.1839905381202698	0.3810175359249115	0.4914776980876923	0.4380162060260773	0.4490850269794464	0.4599858522415161	0.3377437591552734	0.2938650250434875	0.3816950917243958	0.3494393825531006	0.3802638947963715	0.2764462530612946	0.3045239150524139	0.7346681952476501	0.8041338324546814	0.7805519700050354	0.7758265137672424	0.8186619877815247	0.8624756932258606	0.7867613434791565	0.8148230910301208	0.78196781873703	0.7664798498153687	0.7917503118515015	0.8046792149543762	0.8297200798988342	0.864926815032959	0.8242195248603821	0.8158860802650452	0.7763224244117737	0.7491700649261475	0.8128710389137268	0.7858237028121948	0.805331289768219	0.8066883087158203	0.7912394404411316	0.7833442091941833	0.7717828154563904	0.09593977034091949	0.2026934176683426	0.1210846751928329	0.08123698085546494	0.3805592656135559	0.1541015356779099	0.2828003764152527	0.08297290652990341	0.4956331551074982	0.08659899979829788	0.0863126739859581	0.2685514092445374	0.07174691557884216	0.05557595938444138	0.08991613239049911	0.2607371509075165	0.04758402332663536	0.0550747774541378	0.08004238456487656	0.04986681044101715	0.3297228813171387	0	0.08820271492004395	0.3167409300804138	0.4469135701656342
Zone_2B_1_25	0.6451112627983093	0.6511585116386414	0.674341082572937	0.8584378957748413	0.6232952475547791	0.8710533976554871	0.7844682335853577	0.6727325916290283	0.6910372376441956	0.5524837374687195	0.6053357720375061	0.7605571150779724	0.4353936612606049	0.6909043192863464	0.6938656568527222	0.3575817942619324	0.4195738732814789	0.5442995429039001	0.1854138970375061	0.1355520188808441	0.3576512038707733	0.1517146676778793	0.326423704624176	0.3443624079227448	0.2143786549568176	0.5211569666862488	0.4623495638370514	0.1751480549573898	0.1871905773878098	0.4275898635387421	0.4927835464477539	0.4576462209224701	0.4890740513801575	0.4614002406597137	0.3399505019187927	0.3209048807621002	0.383543848991394	0.3735101222991943	0.430616706609726	0.2789766788482666	0.3612508177757263	0.7165570259094238	0.8150715231895447	0.7930532097816467	0.7885716557502747	0.8188232779502869	0.8626050353050232	0.7869895100593567	0.8139541745185852	0.7809857130050659	0.7667326927185059	0.7919557690620422	0.8048643469810486	0.8298607468605042	0.8744754195213318	0.8244306445121765	0.8301665186882019	0.7824344038963318	0.7643985152244568	0.8130409121513367	0.7916814684867859	0.805522620677948	0.806877076625824	0.7967017292976379	0.7892836332321167	0.7853843569755554	0.09175807982683182	0.1261163502931595	0.1976685076951981	0.1598388701677322	0.446031391620636	0.2265641540288925	0.3377854526042938	0.1644293218851089	0.465844452381134	0.1678936928510666	0.1643868237733841	0.3006669580936432	0.1540671586990356	0.1372203379869461	0.09380079805850983	0.3203839361667633	0.133588507771492	0.1365965902805328	0.1619910001754761	0.1355694234371185	0.3815880119800568	0.08820271492004395	0	0.3702181279659271	0.4438325166702271
Zone_2B_3_25	0.6994211077690125	0.703057587146759	0.7485129237174988	0.8733819723129272	0.6791386008262634	0.885123074054718	0.8032916188240051	0.7182600498199463	0.7586733102798462	0.633474588394165	0.6385165452957153	0.7404502034187317	0.5501205921173096	0.7336574196815491	0.7406163215637207	0.05330906435847282	0.1366935819387436	0.2560426592826843	0.3765824139118195	0.3547243177890778	0.2234794199466705	0.3574454784393311	0.4787289202213287	0.4938129186630249	0.394055962562561	0.2854421138763428	0.5437054634094238	0.3709814548492432	0.3825514912605286	0.1622831523418427	0.554722785949707	0.5119316577911377	0.3390370905399323	0.4699613153934479	0.4458976686000824	0.411984920501709	0.4729132354259491	0.2240002304315567	0.5095174908638	0.4332213401794434	0.4489271342754364	0.6430721879005432	0.8101812601089478	0.7019835114479065	0.8037975430488586	0.8366786241531372	0.8722870349884033	0.7746489644050598	0.8319946527481079	0.7136285305023193	0.7965683937072754	0.7850204706192017	0.7313140034675598	0.8176482319831848	0.8091638088226318	0.839848518371582	0.844144880771637	0.7661229968070984	0.7713845372200012	0.8004533052444458	0.7039310336112976	0.8196842670440674	0.7555892467498779	0.8067319393157959	0.8005891442298889	0.7903470396995544	0.3200465440750122	0.3906107246875763	0.3357537090778351	0.3540787100791931	0.5321422815322876	0.3548135459423065	0.3636505603790283	0.3141809403896332	0.5032923817634583	0.3152041733264923	0.3554291427135468	0.4428019225597382	0.3124586939811707	0.2791910171508789	0.3492808640003204	0.305708646774292	0.292592465877533	0.3396667838096619	0.3110882937908173	0.2938525974750519	0.02979435585439205	0.3167409300804138	0.3702181279659271	0	0.2663667798042297
Zone_2B_2_25	0.7936555147171021	0.7926127910614014	0.72441166639328	0.8680327534675598	0.7783613801002502	0.8800997138023376	0.8600806593894958	0.7948035597801208	0.7365263700485229	0.7555726766586304	0.7430640459060669	0.7269269227981567	0.6903069019317627	0.8247389793395996	0.8406115174293518	0.251730889081955	0.3187370896339417	0.1797912567853928	0.5147742629051208	0.5386245846748352	0.3676291108131409	0.5336388349533081	0.5287916660308838	0.4806041717529297	0.5283028483390808	0.1693560779094696	0.4974825978279114	0.5109101533889771	0.5464058518409729	0.2976217865943909	0.6511684656143188	0.6293478012084961	0.478367418050766	0.5738927125930786	0.595402717590332	0.5619519948959351	0.5842209458351135	0.3950670957565308	0.4952100813388824	0.5579172372817993	0.5681308507919312	0.6844640374183655	0.8458588719367981	0.7455718517303467	0.8331480622291565	0.8655039072036743	0.8609028458595276	0.8251480460166931	0.8507216572761536	0.7345835566520691	0.8272873163223267	0.8270214200019836	0.7717427015304565	0.8507645726203918	0.7946473360061646	0.833993673324585	0.8261033892631531	0.8072789311408997	0.8273709416389465	0.8442002534866333	0.7493187189102173	0.8654619455337524	0.7961955070495605	0.8530750274658203	0.8420119285583496	0.8328153491020203	0.4489254653453827	0.4764294028282166	0.4763269126415253	0.4482171535491943	0.4440018534660339	0.4909001290798187	0.446639209985733	0.4598636627197266	0.3725416958332062	0.4624926149845123	0.4508294463157654	0.4651625454425812	0.4530009031295776	0.4709548652172089	0.5027002692222595	0.4701236188411713	0.4802772998809814	0.4700503349304199	0.4590075612068176	0.4811513125896454	0.2416408360004425	0.4469135701656342	0.4438325166702271	0.2663667798042297	0
