00de072b3eefa9e97fb1f45cc7ccdaab	gi|2579851516|gb|OR577203.1|	100.000	92	7.31e-100	204	224707	Brevoortia patronus	bony fishes	Gulf menhaden
00de072b3eefa9e97fb1f45cc7ccdaab	gi|2282237323|gb|OP154163.1|	100.000	92	7.31e-100	204	224707	Brevoortia patronus	bony fishes	Gulf menhaden
00de072b3eefa9e97fb1f45cc7ccdaab	gi|299823704|ref|NC_014266.1|	100.000	92	7.31e-100	204	224708	Brevoortia tyrannus	bony fishes	Atlantic menhaden
00de072b3eefa9e97fb1f45cc7ccdaab	gi|2735072119|gb|PP824515.1|	99.510	92	3.40e-98	204	224707	Brevoortia patronus	bony fishes	Gulf menhaden
00de072b3eefa9e97fb1f45cc7ccdaab	gi|2329468251|gb|OP057013.1|	99.510	92	3.40e-98	204	224707	Brevoortia patronus	bony fishes	Gulf menhaden
00de072b3eefa9e97fb1f45cc7ccdaab	gi|2422575726|gb|OQ198733.1|	99.020	92	1.58e-96	204	329022	Brevoortia gunteri	bony fishes	finescale menhaden
00de072b3eefa9e97fb1f45cc7ccdaab	gi|2422575653|gb|OQ198728.1|	99.020	92	1.58e-96	204	329022	Brevoortia gunteri	bony fishes	finescale menhaden
00de072b3eefa9e97fb1f45cc7ccdaab	gi|2329468243|gb|OP057005.1|	98.529	92	7.37e-95	204	329022	Brevoortia gunteri	bony fishes	finescale menhaden
00de072b3eefa9e97fb1f45cc7ccdaab	gi|2329468177|gb|OP056939.1|	98.529	92	7.37e-95	204	329023	Brevoortia smithi	bony fishes	yellowfin menhaden
00de072b3eefa9e97fb1f45cc7ccdaab	gi|2422575831|gb|OQ198739.1|	98.529	92	7.37e-95	204	329022	Brevoortia gunteri	bony fishes	finescale menhaden
24f6cc0a239de4bd5d82cb966cf6784a	gi|2579851516|gb|OR577203.1|	100.000	93	7.27e-100	204	224707	Brevoortia patronus	bony fishes	Gulf menhaden
24f6cc0a239de4bd5d82cb966cf6784a	gi|2282237323|gb|OP154163.1|	100.000	93	7.27e-100	204	224707	Brevoortia patronus	bony fishes	Gulf menhaden
24f6cc0a239de4bd5d82cb966cf6784a	gi|299823704|ref|NC_014266.1|	100.000	93	7.27e-100	204	224708	Brevoortia tyrannus	bony fishes	Atlantic menhaden
24f6cc0a239de4bd5d82cb966cf6784a	gi|2735072119|gb|PP824515.1|	99.510	93	3.38e-98	204	224707	Brevoortia patronus	bony fishes	Gulf menhaden
24f6cc0a239de4bd5d82cb966cf6784a	gi|2329468251|gb|OP057013.1|	99.510	93	3.38e-98	204	224707	Brevoortia patronus	bony fishes	Gulf menhaden
24f6cc0a239de4bd5d82cb966cf6784a	gi|2422575726|gb|OQ198733.1|	99.020	93	1.57e-96	204	329022	Brevoortia gunteri	bony fishes	finescale menhaden
24f6cc0a239de4bd5d82cb966cf6784a	gi|2422575653|gb|OQ198728.1|	99.020	93	1.57e-96	204	329022	Brevoortia gunteri	bony fishes	finescale menhaden
24f6cc0a239de4bd5d82cb966cf6784a	gi|2329468243|gb|OP057005.1|	98.529	93	7.33e-95	204	329022	Brevoortia gunteri	bony fishes	finescale menhaden
24f6cc0a239de4bd5d82cb966cf6784a	gi|2329468177|gb|OP056939.1|	98.529	93	7.33e-95	204	329023	Brevoortia smithi	bony fishes	yellowfin menhaden
24f6cc0a239de4bd5d82cb966cf6784a	gi|2422575831|gb|OQ198739.1|	98.529	93	7.33e-95	204	329022	Brevoortia gunteri	bony fishes	finescale menhaden
8a372194f8bba72ad24e2eea897d47cf	gi|426260255|gb|KC193751.1|	99.507	94	1.19e-97	203	7950	Clupea harengus	bony fishes	Atlantic herring
8a372194f8bba72ad24e2eea897d47cf	gi|426260171|gb|KC193745.1|	99.507	94	1.19e-97	203	7950	Clupea harengus	bony fishes	Atlantic herring
8a372194f8bba72ad24e2eea897d47cf	gi|426259401|gb|KC193690.1|	99.507	94	1.19e-97	203	7950	Clupea harengus	bony fishes	Atlantic herring
8a372194f8bba72ad24e2eea897d47cf	gi|1799624616|gb|MN122931.1|	99.015	94	5.54e-96	203	7950	Clupea harengus	bony fishes	Atlantic herring
8a372194f8bba72ad24e2eea897d47cf	gi|1517391475|gb|MH194498.2|	99.015	94	5.54e-96	203	7950	Clupea harengus	bony fishes	Atlantic herring
8a372194f8bba72ad24e2eea897d47cf	gi|2018537065|gb|MW818226.1|	99.015	94	5.54e-96	203	7950	Clupea harengus	bony fishes	Atlantic herring
8a372194f8bba72ad24e2eea897d47cf	gi|2018537050|gb|MW818211.1|	99.015	94	5.54e-96	203	7950	Clupea harengus	bony fishes	Atlantic herring
8a372194f8bba72ad24e2eea897d47cf	gi|426260619|gb|KC193777.1|	99.015	94	5.54e-96	203	7950	Clupea harengus	bony fishes	Atlantic herring
8a372194f8bba72ad24e2eea897d47cf	gi|426260605|gb|KC193776.1|	99.015	94	5.54e-96	203	7950	Clupea harengus	bony fishes	Atlantic herring
8a372194f8bba72ad24e2eea897d47cf	gi|426260591|gb|KC193775.1|	99.015	94	5.54e-96	203	7950	Clupea harengus	bony fishes	Atlantic herring
9765fb4ce5865a21121200dd2cc20259	gi|1799624616|gb|MN122931.1|	100.000	92	2.63e-99	203	7950	Clupea harengus	bony fishes	Atlantic herring
9765fb4ce5865a21121200dd2cc20259	gi|1517391475|gb|MH194498.2|	100.000	92	2.63e-99	203	7950	Clupea harengus	bony fishes	Atlantic herring
9765fb4ce5865a21121200dd2cc20259	gi|2018537065|gb|MW818226.1|	100.000	92	2.63e-99	203	7950	Clupea harengus	bony fishes	Atlantic herring
9765fb4ce5865a21121200dd2cc20259	gi|2018537050|gb|MW818211.1|	100.000	92	2.63e-99	203	7950	Clupea harengus	bony fishes	Atlantic herring
9765fb4ce5865a21121200dd2cc20259	gi|426260619|gb|KC193777.1|	100.000	92	2.63e-99	203	7950	Clupea harengus	bony fishes	Atlantic herring
9765fb4ce5865a21121200dd2cc20259	gi|426260605|gb|KC193776.1|	100.000	92	2.63e-99	203	7950	Clupea harengus	bony fishes	Atlantic herring
9765fb4ce5865a21121200dd2cc20259	gi|426260591|gb|KC193775.1|	100.000	92	2.63e-99	203	7950	Clupea harengus	bony fishes	Atlantic herring
9765fb4ce5865a21121200dd2cc20259	gi|426260577|gb|KC193774.1|	100.000	92	2.63e-99	203	7950	Clupea harengus	bony fishes	Atlantic herring
9765fb4ce5865a21121200dd2cc20259	gi|426260549|gb|KC193772.1|	100.000	92	2.63e-99	203	7950	Clupea harengus	bony fishes	Atlantic herring
9765fb4ce5865a21121200dd2cc20259	gi|426260535|gb|KC193771.1|	100.000	92	2.63e-99	203	7950	Clupea harengus	bony fishes	Atlantic herring
f8296a17ddc2a9976361244b821f63c1	gi|972385447|gb|KT869378.1|	99.485	100	1.05e-92	194	8078	Fundulus heteroclitus	bony fishes	mummichog
f8296a17ddc2a9976361244b821f63c1	gi|215511576|gb|FJ445403.1|	99.485	100	1.05e-92	194	8078	Fundulus heteroclitus	bony fishes	mummichog
f8296a17ddc2a9976361244b821f63c1	gi|215511520|gb|FJ445399.1|	99.485	100	1.05e-92	194	8078	Fundulus heteroclitus	bony fishes	mummichog
f8296a17ddc2a9976361244b821f63c1	gi|215511506|gb|FJ445398.1|	99.485	100	1.05e-92	194	8078	Fundulus heteroclitus	bony fishes	mummichog
f8296a17ddc2a9976361244b821f63c1	gi|225622209|ref|NC_012312.1|	98.969	100	4.90e-91	194	8078	Fundulus heteroclitus	bony fishes	mummichog
f8296a17ddc2a9976361244b821f63c1	gi|215511534|gb|FJ445400.1|	98.969	100	4.90e-91	194	8078	Fundulus heteroclitus	bony fishes	mummichog
f8296a17ddc2a9976361244b821f63c1	gi|1129799469|gb|KX686091.1|	99.474	98	1.76e-90	190	8078	Fundulus heteroclitus	bony fishes	mummichog
f8296a17ddc2a9976361244b821f63c1	gi|1129799455|gb|KX686077.1|	99.474	98	1.76e-90	190	8078	Fundulus heteroclitus	bony fishes	mummichog
f8296a17ddc2a9976361244b821f63c1	gi|215511548|gb|FJ445401.1|	98.454	100	2.28e-89	194	8078	Fundulus heteroclitus	bony fishes	mummichog
f8296a17ddc2a9976361244b821f63c1	gi|1129799470|gb|KX686092.1|	98.947	98	8.20e-89	190	8078	Fundulus heteroclitus	bony fishes	mummichog
0c5a221bf5a4789543abf5aae5441a04	gi|972385447|gb|KT869378.1|	99.485	100	1.05e-92	194	8078	Fundulus heteroclitus	bony fishes	mummichog
0c5a221bf5a4789543abf5aae5441a04	gi|215511576|gb|FJ445403.1|	99.485	100	1.05e-92	194	8078	Fundulus heteroclitus	bony fishes	mummichog
0c5a221bf5a4789543abf5aae5441a04	gi|215511520|gb|FJ445399.1|	99.485	100	1.05e-92	194	8078	Fundulus heteroclitus	bony fishes	mummichog
0c5a221bf5a4789543abf5aae5441a04	gi|215511506|gb|FJ445398.1|	99.485	100	1.05e-92	194	8078	Fundulus heteroclitus	bony fishes	mummichog
0c5a221bf5a4789543abf5aae5441a04	gi|225622209|ref|NC_012312.1|	98.969	100	4.90e-91	194	8078	Fundulus heteroclitus	bony fishes	mummichog
0c5a221bf5a4789543abf5aae5441a04	gi|215511534|gb|FJ445400.1|	98.969	100	4.90e-91	194	8078	Fundulus heteroclitus	bony fishes	mummichog
0c5a221bf5a4789543abf5aae5441a04	gi|1129799469|gb|KX686091.1|	99.474	98	1.76e-90	190	8078	Fundulus heteroclitus	bony fishes	mummichog
0c5a221bf5a4789543abf5aae5441a04	gi|1129799455|gb|KX686077.1|	99.474	98	1.76e-90	190	8078	Fundulus heteroclitus	bony fishes	mummichog
0c5a221bf5a4789543abf5aae5441a04	gi|215511548|gb|FJ445401.1|	98.454	100	2.28e-89	194	8078	Fundulus heteroclitus	bony fishes	mummichog
0c5a221bf5a4789543abf5aae5441a04	gi|1129799470|gb|KX686092.1|	98.947	98	8.20e-89	190	8078	Fundulus heteroclitus	bony fishes	mummichog
5f5fdbce05c2a52aa3360b9694abbdbc	gi|972385447|gb|KT869378.1|	98.969	100	4.90e-91	194	8078	Fundulus heteroclitus	bony fishes	mummichog
5f5fdbce05c2a52aa3360b9694abbdbc	gi|215511576|gb|FJ445403.1|	98.969	100	4.90e-91	194	8078	Fundulus heteroclitus	bony fishes	mummichog
5f5fdbce05c2a52aa3360b9694abbdbc	gi|215511520|gb|FJ445399.1|	98.969	100	4.90e-91	194	8078	Fundulus heteroclitus	bony fishes	mummichog
5f5fdbce05c2a52aa3360b9694abbdbc	gi|215511506|gb|FJ445398.1|	98.969	100	4.90e-91	194	8078	Fundulus heteroclitus	bony fishes	mummichog
5f5fdbce05c2a52aa3360b9694abbdbc	gi|225622209|ref|NC_012312.1|	98.454	100	2.28e-89	194	8078	Fundulus heteroclitus	bony fishes	mummichog
5f5fdbce05c2a52aa3360b9694abbdbc	gi|215511534|gb|FJ445400.1|	98.454	100	2.28e-89	194	8078	Fundulus heteroclitus	bony fishes	mummichog
5f5fdbce05c2a52aa3360b9694abbdbc	gi|1129799469|gb|KX686091.1|	98.947	98	8.20e-89	190	8078	Fundulus heteroclitus	bony fishes	mummichog
5f5fdbce05c2a52aa3360b9694abbdbc	gi|1129799455|gb|KX686077.1|	98.947	98	8.20e-89	190	8078	Fundulus heteroclitus	bony fishes	mummichog
5f5fdbce05c2a52aa3360b9694abbdbc	gi|215511548|gb|FJ445401.1|	97.938	100	1.06e-87	194	8078	Fundulus heteroclitus	bony fishes	mummichog
5f5fdbce05c2a52aa3360b9694abbdbc	gi|1129799470|gb|KX686092.1|	98.421	98	3.81e-87	190	8078	Fundulus heteroclitus	bony fishes	mummichog
3785dda9e2b372049c99192233df8628	gi|972385447|gb|KT869378.1|	99.485	100	1.05e-92	194	8078	Fundulus heteroclitus	bony fishes	mummichog
3785dda9e2b372049c99192233df8628	gi|215511576|gb|FJ445403.1|	99.485	100	1.05e-92	194	8078	Fundulus heteroclitus	bony fishes	mummichog
3785dda9e2b372049c99192233df8628	gi|215511520|gb|FJ445399.1|	99.485	100	1.05e-92	194	8078	Fundulus heteroclitus	bony fishes	mummichog
3785dda9e2b372049c99192233df8628	gi|215511506|gb|FJ445398.1|	99.485	100	1.05e-92	194	8078	Fundulus heteroclitus	bony fishes	mummichog
3785dda9e2b372049c99192233df8628	gi|225622209|ref|NC_012312.1|	98.969	100	4.90e-91	194	8078	Fundulus heteroclitus	bony fishes	mummichog
3785dda9e2b372049c99192233df8628	gi|215511534|gb|FJ445400.1|	98.969	100	4.90e-91	194	8078	Fundulus heteroclitus	bony fishes	mummichog
3785dda9e2b372049c99192233df8628	gi|1129799469|gb|KX686091.1|	99.474	98	1.76e-90	190	8078	Fundulus heteroclitus	bony fishes	mummichog
3785dda9e2b372049c99192233df8628	gi|1129799455|gb|KX686077.1|	99.474	98	1.76e-90	190	8078	Fundulus heteroclitus	bony fishes	mummichog
3785dda9e2b372049c99192233df8628	gi|215511548|gb|FJ445401.1|	98.454	100	2.28e-89	194	8078	Fundulus heteroclitus	bony fishes	mummichog
3785dda9e2b372049c99192233df8628	gi|1129799470|gb|KX686092.1|	98.947	98	8.20e-89	190	8078	Fundulus heteroclitus	bony fishes	mummichog
c13c482dfccffe77b4c99a3d6b902ff8	gi|972385447|gb|KT869378.1|	98.969	100	4.90e-91	194	8078	Fundulus heteroclitus	bony fishes	mummichog
c13c482dfccffe77b4c99a3d6b902ff8	gi|215511576|gb|FJ445403.1|	98.969	100	4.90e-91	194	8078	Fundulus heteroclitus	bony fishes	mummichog
c13c482dfccffe77b4c99a3d6b902ff8	gi|215511520|gb|FJ445399.1|	98.969	100	4.90e-91	194	8078	Fundulus heteroclitus	bony fishes	mummichog
c13c482dfccffe77b4c99a3d6b902ff8	gi|215511506|gb|FJ445398.1|	98.969	100	4.90e-91	194	8078	Fundulus heteroclitus	bony fishes	mummichog
c13c482dfccffe77b4c99a3d6b902ff8	gi|225622209|ref|NC_012312.1|	98.454	100	2.28e-89	194	8078	Fundulus heteroclitus	bony fishes	mummichog
c13c482dfccffe77b4c99a3d6b902ff8	gi|215511534|gb|FJ445400.1|	98.454	100	2.28e-89	194	8078	Fundulus heteroclitus	bony fishes	mummichog
c13c482dfccffe77b4c99a3d6b902ff8	gi|1129799469|gb|KX686091.1|	98.947	98	8.20e-89	190	8078	Fundulus heteroclitus	bony fishes	mummichog
c13c482dfccffe77b4c99a3d6b902ff8	gi|1129799455|gb|KX686077.1|	98.947	98	8.20e-89	190	8078	Fundulus heteroclitus	bony fishes	mummichog
c13c482dfccffe77b4c99a3d6b902ff8	gi|215511548|gb|FJ445401.1|	97.938	100	1.06e-87	194	8078	Fundulus heteroclitus	bony fishes	mummichog
c13c482dfccffe77b4c99a3d6b902ff8	gi|1129799470|gb|KX686092.1|	98.421	98	3.81e-87	190	8078	Fundulus heteroclitus	bony fishes	mummichog
e50d59d976e05fc2d178e5a2a1122612	gi|972385447|gb|KT869378.1|	99.485	100	1.05e-92	194	8078	Fundulus heteroclitus	bony fishes	mummichog
e50d59d976e05fc2d178e5a2a1122612	gi|215511576|gb|FJ445403.1|	99.485	100	1.05e-92	194	8078	Fundulus heteroclitus	bony fishes	mummichog
e50d59d976e05fc2d178e5a2a1122612	gi|215511520|gb|FJ445399.1|	99.485	100	1.05e-92	194	8078	Fundulus heteroclitus	bony fishes	mummichog
e50d59d976e05fc2d178e5a2a1122612	gi|215511506|gb|FJ445398.1|	99.485	100	1.05e-92	194	8078	Fundulus heteroclitus	bony fishes	mummichog
e50d59d976e05fc2d178e5a2a1122612	gi|225622209|ref|NC_012312.1|	98.969	100	4.90e-91	194	8078	Fundulus heteroclitus	bony fishes	mummichog
e50d59d976e05fc2d178e5a2a1122612	gi|215511534|gb|FJ445400.1|	98.969	100	4.90e-91	194	8078	Fundulus heteroclitus	bony fishes	mummichog
e50d59d976e05fc2d178e5a2a1122612	gi|1129799469|gb|KX686091.1|	99.474	98	1.76e-90	190	8078	Fundulus heteroclitus	bony fishes	mummichog
e50d59d976e05fc2d178e5a2a1122612	gi|1129799455|gb|KX686077.1|	99.474	98	1.76e-90	190	8078	Fundulus heteroclitus	bony fishes	mummichog
e50d59d976e05fc2d178e5a2a1122612	gi|215511548|gb|FJ445401.1|	98.454	100	2.28e-89	194	8078	Fundulus heteroclitus	bony fishes	mummichog
e50d59d976e05fc2d178e5a2a1122612	gi|1129799470|gb|KX686092.1|	98.947	98	8.20e-89	190	8078	Fundulus heteroclitus	bony fishes	mummichog
adaf88141db83c32ada0166ffb181c09	gi|972385447|gb|KT869378.1|	99.485	100	1.05e-92	194	8078	Fundulus heteroclitus	bony fishes	mummichog
adaf88141db83c32ada0166ffb181c09	gi|215511576|gb|FJ445403.1|	99.485	100	1.05e-92	194	8078	Fundulus heteroclitus	bony fishes	mummichog
adaf88141db83c32ada0166ffb181c09	gi|215511520|gb|FJ445399.1|	99.485	100	1.05e-92	194	8078	Fundulus heteroclitus	bony fishes	mummichog
adaf88141db83c32ada0166ffb181c09	gi|215511506|gb|FJ445398.1|	99.485	100	1.05e-92	194	8078	Fundulus heteroclitus	bony fishes	mummichog
adaf88141db83c32ada0166ffb181c09	gi|225622209|ref|NC_012312.1|	98.969	100	4.90e-91	194	8078	Fundulus heteroclitus	bony fishes	mummichog
adaf88141db83c32ada0166ffb181c09	gi|215511534|gb|FJ445400.1|	98.969	100	4.90e-91	194	8078	Fundulus heteroclitus	bony fishes	mummichog
adaf88141db83c32ada0166ffb181c09	gi|1129799469|gb|KX686091.1|	99.474	98	1.76e-90	190	8078	Fundulus heteroclitus	bony fishes	mummichog
adaf88141db83c32ada0166ffb181c09	gi|1129799455|gb|KX686077.1|	99.474	98	1.76e-90	190	8078	Fundulus heteroclitus	bony fishes	mummichog
adaf88141db83c32ada0166ffb181c09	gi|215511548|gb|FJ445401.1|	98.454	100	2.28e-89	194	8078	Fundulus heteroclitus	bony fishes	mummichog
adaf88141db83c32ada0166ffb181c09	gi|1129799470|gb|KX686092.1|	98.947	98	8.20e-89	190	8078	Fundulus heteroclitus	bony fishes	mummichog
987322c1152a366ae99a36011211e8dd	gi|972385447|gb|KT869378.1|	99.485	100	1.05e-92	194	8078	Fundulus heteroclitus	bony fishes	mummichog
987322c1152a366ae99a36011211e8dd	gi|215511576|gb|FJ445403.1|	99.485	100	1.05e-92	194	8078	Fundulus heteroclitus	bony fishes	mummichog
987322c1152a366ae99a36011211e8dd	gi|215511520|gb|FJ445399.1|	99.485	100	1.05e-92	194	8078	Fundulus heteroclitus	bony fishes	mummichog
987322c1152a366ae99a36011211e8dd	gi|215511506|gb|FJ445398.1|	99.485	100	1.05e-92	194	8078	Fundulus heteroclitus	bony fishes	mummichog
987322c1152a366ae99a36011211e8dd	gi|225622209|ref|NC_012312.1|	98.969	100	4.90e-91	194	8078	Fundulus heteroclitus	bony fishes	mummichog
987322c1152a366ae99a36011211e8dd	gi|215511534|gb|FJ445400.1|	98.969	100	4.90e-91	194	8078	Fundulus heteroclitus	bony fishes	mummichog
987322c1152a366ae99a36011211e8dd	gi|1129799469|gb|KX686091.1|	99.474	98	1.76e-90	190	8078	Fundulus heteroclitus	bony fishes	mummichog
987322c1152a366ae99a36011211e8dd	gi|1129799455|gb|KX686077.1|	99.474	98	1.76e-90	190	8078	Fundulus heteroclitus	bony fishes	mummichog
987322c1152a366ae99a36011211e8dd	gi|215511548|gb|FJ445401.1|	98.454	100	2.28e-89	194	8078	Fundulus heteroclitus	bony fishes	mummichog
987322c1152a366ae99a36011211e8dd	gi|1129799470|gb|KX686092.1|	98.947	98	8.20e-89	190	8078	Fundulus heteroclitus	bony fishes	mummichog
8046ff8459393a023b4e075e2aee3625	gi|972385447|gb|KT869378.1|	99.485	100	1.05e-92	194	8078	Fundulus heteroclitus	bony fishes	mummichog
8046ff8459393a023b4e075e2aee3625	gi|215511576|gb|FJ445403.1|	99.485	100	1.05e-92	194	8078	Fundulus heteroclitus	bony fishes	mummichog
8046ff8459393a023b4e075e2aee3625	gi|215511548|gb|FJ445401.1|	99.485	100	1.05e-92	194	8078	Fundulus heteroclitus	bony fishes	mummichog
8046ff8459393a023b4e075e2aee3625	gi|215511520|gb|FJ445399.1|	99.485	100	1.05e-92	194	8078	Fundulus heteroclitus	bony fishes	mummichog
8046ff8459393a023b4e075e2aee3625	gi|215511506|gb|FJ445398.1|	99.485	100	1.05e-92	194	8078	Fundulus heteroclitus	bony fishes	mummichog
8046ff8459393a023b4e075e2aee3625	gi|225622209|ref|NC_012312.1|	98.969	100	4.90e-91	194	8078	Fundulus heteroclitus	bony fishes	mummichog
8046ff8459393a023b4e075e2aee3625	gi|215511534|gb|FJ445400.1|	98.969	100	4.90e-91	194	8078	Fundulus heteroclitus	bony fishes	mummichog
8046ff8459393a023b4e075e2aee3625	gi|1129799469|gb|KX686091.1|	99.474	98	1.76e-90	190	8078	Fundulus heteroclitus	bony fishes	mummichog
8046ff8459393a023b4e075e2aee3625	gi|1129799455|gb|KX686077.1|	99.474	98	1.76e-90	190	8078	Fundulus heteroclitus	bony fishes	mummichog
8046ff8459393a023b4e075e2aee3625	gi|1129799470|gb|KX686092.1|	98.947	98	8.20e-89	190	8078	Fundulus heteroclitus	bony fishes	mummichog
46a3aa539259d9d4241f0f380f69403c	gi|972385447|gb|KT869378.1|	99.485	100	1.05e-92	194	8078	Fundulus heteroclitus	bony fishes	mummichog
46a3aa539259d9d4241f0f380f69403c	gi|215511576|gb|FJ445403.1|	99.485	100	1.05e-92	194	8078	Fundulus heteroclitus	bony fishes	mummichog
46a3aa539259d9d4241f0f380f69403c	gi|215511520|gb|FJ445399.1|	99.485	100	1.05e-92	194	8078	Fundulus heteroclitus	bony fishes	mummichog
46a3aa539259d9d4241f0f380f69403c	gi|215511506|gb|FJ445398.1|	99.485	100	1.05e-92	194	8078	Fundulus heteroclitus	bony fishes	mummichog
46a3aa539259d9d4241f0f380f69403c	gi|225622209|ref|NC_012312.1|	98.969	100	4.90e-91	194	8078	Fundulus heteroclitus	bony fishes	mummichog
46a3aa539259d9d4241f0f380f69403c	gi|215511534|gb|FJ445400.1|	98.969	100	4.90e-91	194	8078	Fundulus heteroclitus	bony fishes	mummichog
46a3aa539259d9d4241f0f380f69403c	gi|1129799469|gb|KX686091.1|	99.474	98	1.76e-90	190	8078	Fundulus heteroclitus	bony fishes	mummichog
46a3aa539259d9d4241f0f380f69403c	gi|1129799455|gb|KX686077.1|	99.474	98	1.76e-90	190	8078	Fundulus heteroclitus	bony fishes	mummichog
46a3aa539259d9d4241f0f380f69403c	gi|215511548|gb|FJ445401.1|	98.454	100	2.28e-89	194	8078	Fundulus heteroclitus	bony fishes	mummichog
46a3aa539259d9d4241f0f380f69403c	gi|1129799470|gb|KX686092.1|	98.947	98	8.20e-89	190	8078	Fundulus heteroclitus	bony fishes	mummichog
a60b65a9ba37f71b8f5d3c852f5c1374	gi|972385447|gb|KT869378.1|	98.969	100	4.90e-91	194	8078	Fundulus heteroclitus	bony fishes	mummichog
a60b65a9ba37f71b8f5d3c852f5c1374	gi|215511576|gb|FJ445403.1|	98.969	100	4.90e-91	194	8078	Fundulus heteroclitus	bony fishes	mummichog
a60b65a9ba37f71b8f5d3c852f5c1374	gi|215511520|gb|FJ445399.1|	98.969	100	4.90e-91	194	8078	Fundulus heteroclitus	bony fishes	mummichog
a60b65a9ba37f71b8f5d3c852f5c1374	gi|215511506|gb|FJ445398.1|	98.969	100	4.90e-91	194	8078	Fundulus heteroclitus	bony fishes	mummichog
a60b65a9ba37f71b8f5d3c852f5c1374	gi|225622209|ref|NC_012312.1|	98.454	100	2.28e-89	194	8078	Fundulus heteroclitus	bony fishes	mummichog
a60b65a9ba37f71b8f5d3c852f5c1374	gi|215511534|gb|FJ445400.1|	98.454	100	2.28e-89	194	8078	Fundulus heteroclitus	bony fishes	mummichog
a60b65a9ba37f71b8f5d3c852f5c1374	gi|1129799469|gb|KX686091.1|	98.947	98	8.20e-89	190	8078	Fundulus heteroclitus	bony fishes	mummichog
a60b65a9ba37f71b8f5d3c852f5c1374	gi|1129799455|gb|KX686077.1|	98.947	98	8.20e-89	190	8078	Fundulus heteroclitus	bony fishes	mummichog
a60b65a9ba37f71b8f5d3c852f5c1374	gi|215511548|gb|FJ445401.1|	97.938	100	1.06e-87	194	8078	Fundulus heteroclitus	bony fishes	mummichog
a60b65a9ba37f71b8f5d3c852f5c1374	gi|1129799470|gb|KX686092.1|	98.421	98	3.81e-87	190	8078	Fundulus heteroclitus	bony fishes	mummichog
abf791865fa3b9ced76b8edad5ec7351	gi|972385447|gb|KT869378.1|	99.485	100	1.05e-92	194	8078	Fundulus heteroclitus	bony fishes	mummichog
abf791865fa3b9ced76b8edad5ec7351	gi|215511576|gb|FJ445403.1|	99.485	100	1.05e-92	194	8078	Fundulus heteroclitus	bony fishes	mummichog
abf791865fa3b9ced76b8edad5ec7351	gi|215511520|gb|FJ445399.1|	99.485	100	1.05e-92	194	8078	Fundulus heteroclitus	bony fishes	mummichog
abf791865fa3b9ced76b8edad5ec7351	gi|215511506|gb|FJ445398.1|	99.485	100	1.05e-92	194	8078	Fundulus heteroclitus	bony fishes	mummichog
abf791865fa3b9ced76b8edad5ec7351	gi|225622209|ref|NC_012312.1|	98.969	100	4.90e-91	194	8078	Fundulus heteroclitus	bony fishes	mummichog
abf791865fa3b9ced76b8edad5ec7351	gi|215511534|gb|FJ445400.1|	98.969	100	4.90e-91	194	8078	Fundulus heteroclitus	bony fishes	mummichog
abf791865fa3b9ced76b8edad5ec7351	gi|1129799469|gb|KX686091.1|	99.474	98	1.76e-90	190	8078	Fundulus heteroclitus	bony fishes	mummichog
abf791865fa3b9ced76b8edad5ec7351	gi|1129799455|gb|KX686077.1|	99.474	98	1.76e-90	190	8078	Fundulus heteroclitus	bony fishes	mummichog
abf791865fa3b9ced76b8edad5ec7351	gi|215511548|gb|FJ445401.1|	98.454	100	2.28e-89	194	8078	Fundulus heteroclitus	bony fishes	mummichog
abf791865fa3b9ced76b8edad5ec7351	gi|1129799470|gb|KX686092.1|	98.947	98	8.20e-89	190	8078	Fundulus heteroclitus	bony fishes	mummichog
d58153693ddeb8c370090b154d1d9512	gi|972385447|gb|KT869378.1|	99.485	100	1.05e-92	194	8078	Fundulus heteroclitus	bony fishes	mummichog
d58153693ddeb8c370090b154d1d9512	gi|215511576|gb|FJ445403.1|	99.485	100	1.05e-92	194	8078	Fundulus heteroclitus	bony fishes	mummichog
d58153693ddeb8c370090b154d1d9512	gi|215511520|gb|FJ445399.1|	99.485	100	1.05e-92	194	8078	Fundulus heteroclitus	bony fishes	mummichog
d58153693ddeb8c370090b154d1d9512	gi|215511506|gb|FJ445398.1|	99.485	100	1.05e-92	194	8078	Fundulus heteroclitus	bony fishes	mummichog
d58153693ddeb8c370090b154d1d9512	gi|225622209|ref|NC_012312.1|	98.969	100	4.90e-91	194	8078	Fundulus heteroclitus	bony fishes	mummichog
d58153693ddeb8c370090b154d1d9512	gi|215511534|gb|FJ445400.1|	98.969	100	4.90e-91	194	8078	Fundulus heteroclitus	bony fishes	mummichog
d58153693ddeb8c370090b154d1d9512	gi|1129799469|gb|KX686091.1|	99.474	98	1.76e-90	190	8078	Fundulus heteroclitus	bony fishes	mummichog
d58153693ddeb8c370090b154d1d9512	gi|1129799455|gb|KX686077.1|	99.474	98	1.76e-90	190	8078	Fundulus heteroclitus	bony fishes	mummichog
d58153693ddeb8c370090b154d1d9512	gi|215511548|gb|FJ445401.1|	98.454	100	2.28e-89	194	8078	Fundulus heteroclitus	bony fishes	mummichog
d58153693ddeb8c370090b154d1d9512	gi|1129799470|gb|KX686092.1|	98.947	98	8.20e-89	190	8078	Fundulus heteroclitus	bony fishes	mummichog
a355609b0a334ff022ca4536b00f01d8	gi|972385447|gb|KT869378.1|	99.485	100	1.05e-92	194	8078	Fundulus heteroclitus	bony fishes	mummichog
a355609b0a334ff022ca4536b00f01d8	gi|215511576|gb|FJ445403.1|	99.485	100	1.05e-92	194	8078	Fundulus heteroclitus	bony fishes	mummichog
a355609b0a334ff022ca4536b00f01d8	gi|215511520|gb|FJ445399.1|	99.485	100	1.05e-92	194	8078	Fundulus heteroclitus	bony fishes	mummichog
a355609b0a334ff022ca4536b00f01d8	gi|215511506|gb|FJ445398.1|	99.485	100	1.05e-92	194	8078	Fundulus heteroclitus	bony fishes	mummichog
a355609b0a334ff022ca4536b00f01d8	gi|225622209|ref|NC_012312.1|	98.969	100	4.90e-91	194	8078	Fundulus heteroclitus	bony fishes	mummichog
a355609b0a334ff022ca4536b00f01d8	gi|215511534|gb|FJ445400.1|	98.969	100	4.90e-91	194	8078	Fundulus heteroclitus	bony fishes	mummichog
a355609b0a334ff022ca4536b00f01d8	gi|1129799469|gb|KX686091.1|	99.474	98	1.76e-90	190	8078	Fundulus heteroclitus	bony fishes	mummichog
a355609b0a334ff022ca4536b00f01d8	gi|1129799455|gb|KX686077.1|	99.474	98	1.76e-90	190	8078	Fundulus heteroclitus	bony fishes	mummichog
a355609b0a334ff022ca4536b00f01d8	gi|215511548|gb|FJ445401.1|	98.454	100	2.28e-89	194	8078	Fundulus heteroclitus	bony fishes	mummichog
a355609b0a334ff022ca4536b00f01d8	gi|1129799470|gb|KX686092.1|	98.947	98	8.20e-89	190	8078	Fundulus heteroclitus	bony fishes	mummichog
d7e67c70d4b8b4f1ba808bc431a64ee0	gi|972385447|gb|KT869378.1|	99.485	100	1.05e-92	194	8078	Fundulus heteroclitus	bony fishes	mummichog
d7e67c70d4b8b4f1ba808bc431a64ee0	gi|215511576|gb|FJ445403.1|	99.485	100	1.05e-92	194	8078	Fundulus heteroclitus	bony fishes	mummichog
d7e67c70d4b8b4f1ba808bc431a64ee0	gi|215511520|gb|FJ445399.1|	99.485	100	1.05e-92	194	8078	Fundulus heteroclitus	bony fishes	mummichog
d7e67c70d4b8b4f1ba808bc431a64ee0	gi|215511506|gb|FJ445398.1|	99.485	100	1.05e-92	194	8078	Fundulus heteroclitus	bony fishes	mummichog
d7e67c70d4b8b4f1ba808bc431a64ee0	gi|225622209|ref|NC_012312.1|	98.969	100	4.90e-91	194	8078	Fundulus heteroclitus	bony fishes	mummichog
d7e67c70d4b8b4f1ba808bc431a64ee0	gi|215511534|gb|FJ445400.1|	98.969	100	4.90e-91	194	8078	Fundulus heteroclitus	bony fishes	mummichog
d7e67c70d4b8b4f1ba808bc431a64ee0	gi|1129799469|gb|KX686091.1|	99.474	98	1.76e-90	190	8078	Fundulus heteroclitus	bony fishes	mummichog
d7e67c70d4b8b4f1ba808bc431a64ee0	gi|1129799455|gb|KX686077.1|	99.474	98	1.76e-90	190	8078	Fundulus heteroclitus	bony fishes	mummichog
d7e67c70d4b8b4f1ba808bc431a64ee0	gi|215511548|gb|FJ445401.1|	98.454	100	2.28e-89	194	8078	Fundulus heteroclitus	bony fishes	mummichog
d7e67c70d4b8b4f1ba808bc431a64ee0	gi|1129799470|gb|KX686092.1|	98.947	98	8.20e-89	190	8078	Fundulus heteroclitus	bony fishes	mummichog
9ac91d2c752a698a37d58d0c242b1cb8	gi|972385447|gb|KT869378.1|	99.485	100	1.05e-92	194	8078	Fundulus heteroclitus	bony fishes	mummichog
9ac91d2c752a698a37d58d0c242b1cb8	gi|215511576|gb|FJ445403.1|	99.485	100	1.05e-92	194	8078	Fundulus heteroclitus	bony fishes	mummichog
9ac91d2c752a698a37d58d0c242b1cb8	gi|215511520|gb|FJ445399.1|	99.485	100	1.05e-92	194	8078	Fundulus heteroclitus	bony fishes	mummichog
9ac91d2c752a698a37d58d0c242b1cb8	gi|215511506|gb|FJ445398.1|	99.485	100	1.05e-92	194	8078	Fundulus heteroclitus	bony fishes	mummichog
9ac91d2c752a698a37d58d0c242b1cb8	gi|225622209|ref|NC_012312.1|	98.969	100	4.90e-91	194	8078	Fundulus heteroclitus	bony fishes	mummichog
9ac91d2c752a698a37d58d0c242b1cb8	gi|215511534|gb|FJ445400.1|	98.969	100	4.90e-91	194	8078	Fundulus heteroclitus	bony fishes	mummichog
9ac91d2c752a698a37d58d0c242b1cb8	gi|1129799469|gb|KX686091.1|	99.474	98	1.76e-90	190	8078	Fundulus heteroclitus	bony fishes	mummichog
9ac91d2c752a698a37d58d0c242b1cb8	gi|1129799455|gb|KX686077.1|	99.474	98	1.76e-90	190	8078	Fundulus heteroclitus	bony fishes	mummichog
9ac91d2c752a698a37d58d0c242b1cb8	gi|215511548|gb|FJ445401.1|	98.454	100	2.28e-89	194	8078	Fundulus heteroclitus	bony fishes	mummichog
9ac91d2c752a698a37d58d0c242b1cb8	gi|1129799470|gb|KX686092.1|	98.947	98	8.20e-89	190	8078	Fundulus heteroclitus	bony fishes	mummichog
229afa7c2ff305c6ae7163ce6f283d4c	gi|972385447|gb|KT869378.1|	98.985	92	1.19e-92	197	8078	Fundulus heteroclitus	bony fishes	mummichog
229afa7c2ff305c6ae7163ce6f283d4c	gi|215511576|gb|FJ445403.1|	98.985	92	1.19e-92	197	8078	Fundulus heteroclitus	bony fishes	mummichog
229afa7c2ff305c6ae7163ce6f283d4c	gi|215511520|gb|FJ445399.1|	98.985	92	1.19e-92	197	8078	Fundulus heteroclitus	bony fishes	mummichog
229afa7c2ff305c6ae7163ce6f283d4c	gi|215511506|gb|FJ445398.1|	98.985	92	1.19e-92	197	8078	Fundulus heteroclitus	bony fishes	mummichog
229afa7c2ff305c6ae7163ce6f283d4c	gi|225622209|ref|NC_012312.1|	98.477	92	5.55e-91	197	8078	Fundulus heteroclitus	bony fishes	mummichog
229afa7c2ff305c6ae7163ce6f283d4c	gi|215511534|gb|FJ445400.1|	98.477	92	5.55e-91	197	8078	Fundulus heteroclitus	bony fishes	mummichog
229afa7c2ff305c6ae7163ce6f283d4c	gi|1129799469|gb|KX686091.1|	98.964	90	2.00e-90	193	8078	Fundulus heteroclitus	bony fishes	mummichog
229afa7c2ff305c6ae7163ce6f283d4c	gi|1129799455|gb|KX686077.1|	98.964	90	2.00e-90	193	8078	Fundulus heteroclitus	bony fishes	mummichog
229afa7c2ff305c6ae7163ce6f283d4c	gi|215511548|gb|FJ445401.1|	97.970	92	2.58e-89	197	8078	Fundulus heteroclitus	bony fishes	mummichog
229afa7c2ff305c6ae7163ce6f283d4c	gi|1129799470|gb|KX686092.1|	98.446	90	9.28e-89	193	8078	Fundulus heteroclitus	bony fishes	mummichog
6bd7628a078c46b111685a49bd9584aa	gi|972385447|gb|KT869378.1|	99.485	100	1.05e-92	194	8078	Fundulus heteroclitus	bony fishes	mummichog
6bd7628a078c46b111685a49bd9584aa	gi|215511576|gb|FJ445403.1|	99.485	100	1.05e-92	194	8078	Fundulus heteroclitus	bony fishes	mummichog
6bd7628a078c46b111685a49bd9584aa	gi|215511520|gb|FJ445399.1|	99.485	100	1.05e-92	194	8078	Fundulus heteroclitus	bony fishes	mummichog
6bd7628a078c46b111685a49bd9584aa	gi|215511506|gb|FJ445398.1|	99.485	100	1.05e-92	194	8078	Fundulus heteroclitus	bony fishes	mummichog
6bd7628a078c46b111685a49bd9584aa	gi|225622209|ref|NC_012312.1|	98.969	100	4.90e-91	194	8078	Fundulus heteroclitus	bony fishes	mummichog
6bd7628a078c46b111685a49bd9584aa	gi|215511534|gb|FJ445400.1|	98.969	100	4.90e-91	194	8078	Fundulus heteroclitus	bony fishes	mummichog
6bd7628a078c46b111685a49bd9584aa	gi|1129799469|gb|KX686091.1|	99.474	98	1.76e-90	190	8078	Fundulus heteroclitus	bony fishes	mummichog
6bd7628a078c46b111685a49bd9584aa	gi|1129799455|gb|KX686077.1|	99.474	98	1.76e-90	190	8078	Fundulus heteroclitus	bony fishes	mummichog
6bd7628a078c46b111685a49bd9584aa	gi|215511548|gb|FJ445401.1|	98.454	100	2.28e-89	194	8078	Fundulus heteroclitus	bony fishes	mummichog
6bd7628a078c46b111685a49bd9584aa	gi|1129799470|gb|KX686092.1|	98.947	98	8.20e-89	190	8078	Fundulus heteroclitus	bony fishes	mummichog
456dcd816155f08b31a50c04feb63d5a	gi|972385447|gb|KT869378.1|	99.485	100	1.05e-92	194	8078	Fundulus heteroclitus	bony fishes	mummichog
456dcd816155f08b31a50c04feb63d5a	gi|215511576|gb|FJ445403.1|	99.485	100	1.05e-92	194	8078	Fundulus heteroclitus	bony fishes	mummichog
456dcd816155f08b31a50c04feb63d5a	gi|215511520|gb|FJ445399.1|	99.485	100	1.05e-92	194	8078	Fundulus heteroclitus	bony fishes	mummichog
456dcd816155f08b31a50c04feb63d5a	gi|215511506|gb|FJ445398.1|	99.485	100	1.05e-92	194	8078	Fundulus heteroclitus	bony fishes	mummichog
456dcd816155f08b31a50c04feb63d5a	gi|225622209|ref|NC_012312.1|	98.969	100	4.90e-91	194	8078	Fundulus heteroclitus	bony fishes	mummichog
456dcd816155f08b31a50c04feb63d5a	gi|215511534|gb|FJ445400.1|	98.969	100	4.90e-91	194	8078	Fundulus heteroclitus	bony fishes	mummichog
456dcd816155f08b31a50c04feb63d5a	gi|1129799469|gb|KX686091.1|	99.474	98	1.76e-90	190	8078	Fundulus heteroclitus	bony fishes	mummichog
456dcd816155f08b31a50c04feb63d5a	gi|1129799455|gb|KX686077.1|	99.474	98	1.76e-90	190	8078	Fundulus heteroclitus	bony fishes	mummichog
456dcd816155f08b31a50c04feb63d5a	gi|215511548|gb|FJ445401.1|	98.454	100	2.28e-89	194	8078	Fundulus heteroclitus	bony fishes	mummichog
456dcd816155f08b31a50c04feb63d5a	gi|1129799470|gb|KX686092.1|	98.947	98	8.20e-89	190	8078	Fundulus heteroclitus	bony fishes	mummichog
35afd42d074cdc9cd4fdbb23caae4388	gi|972385447|gb|KT869378.1|	99.485	100	1.05e-92	194	8078	Fundulus heteroclitus	bony fishes	mummichog
35afd42d074cdc9cd4fdbb23caae4388	gi|215511576|gb|FJ445403.1|	99.485	100	1.05e-92	194	8078	Fundulus heteroclitus	bony fishes	mummichog
35afd42d074cdc9cd4fdbb23caae4388	gi|215511520|gb|FJ445399.1|	99.485	100	1.05e-92	194	8078	Fundulus heteroclitus	bony fishes	mummichog
35afd42d074cdc9cd4fdbb23caae4388	gi|215511506|gb|FJ445398.1|	99.485	100	1.05e-92	194	8078	Fundulus heteroclitus	bony fishes	mummichog
35afd42d074cdc9cd4fdbb23caae4388	gi|225622209|ref|NC_012312.1|	98.969	100	4.90e-91	194	8078	Fundulus heteroclitus	bony fishes	mummichog
35afd42d074cdc9cd4fdbb23caae4388	gi|215511534|gb|FJ445400.1|	98.969	100	4.90e-91	194	8078	Fundulus heteroclitus	bony fishes	mummichog
35afd42d074cdc9cd4fdbb23caae4388	gi|1129799469|gb|KX686091.1|	99.474	98	1.76e-90	190	8078	Fundulus heteroclitus	bony fishes	mummichog
35afd42d074cdc9cd4fdbb23caae4388	gi|1129799455|gb|KX686077.1|	99.474	98	1.76e-90	190	8078	Fundulus heteroclitus	bony fishes	mummichog
35afd42d074cdc9cd4fdbb23caae4388	gi|215511548|gb|FJ445401.1|	98.454	100	2.28e-89	194	8078	Fundulus heteroclitus	bony fishes	mummichog
35afd42d074cdc9cd4fdbb23caae4388	gi|1129799470|gb|KX686092.1|	98.947	98	8.20e-89	190	8078	Fundulus heteroclitus	bony fishes	mummichog
9bca08ea08a2c057cc4ac7e876776c50	gi|972385447|gb|KT869378.1|	100.000	100	2.26e-94	194	8078	Fundulus heteroclitus	bony fishes	mummichog
9bca08ea08a2c057cc4ac7e876776c50	gi|215511576|gb|FJ445403.1|	100.000	100	2.26e-94	194	8078	Fundulus heteroclitus	bony fishes	mummichog
9bca08ea08a2c057cc4ac7e876776c50	gi|215511520|gb|FJ445399.1|	100.000	100	2.26e-94	194	8078	Fundulus heteroclitus	bony fishes	mummichog
9bca08ea08a2c057cc4ac7e876776c50	gi|215511506|gb|FJ445398.1|	100.000	100	2.26e-94	194	8078	Fundulus heteroclitus	bony fishes	mummichog
9bca08ea08a2c057cc4ac7e876776c50	gi|225622209|ref|NC_012312.1|	99.485	100	1.05e-92	194	8078	Fundulus heteroclitus	bony fishes	mummichog
9bca08ea08a2c057cc4ac7e876776c50	gi|215511534|gb|FJ445400.1|	99.485	100	1.05e-92	194	8078	Fundulus heteroclitus	bony fishes	mummichog
9bca08ea08a2c057cc4ac7e876776c50	gi|1129799469|gb|KX686091.1|	100.000	98	3.79e-92	190	8078	Fundulus heteroclitus	bony fishes	mummichog
9bca08ea08a2c057cc4ac7e876776c50	gi|1129799455|gb|KX686077.1|	100.000	98	3.79e-92	190	8078	Fundulus heteroclitus	bony fishes	mummichog
9bca08ea08a2c057cc4ac7e876776c50	gi|215511548|gb|FJ445401.1|	98.969	100	4.90e-91	194	8078	Fundulus heteroclitus	bony fishes	mummichog
9bca08ea08a2c057cc4ac7e876776c50	gi|1129799470|gb|KX686092.1|	99.474	98	1.76e-90	190	8078	Fundulus heteroclitus	bony fishes	mummichog
07e3ca997276707a5e5c49dd2646117e	gi|972385447|gb|KT869378.1|	100.000	90	1.57e-96	198	8078	Fundulus heteroclitus	bony fishes	mummichog
07e3ca997276707a5e5c49dd2646117e	gi|215511576|gb|FJ445403.1|	100.000	90	1.57e-96	198	8078	Fundulus heteroclitus	bony fishes	mummichog
07e3ca997276707a5e5c49dd2646117e	gi|215511520|gb|FJ445399.1|	100.000	90	1.57e-96	198	8078	Fundulus heteroclitus	bony fishes	mummichog
07e3ca997276707a5e5c49dd2646117e	gi|215511506|gb|FJ445398.1|	100.000	90	1.57e-96	198	8078	Fundulus heteroclitus	bony fishes	mummichog
07e3ca997276707a5e5c49dd2646117e	gi|225622209|ref|NC_012312.1|	99.495	90	7.33e-95	198	8078	Fundulus heteroclitus	bony fishes	mummichog
07e3ca997276707a5e5c49dd2646117e	gi|215511534|gb|FJ445400.1|	99.495	90	7.33e-95	198	8078	Fundulus heteroclitus	bony fishes	mummichog
07e3ca997276707a5e5c49dd2646117e	gi|215511548|gb|FJ445401.1|	98.990	90	3.41e-93	198	8078	Fundulus heteroclitus	bony fishes	mummichog
07e3ca997276707a5e5c49dd2646117e	gi|2309725955|gb|OP537867.1|	96.970	90	1.60e-86	198	76054	Fundulus pulvereus	bony fishes	bayou killifish
07e3ca997276707a5e5c49dd2646117e	gi|2373974624|gb|OP035105.1|	96.465	90	7.43e-85	198	151022	Fundulus confluentus	bony fishes	marsh killifish
07e3ca997276707a5e5c49dd2646117e	gi|2309725957|gb|OP537869.1|	96.465	90	7.43e-85	198	34779	Fundulus grandis	bony fishes	Gulf killifish
cd4f11b249e9b8b09f23a0601d072f2c	gi|972385447|gb|KT869378.1|	100.000	90	1.23e-97	200	8078	Fundulus heteroclitus	bony fishes	mummichog
cd4f11b249e9b8b09f23a0601d072f2c	gi|215511576|gb|FJ445403.1|	100.000	90	1.23e-97	200	8078	Fundulus heteroclitus	bony fishes	mummichog
cd4f11b249e9b8b09f23a0601d072f2c	gi|215511520|gb|FJ445399.1|	100.000	90	1.23e-97	200	8078	Fundulus heteroclitus	bony fishes	mummichog
cd4f11b249e9b8b09f23a0601d072f2c	gi|215511506|gb|FJ445398.1|	100.000	90	1.23e-97	200	8078	Fundulus heteroclitus	bony fishes	mummichog
cd4f11b249e9b8b09f23a0601d072f2c	gi|225622209|ref|NC_012312.1|	99.500	90	5.72e-96	200	8078	Fundulus heteroclitus	bony fishes	mummichog
cd4f11b249e9b8b09f23a0601d072f2c	gi|215511534|gb|FJ445400.1|	99.500	90	5.72e-96	200	8078	Fundulus heteroclitus	bony fishes	mummichog
cd4f11b249e9b8b09f23a0601d072f2c	gi|215511548|gb|FJ445401.1|	99.000	90	2.66e-94	200	8078	Fundulus heteroclitus	bony fishes	mummichog
cd4f11b249e9b8b09f23a0601d072f2c	gi|2309725955|gb|OP537867.1|	96.985	90	4.49e-87	199	76054	Fundulus pulvereus	bony fishes	bayou killifish
cd4f11b249e9b8b09f23a0601d072f2c	gi|2373974624|gb|OP035105.1|	96.500	90	5.81e-86	200	151022	Fundulus confluentus	bony fishes	marsh killifish
cd4f11b249e9b8b09f23a0601d072f2c	gi|215511492|gb|FJ445397.1|	96.500	90	5.81e-86	200	34779	Fundulus grandis	bony fishes	Gulf killifish
968cf180542dbda35dfb195d30939b21	gi|972385447|gb|KT869378.1|	99.485	100	1.05e-92	194	8078	Fundulus heteroclitus	bony fishes	mummichog
968cf180542dbda35dfb195d30939b21	gi|215511576|gb|FJ445403.1|	99.485	100	1.05e-92	194	8078	Fundulus heteroclitus	bony fishes	mummichog
968cf180542dbda35dfb195d30939b21	gi|215511520|gb|FJ445399.1|	99.485	100	1.05e-92	194	8078	Fundulus heteroclitus	bony fishes	mummichog
968cf180542dbda35dfb195d30939b21	gi|215511506|gb|FJ445398.1|	99.485	100	1.05e-92	194	8078	Fundulus heteroclitus	bony fishes	mummichog
968cf180542dbda35dfb195d30939b21	gi|225622209|ref|NC_012312.1|	98.969	100	4.90e-91	194	8078	Fundulus heteroclitus	bony fishes	mummichog
968cf180542dbda35dfb195d30939b21	gi|215511534|gb|FJ445400.1|	98.969	100	4.90e-91	194	8078	Fundulus heteroclitus	bony fishes	mummichog
968cf180542dbda35dfb195d30939b21	gi|1129799469|gb|KX686091.1|	99.474	98	1.76e-90	190	8078	Fundulus heteroclitus	bony fishes	mummichog
968cf180542dbda35dfb195d30939b21	gi|1129799455|gb|KX686077.1|	99.474	98	1.76e-90	190	8078	Fundulus heteroclitus	bony fishes	mummichog
968cf180542dbda35dfb195d30939b21	gi|215511548|gb|FJ445401.1|	98.454	100	2.28e-89	194	8078	Fundulus heteroclitus	bony fishes	mummichog
968cf180542dbda35dfb195d30939b21	gi|1129799470|gb|KX686092.1|	98.947	98	8.20e-89	190	8078	Fundulus heteroclitus	bony fishes	mummichog
7894160481ce141db7bd115162a66bca	gi|972385447|gb|KT869378.1|	99.485	100	1.05e-92	194	8078	Fundulus heteroclitus	bony fishes	mummichog
7894160481ce141db7bd115162a66bca	gi|215511576|gb|FJ445403.1|	99.485	100	1.05e-92	194	8078	Fundulus heteroclitus	bony fishes	mummichog
7894160481ce141db7bd115162a66bca	gi|215511520|gb|FJ445399.1|	99.485	100	1.05e-92	194	8078	Fundulus heteroclitus	bony fishes	mummichog
7894160481ce141db7bd115162a66bca	gi|215511506|gb|FJ445398.1|	99.485	100	1.05e-92	194	8078	Fundulus heteroclitus	bony fishes	mummichog
7894160481ce141db7bd115162a66bca	gi|225622209|ref|NC_012312.1|	98.969	100	4.90e-91	194	8078	Fundulus heteroclitus	bony fishes	mummichog
7894160481ce141db7bd115162a66bca	gi|215511534|gb|FJ445400.1|	98.969	100	4.90e-91	194	8078	Fundulus heteroclitus	bony fishes	mummichog
7894160481ce141db7bd115162a66bca	gi|1129799469|gb|KX686091.1|	99.474	98	1.76e-90	190	8078	Fundulus heteroclitus	bony fishes	mummichog
7894160481ce141db7bd115162a66bca	gi|1129799455|gb|KX686077.1|	99.474	98	1.76e-90	190	8078	Fundulus heteroclitus	bony fishes	mummichog
7894160481ce141db7bd115162a66bca	gi|215511548|gb|FJ445401.1|	98.454	100	2.28e-89	194	8078	Fundulus heteroclitus	bony fishes	mummichog
7894160481ce141db7bd115162a66bca	gi|1129799470|gb|KX686092.1|	98.947	98	8.20e-89	190	8078	Fundulus heteroclitus	bony fishes	mummichog
409bbf610730d3e85018a46424f3ec5e	gi|972385447|gb|KT869378.1|	98.969	100	4.90e-91	194	8078	Fundulus heteroclitus	bony fishes	mummichog
409bbf610730d3e85018a46424f3ec5e	gi|215511576|gb|FJ445403.1|	98.969	100	4.90e-91	194	8078	Fundulus heteroclitus	bony fishes	mummichog
409bbf610730d3e85018a46424f3ec5e	gi|215511520|gb|FJ445399.1|	98.969	100	4.90e-91	194	8078	Fundulus heteroclitus	bony fishes	mummichog
409bbf610730d3e85018a46424f3ec5e	gi|215511506|gb|FJ445398.1|	98.969	100	4.90e-91	194	8078	Fundulus heteroclitus	bony fishes	mummichog
409bbf610730d3e85018a46424f3ec5e	gi|225622209|ref|NC_012312.1|	98.454	100	2.28e-89	194	8078	Fundulus heteroclitus	bony fishes	mummichog
409bbf610730d3e85018a46424f3ec5e	gi|215511534|gb|FJ445400.1|	98.454	100	2.28e-89	194	8078	Fundulus heteroclitus	bony fishes	mummichog
409bbf610730d3e85018a46424f3ec5e	gi|1129799469|gb|KX686091.1|	98.947	98	8.20e-89	190	8078	Fundulus heteroclitus	bony fishes	mummichog
409bbf610730d3e85018a46424f3ec5e	gi|1129799455|gb|KX686077.1|	98.947	98	8.20e-89	190	8078	Fundulus heteroclitus	bony fishes	mummichog
409bbf610730d3e85018a46424f3ec5e	gi|215511548|gb|FJ445401.1|	97.938	100	1.06e-87	194	8078	Fundulus heteroclitus	bony fishes	mummichog
409bbf610730d3e85018a46424f3ec5e	gi|1129799470|gb|KX686092.1|	98.421	98	3.81e-87	190	8078	Fundulus heteroclitus	bony fishes	mummichog
630c84d7ff9f27bbf8ac912534bed3a1	gi|972385447|gb|KT869378.1|	99.485	100	1.05e-92	194	8078	Fundulus heteroclitus	bony fishes	mummichog
630c84d7ff9f27bbf8ac912534bed3a1	gi|215511576|gb|FJ445403.1|	99.485	100	1.05e-92	194	8078	Fundulus heteroclitus	bony fishes	mummichog
630c84d7ff9f27bbf8ac912534bed3a1	gi|215511520|gb|FJ445399.1|	99.485	100	1.05e-92	194	8078	Fundulus heteroclitus	bony fishes	mummichog
630c84d7ff9f27bbf8ac912534bed3a1	gi|215511506|gb|FJ445398.1|	99.485	100	1.05e-92	194	8078	Fundulus heteroclitus	bony fishes	mummichog
630c84d7ff9f27bbf8ac912534bed3a1	gi|225622209|ref|NC_012312.1|	98.969	100	4.90e-91	194	8078	Fundulus heteroclitus	bony fishes	mummichog
630c84d7ff9f27bbf8ac912534bed3a1	gi|215511534|gb|FJ445400.1|	98.969	100	4.90e-91	194	8078	Fundulus heteroclitus	bony fishes	mummichog
630c84d7ff9f27bbf8ac912534bed3a1	gi|1129799469|gb|KX686091.1|	99.474	98	1.76e-90	190	8078	Fundulus heteroclitus	bony fishes	mummichog
630c84d7ff9f27bbf8ac912534bed3a1	gi|1129799455|gb|KX686077.1|	99.474	98	1.76e-90	190	8078	Fundulus heteroclitus	bony fishes	mummichog
630c84d7ff9f27bbf8ac912534bed3a1	gi|215511548|gb|FJ445401.1|	98.454	100	2.28e-89	194	8078	Fundulus heteroclitus	bony fishes	mummichog
630c84d7ff9f27bbf8ac912534bed3a1	gi|1129799470|gb|KX686092.1|	98.947	98	8.20e-89	190	8078	Fundulus heteroclitus	bony fishes	mummichog
781f55a5a72a5be9ea870f1dcc618b56	gi|972385447|gb|KT869378.1|	99.485	100	1.05e-92	194	8078	Fundulus heteroclitus	bony fishes	mummichog
781f55a5a72a5be9ea870f1dcc618b56	gi|215511576|gb|FJ445403.1|	99.485	100	1.05e-92	194	8078	Fundulus heteroclitus	bony fishes	mummichog
781f55a5a72a5be9ea870f1dcc618b56	gi|215511520|gb|FJ445399.1|	99.485	100	1.05e-92	194	8078	Fundulus heteroclitus	bony fishes	mummichog
781f55a5a72a5be9ea870f1dcc618b56	gi|215511506|gb|FJ445398.1|	99.485	100	1.05e-92	194	8078	Fundulus heteroclitus	bony fishes	mummichog
781f55a5a72a5be9ea870f1dcc618b56	gi|225622209|ref|NC_012312.1|	98.969	100	4.90e-91	194	8078	Fundulus heteroclitus	bony fishes	mummichog
781f55a5a72a5be9ea870f1dcc618b56	gi|215511534|gb|FJ445400.1|	98.969	100	4.90e-91	194	8078	Fundulus heteroclitus	bony fishes	mummichog
781f55a5a72a5be9ea870f1dcc618b56	gi|1129799469|gb|KX686091.1|	99.474	98	1.76e-90	190	8078	Fundulus heteroclitus	bony fishes	mummichog
781f55a5a72a5be9ea870f1dcc618b56	gi|1129799455|gb|KX686077.1|	99.474	98	1.76e-90	190	8078	Fundulus heteroclitus	bony fishes	mummichog
781f55a5a72a5be9ea870f1dcc618b56	gi|215511548|gb|FJ445401.1|	98.454	100	2.28e-89	194	8078	Fundulus heteroclitus	bony fishes	mummichog
781f55a5a72a5be9ea870f1dcc618b56	gi|1129799470|gb|KX686092.1|	98.947	98	8.20e-89	190	8078	Fundulus heteroclitus	bony fishes	mummichog
85477ba699ec0a7fc9b3105aacd1f7c4	gi|972385447|gb|KT869378.1|	99.485	100	1.05e-92	194	8078	Fundulus heteroclitus	bony fishes	mummichog
85477ba699ec0a7fc9b3105aacd1f7c4	gi|215511576|gb|FJ445403.1|	99.485	100	1.05e-92	194	8078	Fundulus heteroclitus	bony fishes	mummichog
85477ba699ec0a7fc9b3105aacd1f7c4	gi|215511520|gb|FJ445399.1|	99.485	100	1.05e-92	194	8078	Fundulus heteroclitus	bony fishes	mummichog
85477ba699ec0a7fc9b3105aacd1f7c4	gi|215511506|gb|FJ445398.1|	99.485	100	1.05e-92	194	8078	Fundulus heteroclitus	bony fishes	mummichog
85477ba699ec0a7fc9b3105aacd1f7c4	gi|225622209|ref|NC_012312.1|	98.969	100	4.90e-91	194	8078	Fundulus heteroclitus	bony fishes	mummichog
85477ba699ec0a7fc9b3105aacd1f7c4	gi|215511534|gb|FJ445400.1|	98.969	100	4.90e-91	194	8078	Fundulus heteroclitus	bony fishes	mummichog
85477ba699ec0a7fc9b3105aacd1f7c4	gi|1129799469|gb|KX686091.1|	99.474	98	1.76e-90	190	8078	Fundulus heteroclitus	bony fishes	mummichog
85477ba699ec0a7fc9b3105aacd1f7c4	gi|1129799455|gb|KX686077.1|	99.474	98	1.76e-90	190	8078	Fundulus heteroclitus	bony fishes	mummichog
85477ba699ec0a7fc9b3105aacd1f7c4	gi|215511548|gb|FJ445401.1|	98.454	100	2.28e-89	194	8078	Fundulus heteroclitus	bony fishes	mummichog
85477ba699ec0a7fc9b3105aacd1f7c4	gi|1129799470|gb|KX686092.1|	98.947	98	8.20e-89	190	8078	Fundulus heteroclitus	bony fishes	mummichog
6ece46ef927d15cfb5dd916b16f01212	gi|972385447|gb|KT869378.1|	99.485	100	1.05e-92	194	8078	Fundulus heteroclitus	bony fishes	mummichog
6ece46ef927d15cfb5dd916b16f01212	gi|215511576|gb|FJ445403.1|	99.485	100	1.05e-92	194	8078	Fundulus heteroclitus	bony fishes	mummichog
6ece46ef927d15cfb5dd916b16f01212	gi|215511520|gb|FJ445399.1|	99.485	100	1.05e-92	194	8078	Fundulus heteroclitus	bony fishes	mummichog
6ece46ef927d15cfb5dd916b16f01212	gi|215511506|gb|FJ445398.1|	99.485	100	1.05e-92	194	8078	Fundulus heteroclitus	bony fishes	mummichog
6ece46ef927d15cfb5dd916b16f01212	gi|225622209|ref|NC_012312.1|	98.969	100	4.90e-91	194	8078	Fundulus heteroclitus	bony fishes	mummichog
6ece46ef927d15cfb5dd916b16f01212	gi|215511534|gb|FJ445400.1|	98.969	100	4.90e-91	194	8078	Fundulus heteroclitus	bony fishes	mummichog
6ece46ef927d15cfb5dd916b16f01212	gi|1129799469|gb|KX686091.1|	99.474	98	1.76e-90	190	8078	Fundulus heteroclitus	bony fishes	mummichog
6ece46ef927d15cfb5dd916b16f01212	gi|1129799455|gb|KX686077.1|	99.474	98	1.76e-90	190	8078	Fundulus heteroclitus	bony fishes	mummichog
6ece46ef927d15cfb5dd916b16f01212	gi|215511548|gb|FJ445401.1|	98.454	100	2.28e-89	194	8078	Fundulus heteroclitus	bony fishes	mummichog
6ece46ef927d15cfb5dd916b16f01212	gi|1129799470|gb|KX686092.1|	98.947	98	8.20e-89	190	8078	Fundulus heteroclitus	bony fishes	mummichog
10c938a793e5b7fc3a84572203e00d68	gi|972385447|gb|KT869378.1|	99.485	100	1.05e-92	194	8078	Fundulus heteroclitus	bony fishes	mummichog
10c938a793e5b7fc3a84572203e00d68	gi|215511576|gb|FJ445403.1|	99.485	100	1.05e-92	194	8078	Fundulus heteroclitus	bony fishes	mummichog
10c938a793e5b7fc3a84572203e00d68	gi|215511520|gb|FJ445399.1|	99.485	100	1.05e-92	194	8078	Fundulus heteroclitus	bony fishes	mummichog
10c938a793e5b7fc3a84572203e00d68	gi|215511506|gb|FJ445398.1|	99.485	100	1.05e-92	194	8078	Fundulus heteroclitus	bony fishes	mummichog
10c938a793e5b7fc3a84572203e00d68	gi|225622209|ref|NC_012312.1|	98.969	100	4.90e-91	194	8078	Fundulus heteroclitus	bony fishes	mummichog
10c938a793e5b7fc3a84572203e00d68	gi|215511534|gb|FJ445400.1|	98.969	100	4.90e-91	194	8078	Fundulus heteroclitus	bony fishes	mummichog
10c938a793e5b7fc3a84572203e00d68	gi|1129799469|gb|KX686091.1|	99.474	98	1.76e-90	190	8078	Fundulus heteroclitus	bony fishes	mummichog
10c938a793e5b7fc3a84572203e00d68	gi|1129799455|gb|KX686077.1|	99.474	98	1.76e-90	190	8078	Fundulus heteroclitus	bony fishes	mummichog
10c938a793e5b7fc3a84572203e00d68	gi|215511548|gb|FJ445401.1|	98.454	100	2.28e-89	194	8078	Fundulus heteroclitus	bony fishes	mummichog
10c938a793e5b7fc3a84572203e00d68	gi|1129799470|gb|KX686092.1|	98.947	98	8.20e-89	190	8078	Fundulus heteroclitus	bony fishes	mummichog
6d15b1a86ab319b21a8ed30978213b40	gi|972385447|gb|KT869378.1|	99.485	100	1.05e-92	194	8078	Fundulus heteroclitus	bony fishes	mummichog
6d15b1a86ab319b21a8ed30978213b40	gi|215511576|gb|FJ445403.1|	99.485	100	1.05e-92	194	8078	Fundulus heteroclitus	bony fishes	mummichog
6d15b1a86ab319b21a8ed30978213b40	gi|215511520|gb|FJ445399.1|	99.485	100	1.05e-92	194	8078	Fundulus heteroclitus	bony fishes	mummichog
6d15b1a86ab319b21a8ed30978213b40	gi|215511506|gb|FJ445398.1|	99.485	100	1.05e-92	194	8078	Fundulus heteroclitus	bony fishes	mummichog
6d15b1a86ab319b21a8ed30978213b40	gi|225622209|ref|NC_012312.1|	98.969	100	4.90e-91	194	8078	Fundulus heteroclitus	bony fishes	mummichog
6d15b1a86ab319b21a8ed30978213b40	gi|215511534|gb|FJ445400.1|	98.969	100	4.90e-91	194	8078	Fundulus heteroclitus	bony fishes	mummichog
6d15b1a86ab319b21a8ed30978213b40	gi|1129799469|gb|KX686091.1|	99.474	98	1.76e-90	190	8078	Fundulus heteroclitus	bony fishes	mummichog
6d15b1a86ab319b21a8ed30978213b40	gi|1129799455|gb|KX686077.1|	99.474	98	1.76e-90	190	8078	Fundulus heteroclitus	bony fishes	mummichog
6d15b1a86ab319b21a8ed30978213b40	gi|215511548|gb|FJ445401.1|	98.454	100	2.28e-89	194	8078	Fundulus heteroclitus	bony fishes	mummichog
6d15b1a86ab319b21a8ed30978213b40	gi|1129799470|gb|KX686092.1|	98.947	98	8.20e-89	190	8078	Fundulus heteroclitus	bony fishes	mummichog
9b728ee115c184aac392f4ea7313188a	gi|972385447|gb|KT869378.1|	99.485	100	1.05e-92	194	8078	Fundulus heteroclitus	bony fishes	mummichog
9b728ee115c184aac392f4ea7313188a	gi|215511576|gb|FJ445403.1|	99.485	100	1.05e-92	194	8078	Fundulus heteroclitus	bony fishes	mummichog
9b728ee115c184aac392f4ea7313188a	gi|215511520|gb|FJ445399.1|	99.485	100	1.05e-92	194	8078	Fundulus heteroclitus	bony fishes	mummichog
9b728ee115c184aac392f4ea7313188a	gi|215511506|gb|FJ445398.1|	99.485	100	1.05e-92	194	8078	Fundulus heteroclitus	bony fishes	mummichog
9b728ee115c184aac392f4ea7313188a	gi|225622209|ref|NC_012312.1|	98.969	100	4.90e-91	194	8078	Fundulus heteroclitus	bony fishes	mummichog
9b728ee115c184aac392f4ea7313188a	gi|215511534|gb|FJ445400.1|	98.969	100	4.90e-91	194	8078	Fundulus heteroclitus	bony fishes	mummichog
9b728ee115c184aac392f4ea7313188a	gi|1129799469|gb|KX686091.1|	99.474	98	1.76e-90	190	8078	Fundulus heteroclitus	bony fishes	mummichog
9b728ee115c184aac392f4ea7313188a	gi|1129799455|gb|KX686077.1|	99.474	98	1.76e-90	190	8078	Fundulus heteroclitus	bony fishes	mummichog
9b728ee115c184aac392f4ea7313188a	gi|215511548|gb|FJ445401.1|	98.454	100	2.28e-89	194	8078	Fundulus heteroclitus	bony fishes	mummichog
9b728ee115c184aac392f4ea7313188a	gi|1129799470|gb|KX686092.1|	98.947	98	8.20e-89	190	8078	Fundulus heteroclitus	bony fishes	mummichog
b0cd9d2e7c7e4fe6a331841eb770c980	gi|972385447|gb|KT869378.1|	99.485	100	1.05e-92	194	8078	Fundulus heteroclitus	bony fishes	mummichog
b0cd9d2e7c7e4fe6a331841eb770c980	gi|215511576|gb|FJ445403.1|	99.485	100	1.05e-92	194	8078	Fundulus heteroclitus	bony fishes	mummichog
b0cd9d2e7c7e4fe6a331841eb770c980	gi|215511520|gb|FJ445399.1|	99.485	100	1.05e-92	194	8078	Fundulus heteroclitus	bony fishes	mummichog
b0cd9d2e7c7e4fe6a331841eb770c980	gi|215511506|gb|FJ445398.1|	99.485	100	1.05e-92	194	8078	Fundulus heteroclitus	bony fishes	mummichog
b0cd9d2e7c7e4fe6a331841eb770c980	gi|225622209|ref|NC_012312.1|	98.969	100	4.90e-91	194	8078	Fundulus heteroclitus	bony fishes	mummichog
b0cd9d2e7c7e4fe6a331841eb770c980	gi|215511534|gb|FJ445400.1|	98.969	100	4.90e-91	194	8078	Fundulus heteroclitus	bony fishes	mummichog
b0cd9d2e7c7e4fe6a331841eb770c980	gi|1129799469|gb|KX686091.1|	99.474	98	1.76e-90	190	8078	Fundulus heteroclitus	bony fishes	mummichog
b0cd9d2e7c7e4fe6a331841eb770c980	gi|1129799455|gb|KX686077.1|	99.474	98	1.76e-90	190	8078	Fundulus heteroclitus	bony fishes	mummichog
b0cd9d2e7c7e4fe6a331841eb770c980	gi|215511548|gb|FJ445401.1|	98.454	100	2.28e-89	194	8078	Fundulus heteroclitus	bony fishes	mummichog
b0cd9d2e7c7e4fe6a331841eb770c980	gi|1129799470|gb|KX686092.1|	98.947	98	8.20e-89	190	8078	Fundulus heteroclitus	bony fishes	mummichog
6095847c471992ee8a76b9536f7360d5	gi|972385447|gb|KT869378.1|	99.485	100	1.05e-92	194	8078	Fundulus heteroclitus	bony fishes	mummichog
6095847c471992ee8a76b9536f7360d5	gi|215511576|gb|FJ445403.1|	99.485	100	1.05e-92	194	8078	Fundulus heteroclitus	bony fishes	mummichog
6095847c471992ee8a76b9536f7360d5	gi|215511520|gb|FJ445399.1|	99.485	100	1.05e-92	194	8078	Fundulus heteroclitus	bony fishes	mummichog
6095847c471992ee8a76b9536f7360d5	gi|215511506|gb|FJ445398.1|	99.485	100	1.05e-92	194	8078	Fundulus heteroclitus	bony fishes	mummichog
6095847c471992ee8a76b9536f7360d5	gi|225622209|ref|NC_012312.1|	98.969	100	4.90e-91	194	8078	Fundulus heteroclitus	bony fishes	mummichog
6095847c471992ee8a76b9536f7360d5	gi|215511534|gb|FJ445400.1|	98.969	100	4.90e-91	194	8078	Fundulus heteroclitus	bony fishes	mummichog
6095847c471992ee8a76b9536f7360d5	gi|1129799469|gb|KX686091.1|	99.474	98	1.76e-90	190	8078	Fundulus heteroclitus	bony fishes	mummichog
6095847c471992ee8a76b9536f7360d5	gi|1129799455|gb|KX686077.1|	99.474	98	1.76e-90	190	8078	Fundulus heteroclitus	bony fishes	mummichog
6095847c471992ee8a76b9536f7360d5	gi|215511548|gb|FJ445401.1|	98.454	100	2.28e-89	194	8078	Fundulus heteroclitus	bony fishes	mummichog
6095847c471992ee8a76b9536f7360d5	gi|1129799470|gb|KX686092.1|	98.947	98	8.20e-89	190	8078	Fundulus heteroclitus	bony fishes	mummichog
ecd9c923b910264687318fda0b3387cb	gi|972385447|gb|KT869378.1|	99.485	100	1.05e-92	194	8078	Fundulus heteroclitus	bony fishes	mummichog
ecd9c923b910264687318fda0b3387cb	gi|215511576|gb|FJ445403.1|	99.485	100	1.05e-92	194	8078	Fundulus heteroclitus	bony fishes	mummichog
ecd9c923b910264687318fda0b3387cb	gi|215511520|gb|FJ445399.1|	99.485	100	1.05e-92	194	8078	Fundulus heteroclitus	bony fishes	mummichog
ecd9c923b910264687318fda0b3387cb	gi|215511506|gb|FJ445398.1|	99.485	100	1.05e-92	194	8078	Fundulus heteroclitus	bony fishes	mummichog
ecd9c923b910264687318fda0b3387cb	gi|225622209|ref|NC_012312.1|	98.969	100	4.90e-91	194	8078	Fundulus heteroclitus	bony fishes	mummichog
ecd9c923b910264687318fda0b3387cb	gi|215511534|gb|FJ445400.1|	98.969	100	4.90e-91	194	8078	Fundulus heteroclitus	bony fishes	mummichog
ecd9c923b910264687318fda0b3387cb	gi|1129799469|gb|KX686091.1|	99.474	98	1.76e-90	190	8078	Fundulus heteroclitus	bony fishes	mummichog
ecd9c923b910264687318fda0b3387cb	gi|1129799455|gb|KX686077.1|	99.474	98	1.76e-90	190	8078	Fundulus heteroclitus	bony fishes	mummichog
ecd9c923b910264687318fda0b3387cb	gi|215511548|gb|FJ445401.1|	98.454	100	2.28e-89	194	8078	Fundulus heteroclitus	bony fishes	mummichog
ecd9c923b910264687318fda0b3387cb	gi|1129799470|gb|KX686092.1|	98.947	98	8.20e-89	190	8078	Fundulus heteroclitus	bony fishes	mummichog
7d0e9aa9286ae57f4985f5a56c144726	gi|972385447|gb|KT869378.1|	99.485	100	1.05e-92	194	8078	Fundulus heteroclitus	bony fishes	mummichog
7d0e9aa9286ae57f4985f5a56c144726	gi|215511576|gb|FJ445403.1|	99.485	100	1.05e-92	194	8078	Fundulus heteroclitus	bony fishes	mummichog
7d0e9aa9286ae57f4985f5a56c144726	gi|215511520|gb|FJ445399.1|	99.485	100	1.05e-92	194	8078	Fundulus heteroclitus	bony fishes	mummichog
7d0e9aa9286ae57f4985f5a56c144726	gi|215511506|gb|FJ445398.1|	99.485	100	1.05e-92	194	8078	Fundulus heteroclitus	bony fishes	mummichog
7d0e9aa9286ae57f4985f5a56c144726	gi|225622209|ref|NC_012312.1|	98.969	100	4.90e-91	194	8078	Fundulus heteroclitus	bony fishes	mummichog
7d0e9aa9286ae57f4985f5a56c144726	gi|215511534|gb|FJ445400.1|	98.969	100	4.90e-91	194	8078	Fundulus heteroclitus	bony fishes	mummichog
7d0e9aa9286ae57f4985f5a56c144726	gi|1129799469|gb|KX686091.1|	99.474	98	1.76e-90	190	8078	Fundulus heteroclitus	bony fishes	mummichog
7d0e9aa9286ae57f4985f5a56c144726	gi|1129799455|gb|KX686077.1|	99.474	98	1.76e-90	190	8078	Fundulus heteroclitus	bony fishes	mummichog
7d0e9aa9286ae57f4985f5a56c144726	gi|215511548|gb|FJ445401.1|	98.454	100	2.28e-89	194	8078	Fundulus heteroclitus	bony fishes	mummichog
7d0e9aa9286ae57f4985f5a56c144726	gi|1129799470|gb|KX686092.1|	98.947	98	8.20e-89	190	8078	Fundulus heteroclitus	bony fishes	mummichog
b5f5a0c281ea8cb3069a5324d1cad208	gi|972385447|gb|KT869378.1|	98.969	100	4.90e-91	194	8078	Fundulus heteroclitus	bony fishes	mummichog
b5f5a0c281ea8cb3069a5324d1cad208	gi|215511576|gb|FJ445403.1|	98.969	100	4.90e-91	194	8078	Fundulus heteroclitus	bony fishes	mummichog
b5f5a0c281ea8cb3069a5324d1cad208	gi|215511520|gb|FJ445399.1|	98.969	100	4.90e-91	194	8078	Fundulus heteroclitus	bony fishes	mummichog
b5f5a0c281ea8cb3069a5324d1cad208	gi|215511506|gb|FJ445398.1|	98.969	100	4.90e-91	194	8078	Fundulus heteroclitus	bony fishes	mummichog
b5f5a0c281ea8cb3069a5324d1cad208	gi|225622209|ref|NC_012312.1|	98.454	100	2.28e-89	194	8078	Fundulus heteroclitus	bony fishes	mummichog
b5f5a0c281ea8cb3069a5324d1cad208	gi|215511534|gb|FJ445400.1|	98.454	100	2.28e-89	194	8078	Fundulus heteroclitus	bony fishes	mummichog
b5f5a0c281ea8cb3069a5324d1cad208	gi|1129799469|gb|KX686091.1|	98.947	98	8.20e-89	190	8078	Fundulus heteroclitus	bony fishes	mummichog
b5f5a0c281ea8cb3069a5324d1cad208	gi|1129799455|gb|KX686077.1|	98.947	98	8.20e-89	190	8078	Fundulus heteroclitus	bony fishes	mummichog
b5f5a0c281ea8cb3069a5324d1cad208	gi|215511548|gb|FJ445401.1|	97.938	100	1.06e-87	194	8078	Fundulus heteroclitus	bony fishes	mummichog
b5f5a0c281ea8cb3069a5324d1cad208	gi|1129799470|gb|KX686092.1|	98.421	98	3.81e-87	190	8078	Fundulus heteroclitus	bony fishes	mummichog
f65588b676961b72c5e5758a043a7660	gi|972385447|gb|KT869378.1|	99.485	100	1.05e-92	194	8078	Fundulus heteroclitus	bony fishes	mummichog
f65588b676961b72c5e5758a043a7660	gi|215511576|gb|FJ445403.1|	99.485	100	1.05e-92	194	8078	Fundulus heteroclitus	bony fishes	mummichog
f65588b676961b72c5e5758a043a7660	gi|215511520|gb|FJ445399.1|	99.485	100	1.05e-92	194	8078	Fundulus heteroclitus	bony fishes	mummichog
f65588b676961b72c5e5758a043a7660	gi|215511506|gb|FJ445398.1|	99.485	100	1.05e-92	194	8078	Fundulus heteroclitus	bony fishes	mummichog
f65588b676961b72c5e5758a043a7660	gi|225622209|ref|NC_012312.1|	98.969	100	4.90e-91	194	8078	Fundulus heteroclitus	bony fishes	mummichog
f65588b676961b72c5e5758a043a7660	gi|215511534|gb|FJ445400.1|	98.969	100	4.90e-91	194	8078	Fundulus heteroclitus	bony fishes	mummichog
f65588b676961b72c5e5758a043a7660	gi|1129799469|gb|KX686091.1|	99.474	98	1.76e-90	190	8078	Fundulus heteroclitus	bony fishes	mummichog
f65588b676961b72c5e5758a043a7660	gi|1129799455|gb|KX686077.1|	99.474	98	1.76e-90	190	8078	Fundulus heteroclitus	bony fishes	mummichog
f65588b676961b72c5e5758a043a7660	gi|215511548|gb|FJ445401.1|	98.454	100	2.28e-89	194	8078	Fundulus heteroclitus	bony fishes	mummichog
f65588b676961b72c5e5758a043a7660	gi|1129799470|gb|KX686092.1|	98.947	98	8.20e-89	190	8078	Fundulus heteroclitus	bony fishes	mummichog
e55e98a02ffb5e354f50af84d8eb7297	gi|972385447|gb|KT869378.1|	99.485	100	1.05e-92	194	8078	Fundulus heteroclitus	bony fishes	mummichog
e55e98a02ffb5e354f50af84d8eb7297	gi|215511576|gb|FJ445403.1|	99.485	100	1.05e-92	194	8078	Fundulus heteroclitus	bony fishes	mummichog
e55e98a02ffb5e354f50af84d8eb7297	gi|215511520|gb|FJ445399.1|	99.485	100	1.05e-92	194	8078	Fundulus heteroclitus	bony fishes	mummichog
e55e98a02ffb5e354f50af84d8eb7297	gi|215511506|gb|FJ445398.1|	99.485	100	1.05e-92	194	8078	Fundulus heteroclitus	bony fishes	mummichog
e55e98a02ffb5e354f50af84d8eb7297	gi|225622209|ref|NC_012312.1|	98.969	100	4.90e-91	194	8078	Fundulus heteroclitus	bony fishes	mummichog
e55e98a02ffb5e354f50af84d8eb7297	gi|215511534|gb|FJ445400.1|	98.969	100	4.90e-91	194	8078	Fundulus heteroclitus	bony fishes	mummichog
e55e98a02ffb5e354f50af84d8eb7297	gi|1129799469|gb|KX686091.1|	99.474	98	1.76e-90	190	8078	Fundulus heteroclitus	bony fishes	mummichog
e55e98a02ffb5e354f50af84d8eb7297	gi|1129799455|gb|KX686077.1|	99.474	98	1.76e-90	190	8078	Fundulus heteroclitus	bony fishes	mummichog
e55e98a02ffb5e354f50af84d8eb7297	gi|215511548|gb|FJ445401.1|	98.454	100	2.28e-89	194	8078	Fundulus heteroclitus	bony fishes	mummichog
e55e98a02ffb5e354f50af84d8eb7297	gi|1129799470|gb|KX686092.1|	98.947	98	8.20e-89	190	8078	Fundulus heteroclitus	bony fishes	mummichog
b75a40e3cfd082a0e376a9dc3fc5deb8	gi|972385447|gb|KT869378.1|	99.485	100	1.05e-92	194	8078	Fundulus heteroclitus	bony fishes	mummichog
b75a40e3cfd082a0e376a9dc3fc5deb8	gi|215511576|gb|FJ445403.1|	99.485	100	1.05e-92	194	8078	Fundulus heteroclitus	bony fishes	mummichog
b75a40e3cfd082a0e376a9dc3fc5deb8	gi|215511520|gb|FJ445399.1|	99.485	100	1.05e-92	194	8078	Fundulus heteroclitus	bony fishes	mummichog
b75a40e3cfd082a0e376a9dc3fc5deb8	gi|215511506|gb|FJ445398.1|	99.485	100	1.05e-92	194	8078	Fundulus heteroclitus	bony fishes	mummichog
b75a40e3cfd082a0e376a9dc3fc5deb8	gi|225622209|ref|NC_012312.1|	98.969	100	4.90e-91	194	8078	Fundulus heteroclitus	bony fishes	mummichog
b75a40e3cfd082a0e376a9dc3fc5deb8	gi|215511534|gb|FJ445400.1|	98.969	100	4.90e-91	194	8078	Fundulus heteroclitus	bony fishes	mummichog
b75a40e3cfd082a0e376a9dc3fc5deb8	gi|1129799469|gb|KX686091.1|	99.474	98	1.76e-90	190	8078	Fundulus heteroclitus	bony fishes	mummichog
b75a40e3cfd082a0e376a9dc3fc5deb8	gi|1129799455|gb|KX686077.1|	99.474	98	1.76e-90	190	8078	Fundulus heteroclitus	bony fishes	mummichog
b75a40e3cfd082a0e376a9dc3fc5deb8	gi|215511548|gb|FJ445401.1|	98.454	100	2.28e-89	194	8078	Fundulus heteroclitus	bony fishes	mummichog
b75a40e3cfd082a0e376a9dc3fc5deb8	gi|1129799470|gb|KX686092.1|	98.947	98	8.20e-89	190	8078	Fundulus heteroclitus	bony fishes	mummichog
3533305121cfa828adb66adcafc700fe	gi|972385447|gb|KT869378.1|	99.485	100	1.05e-92	194	8078	Fundulus heteroclitus	bony fishes	mummichog
3533305121cfa828adb66adcafc700fe	gi|215511576|gb|FJ445403.1|	99.485	100	1.05e-92	194	8078	Fundulus heteroclitus	bony fishes	mummichog
3533305121cfa828adb66adcafc700fe	gi|215511520|gb|FJ445399.1|	99.485	100	1.05e-92	194	8078	Fundulus heteroclitus	bony fishes	mummichog
3533305121cfa828adb66adcafc700fe	gi|215511506|gb|FJ445398.1|	99.485	100	1.05e-92	194	8078	Fundulus heteroclitus	bony fishes	mummichog
3533305121cfa828adb66adcafc700fe	gi|225622209|ref|NC_012312.1|	98.969	100	4.90e-91	194	8078	Fundulus heteroclitus	bony fishes	mummichog
3533305121cfa828adb66adcafc700fe	gi|215511534|gb|FJ445400.1|	98.969	100	4.90e-91	194	8078	Fundulus heteroclitus	bony fishes	mummichog
3533305121cfa828adb66adcafc700fe	gi|1129799469|gb|KX686091.1|	99.474	98	1.76e-90	190	8078	Fundulus heteroclitus	bony fishes	mummichog
3533305121cfa828adb66adcafc700fe	gi|1129799455|gb|KX686077.1|	99.474	98	1.76e-90	190	8078	Fundulus heteroclitus	bony fishes	mummichog
3533305121cfa828adb66adcafc700fe	gi|215511548|gb|FJ445401.1|	98.454	100	2.28e-89	194	8078	Fundulus heteroclitus	bony fishes	mummichog
3533305121cfa828adb66adcafc700fe	gi|1129799470|gb|KX686092.1|	98.947	98	8.20e-89	190	8078	Fundulus heteroclitus	bony fishes	mummichog
34efd6ca0ec08d20eeb56e4165ef681f	gi|972385447|gb|KT869378.1|	99.485	100	1.05e-92	194	8078	Fundulus heteroclitus	bony fishes	mummichog
34efd6ca0ec08d20eeb56e4165ef681f	gi|215511576|gb|FJ445403.1|	99.485	100	1.05e-92	194	8078	Fundulus heteroclitus	bony fishes	mummichog
34efd6ca0ec08d20eeb56e4165ef681f	gi|215511520|gb|FJ445399.1|	99.485	100	1.05e-92	194	8078	Fundulus heteroclitus	bony fishes	mummichog
34efd6ca0ec08d20eeb56e4165ef681f	gi|215511506|gb|FJ445398.1|	99.485	100	1.05e-92	194	8078	Fundulus heteroclitus	bony fishes	mummichog
34efd6ca0ec08d20eeb56e4165ef681f	gi|225622209|ref|NC_012312.1|	98.969	100	4.90e-91	194	8078	Fundulus heteroclitus	bony fishes	mummichog
34efd6ca0ec08d20eeb56e4165ef681f	gi|215511534|gb|FJ445400.1|	98.969	100	4.90e-91	194	8078	Fundulus heteroclitus	bony fishes	mummichog
34efd6ca0ec08d20eeb56e4165ef681f	gi|1129799469|gb|KX686091.1|	99.474	98	1.76e-90	190	8078	Fundulus heteroclitus	bony fishes	mummichog
34efd6ca0ec08d20eeb56e4165ef681f	gi|1129799455|gb|KX686077.1|	99.474	98	1.76e-90	190	8078	Fundulus heteroclitus	bony fishes	mummichog
34efd6ca0ec08d20eeb56e4165ef681f	gi|215511548|gb|FJ445401.1|	98.454	100	2.28e-89	194	8078	Fundulus heteroclitus	bony fishes	mummichog
34efd6ca0ec08d20eeb56e4165ef681f	gi|1129799470|gb|KX686092.1|	98.947	98	8.20e-89	190	8078	Fundulus heteroclitus	bony fishes	mummichog
2c6eda19c38e8da3020e7c1f56d884e7	gi|972385447|gb|KT869378.1|	98.969	100	4.90e-91	194	8078	Fundulus heteroclitus	bony fishes	mummichog
2c6eda19c38e8da3020e7c1f56d884e7	gi|215511576|gb|FJ445403.1|	98.969	100	4.90e-91	194	8078	Fundulus heteroclitus	bony fishes	mummichog
2c6eda19c38e8da3020e7c1f56d884e7	gi|215511520|gb|FJ445399.1|	98.969	100	4.90e-91	194	8078	Fundulus heteroclitus	bony fishes	mummichog
2c6eda19c38e8da3020e7c1f56d884e7	gi|215511506|gb|FJ445398.1|	98.969	100	4.90e-91	194	8078	Fundulus heteroclitus	bony fishes	mummichog
2c6eda19c38e8da3020e7c1f56d884e7	gi|225622209|ref|NC_012312.1|	98.454	100	2.28e-89	194	8078	Fundulus heteroclitus	bony fishes	mummichog
2c6eda19c38e8da3020e7c1f56d884e7	gi|215511534|gb|FJ445400.1|	98.454	100	2.28e-89	194	8078	Fundulus heteroclitus	bony fishes	mummichog
2c6eda19c38e8da3020e7c1f56d884e7	gi|1129799469|gb|KX686091.1|	98.947	98	8.20e-89	190	8078	Fundulus heteroclitus	bony fishes	mummichog
2c6eda19c38e8da3020e7c1f56d884e7	gi|1129799455|gb|KX686077.1|	98.947	98	8.20e-89	190	8078	Fundulus heteroclitus	bony fishes	mummichog
2c6eda19c38e8da3020e7c1f56d884e7	gi|215511548|gb|FJ445401.1|	97.938	100	1.06e-87	194	8078	Fundulus heteroclitus	bony fishes	mummichog
2c6eda19c38e8da3020e7c1f56d884e7	gi|1129799470|gb|KX686092.1|	98.421	98	3.81e-87	190	8078	Fundulus heteroclitus	bony fishes	mummichog
7b3ae0ccaf9bfcd8f632d5b63f96444b	gi|972385447|gb|KT869378.1|	99.485	100	1.05e-92	194	8078	Fundulus heteroclitus	bony fishes	mummichog
7b3ae0ccaf9bfcd8f632d5b63f96444b	gi|215511576|gb|FJ445403.1|	99.485	100	1.05e-92	194	8078	Fundulus heteroclitus	bony fishes	mummichog
7b3ae0ccaf9bfcd8f632d5b63f96444b	gi|215511520|gb|FJ445399.1|	99.485	100	1.05e-92	194	8078	Fundulus heteroclitus	bony fishes	mummichog
7b3ae0ccaf9bfcd8f632d5b63f96444b	gi|215511506|gb|FJ445398.1|	99.485	100	1.05e-92	194	8078	Fundulus heteroclitus	bony fishes	mummichog
7b3ae0ccaf9bfcd8f632d5b63f96444b	gi|225622209|ref|NC_012312.1|	98.969	100	4.90e-91	194	8078	Fundulus heteroclitus	bony fishes	mummichog
7b3ae0ccaf9bfcd8f632d5b63f96444b	gi|215511534|gb|FJ445400.1|	98.969	100	4.90e-91	194	8078	Fundulus heteroclitus	bony fishes	mummichog
7b3ae0ccaf9bfcd8f632d5b63f96444b	gi|1129799469|gb|KX686091.1|	99.474	98	1.76e-90	190	8078	Fundulus heteroclitus	bony fishes	mummichog
7b3ae0ccaf9bfcd8f632d5b63f96444b	gi|1129799455|gb|KX686077.1|	99.474	98	1.76e-90	190	8078	Fundulus heteroclitus	bony fishes	mummichog
7b3ae0ccaf9bfcd8f632d5b63f96444b	gi|215511548|gb|FJ445401.1|	98.454	100	2.28e-89	194	8078	Fundulus heteroclitus	bony fishes	mummichog
7b3ae0ccaf9bfcd8f632d5b63f96444b	gi|1129799470|gb|KX686092.1|	98.947	98	8.20e-89	190	8078	Fundulus heteroclitus	bony fishes	mummichog
51412539ac298f51bc047fe9599285e8	gi|972385447|gb|KT869378.1|	99.485	100	1.05e-92	194	8078	Fundulus heteroclitus	bony fishes	mummichog
51412539ac298f51bc047fe9599285e8	gi|215511576|gb|FJ445403.1|	99.485	100	1.05e-92	194	8078	Fundulus heteroclitus	bony fishes	mummichog
51412539ac298f51bc047fe9599285e8	gi|215511520|gb|FJ445399.1|	99.485	100	1.05e-92	194	8078	Fundulus heteroclitus	bony fishes	mummichog
51412539ac298f51bc047fe9599285e8	gi|215511506|gb|FJ445398.1|	99.485	100	1.05e-92	194	8078	Fundulus heteroclitus	bony fishes	mummichog
51412539ac298f51bc047fe9599285e8	gi|225622209|ref|NC_012312.1|	98.969	100	4.90e-91	194	8078	Fundulus heteroclitus	bony fishes	mummichog
51412539ac298f51bc047fe9599285e8	gi|215511534|gb|FJ445400.1|	98.969	100	4.90e-91	194	8078	Fundulus heteroclitus	bony fishes	mummichog
51412539ac298f51bc047fe9599285e8	gi|1129799469|gb|KX686091.1|	99.474	98	1.76e-90	190	8078	Fundulus heteroclitus	bony fishes	mummichog
51412539ac298f51bc047fe9599285e8	gi|1129799455|gb|KX686077.1|	99.474	98	1.76e-90	190	8078	Fundulus heteroclitus	bony fishes	mummichog
51412539ac298f51bc047fe9599285e8	gi|215511548|gb|FJ445401.1|	98.454	100	2.28e-89	194	8078	Fundulus heteroclitus	bony fishes	mummichog
51412539ac298f51bc047fe9599285e8	gi|1129799470|gb|KX686092.1|	98.947	98	8.20e-89	190	8078	Fundulus heteroclitus	bony fishes	mummichog
73228c3d3908898f4008c8ad3b6460fc	gi|972385447|gb|KT869378.1|	98.969	100	4.90e-91	194	8078	Fundulus heteroclitus	bony fishes	mummichog
73228c3d3908898f4008c8ad3b6460fc	gi|215511576|gb|FJ445403.1|	98.969	100	4.90e-91	194	8078	Fundulus heteroclitus	bony fishes	mummichog
73228c3d3908898f4008c8ad3b6460fc	gi|215511520|gb|FJ445399.1|	98.969	100	4.90e-91	194	8078	Fundulus heteroclitus	bony fishes	mummichog
73228c3d3908898f4008c8ad3b6460fc	gi|215511506|gb|FJ445398.1|	98.969	100	4.90e-91	194	8078	Fundulus heteroclitus	bony fishes	mummichog
73228c3d3908898f4008c8ad3b6460fc	gi|225622209|ref|NC_012312.1|	98.454	100	2.28e-89	194	8078	Fundulus heteroclitus	bony fishes	mummichog
73228c3d3908898f4008c8ad3b6460fc	gi|215511534|gb|FJ445400.1|	98.454	100	2.28e-89	194	8078	Fundulus heteroclitus	bony fishes	mummichog
73228c3d3908898f4008c8ad3b6460fc	gi|1129799469|gb|KX686091.1|	98.947	98	8.20e-89	190	8078	Fundulus heteroclitus	bony fishes	mummichog
73228c3d3908898f4008c8ad3b6460fc	gi|1129799455|gb|KX686077.1|	98.947	98	8.20e-89	190	8078	Fundulus heteroclitus	bony fishes	mummichog
73228c3d3908898f4008c8ad3b6460fc	gi|215511548|gb|FJ445401.1|	97.938	100	1.06e-87	194	8078	Fundulus heteroclitus	bony fishes	mummichog
73228c3d3908898f4008c8ad3b6460fc	gi|1129799470|gb|KX686092.1|	98.421	98	3.81e-87	190	8078	Fundulus heteroclitus	bony fishes	mummichog
a8f957e968a346f547aafe53ce00e74b	gi|972385447|gb|KT869378.1|	99.485	100	1.05e-92	194	8078	Fundulus heteroclitus	bony fishes	mummichog
a8f957e968a346f547aafe53ce00e74b	gi|215511576|gb|FJ445403.1|	99.485	100	1.05e-92	194	8078	Fundulus heteroclitus	bony fishes	mummichog
a8f957e968a346f547aafe53ce00e74b	gi|215511520|gb|FJ445399.1|	99.485	100	1.05e-92	194	8078	Fundulus heteroclitus	bony fishes	mummichog
a8f957e968a346f547aafe53ce00e74b	gi|215511506|gb|FJ445398.1|	99.485	100	1.05e-92	194	8078	Fundulus heteroclitus	bony fishes	mummichog
a8f957e968a346f547aafe53ce00e74b	gi|225622209|ref|NC_012312.1|	98.969	100	4.90e-91	194	8078	Fundulus heteroclitus	bony fishes	mummichog
a8f957e968a346f547aafe53ce00e74b	gi|215511534|gb|FJ445400.1|	98.969	100	4.90e-91	194	8078	Fundulus heteroclitus	bony fishes	mummichog
a8f957e968a346f547aafe53ce00e74b	gi|1129799469|gb|KX686091.1|	99.474	98	1.76e-90	190	8078	Fundulus heteroclitus	bony fishes	mummichog
a8f957e968a346f547aafe53ce00e74b	gi|1129799455|gb|KX686077.1|	99.474	98	1.76e-90	190	8078	Fundulus heteroclitus	bony fishes	mummichog
a8f957e968a346f547aafe53ce00e74b	gi|215511548|gb|FJ445401.1|	98.454	100	2.28e-89	194	8078	Fundulus heteroclitus	bony fishes	mummichog
a8f957e968a346f547aafe53ce00e74b	gi|1129799470|gb|KX686092.1|	98.947	98	8.20e-89	190	8078	Fundulus heteroclitus	bony fishes	mummichog
23083de78eff8a7b52e894f4b878e593	gi|972385447|gb|KT869378.1|	99.485	100	1.05e-92	194	8078	Fundulus heteroclitus	bony fishes	mummichog
23083de78eff8a7b52e894f4b878e593	gi|215511576|gb|FJ445403.1|	99.485	100	1.05e-92	194	8078	Fundulus heteroclitus	bony fishes	mummichog
23083de78eff8a7b52e894f4b878e593	gi|215511520|gb|FJ445399.1|	99.485	100	1.05e-92	194	8078	Fundulus heteroclitus	bony fishes	mummichog
23083de78eff8a7b52e894f4b878e593	gi|215511506|gb|FJ445398.1|	99.485	100	1.05e-92	194	8078	Fundulus heteroclitus	bony fishes	mummichog
23083de78eff8a7b52e894f4b878e593	gi|225622209|ref|NC_012312.1|	98.969	100	4.90e-91	194	8078	Fundulus heteroclitus	bony fishes	mummichog
23083de78eff8a7b52e894f4b878e593	gi|215511534|gb|FJ445400.1|	98.969	100	4.90e-91	194	8078	Fundulus heteroclitus	bony fishes	mummichog
23083de78eff8a7b52e894f4b878e593	gi|1129799469|gb|KX686091.1|	99.474	98	1.76e-90	190	8078	Fundulus heteroclitus	bony fishes	mummichog
23083de78eff8a7b52e894f4b878e593	gi|1129799455|gb|KX686077.1|	99.474	98	1.76e-90	190	8078	Fundulus heteroclitus	bony fishes	mummichog
23083de78eff8a7b52e894f4b878e593	gi|215511548|gb|FJ445401.1|	98.454	100	2.28e-89	194	8078	Fundulus heteroclitus	bony fishes	mummichog
23083de78eff8a7b52e894f4b878e593	gi|1129799470|gb|KX686092.1|	98.947	98	8.20e-89	190	8078	Fundulus heteroclitus	bony fishes	mummichog
dcb7afc3a8baaf095336a5f941158e34	gi|972385447|gb|KT869378.1|	94.330	100	5.00e-76	194	8078	Fundulus heteroclitus	bony fishes	mummichog
dcb7afc3a8baaf095336a5f941158e34	gi|215511576|gb|FJ445403.1|	94.330	100	5.00e-76	194	8078	Fundulus heteroclitus	bony fishes	mummichog
dcb7afc3a8baaf095336a5f941158e34	gi|215511520|gb|FJ445399.1|	94.330	100	5.00e-76	194	8078	Fundulus heteroclitus	bony fishes	mummichog
dcb7afc3a8baaf095336a5f941158e34	gi|215511506|gb|FJ445398.1|	94.330	100	5.00e-76	194	8078	Fundulus heteroclitus	bony fishes	mummichog
dcb7afc3a8baaf095336a5f941158e34	gi|225622209|ref|NC_012312.1|	93.814	100	2.33e-74	194	8078	Fundulus heteroclitus	bony fishes	mummichog
dcb7afc3a8baaf095336a5f941158e34	gi|215511534|gb|FJ445400.1|	93.814	100	2.33e-74	194	8078	Fundulus heteroclitus	bony fishes	mummichog
dcb7afc3a8baaf095336a5f941158e34	gi|1129799469|gb|KX686091.1|	94.211	98	8.37e-74	190	8078	Fundulus heteroclitus	bony fishes	mummichog
dcb7afc3a8baaf095336a5f941158e34	gi|1129799455|gb|KX686077.1|	94.211	98	8.37e-74	190	8078	Fundulus heteroclitus	bony fishes	mummichog
dcb7afc3a8baaf095336a5f941158e34	gi|215511548|gb|FJ445401.1|	93.299	100	1.08e-72	194	8078	Fundulus heteroclitus	bony fishes	mummichog
dcb7afc3a8baaf095336a5f941158e34	gi|1129799470|gb|KX686092.1|	93.684	98	3.89e-72	190	8078	Fundulus heteroclitus	bony fishes	mummichog
89b66b2237eb52c8e478d88d4dca5d99	gi|972385447|gb|KT869378.1|	98.969	100	4.90e-91	194	8078	Fundulus heteroclitus	bony fishes	mummichog
89b66b2237eb52c8e478d88d4dca5d99	gi|215511576|gb|FJ445403.1|	98.969	100	4.90e-91	194	8078	Fundulus heteroclitus	bony fishes	mummichog
89b66b2237eb52c8e478d88d4dca5d99	gi|215511520|gb|FJ445399.1|	98.969	100	4.90e-91	194	8078	Fundulus heteroclitus	bony fishes	mummichog
89b66b2237eb52c8e478d88d4dca5d99	gi|215511506|gb|FJ445398.1|	98.969	100	4.90e-91	194	8078	Fundulus heteroclitus	bony fishes	mummichog
89b66b2237eb52c8e478d88d4dca5d99	gi|225622209|ref|NC_012312.1|	98.454	100	2.28e-89	194	8078	Fundulus heteroclitus	bony fishes	mummichog
89b66b2237eb52c8e478d88d4dca5d99	gi|215511534|gb|FJ445400.1|	98.454	100	2.28e-89	194	8078	Fundulus heteroclitus	bony fishes	mummichog
89b66b2237eb52c8e478d88d4dca5d99	gi|1129799469|gb|KX686091.1|	98.947	98	8.20e-89	190	8078	Fundulus heteroclitus	bony fishes	mummichog
89b66b2237eb52c8e478d88d4dca5d99	gi|1129799455|gb|KX686077.1|	98.947	98	8.20e-89	190	8078	Fundulus heteroclitus	bony fishes	mummichog
89b66b2237eb52c8e478d88d4dca5d99	gi|215511548|gb|FJ445401.1|	97.938	100	1.06e-87	194	8078	Fundulus heteroclitus	bony fishes	mummichog
89b66b2237eb52c8e478d88d4dca5d99	gi|1129799470|gb|KX686092.1|	98.421	98	3.81e-87	190	8078	Fundulus heteroclitus	bony fishes	mummichog
30fb108ad8f47b6991c1548586dc7f01	gi|972385447|gb|KT869378.1|	98.969	100	4.90e-91	194	8078	Fundulus heteroclitus	bony fishes	mummichog
30fb108ad8f47b6991c1548586dc7f01	gi|215511576|gb|FJ445403.1|	98.969	100	4.90e-91	194	8078	Fundulus heteroclitus	bony fishes	mummichog
30fb108ad8f47b6991c1548586dc7f01	gi|215511520|gb|FJ445399.1|	98.969	100	4.90e-91	194	8078	Fundulus heteroclitus	bony fishes	mummichog
30fb108ad8f47b6991c1548586dc7f01	gi|215511506|gb|FJ445398.1|	98.969	100	4.90e-91	194	8078	Fundulus heteroclitus	bony fishes	mummichog
30fb108ad8f47b6991c1548586dc7f01	gi|225622209|ref|NC_012312.1|	98.454	100	2.28e-89	194	8078	Fundulus heteroclitus	bony fishes	mummichog
30fb108ad8f47b6991c1548586dc7f01	gi|215511534|gb|FJ445400.1|	98.454	100	2.28e-89	194	8078	Fundulus heteroclitus	bony fishes	mummichog
30fb108ad8f47b6991c1548586dc7f01	gi|1129799469|gb|KX686091.1|	98.947	98	8.20e-89	190	8078	Fundulus heteroclitus	bony fishes	mummichog
30fb108ad8f47b6991c1548586dc7f01	gi|1129799455|gb|KX686077.1|	98.947	98	8.20e-89	190	8078	Fundulus heteroclitus	bony fishes	mummichog
30fb108ad8f47b6991c1548586dc7f01	gi|215511548|gb|FJ445401.1|	97.938	100	1.06e-87	194	8078	Fundulus heteroclitus	bony fishes	mummichog
30fb108ad8f47b6991c1548586dc7f01	gi|1129799470|gb|KX686092.1|	98.421	98	3.81e-87	190	8078	Fundulus heteroclitus	bony fishes	mummichog
46ba2752cc93aa93fd1f541815c1761a	gi|972385447|gb|KT869378.1|	98.454	100	2.28e-89	194	8078	Fundulus heteroclitus	bony fishes	mummichog
46ba2752cc93aa93fd1f541815c1761a	gi|215511576|gb|FJ445403.1|	98.454	100	2.28e-89	194	8078	Fundulus heteroclitus	bony fishes	mummichog
46ba2752cc93aa93fd1f541815c1761a	gi|215511520|gb|FJ445399.1|	98.454	100	2.28e-89	194	8078	Fundulus heteroclitus	bony fishes	mummichog
46ba2752cc93aa93fd1f541815c1761a	gi|215511506|gb|FJ445398.1|	98.454	100	2.28e-89	194	8078	Fundulus heteroclitus	bony fishes	mummichog
46ba2752cc93aa93fd1f541815c1761a	gi|225622209|ref|NC_012312.1|	97.938	100	1.06e-87	194	8078	Fundulus heteroclitus	bony fishes	mummichog
46ba2752cc93aa93fd1f541815c1761a	gi|215511534|gb|FJ445400.1|	97.938	100	1.06e-87	194	8078	Fundulus heteroclitus	bony fishes	mummichog
46ba2752cc93aa93fd1f541815c1761a	gi|1129799469|gb|KX686091.1|	98.421	98	3.81e-87	190	8078	Fundulus heteroclitus	bony fishes	mummichog
46ba2752cc93aa93fd1f541815c1761a	gi|1129799455|gb|KX686077.1|	98.421	98	3.81e-87	190	8078	Fundulus heteroclitus	bony fishes	mummichog
46ba2752cc93aa93fd1f541815c1761a	gi|215511548|gb|FJ445401.1|	97.423	100	4.93e-86	194	8078	Fundulus heteroclitus	bony fishes	mummichog
46ba2752cc93aa93fd1f541815c1761a	gi|1129799470|gb|KX686092.1|	97.895	98	1.77e-85	190	8078	Fundulus heteroclitus	bony fishes	mummichog
76707392d00788d176bf8b14c895ed51	gi|2714808891|gb|PP620825.1|	99.495	100	6.45e-95	198	34816	Morone saxatilis	bony fishes	striped sea-bass
76707392d00788d176bf8b14c895ed51	gi|2483755352|gb|OQ793758.1|	99.495	100	6.45e-95	198	34816	Morone saxatilis	bony fishes	striped sea-bass
76707392d00788d176bf8b14c895ed51	gi|2325478288|gb|OM736848.1|	99.495	100	6.45e-95	198	34816	Morone saxatilis	bony fishes	striped sea-bass
76707392d00788d176bf8b14c895ed51	gi|301353478|ref|NC_014353.1|	99.495	100	6.45e-95	198	34816	Morone saxatilis	bony fishes	striped sea-bass
76707392d00788d176bf8b14c895ed51	gi|1161049|gb|L60529.1|MOZMTZ	98.485	100	5.02e-91	198	34816	Morone saxatilis	bony fishes	striped sea-bass
76707392d00788d176bf8b14c895ed51	gi|2529339103|gb|OR224431.1|	96.970	100	5.06e-86	198	46259	Morone chrysops	bony fishes	white bass
76707392d00788d176bf8b14c895ed51	gi|2529339094|gb|OR224426.1|	96.970	100	5.06e-86	198	46259	Morone chrysops	bony fishes	white bass
76707392d00788d176bf8b14c895ed51	gi|2030285399|gb|MW630166.1|	96.970	100	5.06e-86	198	46259	Morone chrysops	bony fishes	white bass
76707392d00788d176bf8b14c895ed51	gi|39598563|gb|AY372812.1|	96.970	100	5.06e-86	198	46259	Morone chrysops	bony fishes	white bass
76707392d00788d176bf8b14c895ed51	gi|4494765|gb|AF055589.1|AF055589	96.970	100	5.06e-86	198	46259	Morone chrysops	bony fishes	white bass
e22b561f8aea3de3ea68c428c816ed60	gi|2714808891|gb|PP620825.1|	99.495	100	6.45e-95	198	34816	Morone saxatilis	bony fishes	striped sea-bass
e22b561f8aea3de3ea68c428c816ed60	gi|2483755352|gb|OQ793758.1|	99.495	100	6.45e-95	198	34816	Morone saxatilis	bony fishes	striped sea-bass
e22b561f8aea3de3ea68c428c816ed60	gi|2325478288|gb|OM736848.1|	99.495	100	6.45e-95	198	34816	Morone saxatilis	bony fishes	striped sea-bass
e22b561f8aea3de3ea68c428c816ed60	gi|301353478|ref|NC_014353.1|	99.495	100	6.45e-95	198	34816	Morone saxatilis	bony fishes	striped sea-bass
e22b561f8aea3de3ea68c428c816ed60	gi|1161049|gb|L60529.1|MOZMTZ	98.485	100	5.02e-91	198	34816	Morone saxatilis	bony fishes	striped sea-bass
e22b561f8aea3de3ea68c428c816ed60	gi|2529339103|gb|OR224431.1|	96.970	100	5.06e-86	198	46259	Morone chrysops	bony fishes	white bass
e22b561f8aea3de3ea68c428c816ed60	gi|2529339094|gb|OR224426.1|	96.970	100	5.06e-86	198	46259	Morone chrysops	bony fishes	white bass
e22b561f8aea3de3ea68c428c816ed60	gi|2030285399|gb|MW630166.1|	96.970	100	5.06e-86	198	46259	Morone chrysops	bony fishes	white bass
e22b561f8aea3de3ea68c428c816ed60	gi|39598563|gb|AY372812.1|	96.970	100	5.06e-86	198	46259	Morone chrysops	bony fishes	white bass
e22b561f8aea3de3ea68c428c816ed60	gi|4494765|gb|AF055589.1|AF055589	96.970	100	5.06e-86	198	46259	Morone chrysops	bony fishes	white bass
94cd2860c221caf99d467a85890fef14	gi|2714808891|gb|PP620825.1|	100.000	100	1.39e-96	198	34816	Morone saxatilis	bony fishes	striped sea-bass
94cd2860c221caf99d467a85890fef14	gi|2483755352|gb|OQ793758.1|	100.000	100	1.39e-96	198	34816	Morone saxatilis	bony fishes	striped sea-bass
94cd2860c221caf99d467a85890fef14	gi|2325478288|gb|OM736848.1|	100.000	100	1.39e-96	198	34816	Morone saxatilis	bony fishes	striped sea-bass
94cd2860c221caf99d467a85890fef14	gi|301353478|ref|NC_014353.1|	100.000	100	1.39e-96	198	34816	Morone saxatilis	bony fishes	striped sea-bass
94cd2860c221caf99d467a85890fef14	gi|1161049|gb|L60529.1|MOZMTZ	98.990	100	1.08e-92	198	34816	Morone saxatilis	bony fishes	striped sea-bass
94cd2860c221caf99d467a85890fef14	gi|2529339103|gb|OR224431.1|	97.475	100	1.09e-87	198	46259	Morone chrysops	bony fishes	white bass
94cd2860c221caf99d467a85890fef14	gi|2529339094|gb|OR224426.1|	97.475	100	1.09e-87	198	46259	Morone chrysops	bony fishes	white bass
94cd2860c221caf99d467a85890fef14	gi|2030285399|gb|MW630166.1|	97.475	100	1.09e-87	198	46259	Morone chrysops	bony fishes	white bass
94cd2860c221caf99d467a85890fef14	gi|39598563|gb|AY372812.1|	97.475	100	1.09e-87	198	46259	Morone chrysops	bony fishes	white bass
94cd2860c221caf99d467a85890fef14	gi|4494765|gb|AF055589.1|AF055589	97.475	100	1.09e-87	198	46259	Morone chrysops	bony fishes	white bass
55e53f049566d654a286e26348a3b202	gi|2714808891|gb|PP620825.1|	99.495	100	6.45e-95	198	34816	Morone saxatilis	bony fishes	striped sea-bass
55e53f049566d654a286e26348a3b202	gi|2483755352|gb|OQ793758.1|	99.495	100	6.45e-95	198	34816	Morone saxatilis	bony fishes	striped sea-bass
55e53f049566d654a286e26348a3b202	gi|2325478288|gb|OM736848.1|	99.495	100	6.45e-95	198	34816	Morone saxatilis	bony fishes	striped sea-bass
55e53f049566d654a286e26348a3b202	gi|301353478|ref|NC_014353.1|	99.495	100	6.45e-95	198	34816	Morone saxatilis	bony fishes	striped sea-bass
55e53f049566d654a286e26348a3b202	gi|1161049|gb|L60529.1|MOZMTZ	98.485	100	5.02e-91	198	34816	Morone saxatilis	bony fishes	striped sea-bass
55e53f049566d654a286e26348a3b202	gi|2529339103|gb|OR224431.1|	96.970	100	5.06e-86	198	46259	Morone chrysops	bony fishes	white bass
55e53f049566d654a286e26348a3b202	gi|2529339094|gb|OR224426.1|	96.970	100	5.06e-86	198	46259	Morone chrysops	bony fishes	white bass
55e53f049566d654a286e26348a3b202	gi|2030285399|gb|MW630166.1|	96.970	100	5.06e-86	198	46259	Morone chrysops	bony fishes	white bass
55e53f049566d654a286e26348a3b202	gi|39598563|gb|AY372812.1|	96.970	100	5.06e-86	198	46259	Morone chrysops	bony fishes	white bass
55e53f049566d654a286e26348a3b202	gi|4494765|gb|AF055589.1|AF055589	96.970	100	5.06e-86	198	46259	Morone chrysops	bony fishes	white bass
23f13e628af2c39dda26e38441a7461c	gi|2714808891|gb|PP620825.1|	99.495	100	6.45e-95	198	34816	Morone saxatilis	bony fishes	striped sea-bass
23f13e628af2c39dda26e38441a7461c	gi|2483755352|gb|OQ793758.1|	99.495	100	6.45e-95	198	34816	Morone saxatilis	bony fishes	striped sea-bass
23f13e628af2c39dda26e38441a7461c	gi|2325478288|gb|OM736848.1|	99.495	100	6.45e-95	198	34816	Morone saxatilis	bony fishes	striped sea-bass
23f13e628af2c39dda26e38441a7461c	gi|301353478|ref|NC_014353.1|	99.495	100	6.45e-95	198	34816	Morone saxatilis	bony fishes	striped sea-bass
23f13e628af2c39dda26e38441a7461c	gi|1161049|gb|L60529.1|MOZMTZ	98.485	100	5.02e-91	198	34816	Morone saxatilis	bony fishes	striped sea-bass
23f13e628af2c39dda26e38441a7461c	gi|2529339103|gb|OR224431.1|	96.970	100	5.06e-86	198	46259	Morone chrysops	bony fishes	white bass
23f13e628af2c39dda26e38441a7461c	gi|2529339094|gb|OR224426.1|	96.970	100	5.06e-86	198	46259	Morone chrysops	bony fishes	white bass
23f13e628af2c39dda26e38441a7461c	gi|2030285399|gb|MW630166.1|	96.970	100	5.06e-86	198	46259	Morone chrysops	bony fishes	white bass
23f13e628af2c39dda26e38441a7461c	gi|39598563|gb|AY372812.1|	96.970	100	5.06e-86	198	46259	Morone chrysops	bony fishes	white bass
23f13e628af2c39dda26e38441a7461c	gi|4494765|gb|AF055589.1|AF055589	96.970	100	5.06e-86	198	46259	Morone chrysops	bony fishes	white bass
c613b54e53cbba6e305e82217b7de5f1	gi|972385447|gb|KT869378.1|	99.485	100	1.05e-92	194	8078	Fundulus heteroclitus	bony fishes	mummichog
c613b54e53cbba6e305e82217b7de5f1	gi|215511576|gb|FJ445403.1|	99.485	100	1.05e-92	194	8078	Fundulus heteroclitus	bony fishes	mummichog
c613b54e53cbba6e305e82217b7de5f1	gi|215511520|gb|FJ445399.1|	99.485	100	1.05e-92	194	8078	Fundulus heteroclitus	bony fishes	mummichog
c613b54e53cbba6e305e82217b7de5f1	gi|215511506|gb|FJ445398.1|	99.485	100	1.05e-92	194	8078	Fundulus heteroclitus	bony fishes	mummichog
c613b54e53cbba6e305e82217b7de5f1	gi|225622209|ref|NC_012312.1|	98.969	100	4.90e-91	194	8078	Fundulus heteroclitus	bony fishes	mummichog
c613b54e53cbba6e305e82217b7de5f1	gi|215511534|gb|FJ445400.1|	98.969	100	4.90e-91	194	8078	Fundulus heteroclitus	bony fishes	mummichog
c613b54e53cbba6e305e82217b7de5f1	gi|1129799469|gb|KX686091.1|	99.474	98	1.76e-90	190	8078	Fundulus heteroclitus	bony fishes	mummichog
c613b54e53cbba6e305e82217b7de5f1	gi|1129799455|gb|KX686077.1|	99.474	98	1.76e-90	190	8078	Fundulus heteroclitus	bony fishes	mummichog
c613b54e53cbba6e305e82217b7de5f1	gi|215511548|gb|FJ445401.1|	98.454	100	2.28e-89	194	8078	Fundulus heteroclitus	bony fishes	mummichog
c613b54e53cbba6e305e82217b7de5f1	gi|1129799470|gb|KX686092.1|	98.947	98	8.20e-89	190	8078	Fundulus heteroclitus	bony fishes	mummichog
b75910884aa5534d1fc630a65d3f4add	gi|972385447|gb|KT869378.1|	98.969	100	4.90e-91	194	8078	Fundulus heteroclitus	bony fishes	mummichog
b75910884aa5534d1fc630a65d3f4add	gi|215511576|gb|FJ445403.1|	98.969	100	4.90e-91	194	8078	Fundulus heteroclitus	bony fishes	mummichog
b75910884aa5534d1fc630a65d3f4add	gi|215511520|gb|FJ445399.1|	98.969	100	4.90e-91	194	8078	Fundulus heteroclitus	bony fishes	mummichog
b75910884aa5534d1fc630a65d3f4add	gi|215511506|gb|FJ445398.1|	98.969	100	4.90e-91	194	8078	Fundulus heteroclitus	bony fishes	mummichog
b75910884aa5534d1fc630a65d3f4add	gi|225622209|ref|NC_012312.1|	98.454	100	2.28e-89	194	8078	Fundulus heteroclitus	bony fishes	mummichog
b75910884aa5534d1fc630a65d3f4add	gi|215511534|gb|FJ445400.1|	98.454	100	2.28e-89	194	8078	Fundulus heteroclitus	bony fishes	mummichog
b75910884aa5534d1fc630a65d3f4add	gi|1129799469|gb|KX686091.1|	98.947	98	8.20e-89	190	8078	Fundulus heteroclitus	bony fishes	mummichog
b75910884aa5534d1fc630a65d3f4add	gi|1129799455|gb|KX686077.1|	98.947	98	8.20e-89	190	8078	Fundulus heteroclitus	bony fishes	mummichog
b75910884aa5534d1fc630a65d3f4add	gi|215511548|gb|FJ445401.1|	97.938	100	1.06e-87	194	8078	Fundulus heteroclitus	bony fishes	mummichog
b75910884aa5534d1fc630a65d3f4add	gi|1129799470|gb|KX686092.1|	98.421	98	3.81e-87	190	8078	Fundulus heteroclitus	bony fishes	mummichog
0bd5c9474c5bf52db06f3353540c63be	gi|972385447|gb|KT869378.1|	99.485	100	1.05e-92	194	8078	Fundulus heteroclitus	bony fishes	mummichog
0bd5c9474c5bf52db06f3353540c63be	gi|215511576|gb|FJ445403.1|	99.485	100	1.05e-92	194	8078	Fundulus heteroclitus	bony fishes	mummichog
0bd5c9474c5bf52db06f3353540c63be	gi|215511520|gb|FJ445399.1|	99.485	100	1.05e-92	194	8078	Fundulus heteroclitus	bony fishes	mummichog
0bd5c9474c5bf52db06f3353540c63be	gi|215511506|gb|FJ445398.1|	99.485	100	1.05e-92	194	8078	Fundulus heteroclitus	bony fishes	mummichog
0bd5c9474c5bf52db06f3353540c63be	gi|225622209|ref|NC_012312.1|	98.969	100	4.90e-91	194	8078	Fundulus heteroclitus	bony fishes	mummichog
0bd5c9474c5bf52db06f3353540c63be	gi|215511534|gb|FJ445400.1|	98.969	100	4.90e-91	194	8078	Fundulus heteroclitus	bony fishes	mummichog
0bd5c9474c5bf52db06f3353540c63be	gi|1129799469|gb|KX686091.1|	99.474	98	1.76e-90	190	8078	Fundulus heteroclitus	bony fishes	mummichog
0bd5c9474c5bf52db06f3353540c63be	gi|1129799455|gb|KX686077.1|	99.474	98	1.76e-90	190	8078	Fundulus heteroclitus	bony fishes	mummichog
0bd5c9474c5bf52db06f3353540c63be	gi|215511548|gb|FJ445401.1|	98.454	100	2.28e-89	194	8078	Fundulus heteroclitus	bony fishes	mummichog
0bd5c9474c5bf52db06f3353540c63be	gi|1129799470|gb|KX686092.1|	98.947	98	8.20e-89	190	8078	Fundulus heteroclitus	bony fishes	mummichog
09507c79eac39ae4b2196c3d12bea62f	gi|1798174036|gb|MN122936.1|	99.512	100	8.64e-99	205	35669	Larus argentatus	birds	Larus argentatus
09507c79eac39ae4b2196c3d12bea62f	gi|1798173943|gb|MN122906.1|	99.512	100	8.64e-99	205	8912	Larus marinus	birds	Larus marinus
09507c79eac39ae4b2196c3d12bea62f	gi|2864793914|emb|OZ207421.1|	99.512	100	8.64e-99	205	35669	Larus argentatus	birds	Larus argentatus
09507c79eac39ae4b2196c3d12bea62f	gi|2766894783|emb|OZ118781.1|	99.512	100	8.64e-99	205	119627	Larus michahellis	birds	yellow-legged gull
09507c79eac39ae4b2196c3d12bea62f	gi|2689250239|gb|OR242975.1|	99.512	100	8.64e-99	205	119637	Larus hyperboreus	birds	Larus hyperboreus
09507c79eac39ae4b2196c3d12bea62f	gi|2689250225|gb|OR242974.1|	99.512	100	8.64e-99	205	119637	Larus hyperboreus	birds	Larus hyperboreus
09507c79eac39ae4b2196c3d12bea62f	gi|2689250197|gb|OR242972.1|	99.512	100	8.64e-99	205	119637	Larus hyperboreus	birds	Larus hyperboreus
09507c79eac39ae4b2196c3d12bea62f	gi|2689250155|gb|OR242969.1|	99.512	100	8.64e-99	205	119637	Larus hyperboreus	birds	Larus hyperboreus
09507c79eac39ae4b2196c3d12bea62f	gi|2689250113|gb|OR242966.1|	99.512	100	8.64e-99	205	119637	Larus hyperboreus	birds	Larus hyperboreus
09507c79eac39ae4b2196c3d12bea62f	gi|2689250099|gb|OR242965.1|	99.512	100	8.64e-99	205	559176	Larus canus kamtschatschensis	birds	Larus canus kamtschatschensis
a43aa7d2a031a9f85de1b6972a4518e8	gi|1798174036|gb|MN122936.1|	99.024	100	4.02e-97	205	35669	Larus argentatus	birds	Larus argentatus
a43aa7d2a031a9f85de1b6972a4518e8	gi|1798173943|gb|MN122906.1|	99.024	100	4.02e-97	205	8912	Larus marinus	birds	Larus marinus
a43aa7d2a031a9f85de1b6972a4518e8	gi|2864793914|emb|OZ207421.1|	99.024	100	4.02e-97	205	35669	Larus argentatus	birds	Larus argentatus
a43aa7d2a031a9f85de1b6972a4518e8	gi|2766894783|emb|OZ118781.1|	99.024	100	4.02e-97	205	119627	Larus michahellis	birds	yellow-legged gull
a43aa7d2a031a9f85de1b6972a4518e8	gi|2689250239|gb|OR242975.1|	99.024	100	4.02e-97	205	119637	Larus hyperboreus	birds	Larus hyperboreus
a43aa7d2a031a9f85de1b6972a4518e8	gi|2689250225|gb|OR242974.1|	99.024	100	4.02e-97	205	119637	Larus hyperboreus	birds	Larus hyperboreus
a43aa7d2a031a9f85de1b6972a4518e8	gi|2689250197|gb|OR242972.1|	99.024	100	4.02e-97	205	119637	Larus hyperboreus	birds	Larus hyperboreus
a43aa7d2a031a9f85de1b6972a4518e8	gi|2689250155|gb|OR242969.1|	99.024	100	4.02e-97	205	119637	Larus hyperboreus	birds	Larus hyperboreus
a43aa7d2a031a9f85de1b6972a4518e8	gi|2689250113|gb|OR242966.1|	99.024	100	4.02e-97	205	119637	Larus hyperboreus	birds	Larus hyperboreus
a43aa7d2a031a9f85de1b6972a4518e8	gi|2689250099|gb|OR242965.1|	99.024	100	4.02e-97	205	559176	Larus canus kamtschatschensis	birds	Larus canus kamtschatschensis
5dc39ec2d5c8a68b63308028018e413b	gi|2689246439|gb|OR242925.1|	99.515	100	2.42e-99	206	37040	Gavia stellata	birds	red-throated loon
5dc39ec2d5c8a68b63308028018e413b	gi|2689246425|gb|OR242924.1|	99.515	100	2.42e-99	206	37040	Gavia stellata	birds	red-throated loon
5dc39ec2d5c8a68b63308028018e413b	gi|2689246411|gb|OR242923.1|	99.515	100	2.42e-99	206	37040	Gavia stellata	birds	red-throated loon
5dc39ec2d5c8a68b63308028018e413b	gi|2689246397|gb|OR242922.1|	99.515	100	2.42e-99	206	37040	Gavia stellata	birds	red-throated loon
5dc39ec2d5c8a68b63308028018e413b	gi|2689246383|gb|OR242921.1|	99.515	100	2.42e-99	206	37040	Gavia stellata	birds	red-throated loon
5dc39ec2d5c8a68b63308028018e413b	gi|2689246355|gb|OR242919.1|	99.515	100	2.42e-99	206	37040	Gavia stellata	birds	red-throated loon
5dc39ec2d5c8a68b63308028018e413b	gi|2689246341|gb|OR242918.1|	99.515	100	2.42e-99	206	37040	Gavia stellata	birds	red-throated loon
5dc39ec2d5c8a68b63308028018e413b	gi|2689246327|gb|OR242917.1|	99.515	100	2.42e-99	206	37040	Gavia stellata	birds	red-throated loon
5dc39ec2d5c8a68b63308028018e413b	gi|2689246313|gb|OR242916.1|	99.515	100	2.42e-99	206	37040	Gavia stellata	birds	red-throated loon
5dc39ec2d5c8a68b63308028018e413b	gi|1952239300|gb|MK263209.1|	99.515	100	2.42e-99	206	37040	Gavia stellata	birds	red-throated loon
23c2ad2901cc6908784584f86a4b1786	gi|1829774965|ref|NC_046877.1|	97.073	100	1.88e-90	205	198806	Calidris pugnax	birds	ruff
23c2ad2901cc6908784584f86a4b1786	gi|1829767326|ref|NC_046764.1|	97.073	100	1.88e-90	205	171266	Calidris tenuirostris	birds	Calidris tenuirostris
23c2ad2901cc6908784584f86a4b1786	gi|1798173853|gb|MN122893.1|	97.073	100	1.88e-90	205	8919	Calidris alpina	birds	dunlin
23c2ad2901cc6908784584f86a4b1786	gi|1789850843|gb|MK992912.1|	97.073	100	1.88e-90	205	171266	Calidris tenuirostris	birds	Calidris tenuirostris
23c2ad2901cc6908784584f86a4b1786	gi|2689245977|gb|OR242859.1|	97.073	100	1.88e-90	205	3123365	Calidris alpina pacifica	birds	Calidris alpina pacifica
23c2ad2901cc6908784584f86a4b1786	gi|2689245921|gb|OR242855.1|	97.073	100	1.88e-90	205	3123365	Calidris alpina pacifica	birds	Calidris alpina pacifica
23c2ad2901cc6908784584f86a4b1786	gi|2689245893|gb|OR242853.1|	97.073	100	1.88e-90	205	3123364	Calidris alpina arcticola	birds	Calidris alpina arcticola
23c2ad2901cc6908784584f86a4b1786	gi|2689245879|gb|OR242852.1|	97.073	100	1.88e-90	205	3123364	Calidris alpina arcticola	birds	Calidris alpina arcticola
23c2ad2901cc6908784584f86a4b1786	gi|2192928141|ref|NC_060627.1|	97.073	100	1.88e-90	205	279936	Calidris alba	birds	Calidris alba
23c2ad2901cc6908784584f86a4b1786	gi|2192928127|ref|NC_060626.1|	97.073	100	1.88e-90	205	8919	Calidris alpina	birds	dunlin
7ae3d7929813226f143d799d4e2f1f54	gi|2845753780|emb|OZ115266.1|	99.490	100	8.24e-94	196	9606	Homo sapiens	primates	human
7ae3d7929813226f143d799d4e2f1f54	gi|2844823018|emb|OZ102924.1|	99.490	100	8.24e-94	196	9606	Homo sapiens	primates	human
7ae3d7929813226f143d799d4e2f1f54	gi|2844822920|emb|OZ102844.1|	99.490	100	8.24e-94	196	9606	Homo sapiens	primates	human
7ae3d7929813226f143d799d4e2f1f54	gi|2844819957|emb|OZ101710.1|	99.490	100	8.24e-94	196	9606	Homo sapiens	primates	human
7ae3d7929813226f143d799d4e2f1f54	gi|2844818805|emb|OZ101599.1|	99.490	100	8.24e-94	196	9606	Homo sapiens	primates	human
7ae3d7929813226f143d799d4e2f1f54	gi|2844714873|emb|OZ100711.1|	99.490	100	8.24e-94	196	9606	Homo sapiens	primates	human
7ae3d7929813226f143d799d4e2f1f54	gi|2844714687|emb|OZ099817.1|	99.490	100	8.24e-94	196	9606	Homo sapiens	primates	human
7ae3d7929813226f143d799d4e2f1f54	gi|2844709323|emb|OZ099761.1|	99.490	100	8.24e-94	196	9606	Homo sapiens	primates	human
7ae3d7929813226f143d799d4e2f1f54	gi|2844709262|emb|OZ097913.1|	99.490	100	8.24e-94	196	9606	Homo sapiens	primates	human
7ae3d7929813226f143d799d4e2f1f54	gi|2844562106|emb|OZ093042.1|	99.490	100	8.24e-94	196	9606	Homo sapiens	primates	human
cdcf5ccd65df098f1368560d1ed646ab	gi|2844819951|emb|OZ101704.1|	99.490	100	8.24e-94	196	9606	Homo sapiens	primates	human
cdcf5ccd65df098f1368560d1ed646ab	gi|2844716059|emb|OZ101975.1|	99.490	100	8.24e-94	196	9606	Homo sapiens	primates	human
cdcf5ccd65df098f1368560d1ed646ab	gi|2795779867|emb|OZ171012.1|	99.490	100	8.24e-94	196	9606	Homo sapiens	primates	human
cdcf5ccd65df098f1368560d1ed646ab	gi|2795775720|emb|OZ165166.1|	99.490	100	8.24e-94	196	9606	Homo sapiens	primates	human
cdcf5ccd65df098f1368560d1ed646ab	gi|2795774353|emb|OZ164200.1|	99.490	100	8.24e-94	196	9606	Homo sapiens	primates	human
cdcf5ccd65df098f1368560d1ed646ab	gi|2795772599|emb|OZ163286.1|	99.490	100	8.24e-94	196	9606	Homo sapiens	primates	human
cdcf5ccd65df098f1368560d1ed646ab	gi|2795073659|emb|OZ157168.1|	99.490	100	8.24e-94	196	9606	Homo sapiens	primates	human
cdcf5ccd65df098f1368560d1ed646ab	gi|2794436582|emb|OZ148181.1|	99.490	100	8.24e-94	196	9606	Homo sapiens	primates	human
cdcf5ccd65df098f1368560d1ed646ab	gi|2794428768|emb|OZ145403.1|	99.490	100	8.24e-94	196	9606	Homo sapiens	primates	human
cdcf5ccd65df098f1368560d1ed646ab	gi|2794409717|emb|OZ139096.1|	99.490	100	8.24e-94	196	9606	Homo sapiens	primates	human
f3fe877094ae4cdd19aa52a6d49a5877	gi|2844712375|emb|OZ099745.1|	99.490	100	8.24e-94	196	9606	Homo sapiens	primates	human
f3fe877094ae4cdd19aa52a6d49a5877	gi|2844712371|emb|OZ099744.1|	99.490	100	8.24e-94	196	9606	Homo sapiens	primates	human
f3fe877094ae4cdd19aa52a6d49a5877	gi|1543384086|ref|NG_016607.2|	99.490	100	8.24e-94	196	9606	Homo sapiens	primates	human
f3fe877094ae4cdd19aa52a6d49a5877	gi|2795782939|emb|OZ169722.1|	99.490	100	8.24e-94	196	9606	Homo sapiens	primates	human
f3fe877094ae4cdd19aa52a6d49a5877	gi|2795782773|emb|OZ168968.1|	99.490	100	8.24e-94	196	9606	Homo sapiens	primates	human
f3fe877094ae4cdd19aa52a6d49a5877	gi|2795780138|emb|OZ166328.1|	99.490	100	8.24e-94	196	9606	Homo sapiens	primates	human
f3fe877094ae4cdd19aa52a6d49a5877	gi|2795776975|emb|OZ170352.1|	99.490	100	8.24e-94	196	9606	Homo sapiens	primates	human
f3fe877094ae4cdd19aa52a6d49a5877	gi|2795776670|emb|OZ165514.1|	99.490	100	8.24e-94	196	9606	Homo sapiens	primates	human
f3fe877094ae4cdd19aa52a6d49a5877	gi|2795775370|emb|OZ169500.1|	99.490	100	8.24e-94	196	9606	Homo sapiens	primates	human
f3fe877094ae4cdd19aa52a6d49a5877	gi|2795774671|emb|OZ164453.1|	99.490	100	8.24e-94	196	9606	Homo sapiens	primates	human
b0c293253b67d6581d6cef9f7edba5be	gi|397175736|gb|JX152820.1|	99.492	100	2.31e-94	197	9606	Homo sapiens	primates	human
b0c293253b67d6581d6cef9f7edba5be	gi|1858626016|gb|MN849868.1|	98.985	100	1.07e-92	197	9606	Homo sapiens	primates	human
b0c293253b67d6581d6cef9f7edba5be	gi|1858626002|gb|MN849867.1|	98.985	100	1.07e-92	197	9606	Homo sapiens	primates	human
b0c293253b67d6581d6cef9f7edba5be	gi|1858625988|gb|MN849866.1|	98.985	100	1.07e-92	197	9606	Homo sapiens	primates	human
b0c293253b67d6581d6cef9f7edba5be	gi|1858625974|gb|MN849865.1|	98.985	100	1.07e-92	197	9606	Homo sapiens	primates	human
b0c293253b67d6581d6cef9f7edba5be	gi|1858625960|gb|MN849864.1|	98.985	100	1.07e-92	197	9606	Homo sapiens	primates	human
b0c293253b67d6581d6cef9f7edba5be	gi|1858625918|gb|MN849861.1|	98.985	100	1.07e-92	197	9606	Homo sapiens	primates	human
b0c293253b67d6581d6cef9f7edba5be	gi|1858625904|gb|MN849860.1|	98.985	100	1.07e-92	197	9606	Homo sapiens	primates	human
b0c293253b67d6581d6cef9f7edba5be	gi|1858625890|gb|MN849859.1|	98.985	100	1.07e-92	197	9606	Homo sapiens	primates	human
b0c293253b67d6581d6cef9f7edba5be	gi|1858625876|gb|MN849858.1|	98.985	100	1.07e-92	197	9606	Homo sapiens	primates	human
02efec9f93b0b83d514f19dfe55f6951	gi|1858626016|gb|MN849868.1|	98.985	100	1.07e-92	197	9606	Homo sapiens	primates	human
02efec9f93b0b83d514f19dfe55f6951	gi|1858626002|gb|MN849867.1|	98.985	100	1.07e-92	197	9606	Homo sapiens	primates	human
02efec9f93b0b83d514f19dfe55f6951	gi|1858625988|gb|MN849866.1|	98.985	100	1.07e-92	197	9606	Homo sapiens	primates	human
02efec9f93b0b83d514f19dfe55f6951	gi|1858625974|gb|MN849865.1|	98.985	100	1.07e-92	197	9606	Homo sapiens	primates	human
02efec9f93b0b83d514f19dfe55f6951	gi|1858625960|gb|MN849864.1|	98.985	100	1.07e-92	197	9606	Homo sapiens	primates	human
02efec9f93b0b83d514f19dfe55f6951	gi|1858625918|gb|MN849861.1|	98.985	100	1.07e-92	197	9606	Homo sapiens	primates	human
02efec9f93b0b83d514f19dfe55f6951	gi|1858625904|gb|MN849860.1|	98.985	100	1.07e-92	197	9606	Homo sapiens	primates	human
02efec9f93b0b83d514f19dfe55f6951	gi|1858625890|gb|MN849859.1|	98.985	100	1.07e-92	197	9606	Homo sapiens	primates	human
02efec9f93b0b83d514f19dfe55f6951	gi|1858625876|gb|MN849858.1|	98.985	100	1.07e-92	197	9606	Homo sapiens	primates	human
02efec9f93b0b83d514f19dfe55f6951	gi|1858625862|gb|MN849857.1|	98.985	100	1.07e-92	197	9606	Homo sapiens	primates	human
c9cd41f7eb3981539d32a7582e62472e	gi|1851980582|gb|MK617264.1|	99.495	100	6.45e-95	198	9606	Homo sapiens	primates	human
c9cd41f7eb3981539d32a7582e62472e	gi|1824312954|gb|MN398853.1|	99.495	100	6.45e-95	198	9606	Homo sapiens	primates	human
c9cd41f7eb3981539d32a7582e62472e	gi|1800330158|gb|MN413231.1|	99.495	100	6.45e-95	198	9606	Homo sapiens	primates	human
c9cd41f7eb3981539d32a7582e62472e	gi|1800684182|emb|LS997828.1|	99.495	100	6.45e-95	198	9606	Homo sapiens	primates	human
c9cd41f7eb3981539d32a7582e62472e	gi|1800684100|emb|LS997713.1|	99.495	100	6.45e-95	198	9606	Homo sapiens	primates	human
c9cd41f7eb3981539d32a7582e62472e	gi|1783301925|gb|MN794576.1|	99.495	100	6.45e-95	198	9606	Homo sapiens	primates	human
c9cd41f7eb3981539d32a7582e62472e	gi|1772508497|gb|MN516633.1|	99.495	100	6.45e-95	198	9606	Homo sapiens	primates	human
c9cd41f7eb3981539d32a7582e62472e	gi|1666019856|gb|MK930370.1|	99.495	100	6.45e-95	198	9606	Homo sapiens	primates	human
c9cd41f7eb3981539d32a7582e62472e	gi|1610107389|gb|MH553842.1|	99.495	100	6.45e-95	198	9606	Homo sapiens	primates	human
c9cd41f7eb3981539d32a7582e62472e	gi|1610105289|gb|MH553686.1|	99.495	100	6.45e-95	198	9606	Homo sapiens	primates	human
2167fa3ab784431c676d251d73ebad60	gi|2512952236|gb|OQ884978.1|	98.985	100	2.98e-93	197	9606	Homo sapiens	primates	human
2167fa3ab784431c676d251d73ebad60	gi|2512952194|gb|OQ884975.1|	98.985	100	2.98e-93	197	9606	Homo sapiens	primates	human
2167fa3ab784431c676d251d73ebad60	gi|2512952096|gb|OQ884968.1|	98.985	100	2.98e-93	197	9606	Homo sapiens	primates	human
2167fa3ab784431c676d251d73ebad60	gi|2512952012|gb|OQ884962.1|	98.985	100	2.98e-93	197	9606	Homo sapiens	primates	human
2167fa3ab784431c676d251d73ebad60	gi|2512951998|gb|OQ884961.1|	98.985	100	2.98e-93	197	9606	Homo sapiens	primates	human
2167fa3ab784431c676d251d73ebad60	gi|2512951942|gb|OQ884957.1|	98.985	100	2.98e-93	197	9606	Homo sapiens	primates	human
2167fa3ab784431c676d251d73ebad60	gi|2512951886|gb|OQ884953.1|	98.985	100	2.98e-93	197	9606	Homo sapiens	primates	human
2167fa3ab784431c676d251d73ebad60	gi|2512951830|gb|OQ884949.1|	98.985	100	2.98e-93	197	9606	Homo sapiens	primates	human
2167fa3ab784431c676d251d73ebad60	gi|2512951732|gb|OQ884942.1|	98.985	100	2.98e-93	197	9606	Homo sapiens	primates	human
2167fa3ab784431c676d251d73ebad60	gi|2512951718|gb|OQ884941.1|	98.985	100	2.98e-93	197	9606	Homo sapiens	primates	human
dd109e8e15da4486bd6432da955520c5	gi|1858626016|gb|MN849868.1|	98.985	100	1.07e-92	197	9606	Homo sapiens	primates	human
dd109e8e15da4486bd6432da955520c5	gi|1858626002|gb|MN849867.1|	98.985	100	1.07e-92	197	9606	Homo sapiens	primates	human
dd109e8e15da4486bd6432da955520c5	gi|1858625988|gb|MN849866.1|	98.985	100	1.07e-92	197	9606	Homo sapiens	primates	human
dd109e8e15da4486bd6432da955520c5	gi|1858625974|gb|MN849865.1|	98.985	100	1.07e-92	197	9606	Homo sapiens	primates	human
dd109e8e15da4486bd6432da955520c5	gi|1858625960|gb|MN849864.1|	98.985	100	1.07e-92	197	9606	Homo sapiens	primates	human
dd109e8e15da4486bd6432da955520c5	gi|1858625918|gb|MN849861.1|	98.985	100	1.07e-92	197	9606	Homo sapiens	primates	human
dd109e8e15da4486bd6432da955520c5	gi|1858625904|gb|MN849860.1|	98.985	100	1.07e-92	197	9606	Homo sapiens	primates	human
dd109e8e15da4486bd6432da955520c5	gi|1858625890|gb|MN849859.1|	98.985	100	1.07e-92	197	9606	Homo sapiens	primates	human
dd109e8e15da4486bd6432da955520c5	gi|1858625876|gb|MN849858.1|	98.985	100	1.07e-92	197	9606	Homo sapiens	primates	human
dd109e8e15da4486bd6432da955520c5	gi|1858625862|gb|MN849857.1|	98.985	100	1.07e-92	197	9606	Homo sapiens	primates	human
0015791ecde6c7b7fc1dc022f53c52d0	gi|1707762587|gb|MN203699.1|	99.492	100	2.31e-94	197	9606	Homo sapiens	primates	human
0015791ecde6c7b7fc1dc022f53c52d0	gi|1610106633|gb|MH553788.1|	99.492	100	2.31e-94	197	9606	Homo sapiens	primates	human
0015791ecde6c7b7fc1dc022f53c52d0	gi|1455825995|gb|MH777996.1|	99.492	100	2.31e-94	197	9606	Homo sapiens	primates	human
0015791ecde6c7b7fc1dc022f53c52d0	gi|1552774211|gb|MK371103.1|	99.492	100	2.31e-94	197	9606	Homo sapiens	primates	human
0015791ecde6c7b7fc1dc022f53c52d0	gi|1335810598|gb|MF696071.1|	99.492	100	2.31e-94	197	9606	Homo sapiens	primates	human
0015791ecde6c7b7fc1dc022f53c52d0	gi|2756415689|gb|PQ002738.1|	99.492	100	2.31e-94	197	9606	Homo sapiens	primates	human
0015791ecde6c7b7fc1dc022f53c52d0	gi|2756415255|gb|PQ002707.1|	99.492	100	2.31e-94	197	9606	Homo sapiens	primates	human
0015791ecde6c7b7fc1dc022f53c52d0	gi|2756415101|gb|PQ002696.1|	99.492	100	2.31e-94	197	9606	Homo sapiens	primates	human
0015791ecde6c7b7fc1dc022f53c52d0	gi|2736083777|gb|PP654564.1|	99.492	100	2.31e-94	197	9606	Homo sapiens	primates	human
0015791ecde6c7b7fc1dc022f53c52d0	gi|2736083735|gb|PP654561.1|	99.492	100	2.31e-94	197	9606	Homo sapiens	primates	human
3bae46f06318be8ee4e3db0f563199f0	gi|1858626016|gb|MN849868.1|	98.985	100	1.07e-92	197	9606	Homo sapiens	primates	human
3bae46f06318be8ee4e3db0f563199f0	gi|1858626002|gb|MN849867.1|	98.985	100	1.07e-92	197	9606	Homo sapiens	primates	human
3bae46f06318be8ee4e3db0f563199f0	gi|1858625988|gb|MN849866.1|	98.985	100	1.07e-92	197	9606	Homo sapiens	primates	human
3bae46f06318be8ee4e3db0f563199f0	gi|1858625974|gb|MN849865.1|	98.985	100	1.07e-92	197	9606	Homo sapiens	primates	human
3bae46f06318be8ee4e3db0f563199f0	gi|1858625960|gb|MN849864.1|	98.985	100	1.07e-92	197	9606	Homo sapiens	primates	human
3bae46f06318be8ee4e3db0f563199f0	gi|1858625918|gb|MN849861.1|	98.985	100	1.07e-92	197	9606	Homo sapiens	primates	human
3bae46f06318be8ee4e3db0f563199f0	gi|1858625904|gb|MN849860.1|	98.985	100	1.07e-92	197	9606	Homo sapiens	primates	human
3bae46f06318be8ee4e3db0f563199f0	gi|1858625890|gb|MN849859.1|	98.985	100	1.07e-92	197	9606	Homo sapiens	primates	human
3bae46f06318be8ee4e3db0f563199f0	gi|1858625876|gb|MN849858.1|	98.985	100	1.07e-92	197	9606	Homo sapiens	primates	human
3bae46f06318be8ee4e3db0f563199f0	gi|1858625862|gb|MN849857.1|	98.985	100	1.07e-92	197	9606	Homo sapiens	primates	human
79f6f85cf405bb412041054dda0a7a53	gi|1530722986|gb|MH120682.1|	99.492	100	2.31e-94	197	9606	Homo sapiens	primates	human
79f6f85cf405bb412041054dda0a7a53	gi|397183030|gb|JX153341.1|	99.492	100	2.31e-94	197	9606	Homo sapiens	primates	human
79f6f85cf405bb412041054dda0a7a53	gi|1858626016|gb|MN849868.1|	98.985	100	1.07e-92	197	9606	Homo sapiens	primates	human
79f6f85cf405bb412041054dda0a7a53	gi|1858626002|gb|MN849867.1|	98.985	100	1.07e-92	197	9606	Homo sapiens	primates	human
79f6f85cf405bb412041054dda0a7a53	gi|1858625988|gb|MN849866.1|	98.985	100	1.07e-92	197	9606	Homo sapiens	primates	human
79f6f85cf405bb412041054dda0a7a53	gi|1858625974|gb|MN849865.1|	98.985	100	1.07e-92	197	9606	Homo sapiens	primates	human
79f6f85cf405bb412041054dda0a7a53	gi|1858625960|gb|MN849864.1|	98.985	100	1.07e-92	197	9606	Homo sapiens	primates	human
79f6f85cf405bb412041054dda0a7a53	gi|1858625918|gb|MN849861.1|	98.985	100	1.07e-92	197	9606	Homo sapiens	primates	human
79f6f85cf405bb412041054dda0a7a53	gi|1858625904|gb|MN849860.1|	98.985	100	1.07e-92	197	9606	Homo sapiens	primates	human
79f6f85cf405bb412041054dda0a7a53	gi|1858625890|gb|MN849859.1|	98.985	100	1.07e-92	197	9606	Homo sapiens	primates	human
e078dc235401e376680695ea9f9e2968	gi|1858626016|gb|MN849868.1|	98.985	100	1.07e-92	197	9606	Homo sapiens	primates	human
e078dc235401e376680695ea9f9e2968	gi|1858626002|gb|MN849867.1|	98.985	100	1.07e-92	197	9606	Homo sapiens	primates	human
e078dc235401e376680695ea9f9e2968	gi|1858625988|gb|MN849866.1|	98.985	100	1.07e-92	197	9606	Homo sapiens	primates	human
e078dc235401e376680695ea9f9e2968	gi|1858625974|gb|MN849865.1|	98.985	100	1.07e-92	197	9606	Homo sapiens	primates	human
e078dc235401e376680695ea9f9e2968	gi|1858625960|gb|MN849864.1|	98.985	100	1.07e-92	197	9606	Homo sapiens	primates	human
e078dc235401e376680695ea9f9e2968	gi|1858625918|gb|MN849861.1|	98.985	100	1.07e-92	197	9606	Homo sapiens	primates	human
e078dc235401e376680695ea9f9e2968	gi|1858625904|gb|MN849860.1|	98.985	100	1.07e-92	197	9606	Homo sapiens	primates	human
e078dc235401e376680695ea9f9e2968	gi|1858625890|gb|MN849859.1|	98.985	100	1.07e-92	197	9606	Homo sapiens	primates	human
e078dc235401e376680695ea9f9e2968	gi|1858625876|gb|MN849858.1|	98.985	100	1.07e-92	197	9606	Homo sapiens	primates	human
e078dc235401e376680695ea9f9e2968	gi|1858625862|gb|MN849857.1|	98.985	100	1.07e-92	197	9606	Homo sapiens	primates	human
59662672fbdfa87084191045942a9eef	gi|1858626016|gb|MN849868.1|	98.985	100	1.07e-92	197	9606	Homo sapiens	primates	human
59662672fbdfa87084191045942a9eef	gi|1858626002|gb|MN849867.1|	98.985	100	1.07e-92	197	9606	Homo sapiens	primates	human
59662672fbdfa87084191045942a9eef	gi|1858625988|gb|MN849866.1|	98.985	100	1.07e-92	197	9606	Homo sapiens	primates	human
59662672fbdfa87084191045942a9eef	gi|1858625974|gb|MN849865.1|	98.985	100	1.07e-92	197	9606	Homo sapiens	primates	human
59662672fbdfa87084191045942a9eef	gi|1858625960|gb|MN849864.1|	98.985	100	1.07e-92	197	9606	Homo sapiens	primates	human
59662672fbdfa87084191045942a9eef	gi|1858625918|gb|MN849861.1|	98.985	100	1.07e-92	197	9606	Homo sapiens	primates	human
59662672fbdfa87084191045942a9eef	gi|1858625904|gb|MN849860.1|	98.985	100	1.07e-92	197	9606	Homo sapiens	primates	human
59662672fbdfa87084191045942a9eef	gi|1858625890|gb|MN849859.1|	98.985	100	1.07e-92	197	9606	Homo sapiens	primates	human
59662672fbdfa87084191045942a9eef	gi|1858625876|gb|MN849858.1|	98.985	100	1.07e-92	197	9606	Homo sapiens	primates	human
59662672fbdfa87084191045942a9eef	gi|1858625862|gb|MN849857.1|	98.985	100	1.07e-92	197	9606	Homo sapiens	primates	human
19890d896e740f1f72756d1b4462022f	gi|1858626016|gb|MN849868.1|	99.492	100	2.31e-94	197	9606	Homo sapiens	primates	human
19890d896e740f1f72756d1b4462022f	gi|1858626002|gb|MN849867.1|	99.492	100	2.31e-94	197	9606	Homo sapiens	primates	human
19890d896e740f1f72756d1b4462022f	gi|1858625988|gb|MN849866.1|	99.492	100	2.31e-94	197	9606	Homo sapiens	primates	human
19890d896e740f1f72756d1b4462022f	gi|1858625974|gb|MN849865.1|	99.492	100	2.31e-94	197	9606	Homo sapiens	primates	human
19890d896e740f1f72756d1b4462022f	gi|1858625960|gb|MN849864.1|	99.492	100	2.31e-94	197	9606	Homo sapiens	primates	human
19890d896e740f1f72756d1b4462022f	gi|1858625918|gb|MN849861.1|	99.492	100	2.31e-94	197	9606	Homo sapiens	primates	human
19890d896e740f1f72756d1b4462022f	gi|1858625904|gb|MN849860.1|	99.492	100	2.31e-94	197	9606	Homo sapiens	primates	human
19890d896e740f1f72756d1b4462022f	gi|1858625890|gb|MN849859.1|	99.492	100	2.31e-94	197	9606	Homo sapiens	primates	human
19890d896e740f1f72756d1b4462022f	gi|1858625876|gb|MN849858.1|	99.492	100	2.31e-94	197	9606	Homo sapiens	primates	human
19890d896e740f1f72756d1b4462022f	gi|1858625862|gb|MN849857.1|	99.492	100	2.31e-94	197	9606	Homo sapiens	primates	human
1b6775d5da509cc540e231ec108caf92	gi|1858626016|gb|MN849868.1|	99.495	90	7.33e-95	198	9606	Homo sapiens	primates	human
1b6775d5da509cc540e231ec108caf92	gi|1858626002|gb|MN849867.1|	99.495	90	7.33e-95	198	9606	Homo sapiens	primates	human
1b6775d5da509cc540e231ec108caf92	gi|1858625988|gb|MN849866.1|	99.495	90	7.33e-95	198	9606	Homo sapiens	primates	human
1b6775d5da509cc540e231ec108caf92	gi|1858625974|gb|MN849865.1|	99.495	90	7.33e-95	198	9606	Homo sapiens	primates	human
1b6775d5da509cc540e231ec108caf92	gi|1858625960|gb|MN849864.1|	99.495	90	7.33e-95	198	9606	Homo sapiens	primates	human
1b6775d5da509cc540e231ec108caf92	gi|1858625918|gb|MN849861.1|	99.495	90	7.33e-95	198	9606	Homo sapiens	primates	human
1b6775d5da509cc540e231ec108caf92	gi|1858625904|gb|MN849860.1|	99.495	90	7.33e-95	198	9606	Homo sapiens	primates	human
1b6775d5da509cc540e231ec108caf92	gi|1858625890|gb|MN849859.1|	99.495	90	7.33e-95	198	9606	Homo sapiens	primates	human
1b6775d5da509cc540e231ec108caf92	gi|1858625876|gb|MN849858.1|	99.495	90	7.33e-95	198	9606	Homo sapiens	primates	human
1b6775d5da509cc540e231ec108caf92	gi|1858625862|gb|MN849857.1|	99.495	90	7.33e-95	198	9606	Homo sapiens	primates	human
3a7c455c43086168e5b80e7e8a8000ab	gi|1858626016|gb|MN849868.1|	98.985	100	1.07e-92	197	9606	Homo sapiens	primates	human
3a7c455c43086168e5b80e7e8a8000ab	gi|1858626002|gb|MN849867.1|	98.985	100	1.07e-92	197	9606	Homo sapiens	primates	human
3a7c455c43086168e5b80e7e8a8000ab	gi|1858625988|gb|MN849866.1|	98.985	100	1.07e-92	197	9606	Homo sapiens	primates	human
3a7c455c43086168e5b80e7e8a8000ab	gi|1858625974|gb|MN849865.1|	98.985	100	1.07e-92	197	9606	Homo sapiens	primates	human
3a7c455c43086168e5b80e7e8a8000ab	gi|1858625960|gb|MN849864.1|	98.985	100	1.07e-92	197	9606	Homo sapiens	primates	human
3a7c455c43086168e5b80e7e8a8000ab	gi|1858625918|gb|MN849861.1|	98.985	100	1.07e-92	197	9606	Homo sapiens	primates	human
3a7c455c43086168e5b80e7e8a8000ab	gi|1858625904|gb|MN849860.1|	98.985	100	1.07e-92	197	9606	Homo sapiens	primates	human
3a7c455c43086168e5b80e7e8a8000ab	gi|1858625890|gb|MN849859.1|	98.985	100	1.07e-92	197	9606	Homo sapiens	primates	human
3a7c455c43086168e5b80e7e8a8000ab	gi|1858625876|gb|MN849858.1|	98.985	100	1.07e-92	197	9606	Homo sapiens	primates	human
3a7c455c43086168e5b80e7e8a8000ab	gi|1858625862|gb|MN849857.1|	98.985	100	1.07e-92	197	9606	Homo sapiens	primates	human
b350b275823d8616b2ec6c5c0d822882	gi|1858625176|gb|MN849808.1|	98.985	100	1.07e-92	197	9606	Homo sapiens	primates	human
b350b275823d8616b2ec6c5c0d822882	gi|1858624854|gb|MN849785.1|	98.985	100	1.07e-92	197	9606	Homo sapiens	primates	human
b350b275823d8616b2ec6c5c0d822882	gi|1771806505|gb|MH894762.1|	98.985	100	1.07e-92	197	9606	Homo sapiens	primates	human
b350b275823d8616b2ec6c5c0d822882	gi|1678088335|gb|MN016957.1|	98.985	100	1.07e-92	197	9606	Homo sapiens	primates	human
b350b275823d8616b2ec6c5c0d822882	gi|1610107305|gb|MH553836.1|	98.985	100	1.07e-92	197	9606	Homo sapiens	primates	human
b350b275823d8616b2ec6c5c0d822882	gi|1610107249|gb|MH553832.1|	98.985	100	1.07e-92	197	9606	Homo sapiens	primates	human
b350b275823d8616b2ec6c5c0d822882	gi|1610107123|gb|MH553823.1|	98.985	100	1.07e-92	197	9606	Homo sapiens	primates	human
b350b275823d8616b2ec6c5c0d822882	gi|1610105723|gb|MH553718.1|	98.985	100	1.07e-92	197	9606	Homo sapiens	primates	human
b350b275823d8616b2ec6c5c0d822882	gi|1610104939|gb|MH553659.1|	98.985	100	1.07e-92	197	9606	Homo sapiens	primates	human
b350b275823d8616b2ec6c5c0d822882	gi|1530719472|gb|MH120431.1|	98.985	100	1.07e-92	197	9606	Homo sapiens	primates	human
8c096aed0adcd5f8dd60ef2cf4f254ba	gi|1858626016|gb|MN849868.1|	98.985	100	1.07e-92	197	9606	Homo sapiens	primates	human
8c096aed0adcd5f8dd60ef2cf4f254ba	gi|1858626002|gb|MN849867.1|	98.985	100	1.07e-92	197	9606	Homo sapiens	primates	human
8c096aed0adcd5f8dd60ef2cf4f254ba	gi|1858625988|gb|MN849866.1|	98.985	100	1.07e-92	197	9606	Homo sapiens	primates	human
8c096aed0adcd5f8dd60ef2cf4f254ba	gi|1858625974|gb|MN849865.1|	98.985	100	1.07e-92	197	9606	Homo sapiens	primates	human
8c096aed0adcd5f8dd60ef2cf4f254ba	gi|1858625960|gb|MN849864.1|	98.985	100	1.07e-92	197	9606	Homo sapiens	primates	human
8c096aed0adcd5f8dd60ef2cf4f254ba	gi|1858625918|gb|MN849861.1|	98.985	100	1.07e-92	197	9606	Homo sapiens	primates	human
8c096aed0adcd5f8dd60ef2cf4f254ba	gi|1858625904|gb|MN849860.1|	98.985	100	1.07e-92	197	9606	Homo sapiens	primates	human
8c096aed0adcd5f8dd60ef2cf4f254ba	gi|1858625890|gb|MN849859.1|	98.985	100	1.07e-92	197	9606	Homo sapiens	primates	human
8c096aed0adcd5f8dd60ef2cf4f254ba	gi|1858625876|gb|MN849858.1|	98.985	100	1.07e-92	197	9606	Homo sapiens	primates	human
8c096aed0adcd5f8dd60ef2cf4f254ba	gi|1858625862|gb|MN849857.1|	98.985	100	1.07e-92	197	9606	Homo sapiens	primates	human
547b330a8e0ccd81abe0b914aefd4973	gi|1765886998|gb|MK217254.1|	99.492	100	2.31e-94	197	9606	Homo sapiens	primates	human
547b330a8e0ccd81abe0b914aefd4973	gi|1765885598|gb|MK217154.1|	99.492	100	2.31e-94	197	9606	Homo sapiens	primates	human
547b330a8e0ccd81abe0b914aefd4973	gi|1020882052|gb|KT587619.1|	99.492	100	2.31e-94	197	9606	Homo sapiens	primates	human
547b330a8e0ccd81abe0b914aefd4973	gi|1331385213|gb|MF177170.1|	99.492	100	2.31e-94	197	9606	Homo sapiens	primates	human
547b330a8e0ccd81abe0b914aefd4973	gi|1062944266|gb|KX784190.1|	99.492	100	2.31e-94	197	9606	Homo sapiens	primates	human
547b330a8e0ccd81abe0b914aefd4973	gi|2419835968|gb|OP682666.1|	99.492	100	2.31e-94	197	9606	Homo sapiens	primates	human
547b330a8e0ccd81abe0b914aefd4973	gi|2270355101|gb|ON597797.1|	99.492	100	2.31e-94	197	9606	Homo sapiens	primates	human
547b330a8e0ccd81abe0b914aefd4973	gi|2096012851|gb|MZ921091.1|	99.492	100	2.31e-94	197	9606	Homo sapiens	primates	human
547b330a8e0ccd81abe0b914aefd4973	gi|2096010961|gb|MZ920956.1|	99.492	100	2.31e-94	197	9606	Homo sapiens	primates	human
547b330a8e0ccd81abe0b914aefd4973	gi|2096009239|gb|MZ920833.1|	99.492	100	2.31e-94	197	9606	Homo sapiens	primates	human
a4c54caebdac4acbaa2496c63a0dfec4	gi|1104582130|gb|KX457182.1|	99.492	100	2.31e-94	197	9606	Homo sapiens	primates	human
a4c54caebdac4acbaa2496c63a0dfec4	gi|2273663902|gb|MZ387854.1|	99.492	100	2.31e-94	197	9606	Homo sapiens	primates	human
a4c54caebdac4acbaa2496c63a0dfec4	gi|1858626016|gb|MN849868.1|	98.985	100	1.07e-92	197	9606	Homo sapiens	primates	human
a4c54caebdac4acbaa2496c63a0dfec4	gi|1858626002|gb|MN849867.1|	98.985	100	1.07e-92	197	9606	Homo sapiens	primates	human
a4c54caebdac4acbaa2496c63a0dfec4	gi|1858625988|gb|MN849866.1|	98.985	100	1.07e-92	197	9606	Homo sapiens	primates	human
a4c54caebdac4acbaa2496c63a0dfec4	gi|1858625974|gb|MN849865.1|	98.985	100	1.07e-92	197	9606	Homo sapiens	primates	human
a4c54caebdac4acbaa2496c63a0dfec4	gi|1858625960|gb|MN849864.1|	98.985	100	1.07e-92	197	9606	Homo sapiens	primates	human
a4c54caebdac4acbaa2496c63a0dfec4	gi|1858625918|gb|MN849861.1|	98.985	100	1.07e-92	197	9606	Homo sapiens	primates	human
a4c54caebdac4acbaa2496c63a0dfec4	gi|1858625904|gb|MN849860.1|	98.985	100	1.07e-92	197	9606	Homo sapiens	primates	human
a4c54caebdac4acbaa2496c63a0dfec4	gi|1858625890|gb|MN849859.1|	98.985	100	1.07e-92	197	9606	Homo sapiens	primates	human
9e479487171f6aa0cacc978ed687dcea	gi|1610106381|gb|MH553769.1|	99.492	100	2.31e-94	197	9606	Homo sapiens	primates	human
9e479487171f6aa0cacc978ed687dcea	gi|1357261759|gb|MG272750.1|	99.492	100	2.31e-94	197	9606	Homo sapiens	primates	human
9e479487171f6aa0cacc978ed687dcea	gi|2756416319|gb|PQ002783.1|	99.492	100	2.31e-94	197	9606	Homo sapiens	primates	human
9e479487171f6aa0cacc978ed687dcea	gi|1104581514|gb|KX457138.1|	99.492	100	2.31e-94	197	9606	Homo sapiens	primates	human
9e479487171f6aa0cacc978ed687dcea	gi|1104573199|gb|KX456544.1|	99.492	100	2.31e-94	197	9606	Homo sapiens	primates	human
9e479487171f6aa0cacc978ed687dcea	gi|606232239|gb|KJ154814.1|	99.492	100	2.31e-94	197	9606	Homo sapiens	primates	human
9e479487171f6aa0cacc978ed687dcea	gi|606232113|gb|KJ154805.1|	99.492	100	2.31e-94	197	9606	Homo sapiens	primates	human
9e479487171f6aa0cacc978ed687dcea	gi|2096014923|gb|MZ921239.1|	99.492	100	2.31e-94	197	9606	Homo sapiens	primates	human
9e479487171f6aa0cacc978ed687dcea	gi|1870078360|gb|MN687157.1|	99.492	100	2.31e-94	197	9606	Homo sapiens	primates	human
9e479487171f6aa0cacc978ed687dcea	gi|307281345|gb|GU392084.1|	99.492	100	2.31e-94	197	9606	Homo sapiens	primates	human
8740b302285950c17fc3984167e41a23	gi|1858626016|gb|MN849868.1|	98.985	100	1.07e-92	197	9606	Homo sapiens	primates	human
8740b302285950c17fc3984167e41a23	gi|1858626002|gb|MN849867.1|	98.985	100	1.07e-92	197	9606	Homo sapiens	primates	human
8740b302285950c17fc3984167e41a23	gi|1858625988|gb|MN849866.1|	98.985	100	1.07e-92	197	9606	Homo sapiens	primates	human
8740b302285950c17fc3984167e41a23	gi|1858625974|gb|MN849865.1|	98.985	100	1.07e-92	197	9606	Homo sapiens	primates	human
8740b302285950c17fc3984167e41a23	gi|1858625960|gb|MN849864.1|	98.985	100	1.07e-92	197	9606	Homo sapiens	primates	human
8740b302285950c17fc3984167e41a23	gi|1858625918|gb|MN849861.1|	98.985	100	1.07e-92	197	9606	Homo sapiens	primates	human
8740b302285950c17fc3984167e41a23	gi|1858625904|gb|MN849860.1|	98.985	100	1.07e-92	197	9606	Homo sapiens	primates	human
8740b302285950c17fc3984167e41a23	gi|1858625890|gb|MN849859.1|	98.985	100	1.07e-92	197	9606	Homo sapiens	primates	human
8740b302285950c17fc3984167e41a23	gi|1858625876|gb|MN849858.1|	98.985	100	1.07e-92	197	9606	Homo sapiens	primates	human
8740b302285950c17fc3984167e41a23	gi|1858625862|gb|MN849857.1|	98.985	100	1.07e-92	197	9606	Homo sapiens	primates	human
a75657f25cd1b8b2e6ae207550ecf8aa	gi|223007638|gb|FJ383213.1|	98.985	100	1.07e-92	197	9606	Homo sapiens	primates	human
a75657f25cd1b8b2e6ae207550ecf8aa	gi|1858626016|gb|MN849868.1|	98.477	100	4.99e-91	197	9606	Homo sapiens	primates	human
a75657f25cd1b8b2e6ae207550ecf8aa	gi|1858626002|gb|MN849867.1|	98.477	100	4.99e-91	197	9606	Homo sapiens	primates	human
a75657f25cd1b8b2e6ae207550ecf8aa	gi|1858625988|gb|MN849866.1|	98.477	100	4.99e-91	197	9606	Homo sapiens	primates	human
a75657f25cd1b8b2e6ae207550ecf8aa	gi|1858625974|gb|MN849865.1|	98.477	100	4.99e-91	197	9606	Homo sapiens	primates	human
a75657f25cd1b8b2e6ae207550ecf8aa	gi|1858625960|gb|MN849864.1|	98.477	100	4.99e-91	197	9606	Homo sapiens	primates	human
a75657f25cd1b8b2e6ae207550ecf8aa	gi|1858625918|gb|MN849861.1|	98.477	100	4.99e-91	197	9606	Homo sapiens	primates	human
a75657f25cd1b8b2e6ae207550ecf8aa	gi|1858625904|gb|MN849860.1|	98.477	100	4.99e-91	197	9606	Homo sapiens	primates	human
a75657f25cd1b8b2e6ae207550ecf8aa	gi|1858625890|gb|MN849859.1|	98.477	100	4.99e-91	197	9606	Homo sapiens	primates	human
a75657f25cd1b8b2e6ae207550ecf8aa	gi|1858625876|gb|MN849858.1|	98.477	100	4.99e-91	197	9606	Homo sapiens	primates	human
db4270dd4deee88e9d4f5ae2e47f0641	gi|290758363|gb|GU810024.1|	99.492	100	2.31e-94	197	9606	Homo sapiens	primates	human
db4270dd4deee88e9d4f5ae2e47f0641	gi|1858626016|gb|MN849868.1|	98.985	100	1.07e-92	197	9606	Homo sapiens	primates	human
db4270dd4deee88e9d4f5ae2e47f0641	gi|1858626002|gb|MN849867.1|	98.985	100	1.07e-92	197	9606	Homo sapiens	primates	human
db4270dd4deee88e9d4f5ae2e47f0641	gi|1858625988|gb|MN849866.1|	98.985	100	1.07e-92	197	9606	Homo sapiens	primates	human
db4270dd4deee88e9d4f5ae2e47f0641	gi|1858625974|gb|MN849865.1|	98.985	100	1.07e-92	197	9606	Homo sapiens	primates	human
db4270dd4deee88e9d4f5ae2e47f0641	gi|1858625960|gb|MN849864.1|	98.985	100	1.07e-92	197	9606	Homo sapiens	primates	human
db4270dd4deee88e9d4f5ae2e47f0641	gi|1858625918|gb|MN849861.1|	98.985	100	1.07e-92	197	9606	Homo sapiens	primates	human
db4270dd4deee88e9d4f5ae2e47f0641	gi|1858625904|gb|MN849860.1|	98.985	100	1.07e-92	197	9606	Homo sapiens	primates	human
db4270dd4deee88e9d4f5ae2e47f0641	gi|1858625890|gb|MN849859.1|	98.985	100	1.07e-92	197	9606	Homo sapiens	primates	human
db4270dd4deee88e9d4f5ae2e47f0641	gi|1858625876|gb|MN849858.1|	98.985	100	1.07e-92	197	9606	Homo sapiens	primates	human
5babdc06473649daa27695f42b12e72f	gi|1858626016|gb|MN849868.1|	98.985	100	1.07e-92	197	9606	Homo sapiens	primates	human
5babdc06473649daa27695f42b12e72f	gi|1858626002|gb|MN849867.1|	98.985	100	1.07e-92	197	9606	Homo sapiens	primates	human
5babdc06473649daa27695f42b12e72f	gi|1858625988|gb|MN849866.1|	98.985	100	1.07e-92	197	9606	Homo sapiens	primates	human
5babdc06473649daa27695f42b12e72f	gi|1858625974|gb|MN849865.1|	98.985	100	1.07e-92	197	9606	Homo sapiens	primates	human
5babdc06473649daa27695f42b12e72f	gi|1858625960|gb|MN849864.1|	98.985	100	1.07e-92	197	9606	Homo sapiens	primates	human
5babdc06473649daa27695f42b12e72f	gi|1858625918|gb|MN849861.1|	98.985	100	1.07e-92	197	9606	Homo sapiens	primates	human
5babdc06473649daa27695f42b12e72f	gi|1858625904|gb|MN849860.1|	98.985	100	1.07e-92	197	9606	Homo sapiens	primates	human
5babdc06473649daa27695f42b12e72f	gi|1858625890|gb|MN849859.1|	98.985	100	1.07e-92	197	9606	Homo sapiens	primates	human
5babdc06473649daa27695f42b12e72f	gi|1858625876|gb|MN849858.1|	98.985	100	1.07e-92	197	9606	Homo sapiens	primates	human
5babdc06473649daa27695f42b12e72f	gi|1858625862|gb|MN849857.1|	98.985	100	1.07e-92	197	9606	Homo sapiens	primates	human
2ff425b185bb77c7643112649a0c1e11	gi|1858626016|gb|MN849868.1|	98.985	100	1.07e-92	197	9606	Homo sapiens	primates	human
2ff425b185bb77c7643112649a0c1e11	gi|1858626002|gb|MN849867.1|	98.985	100	1.07e-92	197	9606	Homo sapiens	primates	human
2ff425b185bb77c7643112649a0c1e11	gi|1858625988|gb|MN849866.1|	98.985	100	1.07e-92	197	9606	Homo sapiens	primates	human
2ff425b185bb77c7643112649a0c1e11	gi|1858625974|gb|MN849865.1|	98.985	100	1.07e-92	197	9606	Homo sapiens	primates	human
2ff425b185bb77c7643112649a0c1e11	gi|1858625960|gb|MN849864.1|	98.985	100	1.07e-92	197	9606	Homo sapiens	primates	human
2ff425b185bb77c7643112649a0c1e11	gi|1858625918|gb|MN849861.1|	98.985	100	1.07e-92	197	9606	Homo sapiens	primates	human
2ff425b185bb77c7643112649a0c1e11	gi|1858625904|gb|MN849860.1|	98.985	100	1.07e-92	197	9606	Homo sapiens	primates	human
2ff425b185bb77c7643112649a0c1e11	gi|1858625890|gb|MN849859.1|	98.985	100	1.07e-92	197	9606	Homo sapiens	primates	human
2ff425b185bb77c7643112649a0c1e11	gi|1858625876|gb|MN849858.1|	98.985	100	1.07e-92	197	9606	Homo sapiens	primates	human
2ff425b185bb77c7643112649a0c1e11	gi|1858625862|gb|MN849857.1|	98.985	100	1.07e-92	197	9606	Homo sapiens	primates	human
5ffa1ecd69395db395c417248a992c40	gi|1851980582|gb|MK617264.1|	98.990	100	3.00e-93	198	9606	Homo sapiens	primates	human
5ffa1ecd69395db395c417248a992c40	gi|1824312954|gb|MN398853.1|	98.990	100	3.00e-93	198	9606	Homo sapiens	primates	human
5ffa1ecd69395db395c417248a992c40	gi|1800330158|gb|MN413231.1|	98.990	100	3.00e-93	198	9606	Homo sapiens	primates	human
5ffa1ecd69395db395c417248a992c40	gi|1800684182|emb|LS997828.1|	98.990	100	3.00e-93	198	9606	Homo sapiens	primates	human
5ffa1ecd69395db395c417248a992c40	gi|1800684100|emb|LS997713.1|	98.990	100	3.00e-93	198	9606	Homo sapiens	primates	human
5ffa1ecd69395db395c417248a992c40	gi|1783301925|gb|MN794576.1|	98.990	100	3.00e-93	198	9606	Homo sapiens	primates	human
5ffa1ecd69395db395c417248a992c40	gi|1772508497|gb|MN516633.1|	98.990	100	3.00e-93	198	9606	Homo sapiens	primates	human
5ffa1ecd69395db395c417248a992c40	gi|1666019856|gb|MK930370.1|	98.990	100	3.00e-93	198	9606	Homo sapiens	primates	human
5ffa1ecd69395db395c417248a992c40	gi|1610107389|gb|MH553842.1|	98.990	100	3.00e-93	198	9606	Homo sapiens	primates	human
5ffa1ecd69395db395c417248a992c40	gi|1610105289|gb|MH553686.1|	98.990	100	3.00e-93	198	9606	Homo sapiens	primates	human
deeb376dd5f942eea3c935f73d8d6aee	gi|1858626016|gb|MN849868.1|	98.985	100	1.07e-92	197	9606	Homo sapiens	primates	human
deeb376dd5f942eea3c935f73d8d6aee	gi|1858626002|gb|MN849867.1|	98.985	100	1.07e-92	197	9606	Homo sapiens	primates	human
deeb376dd5f942eea3c935f73d8d6aee	gi|1858625988|gb|MN849866.1|	98.985	100	1.07e-92	197	9606	Homo sapiens	primates	human
deeb376dd5f942eea3c935f73d8d6aee	gi|1858625974|gb|MN849865.1|	98.985	100	1.07e-92	197	9606	Homo sapiens	primates	human
deeb376dd5f942eea3c935f73d8d6aee	gi|1858625960|gb|MN849864.1|	98.985	100	1.07e-92	197	9606	Homo sapiens	primates	human
deeb376dd5f942eea3c935f73d8d6aee	gi|1858625918|gb|MN849861.1|	98.985	100	1.07e-92	197	9606	Homo sapiens	primates	human
deeb376dd5f942eea3c935f73d8d6aee	gi|1858625904|gb|MN849860.1|	98.985	100	1.07e-92	197	9606	Homo sapiens	primates	human
deeb376dd5f942eea3c935f73d8d6aee	gi|1858625890|gb|MN849859.1|	98.985	100	1.07e-92	197	9606	Homo sapiens	primates	human
deeb376dd5f942eea3c935f73d8d6aee	gi|1858625876|gb|MN849858.1|	98.985	100	1.07e-92	197	9606	Homo sapiens	primates	human
deeb376dd5f942eea3c935f73d8d6aee	gi|1858625862|gb|MN849857.1|	98.985	100	1.07e-92	197	9606	Homo sapiens	primates	human
2cb23c3382ea4d132f2e2fbdddd2f62a	gi|1858626016|gb|MN849868.1|	98.985	100	1.07e-92	197	9606	Homo sapiens	primates	human
2cb23c3382ea4d132f2e2fbdddd2f62a	gi|1858626002|gb|MN849867.1|	98.985	100	1.07e-92	197	9606	Homo sapiens	primates	human
2cb23c3382ea4d132f2e2fbdddd2f62a	gi|1858625988|gb|MN849866.1|	98.985	100	1.07e-92	197	9606	Homo sapiens	primates	human
2cb23c3382ea4d132f2e2fbdddd2f62a	gi|1858625974|gb|MN849865.1|	98.985	100	1.07e-92	197	9606	Homo sapiens	primates	human
2cb23c3382ea4d132f2e2fbdddd2f62a	gi|1858625960|gb|MN849864.1|	98.985	100	1.07e-92	197	9606	Homo sapiens	primates	human
2cb23c3382ea4d132f2e2fbdddd2f62a	gi|1858625918|gb|MN849861.1|	98.985	100	1.07e-92	197	9606	Homo sapiens	primates	human
2cb23c3382ea4d132f2e2fbdddd2f62a	gi|1858625904|gb|MN849860.1|	98.985	100	1.07e-92	197	9606	Homo sapiens	primates	human
2cb23c3382ea4d132f2e2fbdddd2f62a	gi|1858625890|gb|MN849859.1|	98.985	100	1.07e-92	197	9606	Homo sapiens	primates	human
2cb23c3382ea4d132f2e2fbdddd2f62a	gi|1858625876|gb|MN849858.1|	98.985	100	1.07e-92	197	9606	Homo sapiens	primates	human
2cb23c3382ea4d132f2e2fbdddd2f62a	gi|1858625862|gb|MN849857.1|	98.985	100	1.07e-92	197	9606	Homo sapiens	primates	human
eccebb52184fe93b565c631944d94780	gi|1858626016|gb|MN849868.1|	98.477	100	4.99e-91	197	9606	Homo sapiens	primates	human
eccebb52184fe93b565c631944d94780	gi|1858626002|gb|MN849867.1|	98.477	100	4.99e-91	197	9606	Homo sapiens	primates	human
eccebb52184fe93b565c631944d94780	gi|1858625988|gb|MN849866.1|	98.477	100	4.99e-91	197	9606	Homo sapiens	primates	human
eccebb52184fe93b565c631944d94780	gi|1858625974|gb|MN849865.1|	98.477	100	4.99e-91	197	9606	Homo sapiens	primates	human
eccebb52184fe93b565c631944d94780	gi|1858625960|gb|MN849864.1|	98.477	100	4.99e-91	197	9606	Homo sapiens	primates	human
eccebb52184fe93b565c631944d94780	gi|1858625918|gb|MN849861.1|	98.477	100	4.99e-91	197	9606	Homo sapiens	primates	human
eccebb52184fe93b565c631944d94780	gi|1858625904|gb|MN849860.1|	98.477	100	4.99e-91	197	9606	Homo sapiens	primates	human
eccebb52184fe93b565c631944d94780	gi|1858625890|gb|MN849859.1|	98.477	100	4.99e-91	197	9606	Homo sapiens	primates	human
eccebb52184fe93b565c631944d94780	gi|1858625876|gb|MN849858.1|	98.477	100	4.99e-91	197	9606	Homo sapiens	primates	human
eccebb52184fe93b565c631944d94780	gi|1858625862|gb|MN849857.1|	98.477	100	4.99e-91	197	9606	Homo sapiens	primates	human
5c0c55062ca859b5773a55f6319b30a0	gi|300423182|emb|FN677400.1|	98.876	96	3.62e-82	178	37541	Buccinum undatum	gastropods	waved whelk
5c0c55062ca859b5773a55f6319b30a0	gi|1583104520|ref|NC_040940.1|	97.297	100	4.68e-81	185	37541	Buccinum undatum	gastropods	waved whelk
5c0c55062ca859b5773a55f6319b30a0	gi|944542039|ref|NC_028183.1|	97.297	100	4.68e-81	185	620741	Volutharpa perryi	gastropods	Volutharpa perryi
5c0c55062ca859b5773a55f6319b30a0	gi|2328370398|ref|NC_067974.1|	97.297	100	4.68e-81	185	620738	Volutharpa ampullacea	gastropods	Volutharpa ampullacea
5c0c55062ca859b5773a55f6319b30a0	gi|2248520785|ref|NC_063974.1|	96.216	100	1.01e-77	185	235473	Buccinum tsubai	gastropods	Buccinum tsubai
5c0c55062ca859b5773a55f6319b30a0	gi|1002162100|ref|NC_029373.1|	95.676	100	4.72e-76	185	640297	Buccinum pemphigus	gastropods	Buccinum pemphigus
5c0c55062ca859b5773a55f6319b30a0	gi|1919464571|gb|MW174059.1|	96.552	94	2.84e-73	174	620046	Buccinum chishimanum	gastropods	Buccinum chishimanum
5c0c55062ca859b5773a55f6319b30a0	gi|1919464568|gb|MW174058.1|	96.000	94	1.02e-72	175	620070	Buccinum glaciale	gastropods	Buccinum glaciale
5c0c55062ca859b5773a55f6319b30a0	gi|2053359840|gb|MW646292.1|	94.595	100	3.67e-72	185	284245	Buccinum bayani	gastropods	Buccinum bayani
5c0c55062ca859b5773a55f6319b30a0	gi|2180637233|gb|MW057425.1|	95.402	94	4.75e-71	174	620077	Buccinum hydrophanum	gastropods	Buccinum hydrophanum
e65839c7a5b67f6c318ab9628055489a	gi|972385447|gb|KT869378.1|	99.485	100	1.05e-92	194	8078	Fundulus heteroclitus	bony fishes	mummichog
e65839c7a5b67f6c318ab9628055489a	gi|215511576|gb|FJ445403.1|	99.485	100	1.05e-92	194	8078	Fundulus heteroclitus	bony fishes	mummichog
e65839c7a5b67f6c318ab9628055489a	gi|215511520|gb|FJ445399.1|	99.485	100	1.05e-92	194	8078	Fundulus heteroclitus	bony fishes	mummichog
e65839c7a5b67f6c318ab9628055489a	gi|215511506|gb|FJ445398.1|	99.485	100	1.05e-92	194	8078	Fundulus heteroclitus	bony fishes	mummichog
e65839c7a5b67f6c318ab9628055489a	gi|225622209|ref|NC_012312.1|	98.969	100	4.90e-91	194	8078	Fundulus heteroclitus	bony fishes	mummichog
e65839c7a5b67f6c318ab9628055489a	gi|215511534|gb|FJ445400.1|	98.969	100	4.90e-91	194	8078	Fundulus heteroclitus	bony fishes	mummichog
e65839c7a5b67f6c318ab9628055489a	gi|1129799469|gb|KX686091.1|	99.474	98	1.76e-90	190	8078	Fundulus heteroclitus	bony fishes	mummichog
e65839c7a5b67f6c318ab9628055489a	gi|1129799455|gb|KX686077.1|	99.474	98	1.76e-90	190	8078	Fundulus heteroclitus	bony fishes	mummichog
e65839c7a5b67f6c318ab9628055489a	gi|215511548|gb|FJ445401.1|	98.454	100	2.28e-89	194	8078	Fundulus heteroclitus	bony fishes	mummichog
e65839c7a5b67f6c318ab9628055489a	gi|1129799470|gb|KX686092.1|	98.947	98	8.20e-89	190	8078	Fundulus heteroclitus	bony fishes	mummichog
ac69b2087e2a6a8352f2dae6bcad4c58	gi|90102227|gb|DQ442915.1|	95.000	96	1.16e-61	160	82763	Idotea baltica	isopods	Idotea baltica
f0f3723fa391bbeec8a7029af1ce8c7b	gi|821091582|gb|KP644368.1|	99.490	100	8.24e-94	196	34823	Microgadus tomcod	bony fishes	Atlantic tomcod
f0f3723fa391bbeec8a7029af1ce8c7b	gi|2095925524|gb|OK172579.1|	98.980	100	3.83e-92	196	34823	Microgadus tomcod	bony fishes	Atlantic tomcod
f0f3723fa391bbeec8a7029af1ce8c7b	gi|1772510469|gb|MH061100.1|	97.970	100	8.30e-89	197	8047	Eleginus gracilis	bony fishes	saffron cod
f0f3723fa391bbeec8a7029af1ce8c7b	gi|1772510455|gb|MH061099.1|	97.970	100	8.30e-89	197	8047	Eleginus gracilis	bony fishes	saffron cod
f0f3723fa391bbeec8a7029af1ce8c7b	gi|1772510441|gb|MH061098.1|	97.970	100	8.30e-89	197	8047	Eleginus gracilis	bony fishes	saffron cod
f0f3723fa391bbeec8a7029af1ce8c7b	gi|1772510427|gb|MH061097.1|	97.970	100	8.30e-89	197	8047	Eleginus gracilis	bony fishes	saffron cod
f0f3723fa391bbeec8a7029af1ce8c7b	gi|1772510413|gb|MH061096.1|	97.970	100	8.30e-89	197	8047	Eleginus gracilis	bony fishes	saffron cod
f0f3723fa391bbeec8a7029af1ce8c7b	gi|1772510399|gb|MH061095.1|	97.970	100	8.30e-89	197	8047	Eleginus gracilis	bony fishes	saffron cod
f0f3723fa391bbeec8a7029af1ce8c7b	gi|1772510385|gb|MH061094.1|	97.970	100	8.30e-89	197	8047	Eleginus gracilis	bony fishes	saffron cod
f0f3723fa391bbeec8a7029af1ce8c7b	gi|1772510371|gb|MH061093.1|	97.970	100	8.30e-89	197	8047	Eleginus gracilis	bony fishes	saffron cod
f21befca0f8abd62686bed4c284f901c	gi|66276016|ref|NC_007011.1|	99.528	100	1.16e-102	212	8853	Branta canadensis	birds	Canada goose
f21befca0f8abd62686bed4c284f901c	gi|2213690|gb|U83735.1|BSU83735	99.057	100	5.38e-101	212	56282	Branta sandvicensis	birds	Branta sandvicensis
f21befca0f8abd62686bed4c284f901c	gi|1772810710|gb|MK102803.1|	98.140	100	3.24e-98	215	8845	Anser cygnoides	birds	Swan goose
f21befca0f8abd62686bed4c284f901c	gi|1580139359|gb|MK133022.1|	98.140	100	3.24e-98	215	8845	Anser cygnoides	birds	Swan goose
f21befca0f8abd62686bed4c284f901c	gi|1338000199|gb|KY767671.1|	98.140	100	3.24e-98	215	8845	Anser cygnoides	birds	Swan goose
f21befca0f8abd62686bed4c284f901c	gi|2784408827|gb|PQ154620.1|	98.140	100	3.24e-98	215	8845	Anser cygnoides	birds	Swan goose
f21befca0f8abd62686bed4c284f901c	gi|2722818042|emb|OZ035927.1|	98.140	100	3.24e-98	215	132585	Anser brachyrhynchus	birds	Pink-footed goose
f21befca0f8abd62686bed4c284f901c	gi|1001824344|gb|KU211647.1|	98.140	100	3.24e-98	215	8845	Anser cygnoides	birds	Swan goose
f21befca0f8abd62686bed4c284f901c	gi|957740646|gb|KT427463.1|	98.140	100	3.24e-98	215	8845	Anser cygnoides	birds	Swan goose
f21befca0f8abd62686bed4c284f901c	gi|817598365|gb|KP943133.1|	98.140	100	3.24e-98	215	8845	Anser cygnoides	birds	Swan goose
1e262ef07e921af935d0caa463df2a53	gi|66276016|ref|NC_007011.1|	99.057	100	5.38e-101	212	8853	Branta canadensis	birds	Canada goose
1e262ef07e921af935d0caa463df2a53	gi|2213690|gb|U83735.1|BSU83735	98.585	100	2.50e-99	212	56282	Branta sandvicensis	birds	Branta sandvicensis
1e262ef07e921af935d0caa463df2a53	gi|1772810710|gb|MK102803.1|	97.674	100	1.51e-96	215	8845	Anser cygnoides	birds	Swan goose
1e262ef07e921af935d0caa463df2a53	gi|1580139359|gb|MK133022.1|	97.674	100	1.51e-96	215	8845	Anser cygnoides	birds	Swan goose
1e262ef07e921af935d0caa463df2a53	gi|1338000199|gb|KY767671.1|	97.674	100	1.51e-96	215	8845	Anser cygnoides	birds	Swan goose
1e262ef07e921af935d0caa463df2a53	gi|2784408827|gb|PQ154620.1|	97.674	100	1.51e-96	215	8845	Anser cygnoides	birds	Swan goose
1e262ef07e921af935d0caa463df2a53	gi|2722818042|emb|OZ035927.1|	97.674	100	1.51e-96	215	132585	Anser brachyrhynchus	birds	Pink-footed goose
1e262ef07e921af935d0caa463df2a53	gi|1001824344|gb|KU211647.1|	97.674	100	1.51e-96	215	8845	Anser cygnoides	birds	Swan goose
1e262ef07e921af935d0caa463df2a53	gi|957740646|gb|KT427463.1|	97.674	100	1.51e-96	215	8845	Anser cygnoides	birds	Swan goose
1e262ef07e921af935d0caa463df2a53	gi|817598365|gb|KP943133.1|	97.674	100	1.51e-96	215	8845	Anser cygnoides	birds	Swan goose
7e23c2823eba490a4c54f54634de2429	gi|1777393134|gb|MN013407.1|	99.515	100	2.42e-99	206	208526	Gallus gallus gallus	birds	Gallus gallus gallus
7e23c2823eba490a4c54f54634de2429	gi|1760232343|gb|MK163563.1|	99.515	100	2.42e-99	206	9031	Gallus gallus	birds	chicken
7e23c2823eba490a4c54f54634de2429	gi|1760232329|gb|MK163562.1|	99.515	100	2.42e-99	206	9031	Gallus gallus	birds	chicken
7e23c2823eba490a4c54f54634de2429	gi|1760232315|gb|MK163561.1|	99.515	100	2.42e-99	206	9031	Gallus gallus	birds	chicken
7e23c2823eba490a4c54f54634de2429	gi|1760232301|gb|MK163560.1|	99.515	100	2.42e-99	206	9031	Gallus gallus	birds	chicken
7e23c2823eba490a4c54f54634de2429	gi|1760232287|gb|MK163559.1|	99.515	100	2.42e-99	206	9031	Gallus gallus	birds	chicken
7e23c2823eba490a4c54f54634de2429	gi|1563851277|gb|MG837548.1|	99.515	100	2.42e-99	206	9031	Gallus gallus	birds	chicken
7e23c2823eba490a4c54f54634de2429	gi|1563851260|gb|MG837547.1|	99.515	100	2.42e-99	206	9031	Gallus gallus	birds	chicken
7e23c2823eba490a4c54f54634de2429	gi|1188497169|gb|KY039437.1|	99.515	100	2.42e-99	206	9031	Gallus gallus	birds	chicken
7e23c2823eba490a4c54f54634de2429	gi|1188497155|gb|KY039436.1|	99.515	100	2.42e-99	206	9031	Gallus gallus	birds	chicken
a358d6d1d52e648139acfad9d8701e02	gi|1798173786|gb|MN122856.1|	97.573	100	4.07e-92	206	30390	Ardea cinerea	birds	grey heron
a358d6d1d52e648139acfad9d8701e02	gi|731978958|ref|NC_025900.1|	97.573	100	4.07e-92	206	30390	Ardea cinerea	birds	grey heron
a358d6d1d52e648139acfad9d8701e02	gi|33309277|gb|AF407136.1|	97.573	100	4.07e-92	206	30390	Ardea cinerea	birds	grey heron
a358d6d1d52e648139acfad9d8701e02	gi|733386418|ref|NC_025919.1|	95.631	100	1.91e-85	206	188373	Ardea purpurea	birds	Ardea purpurea
a358d6d1d52e648139acfad9d8701e02	gi|33309278|gb|AF407137.1|	95.631	100	1.91e-85	206	188373	Ardea purpurea	birds	Ardea purpurea
a358d6d1d52e648139acfad9d8701e02	gi|668349782|gb|KJ722534.1|	94.660	100	4.13e-82	206	110668	Bubulcus ibis	birds	cattle egret
a358d6d1d52e648139acfad9d8701e02	gi|733386390|ref|NC_025917.1|	94.660	100	4.13e-82	206	110668	Bubulcus ibis	birds	cattle egret
a358d6d1d52e648139acfad9d8701e02	gi|33309285|gb|AF407144.1|	94.660	100	4.13e-82	206	110668	Bubulcus ibis	birds	cattle egret
a358d6d1d52e648139acfad9d8701e02	gi|94471936|gb|DQ485800.1|	94.175	100	1.92e-80	206	110668	Bubulcus ibis	birds	cattle egret
a358d6d1d52e648139acfad9d8701e02	gi|1526694824|ref|NC_040004.1|	92.718	100	1.94e-75	206	2200831	Ardea insignis	birds	White-bellied heron
0078b6cfd1f46e1d783a8e5ecbd91470	gi|1825511897|gb|MT103924.1|	99.487	100	2.95e-93	195	8265	Pseudopleuronectes americanus	bony fishes	winter flounder
0078b6cfd1f46e1d783a8e5ecbd91470	gi|2579699234|ref|NC_082555.1|	99.487	100	2.95e-93	195	8265	Pseudopleuronectes americanus	bony fishes	winter flounder
0078b6cfd1f46e1d783a8e5ecbd91470	gi|2811296573|dbj|LC843979.1|	98.974	100	1.37e-91	195	245875	Pseudopleuronectes yokohamae	bony fishes	marbled flounder
0078b6cfd1f46e1d783a8e5ecbd91470	gi|1028336207|gb|KT943413.1|	98.974	100	1.37e-91	195	245875	Pseudopleuronectes yokohamae	bony fishes	marbled flounder
0078b6cfd1f46e1d783a8e5ecbd91470	gi|2532681282|dbj|LC773527.1|	98.974	100	1.37e-91	195	245875	Pseudopleuronectes yokohamae	bony fishes	marbled flounder
0078b6cfd1f46e1d783a8e5ecbd91470	gi|953516008|gb|KT878309.1|	98.974	100	1.37e-91	195	245875	Pseudopleuronectes yokohamae	bony fishes	marbled flounder
0078b6cfd1f46e1d783a8e5ecbd91470	gi|937546965|ref|NC_028014.1|	98.974	100	1.37e-91	195	245875	Pseudopleuronectes yokohamae	bony fishes	marbled flounder
0078b6cfd1f46e1d783a8e5ecbd91470	gi|2281569608|gb|MW713061.1|	98.974	100	1.37e-91	195	244452	Pseudopleuronectes herzensteini	bony fishes	littlemouth flounder
0078b6cfd1f46e1d783a8e5ecbd91470	gi|2248507340|ref|NC_063673.1|	98.974	100	1.37e-91	195	244452	Pseudopleuronectes herzensteini	bony fishes	littlemouth flounder
0078b6cfd1f46e1d783a8e5ecbd91470	gi|2038422308|dbj|LC630813.1|	98.974	100	1.37e-91	195	245875	Pseudopleuronectes yokohamae	bony fishes	marbled flounder
8ec64415d8232d7c7e5dc3179a1cb686	gi|1798183348|emb|LR745847.1|	98.969	100	4.90e-91	194	7604	Asterias rubens	starfish	European starfish
8ec64415d8232d7c7e5dc3179a1cb686	gi|2567033648|gb|OR473298.1|	95.361	100	2.31e-79	194	7602	Asterias amurensis	starfish	Asterias amurensis
8ec64415d8232d7c7e5dc3179a1cb686	gi|2582205361|gb|CP134956.1|	95.361	100	2.31e-79	194	7602	Asterias amurensis	starfish	Asterias amurensis
8ec64415d8232d7c7e5dc3179a1cb686	gi|2499155095|gb|OP747303.1|	95.361	100	2.31e-79	194	7602	Asterias amurensis	starfish	Asterias amurensis
8ec64415d8232d7c7e5dc3179a1cb686	gi|2499155067|gb|OP747301.1|	95.361	100	2.31e-79	194	7602	Asterias amurensis	starfish	Asterias amurensis
8ec64415d8232d7c7e5dc3179a1cb686	gi|2499155053|gb|OP747300.1|	95.361	100	2.31e-79	194	7602	Asterias amurensis	starfish	Asterias amurensis
8ec64415d8232d7c7e5dc3179a1cb686	gi|2499155039|gb|OP747299.1|	95.361	100	2.31e-79	194	7602	Asterias amurensis	starfish	Asterias amurensis
8ec64415d8232d7c7e5dc3179a1cb686	gi|2319117181|gb|MZ435267.1|	95.361	100	2.31e-79	194	7602	Asterias amurensis	starfish	Asterias amurensis
8ec64415d8232d7c7e5dc3179a1cb686	gi|2319117164|gb|MZ435266.1|	95.361	100	2.31e-79	194	7602	Asterias amurensis	starfish	Asterias amurensis
8ec64415d8232d7c7e5dc3179a1cb686	gi|57854566|ref|NC_006665.1|	94.845	100	2.99e-78	194	7602	Asterias amurensis	starfish	Asterias amurensis
3eb7fcebaa67993a270f518595d6572a	gi|1798183348|emb|LR745847.1|	98.969	100	4.90e-91	194	7604	Asterias rubens	starfish	European starfish
3eb7fcebaa67993a270f518595d6572a	gi|2567033648|gb|OR473298.1|	94.330	100	5.00e-76	194	7602	Asterias amurensis	starfish	Asterias amurensis
3eb7fcebaa67993a270f518595d6572a	gi|2582205361|gb|CP134956.1|	94.330	100	5.00e-76	194	7602	Asterias amurensis	starfish	Asterias amurensis
3eb7fcebaa67993a270f518595d6572a	gi|2499155095|gb|OP747303.1|	94.330	100	5.00e-76	194	7602	Asterias amurensis	starfish	Asterias amurensis
3eb7fcebaa67993a270f518595d6572a	gi|2499155067|gb|OP747301.1|	94.330	100	5.00e-76	194	7602	Asterias amurensis	starfish	Asterias amurensis
3eb7fcebaa67993a270f518595d6572a	gi|2499155053|gb|OP747300.1|	94.330	100	5.00e-76	194	7602	Asterias amurensis	starfish	Asterias amurensis
3eb7fcebaa67993a270f518595d6572a	gi|2499155039|gb|OP747299.1|	94.330	100	5.00e-76	194	7602	Asterias amurensis	starfish	Asterias amurensis
3eb7fcebaa67993a270f518595d6572a	gi|2319117181|gb|MZ435267.1|	94.330	100	5.00e-76	194	7602	Asterias amurensis	starfish	Asterias amurensis
3eb7fcebaa67993a270f518595d6572a	gi|2319117164|gb|MZ435266.1|	94.330	100	5.00e-76	194	7602	Asterias amurensis	starfish	Asterias amurensis
3eb7fcebaa67993a270f518595d6572a	gi|57854566|ref|NC_006665.1|	93.814	100	6.47e-75	194	7602	Asterias amurensis	starfish	Asterias amurensis
66096afaa8184de9243d772ffbed3b14	gi|1798183348|emb|LR745847.1|	99.485	100	1.05e-92	194	7604	Asterias rubens	starfish	European starfish
66096afaa8184de9243d772ffbed3b14	gi|2567033648|gb|OR473298.1|	94.845	100	1.08e-77	194	7602	Asterias amurensis	starfish	Asterias amurensis
66096afaa8184de9243d772ffbed3b14	gi|2582205361|gb|CP134956.1|	94.845	100	1.08e-77	194	7602	Asterias amurensis	starfish	Asterias amurensis
66096afaa8184de9243d772ffbed3b14	gi|2499155095|gb|OP747303.1|	94.845	100	1.08e-77	194	7602	Asterias amurensis	starfish	Asterias amurensis
66096afaa8184de9243d772ffbed3b14	gi|2499155067|gb|OP747301.1|	94.845	100	1.08e-77	194	7602	Asterias amurensis	starfish	Asterias amurensis
66096afaa8184de9243d772ffbed3b14	gi|2499155053|gb|OP747300.1|	94.845	100	1.08e-77	194	7602	Asterias amurensis	starfish	Asterias amurensis
66096afaa8184de9243d772ffbed3b14	gi|2499155039|gb|OP747299.1|	94.845	100	1.08e-77	194	7602	Asterias amurensis	starfish	Asterias amurensis
66096afaa8184de9243d772ffbed3b14	gi|2319117181|gb|MZ435267.1|	94.845	100	1.08e-77	194	7602	Asterias amurensis	starfish	Asterias amurensis
66096afaa8184de9243d772ffbed3b14	gi|2319117164|gb|MZ435266.1|	94.845	100	1.08e-77	194	7602	Asterias amurensis	starfish	Asterias amurensis
66096afaa8184de9243d772ffbed3b14	gi|57854566|ref|NC_006665.1|	94.330	100	1.39e-76	194	7602	Asterias amurensis	starfish	Asterias amurensis
a39bf75a844a3dba3aa396a26f5afb1c	gi|1798183348|emb|LR745847.1|	93.814	100	2.33e-74	194	7604	Asterias rubens	starfish	European starfish
a39bf75a844a3dba3aa396a26f5afb1c	gi|2567033648|gb|OR473298.1|	92.268	100	2.34e-69	194	7602	Asterias amurensis	starfish	Asterias amurensis
a39bf75a844a3dba3aa396a26f5afb1c	gi|2582205361|gb|CP134956.1|	92.268	100	2.34e-69	194	7602	Asterias amurensis	starfish	Asterias amurensis
a39bf75a844a3dba3aa396a26f5afb1c	gi|2499155095|gb|OP747303.1|	92.268	100	2.34e-69	194	7602	Asterias amurensis	starfish	Asterias amurensis
a39bf75a844a3dba3aa396a26f5afb1c	gi|2499155067|gb|OP747301.1|	92.268	100	2.34e-69	194	7602	Asterias amurensis	starfish	Asterias amurensis
a39bf75a844a3dba3aa396a26f5afb1c	gi|2499155053|gb|OP747300.1|	92.268	100	2.34e-69	194	7602	Asterias amurensis	starfish	Asterias amurensis
a39bf75a844a3dba3aa396a26f5afb1c	gi|2499155039|gb|OP747299.1|	92.268	100	2.34e-69	194	7602	Asterias amurensis	starfish	Asterias amurensis
a39bf75a844a3dba3aa396a26f5afb1c	gi|2319117181|gb|MZ435267.1|	92.268	100	2.34e-69	194	7602	Asterias amurensis	starfish	Asterias amurensis
a39bf75a844a3dba3aa396a26f5afb1c	gi|2319117164|gb|MZ435266.1|	92.268	100	2.34e-69	194	7602	Asterias amurensis	starfish	Asterias amurensis
a39bf75a844a3dba3aa396a26f5afb1c	gi|57854566|ref|NC_006665.1|	91.753	100	3.03e-68	194	7602	Asterias amurensis	starfish	Asterias amurensis
4485ab8a195a8e49139b687527b13921	gi|2025192367|gb|MT762154.1|	92.347	100	8.43e-69	196	1934731	Tritia mutabilis	gastropods	mutable nassa
4485ab8a195a8e49139b687527b13921	gi|86990319|ref|NC_007781.1|	92.268	100	3.03e-68	194	1934733	Tritia obsoleta	gastropods	Tritia obsoleta
4485ab8a195a8e49139b687527b13921	gi|1188501809|gb|KY488949.1|	92.973	95	1.41e-66	185	1934733	Tritia obsoleta	gastropods	Tritia obsoleta
4485ab8a195a8e49139b687527b13921	gi|1188501836|gb|KY488976.1|	92.935	95	5.07e-66	184	1973332	Tritia burchardi	gastropods	Tritia burchardi
4485ab8a195a8e49139b687527b13921	gi|2025192213|gb|MT755654.1|	91.753	100	5.07e-66	194	1934727	Tritia ephamilla	gastropods	Tritia ephamilla
4485ab8a195a8e49139b687527b13921	gi|1188501854|gb|KY488994.1|	91.979	96	2.36e-64	187	1973335	Tritia sp. p LAG-2017	gastropods	Tritia sp. p LAG-2017
4485ab8a195a8e49139b687527b13921	gi|2025192409|gb|MT762157.1|	90.722	100	3.05e-63	194	1973335	Tritia sp. p LAG-2017	gastropods	Tritia sp. p LAG-2017
4485ab8a195a8e49139b687527b13921	gi|2025192170|gb|MT755651.1|	90.722	100	3.05e-63	194	1934725	Tritia cuvierii	gastropods	Tritia cuvierii
4485ab8a195a8e49139b687527b13921	gi|2025192156|gb|MT755650.1|	90.722	100	3.05e-63	194	1934904	Tritia corniculum	gastropods	Tritia corniculum
4485ab8a195a8e49139b687527b13921	gi|1188501859|gb|KY488999.1|	91.444	96	1.10e-62	187	1934725	Tritia cuvierii	gastropods	Tritia cuvierii
4d81714e969bf8fd8f40939b2cd702c7	gi|2025192367|gb|MT762154.1|	92.347	100	8.43e-69	196	1934731	Tritia mutabilis	gastropods	mutable nassa
4d81714e969bf8fd8f40939b2cd702c7	gi|86990319|ref|NC_007781.1|	92.268	100	3.03e-68	194	1934733	Tritia obsoleta	gastropods	Tritia obsoleta
4d81714e969bf8fd8f40939b2cd702c7	gi|1188501809|gb|KY488949.1|	92.973	95	1.41e-66	185	1934733	Tritia obsoleta	gastropods	Tritia obsoleta
4d81714e969bf8fd8f40939b2cd702c7	gi|1188501836|gb|KY488976.1|	92.935	95	5.07e-66	184	1973332	Tritia burchardi	gastropods	Tritia burchardi
4d81714e969bf8fd8f40939b2cd702c7	gi|2025192213|gb|MT755654.1|	91.753	100	5.07e-66	194	1934727	Tritia ephamilla	gastropods	Tritia ephamilla
4d81714e969bf8fd8f40939b2cd702c7	gi|2025192409|gb|MT762157.1|	90.722	100	3.05e-63	194	1973335	Tritia sp. p LAG-2017	gastropods	Tritia sp. p LAG-2017
4d81714e969bf8fd8f40939b2cd702c7	gi|2025192156|gb|MT755650.1|	90.722	100	3.05e-63	194	1934904	Tritia corniculum	gastropods	Tritia corniculum
4d81714e969bf8fd8f40939b2cd702c7	gi|1188501854|gb|KY488994.1|	91.444	96	1.10e-62	187	1973335	Tritia sp. p LAG-2017	gastropods	Tritia sp. p LAG-2017
4d81714e969bf8fd8f40939b2cd702c7	gi|2025192170|gb|MT755651.1|	90.206	100	1.42e-61	194	1934725	Tritia cuvierii	gastropods	Tritia cuvierii
4d81714e969bf8fd8f40939b2cd702c7	gi|1188501952|gb|KY489092.1|	91.351	95	5.11e-61	185	1934784	Tritia sp. 500 LAG-2016	gastropods	Tritia sp. 500 LAG-2016
7269beee3035aa3e5e223a938ea14d9f	gi|2095925523|gb|OK172578.1|	99.490	100	8.24e-94	196	34787	Tautogolabrus adspersus	bony fishes	cunner
7269beee3035aa3e5e223a938ea14d9f	gi|2030285394|gb|MW630161.1|	99.490	100	8.24e-94	196	34787	Tautogolabrus adspersus	bony fishes	cunner
7269beee3035aa3e5e223a938ea14d9f	gi|33569528|gb|AY279649.1|	99.490	100	8.24e-94	196	34787	Tautogolabrus adspersus	bony fishes	cunner
7269beee3035aa3e5e223a938ea14d9f	gi|2281899859|dbj|LC545442.1|	95.918	100	3.89e-82	196	171735	Ctenolabrus rupestris	bony fishes	goldsinny wrasse
7269beee3035aa3e5e223a938ea14d9f	gi|2018537071|gb|MW818232.1|	95.918	100	3.89e-82	196	171735	Ctenolabrus rupestris	bony fishes	goldsinny wrasse
7269beee3035aa3e5e223a938ea14d9f	gi|99642101|emb|AJ810131.1|	95.918	100	3.89e-82	196	171735	Ctenolabrus rupestris	bony fishes	goldsinny wrasse
7269beee3035aa3e5e223a938ea14d9f	gi|1189408079|gb|KY815274.1|	95.408	100	1.81e-80	196	171735	Ctenolabrus rupestris	bony fishes	goldsinny wrasse
7269beee3035aa3e5e223a938ea14d9f	gi|2018537106|gb|MW818267.1|	95.408	100	1.81e-80	196	171735	Ctenolabrus rupestris	bony fishes	goldsinny wrasse
7269beee3035aa3e5e223a938ea14d9f	gi|1980526633|ref|NC_052762.1|	95.408	100	1.81e-80	196	171735	Ctenolabrus rupestris	bony fishes	goldsinny wrasse
7269beee3035aa3e5e223a938ea14d9f	gi|1189408039|gb|KY815234.1|	94.898	100	8.42e-79	196	202583	Acantholabrus palloni	bony fishes	scale-rayed wrasse
41662f004a8a9d8d610fcd0274e9fb75	gi|2095925523|gb|OK172578.1|	99.490	100	8.24e-94	196	34787	Tautogolabrus adspersus	bony fishes	cunner
41662f004a8a9d8d610fcd0274e9fb75	gi|2030285394|gb|MW630161.1|	99.490	100	8.24e-94	196	34787	Tautogolabrus adspersus	bony fishes	cunner
41662f004a8a9d8d610fcd0274e9fb75	gi|33569528|gb|AY279649.1|	99.490	100	8.24e-94	196	34787	Tautogolabrus adspersus	bony fishes	cunner
41662f004a8a9d8d610fcd0274e9fb75	gi|2281899859|dbj|LC545442.1|	95.918	100	3.89e-82	196	171735	Ctenolabrus rupestris	bony fishes	goldsinny wrasse
41662f004a8a9d8d610fcd0274e9fb75	gi|2018537071|gb|MW818232.1|	95.918	100	3.89e-82	196	171735	Ctenolabrus rupestris	bony fishes	goldsinny wrasse
41662f004a8a9d8d610fcd0274e9fb75	gi|99642101|emb|AJ810131.1|	95.918	100	3.89e-82	196	171735	Ctenolabrus rupestris	bony fishes	goldsinny wrasse
41662f004a8a9d8d610fcd0274e9fb75	gi|1189408079|gb|KY815274.1|	95.408	100	1.81e-80	196	171735	Ctenolabrus rupestris	bony fishes	goldsinny wrasse
41662f004a8a9d8d610fcd0274e9fb75	gi|2018537106|gb|MW818267.1|	95.408	100	1.81e-80	196	171735	Ctenolabrus rupestris	bony fishes	goldsinny wrasse
41662f004a8a9d8d610fcd0274e9fb75	gi|1980526633|ref|NC_052762.1|	95.408	100	1.81e-80	196	171735	Ctenolabrus rupestris	bony fishes	goldsinny wrasse
41662f004a8a9d8d610fcd0274e9fb75	gi|1189408039|gb|KY815234.1|	94.898	100	8.42e-79	196	202583	Acantholabrus palloni	bony fishes	scale-rayed wrasse
5c19667d995997c9e88144b2f4934530	gi|2095925523|gb|OK172578.1|	99.490	100	8.24e-94	196	34787	Tautogolabrus adspersus	bony fishes	cunner
5c19667d995997c9e88144b2f4934530	gi|2030285394|gb|MW630161.1|	99.490	100	8.24e-94	196	34787	Tautogolabrus adspersus	bony fishes	cunner
5c19667d995997c9e88144b2f4934530	gi|33569528|gb|AY279649.1|	99.490	100	8.24e-94	196	34787	Tautogolabrus adspersus	bony fishes	cunner
5c19667d995997c9e88144b2f4934530	gi|2281899859|dbj|LC545442.1|	95.918	100	3.89e-82	196	171735	Ctenolabrus rupestris	bony fishes	goldsinny wrasse
5c19667d995997c9e88144b2f4934530	gi|2018537071|gb|MW818232.1|	95.918	100	3.89e-82	196	171735	Ctenolabrus rupestris	bony fishes	goldsinny wrasse
5c19667d995997c9e88144b2f4934530	gi|99642101|emb|AJ810131.1|	95.918	100	3.89e-82	196	171735	Ctenolabrus rupestris	bony fishes	goldsinny wrasse
5c19667d995997c9e88144b2f4934530	gi|1189408079|gb|KY815274.1|	95.408	100	1.81e-80	196	171735	Ctenolabrus rupestris	bony fishes	goldsinny wrasse
5c19667d995997c9e88144b2f4934530	gi|2018537106|gb|MW818267.1|	95.408	100	1.81e-80	196	171735	Ctenolabrus rupestris	bony fishes	goldsinny wrasse
5c19667d995997c9e88144b2f4934530	gi|1980526633|ref|NC_052762.1|	95.408	100	1.81e-80	196	171735	Ctenolabrus rupestris	bony fishes	goldsinny wrasse
5c19667d995997c9e88144b2f4934530	gi|1189408039|gb|KY815234.1|	94.898	100	8.42e-79	196	202583	Acantholabrus palloni	bony fishes	scale-rayed wrasse
502b018b009af7fdda2af3aef837a002	gi|2095925523|gb|OK172578.1|	100.000	100	1.77e-95	196	34787	Tautogolabrus adspersus	bony fishes	cunner
502b018b009af7fdda2af3aef837a002	gi|2030285394|gb|MW630161.1|	100.000	100	1.77e-95	196	34787	Tautogolabrus adspersus	bony fishes	cunner
502b018b009af7fdda2af3aef837a002	gi|33569528|gb|AY279649.1|	100.000	100	1.77e-95	196	34787	Tautogolabrus adspersus	bony fishes	cunner
502b018b009af7fdda2af3aef837a002	gi|2281899859|dbj|LC545442.1|	96.429	100	8.36e-84	196	171735	Ctenolabrus rupestris	bony fishes	goldsinny wrasse
502b018b009af7fdda2af3aef837a002	gi|2018537071|gb|MW818232.1|	96.429	100	8.36e-84	196	171735	Ctenolabrus rupestris	bony fishes	goldsinny wrasse
502b018b009af7fdda2af3aef837a002	gi|99642101|emb|AJ810131.1|	96.429	100	8.36e-84	196	171735	Ctenolabrus rupestris	bony fishes	goldsinny wrasse
502b018b009af7fdda2af3aef837a002	gi|1189408079|gb|KY815274.1|	95.918	100	3.89e-82	196	171735	Ctenolabrus rupestris	bony fishes	goldsinny wrasse
502b018b009af7fdda2af3aef837a002	gi|2018537106|gb|MW818267.1|	95.918	100	3.89e-82	196	171735	Ctenolabrus rupestris	bony fishes	goldsinny wrasse
502b018b009af7fdda2af3aef837a002	gi|1980526633|ref|NC_052762.1|	95.918	100	3.89e-82	196	171735	Ctenolabrus rupestris	bony fishes	goldsinny wrasse
502b018b009af7fdda2af3aef837a002	gi|1189408039|gb|KY815234.1|	95.408	100	1.81e-80	196	202583	Acantholabrus palloni	bony fishes	scale-rayed wrasse
2a51a0a8af1373c693106ba6cd512250	gi|2095925523|gb|OK172578.1|	99.490	100	8.24e-94	196	34787	Tautogolabrus adspersus	bony fishes	cunner
2a51a0a8af1373c693106ba6cd512250	gi|2030285394|gb|MW630161.1|	99.490	100	8.24e-94	196	34787	Tautogolabrus adspersus	bony fishes	cunner
2a51a0a8af1373c693106ba6cd512250	gi|33569528|gb|AY279649.1|	99.490	100	8.24e-94	196	34787	Tautogolabrus adspersus	bony fishes	cunner
2a51a0a8af1373c693106ba6cd512250	gi|2281899859|dbj|LC545442.1|	95.918	100	3.89e-82	196	171735	Ctenolabrus rupestris	bony fishes	goldsinny wrasse
2a51a0a8af1373c693106ba6cd512250	gi|2018537071|gb|MW818232.1|	95.918	100	3.89e-82	196	171735	Ctenolabrus rupestris	bony fishes	goldsinny wrasse
2a51a0a8af1373c693106ba6cd512250	gi|99642101|emb|AJ810131.1|	95.918	100	3.89e-82	196	171735	Ctenolabrus rupestris	bony fishes	goldsinny wrasse
2a51a0a8af1373c693106ba6cd512250	gi|1189408079|gb|KY815274.1|	95.408	100	1.81e-80	196	171735	Ctenolabrus rupestris	bony fishes	goldsinny wrasse
2a51a0a8af1373c693106ba6cd512250	gi|2018537106|gb|MW818267.1|	95.408	100	1.81e-80	196	171735	Ctenolabrus rupestris	bony fishes	goldsinny wrasse
2a51a0a8af1373c693106ba6cd512250	gi|1980526633|ref|NC_052762.1|	95.408	100	1.81e-80	196	171735	Ctenolabrus rupestris	bony fishes	goldsinny wrasse
2a51a0a8af1373c693106ba6cd512250	gi|1189408039|gb|KY815234.1|	94.898	100	8.42e-79	196	202583	Acantholabrus palloni	bony fishes	scale-rayed wrasse
d30367198e73eed4fdc564ba92ade08a	gi|2095925523|gb|OK172578.1|	98.980	100	3.83e-92	196	34787	Tautogolabrus adspersus	bony fishes	cunner
d30367198e73eed4fdc564ba92ade08a	gi|2030285394|gb|MW630161.1|	98.980	100	3.83e-92	196	34787	Tautogolabrus adspersus	bony fishes	cunner
d30367198e73eed4fdc564ba92ade08a	gi|33569528|gb|AY279649.1|	98.980	100	3.83e-92	196	34787	Tautogolabrus adspersus	bony fishes	cunner
d30367198e73eed4fdc564ba92ade08a	gi|2281899859|dbj|LC545442.1|	95.408	100	1.81e-80	196	171735	Ctenolabrus rupestris	bony fishes	goldsinny wrasse
d30367198e73eed4fdc564ba92ade08a	gi|2018537071|gb|MW818232.1|	95.408	100	1.81e-80	196	171735	Ctenolabrus rupestris	bony fishes	goldsinny wrasse
d30367198e73eed4fdc564ba92ade08a	gi|99642101|emb|AJ810131.1|	95.408	100	1.81e-80	196	171735	Ctenolabrus rupestris	bony fishes	goldsinny wrasse
d30367198e73eed4fdc564ba92ade08a	gi|1189408079|gb|KY815274.1|	94.898	100	8.42e-79	196	171735	Ctenolabrus rupestris	bony fishes	goldsinny wrasse
d30367198e73eed4fdc564ba92ade08a	gi|2018537106|gb|MW818267.1|	94.898	100	8.42e-79	196	171735	Ctenolabrus rupestris	bony fishes	goldsinny wrasse
d30367198e73eed4fdc564ba92ade08a	gi|1980526633|ref|NC_052762.1|	94.898	100	8.42e-79	196	171735	Ctenolabrus rupestris	bony fishes	goldsinny wrasse
d30367198e73eed4fdc564ba92ade08a	gi|1189408039|gb|KY815234.1|	94.388	100	3.92e-77	196	202583	Acantholabrus palloni	bony fishes	scale-rayed wrasse
378f1cc41442026caf4b8b7780264207	gi|2095925523|gb|OK172578.1|	99.490	100	8.24e-94	196	34787	Tautogolabrus adspersus	bony fishes	cunner
378f1cc41442026caf4b8b7780264207	gi|2030285394|gb|MW630161.1|	99.490	100	8.24e-94	196	34787	Tautogolabrus adspersus	bony fishes	cunner
378f1cc41442026caf4b8b7780264207	gi|33569528|gb|AY279649.1|	99.490	100	8.24e-94	196	34787	Tautogolabrus adspersus	bony fishes	cunner
378f1cc41442026caf4b8b7780264207	gi|1189408039|gb|KY815234.1|	95.918	100	3.89e-82	196	202583	Acantholabrus palloni	bony fishes	scale-rayed wrasse
378f1cc41442026caf4b8b7780264207	gi|2281899859|dbj|LC545442.1|	95.918	100	3.89e-82	196	171735	Ctenolabrus rupestris	bony fishes	goldsinny wrasse
378f1cc41442026caf4b8b7780264207	gi|2018537071|gb|MW818232.1|	95.918	100	3.89e-82	196	171735	Ctenolabrus rupestris	bony fishes	goldsinny wrasse
378f1cc41442026caf4b8b7780264207	gi|99642101|emb|AJ810131.1|	95.918	100	3.89e-82	196	171735	Ctenolabrus rupestris	bony fishes	goldsinny wrasse
378f1cc41442026caf4b8b7780264207	gi|1189408079|gb|KY815274.1|	95.408	100	1.81e-80	196	171735	Ctenolabrus rupestris	bony fishes	goldsinny wrasse
378f1cc41442026caf4b8b7780264207	gi|2018537106|gb|MW818267.1|	95.408	100	1.81e-80	196	171735	Ctenolabrus rupestris	bony fishes	goldsinny wrasse
378f1cc41442026caf4b8b7780264207	gi|1980526633|ref|NC_052762.1|	95.408	100	1.81e-80	196	171735	Ctenolabrus rupestris	bony fishes	goldsinny wrasse
b83bea92286a40a73d55b75b61c56a77	gi|2095925523|gb|OK172578.1|	99.490	100	8.24e-94	196	34787	Tautogolabrus adspersus	bony fishes	cunner
b83bea92286a40a73d55b75b61c56a77	gi|2030285394|gb|MW630161.1|	99.490	100	8.24e-94	196	34787	Tautogolabrus adspersus	bony fishes	cunner
b83bea92286a40a73d55b75b61c56a77	gi|33569528|gb|AY279649.1|	99.490	100	8.24e-94	196	34787	Tautogolabrus adspersus	bony fishes	cunner
b83bea92286a40a73d55b75b61c56a77	gi|2281899859|dbj|LC545442.1|	95.918	100	3.89e-82	196	171735	Ctenolabrus rupestris	bony fishes	goldsinny wrasse
b83bea92286a40a73d55b75b61c56a77	gi|2018537071|gb|MW818232.1|	95.918	100	3.89e-82	196	171735	Ctenolabrus rupestris	bony fishes	goldsinny wrasse
b83bea92286a40a73d55b75b61c56a77	gi|99642101|emb|AJ810131.1|	95.918	100	3.89e-82	196	171735	Ctenolabrus rupestris	bony fishes	goldsinny wrasse
b83bea92286a40a73d55b75b61c56a77	gi|1189408079|gb|KY815274.1|	95.408	100	1.81e-80	196	171735	Ctenolabrus rupestris	bony fishes	goldsinny wrasse
b83bea92286a40a73d55b75b61c56a77	gi|2018537106|gb|MW818267.1|	95.408	100	1.81e-80	196	171735	Ctenolabrus rupestris	bony fishes	goldsinny wrasse
b83bea92286a40a73d55b75b61c56a77	gi|1980526633|ref|NC_052762.1|	95.408	100	1.81e-80	196	171735	Ctenolabrus rupestris	bony fishes	goldsinny wrasse
b83bea92286a40a73d55b75b61c56a77	gi|1189408039|gb|KY815234.1|	94.898	100	8.42e-79	196	202583	Acantholabrus palloni	bony fishes	scale-rayed wrasse
62d2d6c0a3a5ab55d931f26b01ee6895	gi|2095925523|gb|OK172578.1|	99.490	100	8.24e-94	196	34787	Tautogolabrus adspersus	bony fishes	cunner
62d2d6c0a3a5ab55d931f26b01ee6895	gi|2030285394|gb|MW630161.1|	99.490	100	8.24e-94	196	34787	Tautogolabrus adspersus	bony fishes	cunner
62d2d6c0a3a5ab55d931f26b01ee6895	gi|33569528|gb|AY279649.1|	99.490	100	8.24e-94	196	34787	Tautogolabrus adspersus	bony fishes	cunner
62d2d6c0a3a5ab55d931f26b01ee6895	gi|2281899859|dbj|LC545442.1|	95.918	100	3.89e-82	196	171735	Ctenolabrus rupestris	bony fishes	goldsinny wrasse
62d2d6c0a3a5ab55d931f26b01ee6895	gi|2018537071|gb|MW818232.1|	95.918	100	3.89e-82	196	171735	Ctenolabrus rupestris	bony fishes	goldsinny wrasse
62d2d6c0a3a5ab55d931f26b01ee6895	gi|99642101|emb|AJ810131.1|	95.918	100	3.89e-82	196	171735	Ctenolabrus rupestris	bony fishes	goldsinny wrasse
62d2d6c0a3a5ab55d931f26b01ee6895	gi|1189408079|gb|KY815274.1|	95.408	100	1.81e-80	196	171735	Ctenolabrus rupestris	bony fishes	goldsinny wrasse
62d2d6c0a3a5ab55d931f26b01ee6895	gi|2018537106|gb|MW818267.1|	95.408	100	1.81e-80	196	171735	Ctenolabrus rupestris	bony fishes	goldsinny wrasse
62d2d6c0a3a5ab55d931f26b01ee6895	gi|1980526633|ref|NC_052762.1|	95.408	100	1.81e-80	196	171735	Ctenolabrus rupestris	bony fishes	goldsinny wrasse
62d2d6c0a3a5ab55d931f26b01ee6895	gi|1189408039|gb|KY815234.1|	94.898	100	8.42e-79	196	202583	Acantholabrus palloni	bony fishes	scale-rayed wrasse
5c3998cc2761c9d34881a93432078d24	gi|1799624616|gb|MN122931.1|	99.495	100	6.45e-95	198	7950	Clupea harengus	bony fishes	Atlantic herring
5c3998cc2761c9d34881a93432078d24	gi|1517391475|gb|MH194498.2|	99.495	100	6.45e-95	198	7950	Clupea harengus	bony fishes	Atlantic herring
5c3998cc2761c9d34881a93432078d24	gi|2018537065|gb|MW818226.1|	99.495	100	6.45e-95	198	7950	Clupea harengus	bony fishes	Atlantic herring
5c3998cc2761c9d34881a93432078d24	gi|2018537050|gb|MW818211.1|	99.495	100	6.45e-95	198	7950	Clupea harengus	bony fishes	Atlantic herring
5c3998cc2761c9d34881a93432078d24	gi|426260619|gb|KC193777.1|	99.495	100	6.45e-95	198	7950	Clupea harengus	bony fishes	Atlantic herring
5c3998cc2761c9d34881a93432078d24	gi|426260605|gb|KC193776.1|	99.495	100	6.45e-95	198	7950	Clupea harengus	bony fishes	Atlantic herring
5c3998cc2761c9d34881a93432078d24	gi|426260591|gb|KC193775.1|	99.495	100	6.45e-95	198	7950	Clupea harengus	bony fishes	Atlantic herring
5c3998cc2761c9d34881a93432078d24	gi|426260577|gb|KC193774.1|	99.495	100	6.45e-95	198	7950	Clupea harengus	bony fishes	Atlantic herring
5c3998cc2761c9d34881a93432078d24	gi|426260549|gb|KC193772.1|	99.495	100	6.45e-95	198	7950	Clupea harengus	bony fishes	Atlantic herring
5c3998cc2761c9d34881a93432078d24	gi|426260535|gb|KC193771.1|	99.495	100	6.45e-95	198	7950	Clupea harengus	bony fishes	Atlantic herring
7ed01d22e6afe54be7d8f445a9f9c5cb	gi|2018537049|gb|MW818210.1|	98.990	100	3.00e-93	198	7950	Clupea harengus	bony fishes	Atlantic herring
7ed01d22e6afe54be7d8f445a9f9c5cb	gi|426260451|gb|KC193765.1|	98.990	100	3.00e-93	198	7950	Clupea harengus	bony fishes	Atlantic herring
7ed01d22e6afe54be7d8f445a9f9c5cb	gi|426260367|gb|KC193759.1|	98.990	100	3.00e-93	198	7950	Clupea harengus	bony fishes	Atlantic herring
7ed01d22e6afe54be7d8f445a9f9c5cb	gi|426260199|gb|KC193747.1|	98.990	100	3.00e-93	198	7950	Clupea harengus	bony fishes	Atlantic herring
7ed01d22e6afe54be7d8f445a9f9c5cb	gi|426260059|gb|KC193737.1|	98.990	100	3.00e-93	198	7950	Clupea harengus	bony fishes	Atlantic herring
7ed01d22e6afe54be7d8f445a9f9c5cb	gi|426260003|gb|KC193733.1|	98.990	100	3.00e-93	198	7950	Clupea harengus	bony fishes	Atlantic herring
7ed01d22e6afe54be7d8f445a9f9c5cb	gi|426259709|gb|KC193712.1|	98.990	100	3.00e-93	198	7950	Clupea harengus	bony fishes	Atlantic herring
7ed01d22e6afe54be7d8f445a9f9c5cb	gi|426259527|gb|KC193699.1|	98.990	100	3.00e-93	198	7950	Clupea harengus	bony fishes	Atlantic herring
7ed01d22e6afe54be7d8f445a9f9c5cb	gi|426259275|gb|KC193681.1|	98.990	100	3.00e-93	198	7950	Clupea harengus	bony fishes	Atlantic herring
7ed01d22e6afe54be7d8f445a9f9c5cb	gi|426260381|gb|KC193760.1|	98.485	100	1.40e-91	198	7950	Clupea harengus	bony fishes	Atlantic herring
e7cf8fb2db7ede3bc1c506498cec470c	gi|2018537049|gb|MW818210.1|	99.495	100	6.45e-95	198	7950	Clupea harengus	bony fishes	Atlantic herring
e7cf8fb2db7ede3bc1c506498cec470c	gi|426260451|gb|KC193765.1|	99.495	100	6.45e-95	198	7950	Clupea harengus	bony fishes	Atlantic herring
e7cf8fb2db7ede3bc1c506498cec470c	gi|426260367|gb|KC193759.1|	99.495	100	6.45e-95	198	7950	Clupea harengus	bony fishes	Atlantic herring
e7cf8fb2db7ede3bc1c506498cec470c	gi|426260199|gb|KC193747.1|	99.495	100	6.45e-95	198	7950	Clupea harengus	bony fishes	Atlantic herring
e7cf8fb2db7ede3bc1c506498cec470c	gi|426260059|gb|KC193737.1|	99.495	100	6.45e-95	198	7950	Clupea harengus	bony fishes	Atlantic herring
e7cf8fb2db7ede3bc1c506498cec470c	gi|426260003|gb|KC193733.1|	99.495	100	6.45e-95	198	7950	Clupea harengus	bony fishes	Atlantic herring
e7cf8fb2db7ede3bc1c506498cec470c	gi|426259709|gb|KC193712.1|	99.495	100	6.45e-95	198	7950	Clupea harengus	bony fishes	Atlantic herring
e7cf8fb2db7ede3bc1c506498cec470c	gi|426259527|gb|KC193699.1|	99.495	100	6.45e-95	198	7950	Clupea harengus	bony fishes	Atlantic herring
e7cf8fb2db7ede3bc1c506498cec470c	gi|426259275|gb|KC193681.1|	99.495	100	6.45e-95	198	7950	Clupea harengus	bony fishes	Atlantic herring
e7cf8fb2db7ede3bc1c506498cec470c	gi|426260381|gb|KC193760.1|	98.990	100	3.00e-93	198	7950	Clupea harengus	bony fishes	Atlantic herring
26d501a70d486cf8755af7f59e2748d9	gi|2018537049|gb|MW818210.1|	99.495	100	6.45e-95	198	7950	Clupea harengus	bony fishes	Atlantic herring
26d501a70d486cf8755af7f59e2748d9	gi|426260451|gb|KC193765.1|	99.495	100	6.45e-95	198	7950	Clupea harengus	bony fishes	Atlantic herring
26d501a70d486cf8755af7f59e2748d9	gi|426260367|gb|KC193759.1|	99.495	100	6.45e-95	198	7950	Clupea harengus	bony fishes	Atlantic herring
26d501a70d486cf8755af7f59e2748d9	gi|426260199|gb|KC193747.1|	99.495	100	6.45e-95	198	7950	Clupea harengus	bony fishes	Atlantic herring
26d501a70d486cf8755af7f59e2748d9	gi|426260059|gb|KC193737.1|	99.495	100	6.45e-95	198	7950	Clupea harengus	bony fishes	Atlantic herring
26d501a70d486cf8755af7f59e2748d9	gi|426260003|gb|KC193733.1|	99.495	100	6.45e-95	198	7950	Clupea harengus	bony fishes	Atlantic herring
26d501a70d486cf8755af7f59e2748d9	gi|426259709|gb|KC193712.1|	99.495	100	6.45e-95	198	7950	Clupea harengus	bony fishes	Atlantic herring
26d501a70d486cf8755af7f59e2748d9	gi|426259527|gb|KC193699.1|	99.495	100	6.45e-95	198	7950	Clupea harengus	bony fishes	Atlantic herring
26d501a70d486cf8755af7f59e2748d9	gi|426259275|gb|KC193681.1|	99.495	100	6.45e-95	198	7950	Clupea harengus	bony fishes	Atlantic herring
26d501a70d486cf8755af7f59e2748d9	gi|426260381|gb|KC193760.1|	98.990	100	3.00e-93	198	7950	Clupea harengus	bony fishes	Atlantic herring
e0649f470936a5326ba56235ff627b83	gi|2018537049|gb|MW818210.1|	99.495	100	6.45e-95	198	7950	Clupea harengus	bony fishes	Atlantic herring
e0649f470936a5326ba56235ff627b83	gi|426260451|gb|KC193765.1|	99.495	100	6.45e-95	198	7950	Clupea harengus	bony fishes	Atlantic herring
e0649f470936a5326ba56235ff627b83	gi|426260367|gb|KC193759.1|	99.495	100	6.45e-95	198	7950	Clupea harengus	bony fishes	Atlantic herring
e0649f470936a5326ba56235ff627b83	gi|426260199|gb|KC193747.1|	99.495	100	6.45e-95	198	7950	Clupea harengus	bony fishes	Atlantic herring
e0649f470936a5326ba56235ff627b83	gi|426260059|gb|KC193737.1|	99.495	100	6.45e-95	198	7950	Clupea harengus	bony fishes	Atlantic herring
e0649f470936a5326ba56235ff627b83	gi|426260003|gb|KC193733.1|	99.495	100	6.45e-95	198	7950	Clupea harengus	bony fishes	Atlantic herring
e0649f470936a5326ba56235ff627b83	gi|426259709|gb|KC193712.1|	99.495	100	6.45e-95	198	7950	Clupea harengus	bony fishes	Atlantic herring
e0649f470936a5326ba56235ff627b83	gi|426259527|gb|KC193699.1|	99.495	100	6.45e-95	198	7950	Clupea harengus	bony fishes	Atlantic herring
e0649f470936a5326ba56235ff627b83	gi|426259275|gb|KC193681.1|	99.495	100	6.45e-95	198	7950	Clupea harengus	bony fishes	Atlantic herring
e0649f470936a5326ba56235ff627b83	gi|426260381|gb|KC193760.1|	98.990	100	3.00e-93	198	7950	Clupea harengus	bony fishes	Atlantic herring
19189371b8ec892abdcaab8b9668be78	gi|1799624616|gb|MN122931.1|	99.495	100	6.45e-95	198	7950	Clupea harengus	bony fishes	Atlantic herring
19189371b8ec892abdcaab8b9668be78	gi|1517391475|gb|MH194498.2|	99.495	100	6.45e-95	198	7950	Clupea harengus	bony fishes	Atlantic herring
19189371b8ec892abdcaab8b9668be78	gi|2018537065|gb|MW818226.1|	99.495	100	6.45e-95	198	7950	Clupea harengus	bony fishes	Atlantic herring
19189371b8ec892abdcaab8b9668be78	gi|2018537050|gb|MW818211.1|	99.495	100	6.45e-95	198	7950	Clupea harengus	bony fishes	Atlantic herring
19189371b8ec892abdcaab8b9668be78	gi|426260619|gb|KC193777.1|	99.495	100	6.45e-95	198	7950	Clupea harengus	bony fishes	Atlantic herring
19189371b8ec892abdcaab8b9668be78	gi|426260605|gb|KC193776.1|	99.495	100	6.45e-95	198	7950	Clupea harengus	bony fishes	Atlantic herring
19189371b8ec892abdcaab8b9668be78	gi|426260591|gb|KC193775.1|	99.495	100	6.45e-95	198	7950	Clupea harengus	bony fishes	Atlantic herring
19189371b8ec892abdcaab8b9668be78	gi|426260577|gb|KC193774.1|	99.495	100	6.45e-95	198	7950	Clupea harengus	bony fishes	Atlantic herring
19189371b8ec892abdcaab8b9668be78	gi|426260549|gb|KC193772.1|	99.495	100	6.45e-95	198	7950	Clupea harengus	bony fishes	Atlantic herring
19189371b8ec892abdcaab8b9668be78	gi|426260535|gb|KC193771.1|	99.495	100	6.45e-95	198	7950	Clupea harengus	bony fishes	Atlantic herring
ed365ba60c8ac19cd47568f1ec4227e8	gi|1799624616|gb|MN122931.1|	99.495	100	6.45e-95	198	7950	Clupea harengus	bony fishes	Atlantic herring
ed365ba60c8ac19cd47568f1ec4227e8	gi|1517391475|gb|MH194498.2|	99.495	100	6.45e-95	198	7950	Clupea harengus	bony fishes	Atlantic herring
ed365ba60c8ac19cd47568f1ec4227e8	gi|2018537065|gb|MW818226.1|	99.495	100	6.45e-95	198	7950	Clupea harengus	bony fishes	Atlantic herring
ed365ba60c8ac19cd47568f1ec4227e8	gi|2018537050|gb|MW818211.1|	99.495	100	6.45e-95	198	7950	Clupea harengus	bony fishes	Atlantic herring
ed365ba60c8ac19cd47568f1ec4227e8	gi|426260619|gb|KC193777.1|	99.495	100	6.45e-95	198	7950	Clupea harengus	bony fishes	Atlantic herring
ed365ba60c8ac19cd47568f1ec4227e8	gi|426260605|gb|KC193776.1|	99.495	100	6.45e-95	198	7950	Clupea harengus	bony fishes	Atlantic herring
ed365ba60c8ac19cd47568f1ec4227e8	gi|426260591|gb|KC193775.1|	99.495	100	6.45e-95	198	7950	Clupea harengus	bony fishes	Atlantic herring
ed365ba60c8ac19cd47568f1ec4227e8	gi|426260577|gb|KC193774.1|	99.495	100	6.45e-95	198	7950	Clupea harengus	bony fishes	Atlantic herring
ed365ba60c8ac19cd47568f1ec4227e8	gi|426260549|gb|KC193772.1|	99.495	100	6.45e-95	198	7950	Clupea harengus	bony fishes	Atlantic herring
ed365ba60c8ac19cd47568f1ec4227e8	gi|426260535|gb|KC193771.1|	99.495	100	6.45e-95	198	7950	Clupea harengus	bony fishes	Atlantic herring
28cd1c2d72967ac2aaa38c4c9f272816	gi|1799624616|gb|MN122931.1|	99.495	100	6.45e-95	198	7950	Clupea harengus	bony fishes	Atlantic herring
28cd1c2d72967ac2aaa38c4c9f272816	gi|1517391475|gb|MH194498.2|	99.495	100	6.45e-95	198	7950	Clupea harengus	bony fishes	Atlantic herring
28cd1c2d72967ac2aaa38c4c9f272816	gi|2018537065|gb|MW818226.1|	99.495	100	6.45e-95	198	7950	Clupea harengus	bony fishes	Atlantic herring
28cd1c2d72967ac2aaa38c4c9f272816	gi|2018537050|gb|MW818211.1|	99.495	100	6.45e-95	198	7950	Clupea harengus	bony fishes	Atlantic herring
28cd1c2d72967ac2aaa38c4c9f272816	gi|426260619|gb|KC193777.1|	99.495	100	6.45e-95	198	7950	Clupea harengus	bony fishes	Atlantic herring
28cd1c2d72967ac2aaa38c4c9f272816	gi|426260605|gb|KC193776.1|	99.495	100	6.45e-95	198	7950	Clupea harengus	bony fishes	Atlantic herring
28cd1c2d72967ac2aaa38c4c9f272816	gi|426260591|gb|KC193775.1|	99.495	100	6.45e-95	198	7950	Clupea harengus	bony fishes	Atlantic herring
28cd1c2d72967ac2aaa38c4c9f272816	gi|426260577|gb|KC193774.1|	99.495	100	6.45e-95	198	7950	Clupea harengus	bony fishes	Atlantic herring
28cd1c2d72967ac2aaa38c4c9f272816	gi|426260549|gb|KC193772.1|	99.495	100	6.45e-95	198	7950	Clupea harengus	bony fishes	Atlantic herring
28cd1c2d72967ac2aaa38c4c9f272816	gi|426260535|gb|KC193771.1|	99.495	100	6.45e-95	198	7950	Clupea harengus	bony fishes	Atlantic herring
5004869b0646e0dc2fdb07cd78255a52	gi|1799624616|gb|MN122931.1|	98.990	100	3.00e-93	198	7950	Clupea harengus	bony fishes	Atlantic herring
5004869b0646e0dc2fdb07cd78255a52	gi|1517391475|gb|MH194498.2|	98.990	100	3.00e-93	198	7950	Clupea harengus	bony fishes	Atlantic herring
5004869b0646e0dc2fdb07cd78255a52	gi|2018537065|gb|MW818226.1|	98.990	100	3.00e-93	198	7950	Clupea harengus	bony fishes	Atlantic herring
5004869b0646e0dc2fdb07cd78255a52	gi|2018537050|gb|MW818211.1|	98.990	100	3.00e-93	198	7950	Clupea harengus	bony fishes	Atlantic herring
5004869b0646e0dc2fdb07cd78255a52	gi|426260619|gb|KC193777.1|	98.990	100	3.00e-93	198	7950	Clupea harengus	bony fishes	Atlantic herring
5004869b0646e0dc2fdb07cd78255a52	gi|426260605|gb|KC193776.1|	98.990	100	3.00e-93	198	7950	Clupea harengus	bony fishes	Atlantic herring
5004869b0646e0dc2fdb07cd78255a52	gi|426260591|gb|KC193775.1|	98.990	100	3.00e-93	198	7950	Clupea harengus	bony fishes	Atlantic herring
5004869b0646e0dc2fdb07cd78255a52	gi|426260577|gb|KC193774.1|	98.990	100	3.00e-93	198	7950	Clupea harengus	bony fishes	Atlantic herring
5004869b0646e0dc2fdb07cd78255a52	gi|426260549|gb|KC193772.1|	98.990	100	3.00e-93	198	7950	Clupea harengus	bony fishes	Atlantic herring
5004869b0646e0dc2fdb07cd78255a52	gi|426260535|gb|KC193771.1|	98.990	100	3.00e-93	198	7950	Clupea harengus	bony fishes	Atlantic herring
a40d48c785275464e727d6191f5da891	gi|1799624616|gb|MN122931.1|	98.990	100	3.00e-93	198	7950	Clupea harengus	bony fishes	Atlantic herring
a40d48c785275464e727d6191f5da891	gi|1517391475|gb|MH194498.2|	98.990	100	3.00e-93	198	7950	Clupea harengus	bony fishes	Atlantic herring
a40d48c785275464e727d6191f5da891	gi|2018537065|gb|MW818226.1|	98.990	100	3.00e-93	198	7950	Clupea harengus	bony fishes	Atlantic herring
a40d48c785275464e727d6191f5da891	gi|2018537050|gb|MW818211.1|	98.990	100	3.00e-93	198	7950	Clupea harengus	bony fishes	Atlantic herring
a40d48c785275464e727d6191f5da891	gi|426260619|gb|KC193777.1|	98.990	100	3.00e-93	198	7950	Clupea harengus	bony fishes	Atlantic herring
a40d48c785275464e727d6191f5da891	gi|426260605|gb|KC193776.1|	98.990	100	3.00e-93	198	7950	Clupea harengus	bony fishes	Atlantic herring
a40d48c785275464e727d6191f5da891	gi|426260591|gb|KC193775.1|	98.990	100	3.00e-93	198	7950	Clupea harengus	bony fishes	Atlantic herring
a40d48c785275464e727d6191f5da891	gi|426260577|gb|KC193774.1|	98.990	100	3.00e-93	198	7950	Clupea harengus	bony fishes	Atlantic herring
a40d48c785275464e727d6191f5da891	gi|426260549|gb|KC193772.1|	98.990	100	3.00e-93	198	7950	Clupea harengus	bony fishes	Atlantic herring
a40d48c785275464e727d6191f5da891	gi|426260535|gb|KC193771.1|	98.990	100	3.00e-93	198	7950	Clupea harengus	bony fishes	Atlantic herring
2a3d25f9b1605593bf74d24a9a7d5834	gi|1799624616|gb|MN122931.1|	98.485	100	1.40e-91	198	7950	Clupea harengus	bony fishes	Atlantic herring
2a3d25f9b1605593bf74d24a9a7d5834	gi|1517391475|gb|MH194498.2|	98.485	100	1.40e-91	198	7950	Clupea harengus	bony fishes	Atlantic herring
2a3d25f9b1605593bf74d24a9a7d5834	gi|2018537065|gb|MW818226.1|	98.485	100	1.40e-91	198	7950	Clupea harengus	bony fishes	Atlantic herring
2a3d25f9b1605593bf74d24a9a7d5834	gi|2018537050|gb|MW818211.1|	98.485	100	1.40e-91	198	7950	Clupea harengus	bony fishes	Atlantic herring
2a3d25f9b1605593bf74d24a9a7d5834	gi|426260619|gb|KC193777.1|	98.485	100	1.40e-91	198	7950	Clupea harengus	bony fishes	Atlantic herring
2a3d25f9b1605593bf74d24a9a7d5834	gi|426260605|gb|KC193776.1|	98.485	100	1.40e-91	198	7950	Clupea harengus	bony fishes	Atlantic herring
2a3d25f9b1605593bf74d24a9a7d5834	gi|426260591|gb|KC193775.1|	98.485	100	1.40e-91	198	7950	Clupea harengus	bony fishes	Atlantic herring
2a3d25f9b1605593bf74d24a9a7d5834	gi|426260577|gb|KC193774.1|	98.485	100	1.40e-91	198	7950	Clupea harengus	bony fishes	Atlantic herring
2a3d25f9b1605593bf74d24a9a7d5834	gi|426260549|gb|KC193772.1|	98.485	100	1.40e-91	198	7950	Clupea harengus	bony fishes	Atlantic herring
2a3d25f9b1605593bf74d24a9a7d5834	gi|426260535|gb|KC193771.1|	98.485	100	1.40e-91	198	7950	Clupea harengus	bony fishes	Atlantic herring
8cb42a0b48562f80e06557801a0f2b0c	gi|1799624616|gb|MN122931.1|	99.495	100	6.45e-95	198	7950	Clupea harengus	bony fishes	Atlantic herring
8cb42a0b48562f80e06557801a0f2b0c	gi|1517391475|gb|MH194498.2|	99.495	100	6.45e-95	198	7950	Clupea harengus	bony fishes	Atlantic herring
8cb42a0b48562f80e06557801a0f2b0c	gi|2018537065|gb|MW818226.1|	99.495	100	6.45e-95	198	7950	Clupea harengus	bony fishes	Atlantic herring
8cb42a0b48562f80e06557801a0f2b0c	gi|2018537050|gb|MW818211.1|	99.495	100	6.45e-95	198	7950	Clupea harengus	bony fishes	Atlantic herring
8cb42a0b48562f80e06557801a0f2b0c	gi|426260619|gb|KC193777.1|	99.495	100	6.45e-95	198	7950	Clupea harengus	bony fishes	Atlantic herring
8cb42a0b48562f80e06557801a0f2b0c	gi|426260605|gb|KC193776.1|	99.495	100	6.45e-95	198	7950	Clupea harengus	bony fishes	Atlantic herring
8cb42a0b48562f80e06557801a0f2b0c	gi|426260591|gb|KC193775.1|	99.495	100	6.45e-95	198	7950	Clupea harengus	bony fishes	Atlantic herring
8cb42a0b48562f80e06557801a0f2b0c	gi|426260577|gb|KC193774.1|	99.495	100	6.45e-95	198	7950	Clupea harengus	bony fishes	Atlantic herring
8cb42a0b48562f80e06557801a0f2b0c	gi|426260549|gb|KC193772.1|	99.495	100	6.45e-95	198	7950	Clupea harengus	bony fishes	Atlantic herring
8cb42a0b48562f80e06557801a0f2b0c	gi|426260535|gb|KC193771.1|	99.495	100	6.45e-95	198	7950	Clupea harengus	bony fishes	Atlantic herring
e8d38c875c8ac6a43917bee770da5abb	gi|426260115|gb|KC193741.1|	100.000	100	1.39e-96	198	7950	Clupea harengus	bony fishes	Atlantic herring
e8d38c875c8ac6a43917bee770da5abb	gi|1799624616|gb|MN122931.1|	99.495	100	6.45e-95	198	7950	Clupea harengus	bony fishes	Atlantic herring
e8d38c875c8ac6a43917bee770da5abb	gi|1517391475|gb|MH194498.2|	99.495	100	6.45e-95	198	7950	Clupea harengus	bony fishes	Atlantic herring
e8d38c875c8ac6a43917bee770da5abb	gi|2018537065|gb|MW818226.1|	99.495	100	6.45e-95	198	7950	Clupea harengus	bony fishes	Atlantic herring
e8d38c875c8ac6a43917bee770da5abb	gi|2018537050|gb|MW818211.1|	99.495	100	6.45e-95	198	7950	Clupea harengus	bony fishes	Atlantic herring
e8d38c875c8ac6a43917bee770da5abb	gi|426260619|gb|KC193777.1|	99.495	100	6.45e-95	198	7950	Clupea harengus	bony fishes	Atlantic herring
e8d38c875c8ac6a43917bee770da5abb	gi|426260605|gb|KC193776.1|	99.495	100	6.45e-95	198	7950	Clupea harengus	bony fishes	Atlantic herring
e8d38c875c8ac6a43917bee770da5abb	gi|426260591|gb|KC193775.1|	99.495	100	6.45e-95	198	7950	Clupea harengus	bony fishes	Atlantic herring
e8d38c875c8ac6a43917bee770da5abb	gi|426260577|gb|KC193774.1|	99.495	100	6.45e-95	198	7950	Clupea harengus	bony fishes	Atlantic herring
e8d38c875c8ac6a43917bee770da5abb	gi|426260549|gb|KC193772.1|	99.495	100	6.45e-95	198	7950	Clupea harengus	bony fishes	Atlantic herring
85b5b38f1e4c15f41b17fed54f4095c0	gi|1799624616|gb|MN122931.1|	99.495	100	6.45e-95	198	7950	Clupea harengus	bony fishes	Atlantic herring
85b5b38f1e4c15f41b17fed54f4095c0	gi|1517391475|gb|MH194498.2|	99.495	100	6.45e-95	198	7950	Clupea harengus	bony fishes	Atlantic herring
85b5b38f1e4c15f41b17fed54f4095c0	gi|2018537065|gb|MW818226.1|	99.495	100	6.45e-95	198	7950	Clupea harengus	bony fishes	Atlantic herring
85b5b38f1e4c15f41b17fed54f4095c0	gi|2018537050|gb|MW818211.1|	99.495	100	6.45e-95	198	7950	Clupea harengus	bony fishes	Atlantic herring
85b5b38f1e4c15f41b17fed54f4095c0	gi|426260619|gb|KC193777.1|	99.495	100	6.45e-95	198	7950	Clupea harengus	bony fishes	Atlantic herring
85b5b38f1e4c15f41b17fed54f4095c0	gi|426260605|gb|KC193776.1|	99.495	100	6.45e-95	198	7950	Clupea harengus	bony fishes	Atlantic herring
85b5b38f1e4c15f41b17fed54f4095c0	gi|426260591|gb|KC193775.1|	99.495	100	6.45e-95	198	7950	Clupea harengus	bony fishes	Atlantic herring
85b5b38f1e4c15f41b17fed54f4095c0	gi|426260577|gb|KC193774.1|	99.495	100	6.45e-95	198	7950	Clupea harengus	bony fishes	Atlantic herring
85b5b38f1e4c15f41b17fed54f4095c0	gi|426260549|gb|KC193772.1|	99.495	100	6.45e-95	198	7950	Clupea harengus	bony fishes	Atlantic herring
85b5b38f1e4c15f41b17fed54f4095c0	gi|426260535|gb|KC193771.1|	99.495	100	6.45e-95	198	7950	Clupea harengus	bony fishes	Atlantic herring
03d70c9d430ab84b91dd9cb06b7541d3	gi|1799624616|gb|MN122931.1|	99.495	100	6.45e-95	198	7950	Clupea harengus	bony fishes	Atlantic herring
03d70c9d430ab84b91dd9cb06b7541d3	gi|1517391475|gb|MH194498.2|	99.495	100	6.45e-95	198	7950	Clupea harengus	bony fishes	Atlantic herring
03d70c9d430ab84b91dd9cb06b7541d3	gi|2018537065|gb|MW818226.1|	99.495	100	6.45e-95	198	7950	Clupea harengus	bony fishes	Atlantic herring
03d70c9d430ab84b91dd9cb06b7541d3	gi|2018537050|gb|MW818211.1|	99.495	100	6.45e-95	198	7950	Clupea harengus	bony fishes	Atlantic herring
03d70c9d430ab84b91dd9cb06b7541d3	gi|426260619|gb|KC193777.1|	99.495	100	6.45e-95	198	7950	Clupea harengus	bony fishes	Atlantic herring
03d70c9d430ab84b91dd9cb06b7541d3	gi|426260605|gb|KC193776.1|	99.495	100	6.45e-95	198	7950	Clupea harengus	bony fishes	Atlantic herring
03d70c9d430ab84b91dd9cb06b7541d3	gi|426260591|gb|KC193775.1|	99.495	100	6.45e-95	198	7950	Clupea harengus	bony fishes	Atlantic herring
03d70c9d430ab84b91dd9cb06b7541d3	gi|426260577|gb|KC193774.1|	99.495	100	6.45e-95	198	7950	Clupea harengus	bony fishes	Atlantic herring
03d70c9d430ab84b91dd9cb06b7541d3	gi|426260549|gb|KC193772.1|	99.495	100	6.45e-95	198	7950	Clupea harengus	bony fishes	Atlantic herring
03d70c9d430ab84b91dd9cb06b7541d3	gi|426260535|gb|KC193771.1|	99.495	100	6.45e-95	198	7950	Clupea harengus	bony fishes	Atlantic herring
60734fedcf07494c45356f9890807d19	gi|1799624616|gb|MN122931.1|	98.990	100	3.00e-93	198	7950	Clupea harengus	bony fishes	Atlantic herring
60734fedcf07494c45356f9890807d19	gi|1517391475|gb|MH194498.2|	98.990	100	3.00e-93	198	7950	Clupea harengus	bony fishes	Atlantic herring
60734fedcf07494c45356f9890807d19	gi|2018537065|gb|MW818226.1|	98.990	100	3.00e-93	198	7950	Clupea harengus	bony fishes	Atlantic herring
60734fedcf07494c45356f9890807d19	gi|2018537050|gb|MW818211.1|	98.990	100	3.00e-93	198	7950	Clupea harengus	bony fishes	Atlantic herring
60734fedcf07494c45356f9890807d19	gi|426260619|gb|KC193777.1|	98.990	100	3.00e-93	198	7950	Clupea harengus	bony fishes	Atlantic herring
60734fedcf07494c45356f9890807d19	gi|426260605|gb|KC193776.1|	98.990	100	3.00e-93	198	7950	Clupea harengus	bony fishes	Atlantic herring
60734fedcf07494c45356f9890807d19	gi|426260591|gb|KC193775.1|	98.990	100	3.00e-93	198	7950	Clupea harengus	bony fishes	Atlantic herring
60734fedcf07494c45356f9890807d19	gi|426260577|gb|KC193774.1|	98.990	100	3.00e-93	198	7950	Clupea harengus	bony fishes	Atlantic herring
60734fedcf07494c45356f9890807d19	gi|426260549|gb|KC193772.1|	98.990	100	3.00e-93	198	7950	Clupea harengus	bony fishes	Atlantic herring
60734fedcf07494c45356f9890807d19	gi|426260535|gb|KC193771.1|	98.990	100	3.00e-93	198	7950	Clupea harengus	bony fishes	Atlantic herring
a3038a7d8bd5518b263f0bae882bfbbe	gi|1799624616|gb|MN122931.1|	99.495	100	6.45e-95	198	7950	Clupea harengus	bony fishes	Atlantic herring
a3038a7d8bd5518b263f0bae882bfbbe	gi|1517391475|gb|MH194498.2|	99.495	100	6.45e-95	198	7950	Clupea harengus	bony fishes	Atlantic herring
a3038a7d8bd5518b263f0bae882bfbbe	gi|2018537065|gb|MW818226.1|	99.495	100	6.45e-95	198	7950	Clupea harengus	bony fishes	Atlantic herring
a3038a7d8bd5518b263f0bae882bfbbe	gi|2018537050|gb|MW818211.1|	99.495	100	6.45e-95	198	7950	Clupea harengus	bony fishes	Atlantic herring
a3038a7d8bd5518b263f0bae882bfbbe	gi|426260619|gb|KC193777.1|	99.495	100	6.45e-95	198	7950	Clupea harengus	bony fishes	Atlantic herring
a3038a7d8bd5518b263f0bae882bfbbe	gi|426260605|gb|KC193776.1|	99.495	100	6.45e-95	198	7950	Clupea harengus	bony fishes	Atlantic herring
a3038a7d8bd5518b263f0bae882bfbbe	gi|426260591|gb|KC193775.1|	99.495	100	6.45e-95	198	7950	Clupea harengus	bony fishes	Atlantic herring
a3038a7d8bd5518b263f0bae882bfbbe	gi|426260577|gb|KC193774.1|	99.495	100	6.45e-95	198	7950	Clupea harengus	bony fishes	Atlantic herring
a3038a7d8bd5518b263f0bae882bfbbe	gi|426260549|gb|KC193772.1|	99.495	100	6.45e-95	198	7950	Clupea harengus	bony fishes	Atlantic herring
a3038a7d8bd5518b263f0bae882bfbbe	gi|426260535|gb|KC193771.1|	99.495	100	6.45e-95	198	7950	Clupea harengus	bony fishes	Atlantic herring
24f8534e487a166ec1d90ceed4d3cc44	gi|426260563|gb|KC193773.1|	100.000	100	1.39e-96	198	7950	Clupea harengus	bony fishes	Atlantic herring
24f8534e487a166ec1d90ceed4d3cc44	gi|426259961|gb|KC193730.1|	100.000	100	1.39e-96	198	7950	Clupea harengus	bony fishes	Atlantic herring
24f8534e487a166ec1d90ceed4d3cc44	gi|1799624616|gb|MN122931.1|	99.495	100	6.45e-95	198	7950	Clupea harengus	bony fishes	Atlantic herring
24f8534e487a166ec1d90ceed4d3cc44	gi|1517391475|gb|MH194498.2|	99.495	100	6.45e-95	198	7950	Clupea harengus	bony fishes	Atlantic herring
24f8534e487a166ec1d90ceed4d3cc44	gi|2018537065|gb|MW818226.1|	99.495	100	6.45e-95	198	7950	Clupea harengus	bony fishes	Atlantic herring
24f8534e487a166ec1d90ceed4d3cc44	gi|2018537050|gb|MW818211.1|	99.495	100	6.45e-95	198	7950	Clupea harengus	bony fishes	Atlantic herring
24f8534e487a166ec1d90ceed4d3cc44	gi|426260619|gb|KC193777.1|	99.495	100	6.45e-95	198	7950	Clupea harengus	bony fishes	Atlantic herring
24f8534e487a166ec1d90ceed4d3cc44	gi|426260605|gb|KC193776.1|	99.495	100	6.45e-95	198	7950	Clupea harengus	bony fishes	Atlantic herring
24f8534e487a166ec1d90ceed4d3cc44	gi|426260591|gb|KC193775.1|	99.495	100	6.45e-95	198	7950	Clupea harengus	bony fishes	Atlantic herring
24f8534e487a166ec1d90ceed4d3cc44	gi|426260577|gb|KC193774.1|	99.495	100	6.45e-95	198	7950	Clupea harengus	bony fishes	Atlantic herring
ce66c0a98de45ebce514ff188307b7b6	gi|426260563|gb|KC193773.1|	99.495	100	6.45e-95	198	7950	Clupea harengus	bony fishes	Atlantic herring
ce66c0a98de45ebce514ff188307b7b6	gi|426259961|gb|KC193730.1|	99.495	100	6.45e-95	198	7950	Clupea harengus	bony fishes	Atlantic herring
ce66c0a98de45ebce514ff188307b7b6	gi|1799624616|gb|MN122931.1|	98.990	100	3.00e-93	198	7950	Clupea harengus	bony fishes	Atlantic herring
ce66c0a98de45ebce514ff188307b7b6	gi|1517391475|gb|MH194498.2|	98.990	100	3.00e-93	198	7950	Clupea harengus	bony fishes	Atlantic herring
ce66c0a98de45ebce514ff188307b7b6	gi|2018537065|gb|MW818226.1|	98.990	100	3.00e-93	198	7950	Clupea harengus	bony fishes	Atlantic herring
ce66c0a98de45ebce514ff188307b7b6	gi|2018537050|gb|MW818211.1|	98.990	100	3.00e-93	198	7950	Clupea harengus	bony fishes	Atlantic herring
ce66c0a98de45ebce514ff188307b7b6	gi|426260619|gb|KC193777.1|	98.990	100	3.00e-93	198	7950	Clupea harengus	bony fishes	Atlantic herring
ce66c0a98de45ebce514ff188307b7b6	gi|426260605|gb|KC193776.1|	98.990	100	3.00e-93	198	7950	Clupea harengus	bony fishes	Atlantic herring
ce66c0a98de45ebce514ff188307b7b6	gi|426260591|gb|KC193775.1|	98.990	100	3.00e-93	198	7950	Clupea harengus	bony fishes	Atlantic herring
ce66c0a98de45ebce514ff188307b7b6	gi|426260577|gb|KC193774.1|	98.990	100	3.00e-93	198	7950	Clupea harengus	bony fishes	Atlantic herring
f26355856149716861015d39c48df631	gi|1799624616|gb|MN122931.1|	99.495	100	6.45e-95	198	7950	Clupea harengus	bony fishes	Atlantic herring
f26355856149716861015d39c48df631	gi|1517391475|gb|MH194498.2|	99.495	100	6.45e-95	198	7950	Clupea harengus	bony fishes	Atlantic herring
f26355856149716861015d39c48df631	gi|2018537065|gb|MW818226.1|	99.495	100	6.45e-95	198	7950	Clupea harengus	bony fishes	Atlantic herring
f26355856149716861015d39c48df631	gi|2018537050|gb|MW818211.1|	99.495	100	6.45e-95	198	7950	Clupea harengus	bony fishes	Atlantic herring
f26355856149716861015d39c48df631	gi|426260619|gb|KC193777.1|	99.495	100	6.45e-95	198	7950	Clupea harengus	bony fishes	Atlantic herring
f26355856149716861015d39c48df631	gi|426260605|gb|KC193776.1|	99.495	100	6.45e-95	198	7950	Clupea harengus	bony fishes	Atlantic herring
f26355856149716861015d39c48df631	gi|426260591|gb|KC193775.1|	99.495	100	6.45e-95	198	7950	Clupea harengus	bony fishes	Atlantic herring
f26355856149716861015d39c48df631	gi|426260577|gb|KC193774.1|	99.495	100	6.45e-95	198	7950	Clupea harengus	bony fishes	Atlantic herring
f26355856149716861015d39c48df631	gi|426260549|gb|KC193772.1|	99.495	100	6.45e-95	198	7950	Clupea harengus	bony fishes	Atlantic herring
f26355856149716861015d39c48df631	gi|426260535|gb|KC193771.1|	99.495	100	6.45e-95	198	7950	Clupea harengus	bony fishes	Atlantic herring
372963b95eb03c57a2acd70943f97357	gi|1799624616|gb|MN122931.1|	99.495	100	6.45e-95	198	7950	Clupea harengus	bony fishes	Atlantic herring
372963b95eb03c57a2acd70943f97357	gi|1517391475|gb|MH194498.2|	99.495	100	6.45e-95	198	7950	Clupea harengus	bony fishes	Atlantic herring
372963b95eb03c57a2acd70943f97357	gi|2018537065|gb|MW818226.1|	99.495	100	6.45e-95	198	7950	Clupea harengus	bony fishes	Atlantic herring
372963b95eb03c57a2acd70943f97357	gi|2018537050|gb|MW818211.1|	99.495	100	6.45e-95	198	7950	Clupea harengus	bony fishes	Atlantic herring
372963b95eb03c57a2acd70943f97357	gi|426260619|gb|KC193777.1|	99.495	100	6.45e-95	198	7950	Clupea harengus	bony fishes	Atlantic herring
372963b95eb03c57a2acd70943f97357	gi|426260605|gb|KC193776.1|	99.495	100	6.45e-95	198	7950	Clupea harengus	bony fishes	Atlantic herring
372963b95eb03c57a2acd70943f97357	gi|426260591|gb|KC193775.1|	99.495	100	6.45e-95	198	7950	Clupea harengus	bony fishes	Atlantic herring
372963b95eb03c57a2acd70943f97357	gi|426260577|gb|KC193774.1|	99.495	100	6.45e-95	198	7950	Clupea harengus	bony fishes	Atlantic herring
372963b95eb03c57a2acd70943f97357	gi|426260549|gb|KC193772.1|	99.495	100	6.45e-95	198	7950	Clupea harengus	bony fishes	Atlantic herring
372963b95eb03c57a2acd70943f97357	gi|426260535|gb|KC193771.1|	99.495	100	6.45e-95	198	7950	Clupea harengus	bony fishes	Atlantic herring
9f95f8d6510571882d80410836029503	gi|1799624616|gb|MN122931.1|	99.495	100	6.45e-95	198	7950	Clupea harengus	bony fishes	Atlantic herring
9f95f8d6510571882d80410836029503	gi|1517391475|gb|MH194498.2|	99.495	100	6.45e-95	198	7950	Clupea harengus	bony fishes	Atlantic herring
9f95f8d6510571882d80410836029503	gi|2018537065|gb|MW818226.1|	99.495	100	6.45e-95	198	7950	Clupea harengus	bony fishes	Atlantic herring
9f95f8d6510571882d80410836029503	gi|2018537050|gb|MW818211.1|	99.495	100	6.45e-95	198	7950	Clupea harengus	bony fishes	Atlantic herring
9f95f8d6510571882d80410836029503	gi|426260619|gb|KC193777.1|	99.495	100	6.45e-95	198	7950	Clupea harengus	bony fishes	Atlantic herring
9f95f8d6510571882d80410836029503	gi|426260605|gb|KC193776.1|	99.495	100	6.45e-95	198	7950	Clupea harengus	bony fishes	Atlantic herring
9f95f8d6510571882d80410836029503	gi|426260591|gb|KC193775.1|	99.495	100	6.45e-95	198	7950	Clupea harengus	bony fishes	Atlantic herring
9f95f8d6510571882d80410836029503	gi|426260577|gb|KC193774.1|	99.495	100	6.45e-95	198	7950	Clupea harengus	bony fishes	Atlantic herring
9f95f8d6510571882d80410836029503	gi|426260549|gb|KC193772.1|	99.495	100	6.45e-95	198	7950	Clupea harengus	bony fishes	Atlantic herring
9f95f8d6510571882d80410836029503	gi|426260535|gb|KC193771.1|	99.495	100	6.45e-95	198	7950	Clupea harengus	bony fishes	Atlantic herring
3ba53145fe24e62e028629db32a1e7c0	gi|1799624616|gb|MN122931.1|	99.495	100	6.45e-95	198	7950	Clupea harengus	bony fishes	Atlantic herring
3ba53145fe24e62e028629db32a1e7c0	gi|1517391475|gb|MH194498.2|	99.495	100	6.45e-95	198	7950	Clupea harengus	bony fishes	Atlantic herring
3ba53145fe24e62e028629db32a1e7c0	gi|2018537065|gb|MW818226.1|	99.495	100	6.45e-95	198	7950	Clupea harengus	bony fishes	Atlantic herring
3ba53145fe24e62e028629db32a1e7c0	gi|2018537050|gb|MW818211.1|	99.495	100	6.45e-95	198	7950	Clupea harengus	bony fishes	Atlantic herring
3ba53145fe24e62e028629db32a1e7c0	gi|426260619|gb|KC193777.1|	99.495	100	6.45e-95	198	7950	Clupea harengus	bony fishes	Atlantic herring
3ba53145fe24e62e028629db32a1e7c0	gi|426260605|gb|KC193776.1|	99.495	100	6.45e-95	198	7950	Clupea harengus	bony fishes	Atlantic herring
3ba53145fe24e62e028629db32a1e7c0	gi|426260591|gb|KC193775.1|	99.495	100	6.45e-95	198	7950	Clupea harengus	bony fishes	Atlantic herring
3ba53145fe24e62e028629db32a1e7c0	gi|426260577|gb|KC193774.1|	99.495	100	6.45e-95	198	7950	Clupea harengus	bony fishes	Atlantic herring
3ba53145fe24e62e028629db32a1e7c0	gi|426260549|gb|KC193772.1|	99.495	100	6.45e-95	198	7950	Clupea harengus	bony fishes	Atlantic herring
3ba53145fe24e62e028629db32a1e7c0	gi|426260535|gb|KC193771.1|	99.495	100	6.45e-95	198	7950	Clupea harengus	bony fishes	Atlantic herring
b1dd5e90dbe22406d47c8d0bb940228e	gi|1799624616|gb|MN122931.1|	100.000	100	1.39e-96	198	7950	Clupea harengus	bony fishes	Atlantic herring
b1dd5e90dbe22406d47c8d0bb940228e	gi|1517391475|gb|MH194498.2|	100.000	100	1.39e-96	198	7950	Clupea harengus	bony fishes	Atlantic herring
b1dd5e90dbe22406d47c8d0bb940228e	gi|2018537065|gb|MW818226.1|	100.000	100	1.39e-96	198	7950	Clupea harengus	bony fishes	Atlantic herring
b1dd5e90dbe22406d47c8d0bb940228e	gi|2018537050|gb|MW818211.1|	100.000	100	1.39e-96	198	7950	Clupea harengus	bony fishes	Atlantic herring
b1dd5e90dbe22406d47c8d0bb940228e	gi|426260619|gb|KC193777.1|	100.000	100	1.39e-96	198	7950	Clupea harengus	bony fishes	Atlantic herring
b1dd5e90dbe22406d47c8d0bb940228e	gi|426260605|gb|KC193776.1|	100.000	100	1.39e-96	198	7950	Clupea harengus	bony fishes	Atlantic herring
b1dd5e90dbe22406d47c8d0bb940228e	gi|426260591|gb|KC193775.1|	100.000	100	1.39e-96	198	7950	Clupea harengus	bony fishes	Atlantic herring
b1dd5e90dbe22406d47c8d0bb940228e	gi|426260577|gb|KC193774.1|	100.000	100	1.39e-96	198	7950	Clupea harengus	bony fishes	Atlantic herring
b1dd5e90dbe22406d47c8d0bb940228e	gi|426260549|gb|KC193772.1|	100.000	100	1.39e-96	198	7950	Clupea harengus	bony fishes	Atlantic herring
b1dd5e90dbe22406d47c8d0bb940228e	gi|426260535|gb|KC193771.1|	100.000	100	1.39e-96	198	7950	Clupea harengus	bony fishes	Atlantic herring
0b60b92bce905dd92a2bb315a458c875	gi|1799624616|gb|MN122931.1|	100.000	90	4.38e-97	199	7950	Clupea harengus	bony fishes	Atlantic herring
0b60b92bce905dd92a2bb315a458c875	gi|1517391475|gb|MH194498.2|	100.000	90	4.38e-97	199	7950	Clupea harengus	bony fishes	Atlantic herring
0b60b92bce905dd92a2bb315a458c875	gi|2018537065|gb|MW818226.1|	100.000	90	4.38e-97	199	7950	Clupea harengus	bony fishes	Atlantic herring
0b60b92bce905dd92a2bb315a458c875	gi|2018537050|gb|MW818211.1|	100.000	90	4.38e-97	199	7950	Clupea harengus	bony fishes	Atlantic herring
0b60b92bce905dd92a2bb315a458c875	gi|426260619|gb|KC193777.1|	100.000	90	4.38e-97	199	7950	Clupea harengus	bony fishes	Atlantic herring
0b60b92bce905dd92a2bb315a458c875	gi|426260605|gb|KC193776.1|	100.000	90	4.38e-97	199	7950	Clupea harengus	bony fishes	Atlantic herring
0b60b92bce905dd92a2bb315a458c875	gi|426260591|gb|KC193775.1|	100.000	90	4.38e-97	199	7950	Clupea harengus	bony fishes	Atlantic herring
0b60b92bce905dd92a2bb315a458c875	gi|426260577|gb|KC193774.1|	100.000	90	4.38e-97	199	7950	Clupea harengus	bony fishes	Atlantic herring
0b60b92bce905dd92a2bb315a458c875	gi|426260549|gb|KC193772.1|	100.000	90	4.38e-97	199	7950	Clupea harengus	bony fishes	Atlantic herring
0b60b92bce905dd92a2bb315a458c875	gi|426260535|gb|KC193771.1|	100.000	90	4.38e-97	199	7950	Clupea harengus	bony fishes	Atlantic herring
207106a593a56cf3f70c92684efb256c	gi|1799624616|gb|MN122931.1|	100.000	90	3.44e-98	201	7950	Clupea harengus	bony fishes	Atlantic herring
207106a593a56cf3f70c92684efb256c	gi|1517391475|gb|MH194498.2|	100.000	90	3.44e-98	201	7950	Clupea harengus	bony fishes	Atlantic herring
207106a593a56cf3f70c92684efb256c	gi|2018537065|gb|MW818226.1|	100.000	90	3.44e-98	201	7950	Clupea harengus	bony fishes	Atlantic herring
207106a593a56cf3f70c92684efb256c	gi|2018537050|gb|MW818211.1|	100.000	90	3.44e-98	201	7950	Clupea harengus	bony fishes	Atlantic herring
207106a593a56cf3f70c92684efb256c	gi|426260619|gb|KC193777.1|	100.000	90	3.44e-98	201	7950	Clupea harengus	bony fishes	Atlantic herring
207106a593a56cf3f70c92684efb256c	gi|426260605|gb|KC193776.1|	100.000	90	3.44e-98	201	7950	Clupea harengus	bony fishes	Atlantic herring
207106a593a56cf3f70c92684efb256c	gi|426260591|gb|KC193775.1|	100.000	90	3.44e-98	201	7950	Clupea harengus	bony fishes	Atlantic herring
207106a593a56cf3f70c92684efb256c	gi|426260577|gb|KC193774.1|	100.000	90	3.44e-98	201	7950	Clupea harengus	bony fishes	Atlantic herring
207106a593a56cf3f70c92684efb256c	gi|426260549|gb|KC193772.1|	100.000	90	3.44e-98	201	7950	Clupea harengus	bony fishes	Atlantic herring
207106a593a56cf3f70c92684efb256c	gi|426260535|gb|KC193771.1|	100.000	90	3.44e-98	201	7950	Clupea harengus	bony fishes	Atlantic herring
22b7557d0034f922b0509246fe38a4e3	gi|1799624616|gb|MN122931.1|	100.000	92	7.35e-100	204	7950	Clupea harengus	bony fishes	Atlantic herring
22b7557d0034f922b0509246fe38a4e3	gi|2018537050|gb|MW818211.1|	100.000	92	7.35e-100	204	7950	Clupea harengus	bony fishes	Atlantic herring
22b7557d0034f922b0509246fe38a4e3	gi|426260619|gb|KC193777.1|	100.000	92	7.35e-100	204	7950	Clupea harengus	bony fishes	Atlantic herring
22b7557d0034f922b0509246fe38a4e3	gi|426260605|gb|KC193776.1|	100.000	92	7.35e-100	204	7950	Clupea harengus	bony fishes	Atlantic herring
22b7557d0034f922b0509246fe38a4e3	gi|426260591|gb|KC193775.1|	100.000	92	7.35e-100	204	7950	Clupea harengus	bony fishes	Atlantic herring
22b7557d0034f922b0509246fe38a4e3	gi|426260577|gb|KC193774.1|	100.000	92	7.35e-100	204	7950	Clupea harengus	bony fishes	Atlantic herring
22b7557d0034f922b0509246fe38a4e3	gi|426260549|gb|KC193772.1|	100.000	92	7.35e-100	204	7950	Clupea harengus	bony fishes	Atlantic herring
22b7557d0034f922b0509246fe38a4e3	gi|426260535|gb|KC193771.1|	100.000	92	7.35e-100	204	7950	Clupea harengus	bony fishes	Atlantic herring
22b7557d0034f922b0509246fe38a4e3	gi|426260521|gb|KC193770.1|	100.000	92	7.35e-100	204	7950	Clupea harengus	bony fishes	Atlantic herring
22b7557d0034f922b0509246fe38a4e3	gi|426260507|gb|KC193769.1|	100.000	92	7.35e-100	204	7950	Clupea harengus	bony fishes	Atlantic herring
ed581fefa575c875099aaa4cbeab565e	gi|1799624616|gb|MN122931.1|	100.000	90	5.63e-96	197	7950	Clupea harengus	bony fishes	Atlantic herring
ed581fefa575c875099aaa4cbeab565e	gi|1517391475|gb|MH194498.2|	100.000	90	5.63e-96	197	7950	Clupea harengus	bony fishes	Atlantic herring
ed581fefa575c875099aaa4cbeab565e	gi|2018537065|gb|MW818226.1|	100.000	90	5.63e-96	197	7950	Clupea harengus	bony fishes	Atlantic herring
ed581fefa575c875099aaa4cbeab565e	gi|2018537050|gb|MW818211.1|	100.000	90	5.63e-96	197	7950	Clupea harengus	bony fishes	Atlantic herring
ed581fefa575c875099aaa4cbeab565e	gi|426260619|gb|KC193777.1|	100.000	90	5.63e-96	197	7950	Clupea harengus	bony fishes	Atlantic herring
ed581fefa575c875099aaa4cbeab565e	gi|426260605|gb|KC193776.1|	100.000	90	5.63e-96	197	7950	Clupea harengus	bony fishes	Atlantic herring
ed581fefa575c875099aaa4cbeab565e	gi|426260591|gb|KC193775.1|	100.000	90	5.63e-96	197	7950	Clupea harengus	bony fishes	Atlantic herring
ed581fefa575c875099aaa4cbeab565e	gi|426260577|gb|KC193774.1|	100.000	90	5.63e-96	197	7950	Clupea harengus	bony fishes	Atlantic herring
ed581fefa575c875099aaa4cbeab565e	gi|426260549|gb|KC193772.1|	100.000	90	5.63e-96	197	7950	Clupea harengus	bony fishes	Atlantic herring
ed581fefa575c875099aaa4cbeab565e	gi|426260535|gb|KC193771.1|	100.000	90	5.63e-96	197	7950	Clupea harengus	bony fishes	Atlantic herring
3e1278f2ecfcf4a0e7481896edd84f2c	gi|1799624616|gb|MN122931.1|	99.495	100	6.45e-95	198	7950	Clupea harengus	bony fishes	Atlantic herring
3e1278f2ecfcf4a0e7481896edd84f2c	gi|1517391475|gb|MH194498.2|	99.495	100	6.45e-95	198	7950	Clupea harengus	bony fishes	Atlantic herring
3e1278f2ecfcf4a0e7481896edd84f2c	gi|2018537065|gb|MW818226.1|	99.495	100	6.45e-95	198	7950	Clupea harengus	bony fishes	Atlantic herring
3e1278f2ecfcf4a0e7481896edd84f2c	gi|2018537050|gb|MW818211.1|	99.495	100	6.45e-95	198	7950	Clupea harengus	bony fishes	Atlantic herring
3e1278f2ecfcf4a0e7481896edd84f2c	gi|426260619|gb|KC193777.1|	99.495	100	6.45e-95	198	7950	Clupea harengus	bony fishes	Atlantic herring
3e1278f2ecfcf4a0e7481896edd84f2c	gi|426260605|gb|KC193776.1|	99.495	100	6.45e-95	198	7950	Clupea harengus	bony fishes	Atlantic herring
3e1278f2ecfcf4a0e7481896edd84f2c	gi|426260591|gb|KC193775.1|	99.495	100	6.45e-95	198	7950	Clupea harengus	bony fishes	Atlantic herring
3e1278f2ecfcf4a0e7481896edd84f2c	gi|426260577|gb|KC193774.1|	99.495	100	6.45e-95	198	7950	Clupea harengus	bony fishes	Atlantic herring
3e1278f2ecfcf4a0e7481896edd84f2c	gi|426260549|gb|KC193772.1|	99.495	100	6.45e-95	198	7950	Clupea harengus	bony fishes	Atlantic herring
3e1278f2ecfcf4a0e7481896edd84f2c	gi|426260535|gb|KC193771.1|	99.495	100	6.45e-95	198	7950	Clupea harengus	bony fishes	Atlantic herring
cebd59e0725130867638ac74acae890d	gi|1799624616|gb|MN122931.1|	99.495	100	6.45e-95	198	7950	Clupea harengus	bony fishes	Atlantic herring
cebd59e0725130867638ac74acae890d	gi|1517391475|gb|MH194498.2|	99.495	100	6.45e-95	198	7950	Clupea harengus	bony fishes	Atlantic herring
cebd59e0725130867638ac74acae890d	gi|2018537065|gb|MW818226.1|	99.495	100	6.45e-95	198	7950	Clupea harengus	bony fishes	Atlantic herring
cebd59e0725130867638ac74acae890d	gi|2018537050|gb|MW818211.1|	99.495	100	6.45e-95	198	7950	Clupea harengus	bony fishes	Atlantic herring
cebd59e0725130867638ac74acae890d	gi|426260619|gb|KC193777.1|	99.495	100	6.45e-95	198	7950	Clupea harengus	bony fishes	Atlantic herring
cebd59e0725130867638ac74acae890d	gi|426260605|gb|KC193776.1|	99.495	100	6.45e-95	198	7950	Clupea harengus	bony fishes	Atlantic herring
cebd59e0725130867638ac74acae890d	gi|426260591|gb|KC193775.1|	99.495	100	6.45e-95	198	7950	Clupea harengus	bony fishes	Atlantic herring
cebd59e0725130867638ac74acae890d	gi|426260577|gb|KC193774.1|	99.495	100	6.45e-95	198	7950	Clupea harengus	bony fishes	Atlantic herring
cebd59e0725130867638ac74acae890d	gi|426260549|gb|KC193772.1|	99.495	100	6.45e-95	198	7950	Clupea harengus	bony fishes	Atlantic herring
cebd59e0725130867638ac74acae890d	gi|426260535|gb|KC193771.1|	99.495	100	6.45e-95	198	7950	Clupea harengus	bony fishes	Atlantic herring
fcf98a4795a5d3e0ea723172ad5775c5	gi|1799624616|gb|MN122931.1|	98.990	100	3.00e-93	198	7950	Clupea harengus	bony fishes	Atlantic herring
fcf98a4795a5d3e0ea723172ad5775c5	gi|1517391475|gb|MH194498.2|	98.990	100	3.00e-93	198	7950	Clupea harengus	bony fishes	Atlantic herring
fcf98a4795a5d3e0ea723172ad5775c5	gi|2018537065|gb|MW818226.1|	98.990	100	3.00e-93	198	7950	Clupea harengus	bony fishes	Atlantic herring
fcf98a4795a5d3e0ea723172ad5775c5	gi|2018537050|gb|MW818211.1|	98.990	100	3.00e-93	198	7950	Clupea harengus	bony fishes	Atlantic herring
fcf98a4795a5d3e0ea723172ad5775c5	gi|426260619|gb|KC193777.1|	98.990	100	3.00e-93	198	7950	Clupea harengus	bony fishes	Atlantic herring
fcf98a4795a5d3e0ea723172ad5775c5	gi|426260605|gb|KC193776.1|	98.990	100	3.00e-93	198	7950	Clupea harengus	bony fishes	Atlantic herring
fcf98a4795a5d3e0ea723172ad5775c5	gi|426260591|gb|KC193775.1|	98.990	100	3.00e-93	198	7950	Clupea harengus	bony fishes	Atlantic herring
fcf98a4795a5d3e0ea723172ad5775c5	gi|426260577|gb|KC193774.1|	98.990	100	3.00e-93	198	7950	Clupea harengus	bony fishes	Atlantic herring
fcf98a4795a5d3e0ea723172ad5775c5	gi|426260549|gb|KC193772.1|	98.990	100	3.00e-93	198	7950	Clupea harengus	bony fishes	Atlantic herring
fcf98a4795a5d3e0ea723172ad5775c5	gi|426260535|gb|KC193771.1|	98.990	100	3.00e-93	198	7950	Clupea harengus	bony fishes	Atlantic herring
dd8285bed1d634e286e03dc3b414730d	gi|1799624616|gb|MN122931.1|	99.495	100	6.45e-95	198	7950	Clupea harengus	bony fishes	Atlantic herring
dd8285bed1d634e286e03dc3b414730d	gi|1517391475|gb|MH194498.2|	99.495	100	6.45e-95	198	7950	Clupea harengus	bony fishes	Atlantic herring
dd8285bed1d634e286e03dc3b414730d	gi|2018537065|gb|MW818226.1|	99.495	100	6.45e-95	198	7950	Clupea harengus	bony fishes	Atlantic herring
dd8285bed1d634e286e03dc3b414730d	gi|2018537050|gb|MW818211.1|	99.495	100	6.45e-95	198	7950	Clupea harengus	bony fishes	Atlantic herring
dd8285bed1d634e286e03dc3b414730d	gi|426260619|gb|KC193777.1|	99.495	100	6.45e-95	198	7950	Clupea harengus	bony fishes	Atlantic herring
dd8285bed1d634e286e03dc3b414730d	gi|426260605|gb|KC193776.1|	99.495	100	6.45e-95	198	7950	Clupea harengus	bony fishes	Atlantic herring
dd8285bed1d634e286e03dc3b414730d	gi|426260591|gb|KC193775.1|	99.495	100	6.45e-95	198	7950	Clupea harengus	bony fishes	Atlantic herring
dd8285bed1d634e286e03dc3b414730d	gi|426260577|gb|KC193774.1|	99.495	100	6.45e-95	198	7950	Clupea harengus	bony fishes	Atlantic herring
dd8285bed1d634e286e03dc3b414730d	gi|426260549|gb|KC193772.1|	99.495	100	6.45e-95	198	7950	Clupea harengus	bony fishes	Atlantic herring
dd8285bed1d634e286e03dc3b414730d	gi|426260535|gb|KC193771.1|	99.495	100	6.45e-95	198	7950	Clupea harengus	bony fishes	Atlantic herring
cb925708fb074fed06249d7a545666d4	gi|1799624616|gb|MN122931.1|	98.990	100	3.00e-93	198	7950	Clupea harengus	bony fishes	Atlantic herring
cb925708fb074fed06249d7a545666d4	gi|1517391475|gb|MH194498.2|	98.990	100	3.00e-93	198	7950	Clupea harengus	bony fishes	Atlantic herring
cb925708fb074fed06249d7a545666d4	gi|2018537065|gb|MW818226.1|	98.990	100	3.00e-93	198	7950	Clupea harengus	bony fishes	Atlantic herring
cb925708fb074fed06249d7a545666d4	gi|2018537050|gb|MW818211.1|	98.990	100	3.00e-93	198	7950	Clupea harengus	bony fishes	Atlantic herring
cb925708fb074fed06249d7a545666d4	gi|426260619|gb|KC193777.1|	98.990	100	3.00e-93	198	7950	Clupea harengus	bony fishes	Atlantic herring
cb925708fb074fed06249d7a545666d4	gi|426260605|gb|KC193776.1|	98.990	100	3.00e-93	198	7950	Clupea harengus	bony fishes	Atlantic herring
cb925708fb074fed06249d7a545666d4	gi|426260591|gb|KC193775.1|	98.990	100	3.00e-93	198	7950	Clupea harengus	bony fishes	Atlantic herring
cb925708fb074fed06249d7a545666d4	gi|426260577|gb|KC193774.1|	98.990	100	3.00e-93	198	7950	Clupea harengus	bony fishes	Atlantic herring
cb925708fb074fed06249d7a545666d4	gi|426260549|gb|KC193772.1|	98.990	100	3.00e-93	198	7950	Clupea harengus	bony fishes	Atlantic herring
cb925708fb074fed06249d7a545666d4	gi|426260535|gb|KC193771.1|	98.990	100	3.00e-93	198	7950	Clupea harengus	bony fishes	Atlantic herring
361a23893a4d8b0828e52e64202976dd	gi|1799624616|gb|MN122931.1|	99.495	100	6.45e-95	198	7950	Clupea harengus	bony fishes	Atlantic herring
361a23893a4d8b0828e52e64202976dd	gi|1517391475|gb|MH194498.2|	99.495	100	6.45e-95	198	7950	Clupea harengus	bony fishes	Atlantic herring
361a23893a4d8b0828e52e64202976dd	gi|2018537065|gb|MW818226.1|	99.495	100	6.45e-95	198	7950	Clupea harengus	bony fishes	Atlantic herring
361a23893a4d8b0828e52e64202976dd	gi|2018537050|gb|MW818211.1|	99.495	100	6.45e-95	198	7950	Clupea harengus	bony fishes	Atlantic herring
361a23893a4d8b0828e52e64202976dd	gi|426260619|gb|KC193777.1|	99.495	100	6.45e-95	198	7950	Clupea harengus	bony fishes	Atlantic herring
361a23893a4d8b0828e52e64202976dd	gi|426260605|gb|KC193776.1|	99.495	100	6.45e-95	198	7950	Clupea harengus	bony fishes	Atlantic herring
361a23893a4d8b0828e52e64202976dd	gi|426260591|gb|KC193775.1|	99.495	100	6.45e-95	198	7950	Clupea harengus	bony fishes	Atlantic herring
361a23893a4d8b0828e52e64202976dd	gi|426260577|gb|KC193774.1|	99.495	100	6.45e-95	198	7950	Clupea harengus	bony fishes	Atlantic herring
361a23893a4d8b0828e52e64202976dd	gi|426260549|gb|KC193772.1|	99.495	100	6.45e-95	198	7950	Clupea harengus	bony fishes	Atlantic herring
361a23893a4d8b0828e52e64202976dd	gi|426260535|gb|KC193771.1|	99.495	100	6.45e-95	198	7950	Clupea harengus	bony fishes	Atlantic herring
a2dede44614556a878aa24287fdb3929	gi|1799624616|gb|MN122931.1|	99.495	100	6.45e-95	198	7950	Clupea harengus	bony fishes	Atlantic herring
a2dede44614556a878aa24287fdb3929	gi|1517391475|gb|MH194498.2|	99.495	100	6.45e-95	198	7950	Clupea harengus	bony fishes	Atlantic herring
a2dede44614556a878aa24287fdb3929	gi|2018537065|gb|MW818226.1|	99.495	100	6.45e-95	198	7950	Clupea harengus	bony fishes	Atlantic herring
a2dede44614556a878aa24287fdb3929	gi|2018537050|gb|MW818211.1|	99.495	100	6.45e-95	198	7950	Clupea harengus	bony fishes	Atlantic herring
a2dede44614556a878aa24287fdb3929	gi|426260619|gb|KC193777.1|	99.495	100	6.45e-95	198	7950	Clupea harengus	bony fishes	Atlantic herring
a2dede44614556a878aa24287fdb3929	gi|426260605|gb|KC193776.1|	99.495	100	6.45e-95	198	7950	Clupea harengus	bony fishes	Atlantic herring
a2dede44614556a878aa24287fdb3929	gi|426260591|gb|KC193775.1|	99.495	100	6.45e-95	198	7950	Clupea harengus	bony fishes	Atlantic herring
a2dede44614556a878aa24287fdb3929	gi|426260577|gb|KC193774.1|	99.495	100	6.45e-95	198	7950	Clupea harengus	bony fishes	Atlantic herring
a2dede44614556a878aa24287fdb3929	gi|426260549|gb|KC193772.1|	99.495	100	6.45e-95	198	7950	Clupea harengus	bony fishes	Atlantic herring
a2dede44614556a878aa24287fdb3929	gi|426260535|gb|KC193771.1|	99.495	100	6.45e-95	198	7950	Clupea harengus	bony fishes	Atlantic herring
e036c6994a77ff2454e8bcc407d615da	gi|1799624616|gb|MN122931.1|	98.990	100	3.00e-93	198	7950	Clupea harengus	bony fishes	Atlantic herring
e036c6994a77ff2454e8bcc407d615da	gi|1517391475|gb|MH194498.2|	98.990	100	3.00e-93	198	7950	Clupea harengus	bony fishes	Atlantic herring
e036c6994a77ff2454e8bcc407d615da	gi|2018537065|gb|MW818226.1|	98.990	100	3.00e-93	198	7950	Clupea harengus	bony fishes	Atlantic herring
e036c6994a77ff2454e8bcc407d615da	gi|2018537050|gb|MW818211.1|	98.990	100	3.00e-93	198	7950	Clupea harengus	bony fishes	Atlantic herring
e036c6994a77ff2454e8bcc407d615da	gi|426260619|gb|KC193777.1|	98.990	100	3.00e-93	198	7950	Clupea harengus	bony fishes	Atlantic herring
e036c6994a77ff2454e8bcc407d615da	gi|426260605|gb|KC193776.1|	98.990	100	3.00e-93	198	7950	Clupea harengus	bony fishes	Atlantic herring
e036c6994a77ff2454e8bcc407d615da	gi|426260591|gb|KC193775.1|	98.990	100	3.00e-93	198	7950	Clupea harengus	bony fishes	Atlantic herring
e036c6994a77ff2454e8bcc407d615da	gi|426260577|gb|KC193774.1|	98.990	100	3.00e-93	198	7950	Clupea harengus	bony fishes	Atlantic herring
e036c6994a77ff2454e8bcc407d615da	gi|426260549|gb|KC193772.1|	98.990	100	3.00e-93	198	7950	Clupea harengus	bony fishes	Atlantic herring
e036c6994a77ff2454e8bcc407d615da	gi|426260535|gb|KC193771.1|	98.990	100	3.00e-93	198	7950	Clupea harengus	bony fishes	Atlantic herring
8a23d198780048247acd395edbd9e7a9	gi|1799624616|gb|MN122931.1|	99.495	100	6.45e-95	198	7950	Clupea harengus	bony fishes	Atlantic herring
8a23d198780048247acd395edbd9e7a9	gi|1517391475|gb|MH194498.2|	99.495	100	6.45e-95	198	7950	Clupea harengus	bony fishes	Atlantic herring
8a23d198780048247acd395edbd9e7a9	gi|2018537065|gb|MW818226.1|	99.495	100	6.45e-95	198	7950	Clupea harengus	bony fishes	Atlantic herring
8a23d198780048247acd395edbd9e7a9	gi|2018537050|gb|MW818211.1|	99.495	100	6.45e-95	198	7950	Clupea harengus	bony fishes	Atlantic herring
8a23d198780048247acd395edbd9e7a9	gi|426260619|gb|KC193777.1|	99.495	100	6.45e-95	198	7950	Clupea harengus	bony fishes	Atlantic herring
8a23d198780048247acd395edbd9e7a9	gi|426260605|gb|KC193776.1|	99.495	100	6.45e-95	198	7950	Clupea harengus	bony fishes	Atlantic herring
8a23d198780048247acd395edbd9e7a9	gi|426260591|gb|KC193775.1|	99.495	100	6.45e-95	198	7950	Clupea harengus	bony fishes	Atlantic herring
8a23d198780048247acd395edbd9e7a9	gi|426260577|gb|KC193774.1|	99.495	100	6.45e-95	198	7950	Clupea harengus	bony fishes	Atlantic herring
8a23d198780048247acd395edbd9e7a9	gi|426260549|gb|KC193772.1|	99.495	100	6.45e-95	198	7950	Clupea harengus	bony fishes	Atlantic herring
8a23d198780048247acd395edbd9e7a9	gi|426260535|gb|KC193771.1|	99.495	100	6.45e-95	198	7950	Clupea harengus	bony fishes	Atlantic herring
9152d46741349fa495ed2c8dbbf48ecc	gi|1799624616|gb|MN122931.1|	99.495	100	6.45e-95	198	7950	Clupea harengus	bony fishes	Atlantic herring
9152d46741349fa495ed2c8dbbf48ecc	gi|1517391475|gb|MH194498.2|	99.495	100	6.45e-95	198	7950	Clupea harengus	bony fishes	Atlantic herring
9152d46741349fa495ed2c8dbbf48ecc	gi|2018537065|gb|MW818226.1|	99.495	100	6.45e-95	198	7950	Clupea harengus	bony fishes	Atlantic herring
9152d46741349fa495ed2c8dbbf48ecc	gi|2018537050|gb|MW818211.1|	99.495	100	6.45e-95	198	7950	Clupea harengus	bony fishes	Atlantic herring
9152d46741349fa495ed2c8dbbf48ecc	gi|426260619|gb|KC193777.1|	99.495	100	6.45e-95	198	7950	Clupea harengus	bony fishes	Atlantic herring
9152d46741349fa495ed2c8dbbf48ecc	gi|426260605|gb|KC193776.1|	99.495	100	6.45e-95	198	7950	Clupea harengus	bony fishes	Atlantic herring
9152d46741349fa495ed2c8dbbf48ecc	gi|426260591|gb|KC193775.1|	99.495	100	6.45e-95	198	7950	Clupea harengus	bony fishes	Atlantic herring
9152d46741349fa495ed2c8dbbf48ecc	gi|426260577|gb|KC193774.1|	99.495	100	6.45e-95	198	7950	Clupea harengus	bony fishes	Atlantic herring
9152d46741349fa495ed2c8dbbf48ecc	gi|426260549|gb|KC193772.1|	99.495	100	6.45e-95	198	7950	Clupea harengus	bony fishes	Atlantic herring
9152d46741349fa495ed2c8dbbf48ecc	gi|426260535|gb|KC193771.1|	99.495	100	6.45e-95	198	7950	Clupea harengus	bony fishes	Atlantic herring
10f1f70e22930b599eb8254a7fcce387	gi|1799624616|gb|MN122931.1|	99.495	100	6.45e-95	198	7950	Clupea harengus	bony fishes	Atlantic herring
10f1f70e22930b599eb8254a7fcce387	gi|1517391475|gb|MH194498.2|	99.495	100	6.45e-95	198	7950	Clupea harengus	bony fishes	Atlantic herring
10f1f70e22930b599eb8254a7fcce387	gi|2018537065|gb|MW818226.1|	99.495	100	6.45e-95	198	7950	Clupea harengus	bony fishes	Atlantic herring
10f1f70e22930b599eb8254a7fcce387	gi|2018537050|gb|MW818211.1|	99.495	100	6.45e-95	198	7950	Clupea harengus	bony fishes	Atlantic herring
10f1f70e22930b599eb8254a7fcce387	gi|426260619|gb|KC193777.1|	99.495	100	6.45e-95	198	7950	Clupea harengus	bony fishes	Atlantic herring
10f1f70e22930b599eb8254a7fcce387	gi|426260605|gb|KC193776.1|	99.495	100	6.45e-95	198	7950	Clupea harengus	bony fishes	Atlantic herring
10f1f70e22930b599eb8254a7fcce387	gi|426260591|gb|KC193775.1|	99.495	100	6.45e-95	198	7950	Clupea harengus	bony fishes	Atlantic herring
10f1f70e22930b599eb8254a7fcce387	gi|426260577|gb|KC193774.1|	99.495	100	6.45e-95	198	7950	Clupea harengus	bony fishes	Atlantic herring
10f1f70e22930b599eb8254a7fcce387	gi|426260549|gb|KC193772.1|	99.495	100	6.45e-95	198	7950	Clupea harengus	bony fishes	Atlantic herring
10f1f70e22930b599eb8254a7fcce387	gi|426260535|gb|KC193771.1|	99.495	100	6.45e-95	198	7950	Clupea harengus	bony fishes	Atlantic herring
c481506b8d2d674a9c2c97cc9e0aa5f3	gi|1799624616|gb|MN122931.1|	98.990	100	3.00e-93	198	7950	Clupea harengus	bony fishes	Atlantic herring
c481506b8d2d674a9c2c97cc9e0aa5f3	gi|1517391475|gb|MH194498.2|	98.990	100	3.00e-93	198	7950	Clupea harengus	bony fishes	Atlantic herring
c481506b8d2d674a9c2c97cc9e0aa5f3	gi|2018537065|gb|MW818226.1|	98.990	100	3.00e-93	198	7950	Clupea harengus	bony fishes	Atlantic herring
c481506b8d2d674a9c2c97cc9e0aa5f3	gi|2018537050|gb|MW818211.1|	98.990	100	3.00e-93	198	7950	Clupea harengus	bony fishes	Atlantic herring
c481506b8d2d674a9c2c97cc9e0aa5f3	gi|426260619|gb|KC193777.1|	98.990	100	3.00e-93	198	7950	Clupea harengus	bony fishes	Atlantic herring
c481506b8d2d674a9c2c97cc9e0aa5f3	gi|426260605|gb|KC193776.1|	98.990	100	3.00e-93	198	7950	Clupea harengus	bony fishes	Atlantic herring
c481506b8d2d674a9c2c97cc9e0aa5f3	gi|426260591|gb|KC193775.1|	98.990	100	3.00e-93	198	7950	Clupea harengus	bony fishes	Atlantic herring
c481506b8d2d674a9c2c97cc9e0aa5f3	gi|426260577|gb|KC193774.1|	98.990	100	3.00e-93	198	7950	Clupea harengus	bony fishes	Atlantic herring
c481506b8d2d674a9c2c97cc9e0aa5f3	gi|426260549|gb|KC193772.1|	98.990	100	3.00e-93	198	7950	Clupea harengus	bony fishes	Atlantic herring
c481506b8d2d674a9c2c97cc9e0aa5f3	gi|426260535|gb|KC193771.1|	98.990	100	3.00e-93	198	7950	Clupea harengus	bony fishes	Atlantic herring
1277a59ce5f8c96b7add30724a1e5fb9	gi|2018537164|gb|MW818325.1|	100.000	100	1.39e-96	198	7950	Clupea harengus	bony fishes	Atlantic herring
1277a59ce5f8c96b7add30724a1e5fb9	gi|426260353|gb|KC193758.1|	100.000	100	1.39e-96	198	7950	Clupea harengus	bony fishes	Atlantic herring
1277a59ce5f8c96b7add30724a1e5fb9	gi|1799624616|gb|MN122931.1|	99.495	100	6.45e-95	198	7950	Clupea harengus	bony fishes	Atlantic herring
1277a59ce5f8c96b7add30724a1e5fb9	gi|1517391475|gb|MH194498.2|	99.495	100	6.45e-95	198	7950	Clupea harengus	bony fishes	Atlantic herring
1277a59ce5f8c96b7add30724a1e5fb9	gi|2018537065|gb|MW818226.1|	99.495	100	6.45e-95	198	7950	Clupea harengus	bony fishes	Atlantic herring
1277a59ce5f8c96b7add30724a1e5fb9	gi|2018537050|gb|MW818211.1|	99.495	100	6.45e-95	198	7950	Clupea harengus	bony fishes	Atlantic herring
1277a59ce5f8c96b7add30724a1e5fb9	gi|426260619|gb|KC193777.1|	99.495	100	6.45e-95	198	7950	Clupea harengus	bony fishes	Atlantic herring
1277a59ce5f8c96b7add30724a1e5fb9	gi|426260605|gb|KC193776.1|	99.495	100	6.45e-95	198	7950	Clupea harengus	bony fishes	Atlantic herring
1277a59ce5f8c96b7add30724a1e5fb9	gi|426260591|gb|KC193775.1|	99.495	100	6.45e-95	198	7950	Clupea harengus	bony fishes	Atlantic herring
1277a59ce5f8c96b7add30724a1e5fb9	gi|426260577|gb|KC193774.1|	99.495	100	6.45e-95	198	7950	Clupea harengus	bony fishes	Atlantic herring
bbad0908ed298e750df16137d5ece709	gi|426260255|gb|KC193751.1|	99.495	100	6.45e-95	198	7950	Clupea harengus	bony fishes	Atlantic herring
bbad0908ed298e750df16137d5ece709	gi|426260171|gb|KC193745.1|	99.495	100	6.45e-95	198	7950	Clupea harengus	bony fishes	Atlantic herring
bbad0908ed298e750df16137d5ece709	gi|426259401|gb|KC193690.1|	99.495	100	6.45e-95	198	7950	Clupea harengus	bony fishes	Atlantic herring
bbad0908ed298e750df16137d5ece709	gi|1799624616|gb|MN122931.1|	98.990	100	3.00e-93	198	7950	Clupea harengus	bony fishes	Atlantic herring
bbad0908ed298e750df16137d5ece709	gi|1517391475|gb|MH194498.2|	98.990	100	3.00e-93	198	7950	Clupea harengus	bony fishes	Atlantic herring
bbad0908ed298e750df16137d5ece709	gi|2018537065|gb|MW818226.1|	98.990	100	3.00e-93	198	7950	Clupea harengus	bony fishes	Atlantic herring
bbad0908ed298e750df16137d5ece709	gi|2018537050|gb|MW818211.1|	98.990	100	3.00e-93	198	7950	Clupea harengus	bony fishes	Atlantic herring
bbad0908ed298e750df16137d5ece709	gi|426260619|gb|KC193777.1|	98.990	100	3.00e-93	198	7950	Clupea harengus	bony fishes	Atlantic herring
bbad0908ed298e750df16137d5ece709	gi|426260605|gb|KC193776.1|	98.990	100	3.00e-93	198	7950	Clupea harengus	bony fishes	Atlantic herring
bbad0908ed298e750df16137d5ece709	gi|426260591|gb|KC193775.1|	98.990	100	3.00e-93	198	7950	Clupea harengus	bony fishes	Atlantic herring
efac91bd68d09fe15b87888bb1b52dcc	gi|426260255|gb|KC193751.1|	99.495	100	6.45e-95	198	7950	Clupea harengus	bony fishes	Atlantic herring
efac91bd68d09fe15b87888bb1b52dcc	gi|426260171|gb|KC193745.1|	99.495	100	6.45e-95	198	7950	Clupea harengus	bony fishes	Atlantic herring
efac91bd68d09fe15b87888bb1b52dcc	gi|1799624616|gb|MN122931.1|	98.990	100	3.00e-93	198	7950	Clupea harengus	bony fishes	Atlantic herring
efac91bd68d09fe15b87888bb1b52dcc	gi|1517391475|gb|MH194498.2|	98.990	100	3.00e-93	198	7950	Clupea harengus	bony fishes	Atlantic herring
efac91bd68d09fe15b87888bb1b52dcc	gi|2018537065|gb|MW818226.1|	98.990	100	3.00e-93	198	7950	Clupea harengus	bony fishes	Atlantic herring
efac91bd68d09fe15b87888bb1b52dcc	gi|2018537050|gb|MW818211.1|	98.990	100	3.00e-93	198	7950	Clupea harengus	bony fishes	Atlantic herring
efac91bd68d09fe15b87888bb1b52dcc	gi|426260619|gb|KC193777.1|	98.990	100	3.00e-93	198	7950	Clupea harengus	bony fishes	Atlantic herring
efac91bd68d09fe15b87888bb1b52dcc	gi|426260605|gb|KC193776.1|	98.990	100	3.00e-93	198	7950	Clupea harengus	bony fishes	Atlantic herring
efac91bd68d09fe15b87888bb1b52dcc	gi|426260591|gb|KC193775.1|	98.990	100	3.00e-93	198	7950	Clupea harengus	bony fishes	Atlantic herring
efac91bd68d09fe15b87888bb1b52dcc	gi|426260577|gb|KC193774.1|	98.990	100	3.00e-93	198	7950	Clupea harengus	bony fishes	Atlantic herring
2057779c3ec4c5ddd89ea60eb48514b8	gi|426260255|gb|KC193751.1|	100.000	100	1.39e-96	198	7950	Clupea harengus	bony fishes	Atlantic herring
2057779c3ec4c5ddd89ea60eb48514b8	gi|426260171|gb|KC193745.1|	100.000	100	1.39e-96	198	7950	Clupea harengus	bony fishes	Atlantic herring
2057779c3ec4c5ddd89ea60eb48514b8	gi|1799624616|gb|MN122931.1|	99.495	100	6.45e-95	198	7950	Clupea harengus	bony fishes	Atlantic herring
2057779c3ec4c5ddd89ea60eb48514b8	gi|1517391475|gb|MH194498.2|	99.495	100	6.45e-95	198	7950	Clupea harengus	bony fishes	Atlantic herring
2057779c3ec4c5ddd89ea60eb48514b8	gi|2018537065|gb|MW818226.1|	99.495	100	6.45e-95	198	7950	Clupea harengus	bony fishes	Atlantic herring
2057779c3ec4c5ddd89ea60eb48514b8	gi|2018537050|gb|MW818211.1|	99.495	100	6.45e-95	198	7950	Clupea harengus	bony fishes	Atlantic herring
2057779c3ec4c5ddd89ea60eb48514b8	gi|426260619|gb|KC193777.1|	99.495	100	6.45e-95	198	7950	Clupea harengus	bony fishes	Atlantic herring
2057779c3ec4c5ddd89ea60eb48514b8	gi|426260605|gb|KC193776.1|	99.495	100	6.45e-95	198	7950	Clupea harengus	bony fishes	Atlantic herring
2057779c3ec4c5ddd89ea60eb48514b8	gi|426260591|gb|KC193775.1|	99.495	100	6.45e-95	198	7950	Clupea harengus	bony fishes	Atlantic herring
2057779c3ec4c5ddd89ea60eb48514b8	gi|426260577|gb|KC193774.1|	99.495	100	6.45e-95	198	7950	Clupea harengus	bony fishes	Atlantic herring
454a85b145daf574fbb6c796457c6f0a	gi|426259905|gb|KC193726.1|	100.000	100	1.39e-96	198	7950	Clupea harengus	bony fishes	Atlantic herring
454a85b145daf574fbb6c796457c6f0a	gi|1799624616|gb|MN122931.1|	99.495	100	6.45e-95	198	7950	Clupea harengus	bony fishes	Atlantic herring
454a85b145daf574fbb6c796457c6f0a	gi|1517391475|gb|MH194498.2|	99.495	100	6.45e-95	198	7950	Clupea harengus	bony fishes	Atlantic herring
454a85b145daf574fbb6c796457c6f0a	gi|2018537065|gb|MW818226.1|	99.495	100	6.45e-95	198	7950	Clupea harengus	bony fishes	Atlantic herring
454a85b145daf574fbb6c796457c6f0a	gi|2018537050|gb|MW818211.1|	99.495	100	6.45e-95	198	7950	Clupea harengus	bony fishes	Atlantic herring
454a85b145daf574fbb6c796457c6f0a	gi|426260619|gb|KC193777.1|	99.495	100	6.45e-95	198	7950	Clupea harengus	bony fishes	Atlantic herring
454a85b145daf574fbb6c796457c6f0a	gi|426260605|gb|KC193776.1|	99.495	100	6.45e-95	198	7950	Clupea harengus	bony fishes	Atlantic herring
454a85b145daf574fbb6c796457c6f0a	gi|426260591|gb|KC193775.1|	99.495	100	6.45e-95	198	7950	Clupea harengus	bony fishes	Atlantic herring
454a85b145daf574fbb6c796457c6f0a	gi|426260577|gb|KC193774.1|	99.495	100	6.45e-95	198	7950	Clupea harengus	bony fishes	Atlantic herring
454a85b145daf574fbb6c796457c6f0a	gi|426260549|gb|KC193772.1|	99.495	100	6.45e-95	198	7950	Clupea harengus	bony fishes	Atlantic herring
26e8de6ef97cfe2a19659fab0b6441bd	gi|1799624616|gb|MN122931.1|	99.495	100	6.45e-95	198	7950	Clupea harengus	bony fishes	Atlantic herring
26e8de6ef97cfe2a19659fab0b6441bd	gi|1517391475|gb|MH194498.2|	99.495	100	6.45e-95	198	7950	Clupea harengus	bony fishes	Atlantic herring
26e8de6ef97cfe2a19659fab0b6441bd	gi|2018537065|gb|MW818226.1|	99.495	100	6.45e-95	198	7950	Clupea harengus	bony fishes	Atlantic herring
26e8de6ef97cfe2a19659fab0b6441bd	gi|2018537050|gb|MW818211.1|	99.495	100	6.45e-95	198	7950	Clupea harengus	bony fishes	Atlantic herring
26e8de6ef97cfe2a19659fab0b6441bd	gi|426260619|gb|KC193777.1|	99.495	100	6.45e-95	198	7950	Clupea harengus	bony fishes	Atlantic herring
26e8de6ef97cfe2a19659fab0b6441bd	gi|426260605|gb|KC193776.1|	99.495	100	6.45e-95	198	7950	Clupea harengus	bony fishes	Atlantic herring
26e8de6ef97cfe2a19659fab0b6441bd	gi|426260591|gb|KC193775.1|	99.495	100	6.45e-95	198	7950	Clupea harengus	bony fishes	Atlantic herring
26e8de6ef97cfe2a19659fab0b6441bd	gi|426260577|gb|KC193774.1|	99.495	100	6.45e-95	198	7950	Clupea harengus	bony fishes	Atlantic herring
26e8de6ef97cfe2a19659fab0b6441bd	gi|426260549|gb|KC193772.1|	99.495	100	6.45e-95	198	7950	Clupea harengus	bony fishes	Atlantic herring
26e8de6ef97cfe2a19659fab0b6441bd	gi|426260535|gb|KC193771.1|	99.495	100	6.45e-95	198	7950	Clupea harengus	bony fishes	Atlantic herring
7e224e865974bab3025949233edf72cb	gi|1799624616|gb|MN122931.1|	99.495	100	6.45e-95	198	7950	Clupea harengus	bony fishes	Atlantic herring
7e224e865974bab3025949233edf72cb	gi|2891887998|gb|PP467752.1|	99.495	100	6.45e-95	198	196075	Sprattus sprattus	bony fishes	European sprat
7e224e865974bab3025949233edf72cb	gi|1517391475|gb|MH194498.2|	99.495	100	6.45e-95	198	7950	Clupea harengus	bony fishes	Atlantic herring
7e224e865974bab3025949233edf72cb	gi|2578658393|emb|OY735306.1|	99.495	100	6.45e-95	198	196075	Sprattus sprattus	bony fishes	European sprat
7e224e865974bab3025949233edf72cb	gi|2018537183|gb|MW818344.1|	99.495	100	6.45e-95	198	196075	Sprattus sprattus	bony fishes	European sprat
7e224e865974bab3025949233edf72cb	gi|2018537182|gb|MW818343.1|	99.495	100	6.45e-95	198	196075	Sprattus sprattus	bony fishes	European sprat
7e224e865974bab3025949233edf72cb	gi|2018537163|gb|MW818324.1|	99.495	100	6.45e-95	198	196075	Sprattus sprattus	bony fishes	European sprat
7e224e865974bab3025949233edf72cb	gi|2018537088|gb|MW818249.1|	99.495	100	6.45e-95	198	196075	Sprattus sprattus	bony fishes	European sprat
7e224e865974bab3025949233edf72cb	gi|2018537076|gb|MW818237.1|	99.495	100	6.45e-95	198	196075	Sprattus sprattus	bony fishes	European sprat
7e224e865974bab3025949233edf72cb	gi|2018537065|gb|MW818226.1|	99.495	100	6.45e-95	198	7950	Clupea harengus	bony fishes	Atlantic herring
80100f383d328d6fdcdbc0631153851b	gi|1799624616|gb|MN122931.1|	99.495	100	6.45e-95	198	7950	Clupea harengus	bony fishes	Atlantic herring
80100f383d328d6fdcdbc0631153851b	gi|1517391475|gb|MH194498.2|	99.495	100	6.45e-95	198	7950	Clupea harengus	bony fishes	Atlantic herring
80100f383d328d6fdcdbc0631153851b	gi|2018537065|gb|MW818226.1|	99.495	100	6.45e-95	198	7950	Clupea harengus	bony fishes	Atlantic herring
80100f383d328d6fdcdbc0631153851b	gi|2018537050|gb|MW818211.1|	99.495	100	6.45e-95	198	7950	Clupea harengus	bony fishes	Atlantic herring
80100f383d328d6fdcdbc0631153851b	gi|426260619|gb|KC193777.1|	99.495	100	6.45e-95	198	7950	Clupea harengus	bony fishes	Atlantic herring
80100f383d328d6fdcdbc0631153851b	gi|426260605|gb|KC193776.1|	99.495	100	6.45e-95	198	7950	Clupea harengus	bony fishes	Atlantic herring
80100f383d328d6fdcdbc0631153851b	gi|426260591|gb|KC193775.1|	99.495	100	6.45e-95	198	7950	Clupea harengus	bony fishes	Atlantic herring
80100f383d328d6fdcdbc0631153851b	gi|426260577|gb|KC193774.1|	99.495	100	6.45e-95	198	7950	Clupea harengus	bony fishes	Atlantic herring
80100f383d328d6fdcdbc0631153851b	gi|426260549|gb|KC193772.1|	99.495	100	6.45e-95	198	7950	Clupea harengus	bony fishes	Atlantic herring
80100f383d328d6fdcdbc0631153851b	gi|426260535|gb|KC193771.1|	99.495	100	6.45e-95	198	7950	Clupea harengus	bony fishes	Atlantic herring
3519110ba3aa7c3c31e9f1036726bb6b	gi|1799624616|gb|MN122931.1|	99.495	100	6.45e-95	198	7950	Clupea harengus	bony fishes	Atlantic herring
3519110ba3aa7c3c31e9f1036726bb6b	gi|1517391475|gb|MH194498.2|	99.495	100	6.45e-95	198	7950	Clupea harengus	bony fishes	Atlantic herring
3519110ba3aa7c3c31e9f1036726bb6b	gi|2018537065|gb|MW818226.1|	99.495	100	6.45e-95	198	7950	Clupea harengus	bony fishes	Atlantic herring
3519110ba3aa7c3c31e9f1036726bb6b	gi|2018537050|gb|MW818211.1|	99.495	100	6.45e-95	198	7950	Clupea harengus	bony fishes	Atlantic herring
3519110ba3aa7c3c31e9f1036726bb6b	gi|426260619|gb|KC193777.1|	99.495	100	6.45e-95	198	7950	Clupea harengus	bony fishes	Atlantic herring
3519110ba3aa7c3c31e9f1036726bb6b	gi|426260605|gb|KC193776.1|	99.495	100	6.45e-95	198	7950	Clupea harengus	bony fishes	Atlantic herring
3519110ba3aa7c3c31e9f1036726bb6b	gi|426260591|gb|KC193775.1|	99.495	100	6.45e-95	198	7950	Clupea harengus	bony fishes	Atlantic herring
3519110ba3aa7c3c31e9f1036726bb6b	gi|426260577|gb|KC193774.1|	99.495	100	6.45e-95	198	7950	Clupea harengus	bony fishes	Atlantic herring
3519110ba3aa7c3c31e9f1036726bb6b	gi|426260549|gb|KC193772.1|	99.495	100	6.45e-95	198	7950	Clupea harengus	bony fishes	Atlantic herring
3519110ba3aa7c3c31e9f1036726bb6b	gi|426260535|gb|KC193771.1|	99.495	100	6.45e-95	198	7950	Clupea harengus	bony fishes	Atlantic herring
b65cee50449ada7c2e15d5300badd5c3	gi|1799624616|gb|MN122931.1|	99.495	100	6.45e-95	198	7950	Clupea harengus	bony fishes	Atlantic herring
b65cee50449ada7c2e15d5300badd5c3	gi|1517391475|gb|MH194498.2|	99.495	100	6.45e-95	198	7950	Clupea harengus	bony fishes	Atlantic herring
b65cee50449ada7c2e15d5300badd5c3	gi|2018537065|gb|MW818226.1|	99.495	100	6.45e-95	198	7950	Clupea harengus	bony fishes	Atlantic herring
b65cee50449ada7c2e15d5300badd5c3	gi|2018537050|gb|MW818211.1|	99.495	100	6.45e-95	198	7950	Clupea harengus	bony fishes	Atlantic herring
b65cee50449ada7c2e15d5300badd5c3	gi|426260619|gb|KC193777.1|	99.495	100	6.45e-95	198	7950	Clupea harengus	bony fishes	Atlantic herring
b65cee50449ada7c2e15d5300badd5c3	gi|426260605|gb|KC193776.1|	99.495	100	6.45e-95	198	7950	Clupea harengus	bony fishes	Atlantic herring
b65cee50449ada7c2e15d5300badd5c3	gi|426260591|gb|KC193775.1|	99.495	100	6.45e-95	198	7950	Clupea harengus	bony fishes	Atlantic herring
b65cee50449ada7c2e15d5300badd5c3	gi|426260577|gb|KC193774.1|	99.495	100	6.45e-95	198	7950	Clupea harengus	bony fishes	Atlantic herring
b65cee50449ada7c2e15d5300badd5c3	gi|426260549|gb|KC193772.1|	99.495	100	6.45e-95	198	7950	Clupea harengus	bony fishes	Atlantic herring
b65cee50449ada7c2e15d5300badd5c3	gi|426260535|gb|KC193771.1|	99.495	100	6.45e-95	198	7950	Clupea harengus	bony fishes	Atlantic herring
2a5a820d7058e6b65ab609cca10ca9c9	gi|1799624616|gb|MN122931.1|	98.990	100	3.00e-93	198	7950	Clupea harengus	bony fishes	Atlantic herring
2a5a820d7058e6b65ab609cca10ca9c9	gi|1517391475|gb|MH194498.2|	98.990	100	3.00e-93	198	7950	Clupea harengus	bony fishes	Atlantic herring
2a5a820d7058e6b65ab609cca10ca9c9	gi|2018537065|gb|MW818226.1|	98.990	100	3.00e-93	198	7950	Clupea harengus	bony fishes	Atlantic herring
2a5a820d7058e6b65ab609cca10ca9c9	gi|2018537050|gb|MW818211.1|	98.990	100	3.00e-93	198	7950	Clupea harengus	bony fishes	Atlantic herring
2a5a820d7058e6b65ab609cca10ca9c9	gi|426260619|gb|KC193777.1|	98.990	100	3.00e-93	198	7950	Clupea harengus	bony fishes	Atlantic herring
2a5a820d7058e6b65ab609cca10ca9c9	gi|426260605|gb|KC193776.1|	98.990	100	3.00e-93	198	7950	Clupea harengus	bony fishes	Atlantic herring
2a5a820d7058e6b65ab609cca10ca9c9	gi|426260591|gb|KC193775.1|	98.990	100	3.00e-93	198	7950	Clupea harengus	bony fishes	Atlantic herring
2a5a820d7058e6b65ab609cca10ca9c9	gi|426260577|gb|KC193774.1|	98.990	100	3.00e-93	198	7950	Clupea harengus	bony fishes	Atlantic herring
2a5a820d7058e6b65ab609cca10ca9c9	gi|426260549|gb|KC193772.1|	98.990	100	3.00e-93	198	7950	Clupea harengus	bony fishes	Atlantic herring
2a5a820d7058e6b65ab609cca10ca9c9	gi|426260535|gb|KC193771.1|	98.990	100	3.00e-93	198	7950	Clupea harengus	bony fishes	Atlantic herring
097c0c0929e76c0c7b211c26482e80bf	gi|1799624616|gb|MN122931.1|	99.495	100	6.45e-95	198	7950	Clupea harengus	bony fishes	Atlantic herring
097c0c0929e76c0c7b211c26482e80bf	gi|1517391475|gb|MH194498.2|	99.495	100	6.45e-95	198	7950	Clupea harengus	bony fishes	Atlantic herring
097c0c0929e76c0c7b211c26482e80bf	gi|2018537065|gb|MW818226.1|	99.495	100	6.45e-95	198	7950	Clupea harengus	bony fishes	Atlantic herring
097c0c0929e76c0c7b211c26482e80bf	gi|2018537050|gb|MW818211.1|	99.495	100	6.45e-95	198	7950	Clupea harengus	bony fishes	Atlantic herring
097c0c0929e76c0c7b211c26482e80bf	gi|426260619|gb|KC193777.1|	99.495	100	6.45e-95	198	7950	Clupea harengus	bony fishes	Atlantic herring
097c0c0929e76c0c7b211c26482e80bf	gi|426260605|gb|KC193776.1|	99.495	100	6.45e-95	198	7950	Clupea harengus	bony fishes	Atlantic herring
097c0c0929e76c0c7b211c26482e80bf	gi|426260591|gb|KC193775.1|	99.495	100	6.45e-95	198	7950	Clupea harengus	bony fishes	Atlantic herring
097c0c0929e76c0c7b211c26482e80bf	gi|426260577|gb|KC193774.1|	99.495	100	6.45e-95	198	7950	Clupea harengus	bony fishes	Atlantic herring
097c0c0929e76c0c7b211c26482e80bf	gi|426260549|gb|KC193772.1|	99.495	100	6.45e-95	198	7950	Clupea harengus	bony fishes	Atlantic herring
097c0c0929e76c0c7b211c26482e80bf	gi|426260535|gb|KC193771.1|	99.495	100	6.45e-95	198	7950	Clupea harengus	bony fishes	Atlantic herring
75833d826c41b3031bc7caecd22f88a8	gi|1799624616|gb|MN122931.1|	99.495	100	6.45e-95	198	7950	Clupea harengus	bony fishes	Atlantic herring
75833d826c41b3031bc7caecd22f88a8	gi|1517391475|gb|MH194498.2|	99.495	100	6.45e-95	198	7950	Clupea harengus	bony fishes	Atlantic herring
75833d826c41b3031bc7caecd22f88a8	gi|2018537065|gb|MW818226.1|	99.495	100	6.45e-95	198	7950	Clupea harengus	bony fishes	Atlantic herring
75833d826c41b3031bc7caecd22f88a8	gi|2018537050|gb|MW818211.1|	99.495	100	6.45e-95	198	7950	Clupea harengus	bony fishes	Atlantic herring
75833d826c41b3031bc7caecd22f88a8	gi|426260619|gb|KC193777.1|	99.495	100	6.45e-95	198	7950	Clupea harengus	bony fishes	Atlantic herring
75833d826c41b3031bc7caecd22f88a8	gi|426260605|gb|KC193776.1|	99.495	100	6.45e-95	198	7950	Clupea harengus	bony fishes	Atlantic herring
75833d826c41b3031bc7caecd22f88a8	gi|426260591|gb|KC193775.1|	99.495	100	6.45e-95	198	7950	Clupea harengus	bony fishes	Atlantic herring
75833d826c41b3031bc7caecd22f88a8	gi|426260577|gb|KC193774.1|	99.495	100	6.45e-95	198	7950	Clupea harengus	bony fishes	Atlantic herring
75833d826c41b3031bc7caecd22f88a8	gi|426260549|gb|KC193772.1|	99.495	100	6.45e-95	198	7950	Clupea harengus	bony fishes	Atlantic herring
75833d826c41b3031bc7caecd22f88a8	gi|426260535|gb|KC193771.1|	99.495	100	6.45e-95	198	7950	Clupea harengus	bony fishes	Atlantic herring
8392f3b07ad15b8d272d16011eef8df5	gi|1799624616|gb|MN122931.1|	98.990	100	3.00e-93	198	7950	Clupea harengus	bony fishes	Atlantic herring
8392f3b07ad15b8d272d16011eef8df5	gi|1517391475|gb|MH194498.2|	98.990	100	3.00e-93	198	7950	Clupea harengus	bony fishes	Atlantic herring
8392f3b07ad15b8d272d16011eef8df5	gi|2018537065|gb|MW818226.1|	98.990	100	3.00e-93	198	7950	Clupea harengus	bony fishes	Atlantic herring
8392f3b07ad15b8d272d16011eef8df5	gi|2018537050|gb|MW818211.1|	98.990	100	3.00e-93	198	7950	Clupea harengus	bony fishes	Atlantic herring
8392f3b07ad15b8d272d16011eef8df5	gi|426260619|gb|KC193777.1|	98.990	100	3.00e-93	198	7950	Clupea harengus	bony fishes	Atlantic herring
8392f3b07ad15b8d272d16011eef8df5	gi|426260605|gb|KC193776.1|	98.990	100	3.00e-93	198	7950	Clupea harengus	bony fishes	Atlantic herring
8392f3b07ad15b8d272d16011eef8df5	gi|426260591|gb|KC193775.1|	98.990	100	3.00e-93	198	7950	Clupea harengus	bony fishes	Atlantic herring
8392f3b07ad15b8d272d16011eef8df5	gi|426260577|gb|KC193774.1|	98.990	100	3.00e-93	198	7950	Clupea harengus	bony fishes	Atlantic herring
8392f3b07ad15b8d272d16011eef8df5	gi|426260549|gb|KC193772.1|	98.990	100	3.00e-93	198	7950	Clupea harengus	bony fishes	Atlantic herring
8392f3b07ad15b8d272d16011eef8df5	gi|426260535|gb|KC193771.1|	98.990	100	3.00e-93	198	7950	Clupea harengus	bony fishes	Atlantic herring
c75efc4b2eb9f810f33db50eccb69b8f	gi|1799624616|gb|MN122931.1|	99.495	100	6.45e-95	198	7950	Clupea harengus	bony fishes	Atlantic herring
c75efc4b2eb9f810f33db50eccb69b8f	gi|1517391475|gb|MH194498.2|	99.495	100	6.45e-95	198	7950	Clupea harengus	bony fishes	Atlantic herring
c75efc4b2eb9f810f33db50eccb69b8f	gi|2018537065|gb|MW818226.1|	99.495	100	6.45e-95	198	7950	Clupea harengus	bony fishes	Atlantic herring
c75efc4b2eb9f810f33db50eccb69b8f	gi|2018537050|gb|MW818211.1|	99.495	100	6.45e-95	198	7950	Clupea harengus	bony fishes	Atlantic herring
c75efc4b2eb9f810f33db50eccb69b8f	gi|426260619|gb|KC193777.1|	99.495	100	6.45e-95	198	7950	Clupea harengus	bony fishes	Atlantic herring
c75efc4b2eb9f810f33db50eccb69b8f	gi|426260605|gb|KC193776.1|	99.495	100	6.45e-95	198	7950	Clupea harengus	bony fishes	Atlantic herring
c75efc4b2eb9f810f33db50eccb69b8f	gi|426260591|gb|KC193775.1|	99.495	100	6.45e-95	198	7950	Clupea harengus	bony fishes	Atlantic herring
c75efc4b2eb9f810f33db50eccb69b8f	gi|426260577|gb|KC193774.1|	99.495	100	6.45e-95	198	7950	Clupea harengus	bony fishes	Atlantic herring
c75efc4b2eb9f810f33db50eccb69b8f	gi|426260549|gb|KC193772.1|	99.495	100	6.45e-95	198	7950	Clupea harengus	bony fishes	Atlantic herring
c75efc4b2eb9f810f33db50eccb69b8f	gi|426260535|gb|KC193771.1|	99.495	100	6.45e-95	198	7950	Clupea harengus	bony fishes	Atlantic herring
0af6e8ecedf55b5512a321a56cf5af75	gi|426259401|gb|KC193690.1|	99.495	100	6.45e-95	198	7950	Clupea harengus	bony fishes	Atlantic herring
0af6e8ecedf55b5512a321a56cf5af75	gi|1799624616|gb|MN122931.1|	98.990	100	3.00e-93	198	7950	Clupea harengus	bony fishes	Atlantic herring
0af6e8ecedf55b5512a321a56cf5af75	gi|1517391475|gb|MH194498.2|	98.990	100	3.00e-93	198	7950	Clupea harengus	bony fishes	Atlantic herring
0af6e8ecedf55b5512a321a56cf5af75	gi|2018537065|gb|MW818226.1|	98.990	100	3.00e-93	198	7950	Clupea harengus	bony fishes	Atlantic herring
0af6e8ecedf55b5512a321a56cf5af75	gi|2018537050|gb|MW818211.1|	98.990	100	3.00e-93	198	7950	Clupea harengus	bony fishes	Atlantic herring
0af6e8ecedf55b5512a321a56cf5af75	gi|426260619|gb|KC193777.1|	98.990	100	3.00e-93	198	7950	Clupea harengus	bony fishes	Atlantic herring
0af6e8ecedf55b5512a321a56cf5af75	gi|426260605|gb|KC193776.1|	98.990	100	3.00e-93	198	7950	Clupea harengus	bony fishes	Atlantic herring
0af6e8ecedf55b5512a321a56cf5af75	gi|426260591|gb|KC193775.1|	98.990	100	3.00e-93	198	7950	Clupea harengus	bony fishes	Atlantic herring
0af6e8ecedf55b5512a321a56cf5af75	gi|426260577|gb|KC193774.1|	98.990	100	3.00e-93	198	7950	Clupea harengus	bony fishes	Atlantic herring
0af6e8ecedf55b5512a321a56cf5af75	gi|426260549|gb|KC193772.1|	98.990	100	3.00e-93	198	7950	Clupea harengus	bony fishes	Atlantic herring
a61e4febfce75b73894cba67f9c62dc3	gi|1799624616|gb|MN122931.1|	99.495	100	6.45e-95	198	7950	Clupea harengus	bony fishes	Atlantic herring
a61e4febfce75b73894cba67f9c62dc3	gi|1517391475|gb|MH194498.2|	99.495	100	6.45e-95	198	7950	Clupea harengus	bony fishes	Atlantic herring
a61e4febfce75b73894cba67f9c62dc3	gi|2018537065|gb|MW818226.1|	99.495	100	6.45e-95	198	7950	Clupea harengus	bony fishes	Atlantic herring
a61e4febfce75b73894cba67f9c62dc3	gi|2018537050|gb|MW818211.1|	99.495	100	6.45e-95	198	7950	Clupea harengus	bony fishes	Atlantic herring
a61e4febfce75b73894cba67f9c62dc3	gi|426260619|gb|KC193777.1|	99.495	100	6.45e-95	198	7950	Clupea harengus	bony fishes	Atlantic herring
a61e4febfce75b73894cba67f9c62dc3	gi|426260605|gb|KC193776.1|	99.495	100	6.45e-95	198	7950	Clupea harengus	bony fishes	Atlantic herring
a61e4febfce75b73894cba67f9c62dc3	gi|426260591|gb|KC193775.1|	99.495	100	6.45e-95	198	7950	Clupea harengus	bony fishes	Atlantic herring
a61e4febfce75b73894cba67f9c62dc3	gi|426260577|gb|KC193774.1|	99.495	100	6.45e-95	198	7950	Clupea harengus	bony fishes	Atlantic herring
a61e4febfce75b73894cba67f9c62dc3	gi|426260549|gb|KC193772.1|	99.495	100	6.45e-95	198	7950	Clupea harengus	bony fishes	Atlantic herring
a61e4febfce75b73894cba67f9c62dc3	gi|426260535|gb|KC193771.1|	99.495	100	6.45e-95	198	7950	Clupea harengus	bony fishes	Atlantic herring
aa60cced1ecbb3da48548499dd00ea7c	gi|1799624616|gb|MN122931.1|	99.495	100	6.45e-95	198	7950	Clupea harengus	bony fishes	Atlantic herring
aa60cced1ecbb3da48548499dd00ea7c	gi|1517391475|gb|MH194498.2|	99.495	100	6.45e-95	198	7950	Clupea harengus	bony fishes	Atlantic herring
aa60cced1ecbb3da48548499dd00ea7c	gi|2018537065|gb|MW818226.1|	99.495	100	6.45e-95	198	7950	Clupea harengus	bony fishes	Atlantic herring
aa60cced1ecbb3da48548499dd00ea7c	gi|2018537050|gb|MW818211.1|	99.495	100	6.45e-95	198	7950	Clupea harengus	bony fishes	Atlantic herring
aa60cced1ecbb3da48548499dd00ea7c	gi|426260619|gb|KC193777.1|	99.495	100	6.45e-95	198	7950	Clupea harengus	bony fishes	Atlantic herring
aa60cced1ecbb3da48548499dd00ea7c	gi|426260605|gb|KC193776.1|	99.495	100	6.45e-95	198	7950	Clupea harengus	bony fishes	Atlantic herring
aa60cced1ecbb3da48548499dd00ea7c	gi|426260591|gb|KC193775.1|	99.495	100	6.45e-95	198	7950	Clupea harengus	bony fishes	Atlantic herring
aa60cced1ecbb3da48548499dd00ea7c	gi|426260577|gb|KC193774.1|	99.495	100	6.45e-95	198	7950	Clupea harengus	bony fishes	Atlantic herring
aa60cced1ecbb3da48548499dd00ea7c	gi|426260549|gb|KC193772.1|	99.495	100	6.45e-95	198	7950	Clupea harengus	bony fishes	Atlantic herring
aa60cced1ecbb3da48548499dd00ea7c	gi|426260535|gb|KC193771.1|	99.495	100	6.45e-95	198	7950	Clupea harengus	bony fishes	Atlantic herring
30c33ed480b0dcb738caa3d513dedade	gi|1799624616|gb|MN122931.1|	99.495	100	6.45e-95	198	7950	Clupea harengus	bony fishes	Atlantic herring
30c33ed480b0dcb738caa3d513dedade	gi|1517391475|gb|MH194498.2|	99.495	100	6.45e-95	198	7950	Clupea harengus	bony fishes	Atlantic herring
30c33ed480b0dcb738caa3d513dedade	gi|2018537065|gb|MW818226.1|	99.495	100	6.45e-95	198	7950	Clupea harengus	bony fishes	Atlantic herring
30c33ed480b0dcb738caa3d513dedade	gi|2018537050|gb|MW818211.1|	99.495	100	6.45e-95	198	7950	Clupea harengus	bony fishes	Atlantic herring
30c33ed480b0dcb738caa3d513dedade	gi|426260619|gb|KC193777.1|	99.495	100	6.45e-95	198	7950	Clupea harengus	bony fishes	Atlantic herring
30c33ed480b0dcb738caa3d513dedade	gi|426260605|gb|KC193776.1|	99.495	100	6.45e-95	198	7950	Clupea harengus	bony fishes	Atlantic herring
30c33ed480b0dcb738caa3d513dedade	gi|426260591|gb|KC193775.1|	99.495	100	6.45e-95	198	7950	Clupea harengus	bony fishes	Atlantic herring
30c33ed480b0dcb738caa3d513dedade	gi|426260577|gb|KC193774.1|	99.495	100	6.45e-95	198	7950	Clupea harengus	bony fishes	Atlantic herring
30c33ed480b0dcb738caa3d513dedade	gi|426260549|gb|KC193772.1|	99.495	100	6.45e-95	198	7950	Clupea harengus	bony fishes	Atlantic herring
30c33ed480b0dcb738caa3d513dedade	gi|426260535|gb|KC193771.1|	99.495	100	6.45e-95	198	7950	Clupea harengus	bony fishes	Atlantic herring
70eadf6f56b1b1a1ed310364ea0f70f3	gi|1799624616|gb|MN122931.1|	98.990	100	3.00e-93	198	7950	Clupea harengus	bony fishes	Atlantic herring
70eadf6f56b1b1a1ed310364ea0f70f3	gi|1517391475|gb|MH194498.2|	98.990	100	3.00e-93	198	7950	Clupea harengus	bony fishes	Atlantic herring
70eadf6f56b1b1a1ed310364ea0f70f3	gi|2018537065|gb|MW818226.1|	98.990	100	3.00e-93	198	7950	Clupea harengus	bony fishes	Atlantic herring
70eadf6f56b1b1a1ed310364ea0f70f3	gi|2018537050|gb|MW818211.1|	98.990	100	3.00e-93	198	7950	Clupea harengus	bony fishes	Atlantic herring
70eadf6f56b1b1a1ed310364ea0f70f3	gi|426260619|gb|KC193777.1|	98.990	100	3.00e-93	198	7950	Clupea harengus	bony fishes	Atlantic herring
70eadf6f56b1b1a1ed310364ea0f70f3	gi|426260605|gb|KC193776.1|	98.990	100	3.00e-93	198	7950	Clupea harengus	bony fishes	Atlantic herring
70eadf6f56b1b1a1ed310364ea0f70f3	gi|426260591|gb|KC193775.1|	98.990	100	3.00e-93	198	7950	Clupea harengus	bony fishes	Atlantic herring
70eadf6f56b1b1a1ed310364ea0f70f3	gi|426260577|gb|KC193774.1|	98.990	100	3.00e-93	198	7950	Clupea harengus	bony fishes	Atlantic herring
70eadf6f56b1b1a1ed310364ea0f70f3	gi|426260549|gb|KC193772.1|	98.990	100	3.00e-93	198	7950	Clupea harengus	bony fishes	Atlantic herring
70eadf6f56b1b1a1ed310364ea0f70f3	gi|426260535|gb|KC193771.1|	98.990	100	3.00e-93	198	7950	Clupea harengus	bony fishes	Atlantic herring
c518da85f43a4332c1066fa2a91a30ba	gi|1799624616|gb|MN122931.1|	99.495	100	6.45e-95	198	7950	Clupea harengus	bony fishes	Atlantic herring
c518da85f43a4332c1066fa2a91a30ba	gi|1517391475|gb|MH194498.2|	99.495	100	6.45e-95	198	7950	Clupea harengus	bony fishes	Atlantic herring
c518da85f43a4332c1066fa2a91a30ba	gi|2018537065|gb|MW818226.1|	99.495	100	6.45e-95	198	7950	Clupea harengus	bony fishes	Atlantic herring
c518da85f43a4332c1066fa2a91a30ba	gi|2018537050|gb|MW818211.1|	99.495	100	6.45e-95	198	7950	Clupea harengus	bony fishes	Atlantic herring
c518da85f43a4332c1066fa2a91a30ba	gi|426260619|gb|KC193777.1|	99.495	100	6.45e-95	198	7950	Clupea harengus	bony fishes	Atlantic herring
c518da85f43a4332c1066fa2a91a30ba	gi|426260605|gb|KC193776.1|	99.495	100	6.45e-95	198	7950	Clupea harengus	bony fishes	Atlantic herring
c518da85f43a4332c1066fa2a91a30ba	gi|426260591|gb|KC193775.1|	99.495	100	6.45e-95	198	7950	Clupea harengus	bony fishes	Atlantic herring
c518da85f43a4332c1066fa2a91a30ba	gi|426260577|gb|KC193774.1|	99.495	100	6.45e-95	198	7950	Clupea harengus	bony fishes	Atlantic herring
c518da85f43a4332c1066fa2a91a30ba	gi|426260549|gb|KC193772.1|	99.495	100	6.45e-95	198	7950	Clupea harengus	bony fishes	Atlantic herring
c518da85f43a4332c1066fa2a91a30ba	gi|426260535|gb|KC193771.1|	99.495	100	6.45e-95	198	7950	Clupea harengus	bony fishes	Atlantic herring
b8e0337c0115e6b37580147cea91527b	gi|1799624616|gb|MN122931.1|	99.495	100	6.45e-95	198	7950	Clupea harengus	bony fishes	Atlantic herring
b8e0337c0115e6b37580147cea91527b	gi|1517391475|gb|MH194498.2|	99.495	100	6.45e-95	198	7950	Clupea harengus	bony fishes	Atlantic herring
b8e0337c0115e6b37580147cea91527b	gi|2018537065|gb|MW818226.1|	99.495	100	6.45e-95	198	7950	Clupea harengus	bony fishes	Atlantic herring
b8e0337c0115e6b37580147cea91527b	gi|2018537050|gb|MW818211.1|	99.495	100	6.45e-95	198	7950	Clupea harengus	bony fishes	Atlantic herring
b8e0337c0115e6b37580147cea91527b	gi|426260619|gb|KC193777.1|	99.495	100	6.45e-95	198	7950	Clupea harengus	bony fishes	Atlantic herring
b8e0337c0115e6b37580147cea91527b	gi|426260605|gb|KC193776.1|	99.495	100	6.45e-95	198	7950	Clupea harengus	bony fishes	Atlantic herring
b8e0337c0115e6b37580147cea91527b	gi|426260591|gb|KC193775.1|	99.495	100	6.45e-95	198	7950	Clupea harengus	bony fishes	Atlantic herring
b8e0337c0115e6b37580147cea91527b	gi|426260577|gb|KC193774.1|	99.495	100	6.45e-95	198	7950	Clupea harengus	bony fishes	Atlantic herring
b8e0337c0115e6b37580147cea91527b	gi|426260549|gb|KC193772.1|	99.495	100	6.45e-95	198	7950	Clupea harengus	bony fishes	Atlantic herring
b8e0337c0115e6b37580147cea91527b	gi|426260535|gb|KC193771.1|	99.495	100	6.45e-95	198	7950	Clupea harengus	bony fishes	Atlantic herring
7f5f16b832b80d1635af1b71bb45ba1d	gi|1799624616|gb|MN122931.1|	98.990	100	3.00e-93	198	7950	Clupea harengus	bony fishes	Atlantic herring
7f5f16b832b80d1635af1b71bb45ba1d	gi|1517391475|gb|MH194498.2|	98.990	100	3.00e-93	198	7950	Clupea harengus	bony fishes	Atlantic herring
7f5f16b832b80d1635af1b71bb45ba1d	gi|2018537065|gb|MW818226.1|	98.990	100	3.00e-93	198	7950	Clupea harengus	bony fishes	Atlantic herring
7f5f16b832b80d1635af1b71bb45ba1d	gi|2018537050|gb|MW818211.1|	98.990	100	3.00e-93	198	7950	Clupea harengus	bony fishes	Atlantic herring
7f5f16b832b80d1635af1b71bb45ba1d	gi|426260619|gb|KC193777.1|	98.990	100	3.00e-93	198	7950	Clupea harengus	bony fishes	Atlantic herring
7f5f16b832b80d1635af1b71bb45ba1d	gi|426260605|gb|KC193776.1|	98.990	100	3.00e-93	198	7950	Clupea harengus	bony fishes	Atlantic herring
7f5f16b832b80d1635af1b71bb45ba1d	gi|426260591|gb|KC193775.1|	98.990	100	3.00e-93	198	7950	Clupea harengus	bony fishes	Atlantic herring
7f5f16b832b80d1635af1b71bb45ba1d	gi|426260577|gb|KC193774.1|	98.990	100	3.00e-93	198	7950	Clupea harengus	bony fishes	Atlantic herring
7f5f16b832b80d1635af1b71bb45ba1d	gi|426260549|gb|KC193772.1|	98.990	100	3.00e-93	198	7950	Clupea harengus	bony fishes	Atlantic herring
7f5f16b832b80d1635af1b71bb45ba1d	gi|426260535|gb|KC193771.1|	98.990	100	3.00e-93	198	7950	Clupea harengus	bony fishes	Atlantic herring
db9fbfeab6b82b663916f56c86905837	gi|1799624616|gb|MN122931.1|	99.495	100	6.45e-95	198	7950	Clupea harengus	bony fishes	Atlantic herring
db9fbfeab6b82b663916f56c86905837	gi|1517391475|gb|MH194498.2|	99.495	100	6.45e-95	198	7950	Clupea harengus	bony fishes	Atlantic herring
db9fbfeab6b82b663916f56c86905837	gi|2018537065|gb|MW818226.1|	99.495	100	6.45e-95	198	7950	Clupea harengus	bony fishes	Atlantic herring
db9fbfeab6b82b663916f56c86905837	gi|2018537050|gb|MW818211.1|	99.495	100	6.45e-95	198	7950	Clupea harengus	bony fishes	Atlantic herring
db9fbfeab6b82b663916f56c86905837	gi|426260619|gb|KC193777.1|	99.495	100	6.45e-95	198	7950	Clupea harengus	bony fishes	Atlantic herring
db9fbfeab6b82b663916f56c86905837	gi|426260605|gb|KC193776.1|	99.495	100	6.45e-95	198	7950	Clupea harengus	bony fishes	Atlantic herring
db9fbfeab6b82b663916f56c86905837	gi|426260591|gb|KC193775.1|	99.495	100	6.45e-95	198	7950	Clupea harengus	bony fishes	Atlantic herring
db9fbfeab6b82b663916f56c86905837	gi|426260577|gb|KC193774.1|	99.495	100	6.45e-95	198	7950	Clupea harengus	bony fishes	Atlantic herring
db9fbfeab6b82b663916f56c86905837	gi|426260549|gb|KC193772.1|	99.495	100	6.45e-95	198	7950	Clupea harengus	bony fishes	Atlantic herring
db9fbfeab6b82b663916f56c86905837	gi|426260535|gb|KC193771.1|	99.495	100	6.45e-95	198	7950	Clupea harengus	bony fishes	Atlantic herring
1ac871207c00fc7dcec58b142f1cc417	gi|2018537164|gb|MW818325.1|	99.495	100	6.45e-95	198	7950	Clupea harengus	bony fishes	Atlantic herring
1ac871207c00fc7dcec58b142f1cc417	gi|426260353|gb|KC193758.1|	99.495	100	6.45e-95	198	7950	Clupea harengus	bony fishes	Atlantic herring
1ac871207c00fc7dcec58b142f1cc417	gi|1799624616|gb|MN122931.1|	98.990	100	3.00e-93	198	7950	Clupea harengus	bony fishes	Atlantic herring
1ac871207c00fc7dcec58b142f1cc417	gi|1517391475|gb|MH194498.2|	98.990	100	3.00e-93	198	7950	Clupea harengus	bony fishes	Atlantic herring
1ac871207c00fc7dcec58b142f1cc417	gi|2018537065|gb|MW818226.1|	98.990	100	3.00e-93	198	7950	Clupea harengus	bony fishes	Atlantic herring
1ac871207c00fc7dcec58b142f1cc417	gi|2018537050|gb|MW818211.1|	98.990	100	3.00e-93	198	7950	Clupea harengus	bony fishes	Atlantic herring
1ac871207c00fc7dcec58b142f1cc417	gi|426260619|gb|KC193777.1|	98.990	100	3.00e-93	198	7950	Clupea harengus	bony fishes	Atlantic herring
1ac871207c00fc7dcec58b142f1cc417	gi|426260605|gb|KC193776.1|	98.990	100	3.00e-93	198	7950	Clupea harengus	bony fishes	Atlantic herring
1ac871207c00fc7dcec58b142f1cc417	gi|426260591|gb|KC193775.1|	98.990	100	3.00e-93	198	7950	Clupea harengus	bony fishes	Atlantic herring
1ac871207c00fc7dcec58b142f1cc417	gi|426260577|gb|KC193774.1|	98.990	100	3.00e-93	198	7950	Clupea harengus	bony fishes	Atlantic herring
2df3540a618fadcf927d07c82f8008e6	gi|2018537049|gb|MW818210.1|	99.495	100	6.45e-95	198	7950	Clupea harengus	bony fishes	Atlantic herring
2df3540a618fadcf927d07c82f8008e6	gi|426260451|gb|KC193765.1|	99.495	100	6.45e-95	198	7950	Clupea harengus	bony fishes	Atlantic herring
2df3540a618fadcf927d07c82f8008e6	gi|426260367|gb|KC193759.1|	99.495	100	6.45e-95	198	7950	Clupea harengus	bony fishes	Atlantic herring
2df3540a618fadcf927d07c82f8008e6	gi|426260199|gb|KC193747.1|	99.495	100	6.45e-95	198	7950	Clupea harengus	bony fishes	Atlantic herring
2df3540a618fadcf927d07c82f8008e6	gi|426260059|gb|KC193737.1|	99.495	100	6.45e-95	198	7950	Clupea harengus	bony fishes	Atlantic herring
2df3540a618fadcf927d07c82f8008e6	gi|426260003|gb|KC193733.1|	99.495	100	6.45e-95	198	7950	Clupea harengus	bony fishes	Atlantic herring
2df3540a618fadcf927d07c82f8008e6	gi|426259709|gb|KC193712.1|	99.495	100	6.45e-95	198	7950	Clupea harengus	bony fishes	Atlantic herring
2df3540a618fadcf927d07c82f8008e6	gi|426259527|gb|KC193699.1|	99.495	100	6.45e-95	198	7950	Clupea harengus	bony fishes	Atlantic herring
2df3540a618fadcf927d07c82f8008e6	gi|426259275|gb|KC193681.1|	99.495	100	6.45e-95	198	7950	Clupea harengus	bony fishes	Atlantic herring
2df3540a618fadcf927d07c82f8008e6	gi|426260381|gb|KC193760.1|	98.990	100	3.00e-93	198	7950	Clupea harengus	bony fishes	Atlantic herring
6a1d4db3b2ae74966ecf6f63fa51772a	gi|2018537049|gb|MW818210.1|	99.495	100	6.45e-95	198	7950	Clupea harengus	bony fishes	Atlantic herring
6a1d4db3b2ae74966ecf6f63fa51772a	gi|426260451|gb|KC193765.1|	99.495	100	6.45e-95	198	7950	Clupea harengus	bony fishes	Atlantic herring
6a1d4db3b2ae74966ecf6f63fa51772a	gi|426260367|gb|KC193759.1|	99.495	100	6.45e-95	198	7950	Clupea harengus	bony fishes	Atlantic herring
6a1d4db3b2ae74966ecf6f63fa51772a	gi|426260199|gb|KC193747.1|	99.495	100	6.45e-95	198	7950	Clupea harengus	bony fishes	Atlantic herring
6a1d4db3b2ae74966ecf6f63fa51772a	gi|426260059|gb|KC193737.1|	99.495	100	6.45e-95	198	7950	Clupea harengus	bony fishes	Atlantic herring
6a1d4db3b2ae74966ecf6f63fa51772a	gi|426260003|gb|KC193733.1|	99.495	100	6.45e-95	198	7950	Clupea harengus	bony fishes	Atlantic herring
6a1d4db3b2ae74966ecf6f63fa51772a	gi|426259709|gb|KC193712.1|	99.495	100	6.45e-95	198	7950	Clupea harengus	bony fishes	Atlantic herring
6a1d4db3b2ae74966ecf6f63fa51772a	gi|426259527|gb|KC193699.1|	99.495	100	6.45e-95	198	7950	Clupea harengus	bony fishes	Atlantic herring
6a1d4db3b2ae74966ecf6f63fa51772a	gi|426259275|gb|KC193681.1|	99.495	100	6.45e-95	198	7950	Clupea harengus	bony fishes	Atlantic herring
6a1d4db3b2ae74966ecf6f63fa51772a	gi|426260381|gb|KC193760.1|	98.990	100	3.00e-93	198	7950	Clupea harengus	bony fishes	Atlantic herring
07399b40dc1b0e9b8503de08629c7ea2	gi|2018537049|gb|MW818210.1|	98.990	100	3.00e-93	198	7950	Clupea harengus	bony fishes	Atlantic herring
07399b40dc1b0e9b8503de08629c7ea2	gi|426260451|gb|KC193765.1|	98.990	100	3.00e-93	198	7950	Clupea harengus	bony fishes	Atlantic herring
07399b40dc1b0e9b8503de08629c7ea2	gi|426260367|gb|KC193759.1|	98.990	100	3.00e-93	198	7950	Clupea harengus	bony fishes	Atlantic herring
07399b40dc1b0e9b8503de08629c7ea2	gi|426260199|gb|KC193747.1|	98.990	100	3.00e-93	198	7950	Clupea harengus	bony fishes	Atlantic herring
07399b40dc1b0e9b8503de08629c7ea2	gi|426260059|gb|KC193737.1|	98.990	100	3.00e-93	198	7950	Clupea harengus	bony fishes	Atlantic herring
07399b40dc1b0e9b8503de08629c7ea2	gi|426260003|gb|KC193733.1|	98.990	100	3.00e-93	198	7950	Clupea harengus	bony fishes	Atlantic herring
07399b40dc1b0e9b8503de08629c7ea2	gi|426259709|gb|KC193712.1|	98.990	100	3.00e-93	198	7950	Clupea harengus	bony fishes	Atlantic herring
07399b40dc1b0e9b8503de08629c7ea2	gi|426259527|gb|KC193699.1|	98.990	100	3.00e-93	198	7950	Clupea harengus	bony fishes	Atlantic herring
07399b40dc1b0e9b8503de08629c7ea2	gi|426259275|gb|KC193681.1|	98.990	100	3.00e-93	198	7950	Clupea harengus	bony fishes	Atlantic herring
07399b40dc1b0e9b8503de08629c7ea2	gi|426260381|gb|KC193760.1|	98.485	100	1.40e-91	198	7950	Clupea harengus	bony fishes	Atlantic herring
d057bf538b5b775df05b4b1d5970028c	gi|2018537049|gb|MW818210.1|	99.495	100	6.45e-95	198	7950	Clupea harengus	bony fishes	Atlantic herring
d057bf538b5b775df05b4b1d5970028c	gi|426260451|gb|KC193765.1|	99.495	100	6.45e-95	198	7950	Clupea harengus	bony fishes	Atlantic herring
d057bf538b5b775df05b4b1d5970028c	gi|426260367|gb|KC193759.1|	99.495	100	6.45e-95	198	7950	Clupea harengus	bony fishes	Atlantic herring
d057bf538b5b775df05b4b1d5970028c	gi|426260199|gb|KC193747.1|	99.495	100	6.45e-95	198	7950	Clupea harengus	bony fishes	Atlantic herring
d057bf538b5b775df05b4b1d5970028c	gi|426260059|gb|KC193737.1|	99.495	100	6.45e-95	198	7950	Clupea harengus	bony fishes	Atlantic herring
d057bf538b5b775df05b4b1d5970028c	gi|426260003|gb|KC193733.1|	99.495	100	6.45e-95	198	7950	Clupea harengus	bony fishes	Atlantic herring
d057bf538b5b775df05b4b1d5970028c	gi|426259709|gb|KC193712.1|	99.495	100	6.45e-95	198	7950	Clupea harengus	bony fishes	Atlantic herring
d057bf538b5b775df05b4b1d5970028c	gi|426259527|gb|KC193699.1|	99.495	100	6.45e-95	198	7950	Clupea harengus	bony fishes	Atlantic herring
d057bf538b5b775df05b4b1d5970028c	gi|426259275|gb|KC193681.1|	99.495	100	6.45e-95	198	7950	Clupea harengus	bony fishes	Atlantic herring
d057bf538b5b775df05b4b1d5970028c	gi|426260381|gb|KC193760.1|	98.990	100	3.00e-93	198	7950	Clupea harengus	bony fishes	Atlantic herring
3b9ee853e7b656edcf0a44f0342b4478	gi|2018537049|gb|MW818210.1|	99.495	100	6.45e-95	198	7950	Clupea harengus	bony fishes	Atlantic herring
3b9ee853e7b656edcf0a44f0342b4478	gi|426260451|gb|KC193765.1|	99.495	100	6.45e-95	198	7950	Clupea harengus	bony fishes	Atlantic herring
3b9ee853e7b656edcf0a44f0342b4478	gi|426260367|gb|KC193759.1|	99.495	100	6.45e-95	198	7950	Clupea harengus	bony fishes	Atlantic herring
3b9ee853e7b656edcf0a44f0342b4478	gi|426260199|gb|KC193747.1|	99.495	100	6.45e-95	198	7950	Clupea harengus	bony fishes	Atlantic herring
3b9ee853e7b656edcf0a44f0342b4478	gi|426260059|gb|KC193737.1|	99.495	100	6.45e-95	198	7950	Clupea harengus	bony fishes	Atlantic herring
3b9ee853e7b656edcf0a44f0342b4478	gi|426260003|gb|KC193733.1|	99.495	100	6.45e-95	198	7950	Clupea harengus	bony fishes	Atlantic herring
3b9ee853e7b656edcf0a44f0342b4478	gi|426259709|gb|KC193712.1|	99.495	100	6.45e-95	198	7950	Clupea harengus	bony fishes	Atlantic herring
3b9ee853e7b656edcf0a44f0342b4478	gi|426259527|gb|KC193699.1|	99.495	100	6.45e-95	198	7950	Clupea harengus	bony fishes	Atlantic herring
3b9ee853e7b656edcf0a44f0342b4478	gi|426259275|gb|KC193681.1|	99.495	100	6.45e-95	198	7950	Clupea harengus	bony fishes	Atlantic herring
3b9ee853e7b656edcf0a44f0342b4478	gi|426260381|gb|KC193760.1|	98.990	100	3.00e-93	198	7950	Clupea harengus	bony fishes	Atlantic herring
597a5ec31293446b7e9ed1c84a2f31a8	gi|2018537049|gb|MW818210.1|	100.000	100	1.39e-96	198	7950	Clupea harengus	bony fishes	Atlantic herring
597a5ec31293446b7e9ed1c84a2f31a8	gi|426260451|gb|KC193765.1|	100.000	100	1.39e-96	198	7950	Clupea harengus	bony fishes	Atlantic herring
597a5ec31293446b7e9ed1c84a2f31a8	gi|426260367|gb|KC193759.1|	100.000	100	1.39e-96	198	7950	Clupea harengus	bony fishes	Atlantic herring
597a5ec31293446b7e9ed1c84a2f31a8	gi|426260199|gb|KC193747.1|	100.000	100	1.39e-96	198	7950	Clupea harengus	bony fishes	Atlantic herring
597a5ec31293446b7e9ed1c84a2f31a8	gi|426260059|gb|KC193737.1|	100.000	100	1.39e-96	198	7950	Clupea harengus	bony fishes	Atlantic herring
597a5ec31293446b7e9ed1c84a2f31a8	gi|426260003|gb|KC193733.1|	100.000	100	1.39e-96	198	7950	Clupea harengus	bony fishes	Atlantic herring
597a5ec31293446b7e9ed1c84a2f31a8	gi|426259709|gb|KC193712.1|	100.000	100	1.39e-96	198	7950	Clupea harengus	bony fishes	Atlantic herring
597a5ec31293446b7e9ed1c84a2f31a8	gi|426259527|gb|KC193699.1|	100.000	100	1.39e-96	198	7950	Clupea harengus	bony fishes	Atlantic herring
597a5ec31293446b7e9ed1c84a2f31a8	gi|426259275|gb|KC193681.1|	100.000	100	1.39e-96	198	7950	Clupea harengus	bony fishes	Atlantic herring
597a5ec31293446b7e9ed1c84a2f31a8	gi|426260381|gb|KC193760.1|	99.495	100	6.45e-95	198	7950	Clupea harengus	bony fishes	Atlantic herring
48eea8fc5ad2d167cd4220ec229566fb	gi|2018537049|gb|MW818210.1|	99.495	100	6.45e-95	198	7950	Clupea harengus	bony fishes	Atlantic herring
48eea8fc5ad2d167cd4220ec229566fb	gi|426260451|gb|KC193765.1|	99.495	100	6.45e-95	198	7950	Clupea harengus	bony fishes	Atlantic herring
48eea8fc5ad2d167cd4220ec229566fb	gi|426260367|gb|KC193759.1|	99.495	100	6.45e-95	198	7950	Clupea harengus	bony fishes	Atlantic herring
48eea8fc5ad2d167cd4220ec229566fb	gi|426260199|gb|KC193747.1|	99.495	100	6.45e-95	198	7950	Clupea harengus	bony fishes	Atlantic herring
48eea8fc5ad2d167cd4220ec229566fb	gi|426260059|gb|KC193737.1|	99.495	100	6.45e-95	198	7950	Clupea harengus	bony fishes	Atlantic herring
48eea8fc5ad2d167cd4220ec229566fb	gi|426260003|gb|KC193733.1|	99.495	100	6.45e-95	198	7950	Clupea harengus	bony fishes	Atlantic herring
48eea8fc5ad2d167cd4220ec229566fb	gi|426259709|gb|KC193712.1|	99.495	100	6.45e-95	198	7950	Clupea harengus	bony fishes	Atlantic herring
48eea8fc5ad2d167cd4220ec229566fb	gi|426259527|gb|KC193699.1|	99.495	100	6.45e-95	198	7950	Clupea harengus	bony fishes	Atlantic herring
48eea8fc5ad2d167cd4220ec229566fb	gi|426259275|gb|KC193681.1|	99.495	100	6.45e-95	198	7950	Clupea harengus	bony fishes	Atlantic herring
48eea8fc5ad2d167cd4220ec229566fb	gi|426260381|gb|KC193760.1|	98.990	100	3.00e-93	198	7950	Clupea harengus	bony fishes	Atlantic herring
0ec46943342d6cdec635e0237398e529	gi|2018537049|gb|MW818210.1|	99.495	100	6.45e-95	198	7950	Clupea harengus	bony fishes	Atlantic herring
0ec46943342d6cdec635e0237398e529	gi|426260451|gb|KC193765.1|	99.495	100	6.45e-95	198	7950	Clupea harengus	bony fishes	Atlantic herring
0ec46943342d6cdec635e0237398e529	gi|426260367|gb|KC193759.1|	99.495	100	6.45e-95	198	7950	Clupea harengus	bony fishes	Atlantic herring
0ec46943342d6cdec635e0237398e529	gi|426260199|gb|KC193747.1|	99.495	100	6.45e-95	198	7950	Clupea harengus	bony fishes	Atlantic herring
0ec46943342d6cdec635e0237398e529	gi|426260059|gb|KC193737.1|	99.495	100	6.45e-95	198	7950	Clupea harengus	bony fishes	Atlantic herring
0ec46943342d6cdec635e0237398e529	gi|426260003|gb|KC193733.1|	99.495	100	6.45e-95	198	7950	Clupea harengus	bony fishes	Atlantic herring
0ec46943342d6cdec635e0237398e529	gi|426259709|gb|KC193712.1|	99.495	100	6.45e-95	198	7950	Clupea harengus	bony fishes	Atlantic herring
0ec46943342d6cdec635e0237398e529	gi|426259527|gb|KC193699.1|	99.495	100	6.45e-95	198	7950	Clupea harengus	bony fishes	Atlantic herring
0ec46943342d6cdec635e0237398e529	gi|426259275|gb|KC193681.1|	99.495	100	6.45e-95	198	7950	Clupea harengus	bony fishes	Atlantic herring
0ec46943342d6cdec635e0237398e529	gi|426260381|gb|KC193760.1|	98.990	100	3.00e-93	198	7950	Clupea harengus	bony fishes	Atlantic herring
e12a1a1497f715171413a6371fb472ee	gi|2018537049|gb|MW818210.1|	99.495	100	6.45e-95	198	7950	Clupea harengus	bony fishes	Atlantic herring
e12a1a1497f715171413a6371fb472ee	gi|426260451|gb|KC193765.1|	99.495	100	6.45e-95	198	7950	Clupea harengus	bony fishes	Atlantic herring
e12a1a1497f715171413a6371fb472ee	gi|426260367|gb|KC193759.1|	99.495	100	6.45e-95	198	7950	Clupea harengus	bony fishes	Atlantic herring
e12a1a1497f715171413a6371fb472ee	gi|426260199|gb|KC193747.1|	99.495	100	6.45e-95	198	7950	Clupea harengus	bony fishes	Atlantic herring
e12a1a1497f715171413a6371fb472ee	gi|426260059|gb|KC193737.1|	99.495	100	6.45e-95	198	7950	Clupea harengus	bony fishes	Atlantic herring
e12a1a1497f715171413a6371fb472ee	gi|426260003|gb|KC193733.1|	99.495	100	6.45e-95	198	7950	Clupea harengus	bony fishes	Atlantic herring
e12a1a1497f715171413a6371fb472ee	gi|426259709|gb|KC193712.1|	99.495	100	6.45e-95	198	7950	Clupea harengus	bony fishes	Atlantic herring
e12a1a1497f715171413a6371fb472ee	gi|426259527|gb|KC193699.1|	99.495	100	6.45e-95	198	7950	Clupea harengus	bony fishes	Atlantic herring
e12a1a1497f715171413a6371fb472ee	gi|426259275|gb|KC193681.1|	99.495	100	6.45e-95	198	7950	Clupea harengus	bony fishes	Atlantic herring
e12a1a1497f715171413a6371fb472ee	gi|426260381|gb|KC193760.1|	98.990	100	3.00e-93	198	7950	Clupea harengus	bony fishes	Atlantic herring
ea12ef1989a22816e2201575ba69e6cc	gi|2018537049|gb|MW818210.1|	99.495	100	6.45e-95	198	7950	Clupea harengus	bony fishes	Atlantic herring
ea12ef1989a22816e2201575ba69e6cc	gi|426260451|gb|KC193765.1|	99.495	100	6.45e-95	198	7950	Clupea harengus	bony fishes	Atlantic herring
ea12ef1989a22816e2201575ba69e6cc	gi|426260367|gb|KC193759.1|	99.495	100	6.45e-95	198	7950	Clupea harengus	bony fishes	Atlantic herring
ea12ef1989a22816e2201575ba69e6cc	gi|426260199|gb|KC193747.1|	99.495	100	6.45e-95	198	7950	Clupea harengus	bony fishes	Atlantic herring
ea12ef1989a22816e2201575ba69e6cc	gi|426260059|gb|KC193737.1|	99.495	100	6.45e-95	198	7950	Clupea harengus	bony fishes	Atlantic herring
ea12ef1989a22816e2201575ba69e6cc	gi|426260003|gb|KC193733.1|	99.495	100	6.45e-95	198	7950	Clupea harengus	bony fishes	Atlantic herring
ea12ef1989a22816e2201575ba69e6cc	gi|426259709|gb|KC193712.1|	99.495	100	6.45e-95	198	7950	Clupea harengus	bony fishes	Atlantic herring
ea12ef1989a22816e2201575ba69e6cc	gi|426259527|gb|KC193699.1|	99.495	100	6.45e-95	198	7950	Clupea harengus	bony fishes	Atlantic herring
ea12ef1989a22816e2201575ba69e6cc	gi|426259275|gb|KC193681.1|	99.495	100	6.45e-95	198	7950	Clupea harengus	bony fishes	Atlantic herring
ea12ef1989a22816e2201575ba69e6cc	gi|426260381|gb|KC193760.1|	98.990	100	3.00e-93	198	7950	Clupea harengus	bony fishes	Atlantic herring
e302523fd8ace3e11334186778c07616	gi|1799624616|gb|MN122931.1|	99.495	100	6.45e-95	198	7950	Clupea harengus	bony fishes	Atlantic herring
e302523fd8ace3e11334186778c07616	gi|1517391475|gb|MH194498.2|	99.495	100	6.45e-95	198	7950	Clupea harengus	bony fishes	Atlantic herring
e302523fd8ace3e11334186778c07616	gi|2018537065|gb|MW818226.1|	99.495	100	6.45e-95	198	7950	Clupea harengus	bony fishes	Atlantic herring
e302523fd8ace3e11334186778c07616	gi|2018537050|gb|MW818211.1|	99.495	100	6.45e-95	198	7950	Clupea harengus	bony fishes	Atlantic herring
e302523fd8ace3e11334186778c07616	gi|426260619|gb|KC193777.1|	99.495	100	6.45e-95	198	7950	Clupea harengus	bony fishes	Atlantic herring
e302523fd8ace3e11334186778c07616	gi|426260605|gb|KC193776.1|	99.495	100	6.45e-95	198	7950	Clupea harengus	bony fishes	Atlantic herring
e302523fd8ace3e11334186778c07616	gi|426260591|gb|KC193775.1|	99.495	100	6.45e-95	198	7950	Clupea harengus	bony fishes	Atlantic herring
e302523fd8ace3e11334186778c07616	gi|426260577|gb|KC193774.1|	99.495	100	6.45e-95	198	7950	Clupea harengus	bony fishes	Atlantic herring
e302523fd8ace3e11334186778c07616	gi|426260549|gb|KC193772.1|	99.495	100	6.45e-95	198	7950	Clupea harengus	bony fishes	Atlantic herring
e302523fd8ace3e11334186778c07616	gi|426260535|gb|KC193771.1|	99.495	100	6.45e-95	198	7950	Clupea harengus	bony fishes	Atlantic herring
aa24d59c57f70ee1a8d46b4194ceed1d	gi|1799624616|gb|MN122931.1|	98.485	100	1.40e-91	198	7950	Clupea harengus	bony fishes	Atlantic herring
aa24d59c57f70ee1a8d46b4194ceed1d	gi|1517391475|gb|MH194498.2|	98.485	100	1.40e-91	198	7950	Clupea harengus	bony fishes	Atlantic herring
aa24d59c57f70ee1a8d46b4194ceed1d	gi|2018537065|gb|MW818226.1|	98.485	100	1.40e-91	198	7950	Clupea harengus	bony fishes	Atlantic herring
aa24d59c57f70ee1a8d46b4194ceed1d	gi|2018537050|gb|MW818211.1|	98.485	100	1.40e-91	198	7950	Clupea harengus	bony fishes	Atlantic herring
aa24d59c57f70ee1a8d46b4194ceed1d	gi|426260619|gb|KC193777.1|	98.485	100	1.40e-91	198	7950	Clupea harengus	bony fishes	Atlantic herring
aa24d59c57f70ee1a8d46b4194ceed1d	gi|426260605|gb|KC193776.1|	98.485	100	1.40e-91	198	7950	Clupea harengus	bony fishes	Atlantic herring
aa24d59c57f70ee1a8d46b4194ceed1d	gi|426260591|gb|KC193775.1|	98.485	100	1.40e-91	198	7950	Clupea harengus	bony fishes	Atlantic herring
aa24d59c57f70ee1a8d46b4194ceed1d	gi|426260577|gb|KC193774.1|	98.485	100	1.40e-91	198	7950	Clupea harengus	bony fishes	Atlantic herring
aa24d59c57f70ee1a8d46b4194ceed1d	gi|426260549|gb|KC193772.1|	98.485	100	1.40e-91	198	7950	Clupea harengus	bony fishes	Atlantic herring
aa24d59c57f70ee1a8d46b4194ceed1d	gi|426260535|gb|KC193771.1|	98.485	100	1.40e-91	198	7950	Clupea harengus	bony fishes	Atlantic herring
977513890866ed182a0efb3e714b8f85	gi|1799624616|gb|MN122931.1|	94.949	100	6.59e-80	198	7950	Clupea harengus	bony fishes	Atlantic herring
977513890866ed182a0efb3e714b8f85	gi|1517391475|gb|MH194498.2|	94.949	100	6.59e-80	198	7950	Clupea harengus	bony fishes	Atlantic herring
977513890866ed182a0efb3e714b8f85	gi|2018537065|gb|MW818226.1|	94.949	100	6.59e-80	198	7950	Clupea harengus	bony fishes	Atlantic herring
977513890866ed182a0efb3e714b8f85	gi|2018537050|gb|MW818211.1|	94.949	100	6.59e-80	198	7950	Clupea harengus	bony fishes	Atlantic herring
977513890866ed182a0efb3e714b8f85	gi|426260619|gb|KC193777.1|	94.949	100	6.59e-80	198	7950	Clupea harengus	bony fishes	Atlantic herring
977513890866ed182a0efb3e714b8f85	gi|426260605|gb|KC193776.1|	94.949	100	6.59e-80	198	7950	Clupea harengus	bony fishes	Atlantic herring
977513890866ed182a0efb3e714b8f85	gi|426260591|gb|KC193775.1|	94.949	100	6.59e-80	198	7950	Clupea harengus	bony fishes	Atlantic herring
977513890866ed182a0efb3e714b8f85	gi|426260577|gb|KC193774.1|	94.949	100	6.59e-80	198	7950	Clupea harengus	bony fishes	Atlantic herring
977513890866ed182a0efb3e714b8f85	gi|426260549|gb|KC193772.1|	94.949	100	6.59e-80	198	7950	Clupea harengus	bony fishes	Atlantic herring
977513890866ed182a0efb3e714b8f85	gi|426260535|gb|KC193771.1|	94.949	100	6.59e-80	198	7950	Clupea harengus	bony fishes	Atlantic herring
38c6e7e5246c5331f9dab22fb27e85aa	gi|1799624616|gb|MN122931.1|	94.949	100	6.59e-80	198	7950	Clupea harengus	bony fishes	Atlantic herring
38c6e7e5246c5331f9dab22fb27e85aa	gi|1517391475|gb|MH194498.2|	94.949	100	6.59e-80	198	7950	Clupea harengus	bony fishes	Atlantic herring
38c6e7e5246c5331f9dab22fb27e85aa	gi|2018537065|gb|MW818226.1|	94.949	100	6.59e-80	198	7950	Clupea harengus	bony fishes	Atlantic herring
38c6e7e5246c5331f9dab22fb27e85aa	gi|2018537050|gb|MW818211.1|	94.949	100	6.59e-80	198	7950	Clupea harengus	bony fishes	Atlantic herring
38c6e7e5246c5331f9dab22fb27e85aa	gi|426260619|gb|KC193777.1|	94.949	100	6.59e-80	198	7950	Clupea harengus	bony fishes	Atlantic herring
38c6e7e5246c5331f9dab22fb27e85aa	gi|426260605|gb|KC193776.1|	94.949	100	6.59e-80	198	7950	Clupea harengus	bony fishes	Atlantic herring
38c6e7e5246c5331f9dab22fb27e85aa	gi|426260591|gb|KC193775.1|	94.949	100	6.59e-80	198	7950	Clupea harengus	bony fishes	Atlantic herring
38c6e7e5246c5331f9dab22fb27e85aa	gi|426260577|gb|KC193774.1|	94.949	100	6.59e-80	198	7950	Clupea harengus	bony fishes	Atlantic herring
38c6e7e5246c5331f9dab22fb27e85aa	gi|426260549|gb|KC193772.1|	94.949	100	6.59e-80	198	7950	Clupea harengus	bony fishes	Atlantic herring
38c6e7e5246c5331f9dab22fb27e85aa	gi|426260535|gb|KC193771.1|	94.949	100	6.59e-80	198	7950	Clupea harengus	bony fishes	Atlantic herring
f086124d82939feec02f3c4c5a409f2b	gi|2018537164|gb|MW818325.1|	99.495	100	6.45e-95	198	7950	Clupea harengus	bony fishes	Atlantic herring
f086124d82939feec02f3c4c5a409f2b	gi|426260353|gb|KC193758.1|	99.495	100	6.45e-95	198	7950	Clupea harengus	bony fishes	Atlantic herring
f086124d82939feec02f3c4c5a409f2b	gi|1799624616|gb|MN122931.1|	98.990	100	3.00e-93	198	7950	Clupea harengus	bony fishes	Atlantic herring
f086124d82939feec02f3c4c5a409f2b	gi|1517391475|gb|MH194498.2|	98.990	100	3.00e-93	198	7950	Clupea harengus	bony fishes	Atlantic herring
f086124d82939feec02f3c4c5a409f2b	gi|2018537065|gb|MW818226.1|	98.990	100	3.00e-93	198	7950	Clupea harengus	bony fishes	Atlantic herring
f086124d82939feec02f3c4c5a409f2b	gi|2018537050|gb|MW818211.1|	98.990	100	3.00e-93	198	7950	Clupea harengus	bony fishes	Atlantic herring
f086124d82939feec02f3c4c5a409f2b	gi|426260619|gb|KC193777.1|	98.990	100	3.00e-93	198	7950	Clupea harengus	bony fishes	Atlantic herring
f086124d82939feec02f3c4c5a409f2b	gi|426260605|gb|KC193776.1|	98.990	100	3.00e-93	198	7950	Clupea harengus	bony fishes	Atlantic herring
f086124d82939feec02f3c4c5a409f2b	gi|426260591|gb|KC193775.1|	98.990	100	3.00e-93	198	7950	Clupea harengus	bony fishes	Atlantic herring
f086124d82939feec02f3c4c5a409f2b	gi|426260577|gb|KC193774.1|	98.990	100	3.00e-93	198	7950	Clupea harengus	bony fishes	Atlantic herring
66eb5bb300a30b411aeb517d9fd98111	gi|1799624616|gb|MN122931.1|	99.495	100	6.45e-95	198	7950	Clupea harengus	bony fishes	Atlantic herring
66eb5bb300a30b411aeb517d9fd98111	gi|1517391475|gb|MH194498.2|	99.495	100	6.45e-95	198	7950	Clupea harengus	bony fishes	Atlantic herring
66eb5bb300a30b411aeb517d9fd98111	gi|2018537065|gb|MW818226.1|	99.495	100	6.45e-95	198	7950	Clupea harengus	bony fishes	Atlantic herring
66eb5bb300a30b411aeb517d9fd98111	gi|2018537050|gb|MW818211.1|	99.495	100	6.45e-95	198	7950	Clupea harengus	bony fishes	Atlantic herring
66eb5bb300a30b411aeb517d9fd98111	gi|426260619|gb|KC193777.1|	99.495	100	6.45e-95	198	7950	Clupea harengus	bony fishes	Atlantic herring
66eb5bb300a30b411aeb517d9fd98111	gi|426260605|gb|KC193776.1|	99.495	100	6.45e-95	198	7950	Clupea harengus	bony fishes	Atlantic herring
66eb5bb300a30b411aeb517d9fd98111	gi|426260591|gb|KC193775.1|	99.495	100	6.45e-95	198	7950	Clupea harengus	bony fishes	Atlantic herring
66eb5bb300a30b411aeb517d9fd98111	gi|426260577|gb|KC193774.1|	99.495	100	6.45e-95	198	7950	Clupea harengus	bony fishes	Atlantic herring
66eb5bb300a30b411aeb517d9fd98111	gi|426260549|gb|KC193772.1|	99.495	100	6.45e-95	198	7950	Clupea harengus	bony fishes	Atlantic herring
66eb5bb300a30b411aeb517d9fd98111	gi|426260535|gb|KC193771.1|	99.495	100	6.45e-95	198	7950	Clupea harengus	bony fishes	Atlantic herring
90e9b17fb170417babfeb7aaf9d0bb8f	gi|1799624616|gb|MN122931.1|	99.495	100	6.45e-95	198	7950	Clupea harengus	bony fishes	Atlantic herring
90e9b17fb170417babfeb7aaf9d0bb8f	gi|1517391475|gb|MH194498.2|	99.495	100	6.45e-95	198	7950	Clupea harengus	bony fishes	Atlantic herring
90e9b17fb170417babfeb7aaf9d0bb8f	gi|2018537065|gb|MW818226.1|	99.495	100	6.45e-95	198	7950	Clupea harengus	bony fishes	Atlantic herring
90e9b17fb170417babfeb7aaf9d0bb8f	gi|2018537050|gb|MW818211.1|	99.495	100	6.45e-95	198	7950	Clupea harengus	bony fishes	Atlantic herring
90e9b17fb170417babfeb7aaf9d0bb8f	gi|426260619|gb|KC193777.1|	99.495	100	6.45e-95	198	7950	Clupea harengus	bony fishes	Atlantic herring
90e9b17fb170417babfeb7aaf9d0bb8f	gi|426260605|gb|KC193776.1|	99.495	100	6.45e-95	198	7950	Clupea harengus	bony fishes	Atlantic herring
90e9b17fb170417babfeb7aaf9d0bb8f	gi|426260591|gb|KC193775.1|	99.495	100	6.45e-95	198	7950	Clupea harengus	bony fishes	Atlantic herring
90e9b17fb170417babfeb7aaf9d0bb8f	gi|426260577|gb|KC193774.1|	99.495	100	6.45e-95	198	7950	Clupea harengus	bony fishes	Atlantic herring
90e9b17fb170417babfeb7aaf9d0bb8f	gi|426260549|gb|KC193772.1|	99.495	100	6.45e-95	198	7950	Clupea harengus	bony fishes	Atlantic herring
90e9b17fb170417babfeb7aaf9d0bb8f	gi|426260535|gb|KC193771.1|	99.495	100	6.45e-95	198	7950	Clupea harengus	bony fishes	Atlantic herring
abe3d894721fb237494797d8d15f489a	gi|2018537049|gb|MW818210.1|	99.495	100	6.45e-95	198	7950	Clupea harengus	bony fishes	Atlantic herring
abe3d894721fb237494797d8d15f489a	gi|426260451|gb|KC193765.1|	99.495	100	6.45e-95	198	7950	Clupea harengus	bony fishes	Atlantic herring
abe3d894721fb237494797d8d15f489a	gi|426260367|gb|KC193759.1|	99.495	100	6.45e-95	198	7950	Clupea harengus	bony fishes	Atlantic herring
abe3d894721fb237494797d8d15f489a	gi|426260199|gb|KC193747.1|	99.495	100	6.45e-95	198	7950	Clupea harengus	bony fishes	Atlantic herring
abe3d894721fb237494797d8d15f489a	gi|426260059|gb|KC193737.1|	99.495	100	6.45e-95	198	7950	Clupea harengus	bony fishes	Atlantic herring
abe3d894721fb237494797d8d15f489a	gi|426260003|gb|KC193733.1|	99.495	100	6.45e-95	198	7950	Clupea harengus	bony fishes	Atlantic herring
abe3d894721fb237494797d8d15f489a	gi|426259709|gb|KC193712.1|	99.495	100	6.45e-95	198	7950	Clupea harengus	bony fishes	Atlantic herring
abe3d894721fb237494797d8d15f489a	gi|426259527|gb|KC193699.1|	99.495	100	6.45e-95	198	7950	Clupea harengus	bony fishes	Atlantic herring
abe3d894721fb237494797d8d15f489a	gi|426259275|gb|KC193681.1|	99.495	100	6.45e-95	198	7950	Clupea harengus	bony fishes	Atlantic herring
abe3d894721fb237494797d8d15f489a	gi|426260381|gb|KC193760.1|	98.990	100	3.00e-93	198	7950	Clupea harengus	bony fishes	Atlantic herring
88e41da9d9644b481f5b479b441101b6	gi|2018537049|gb|MW818210.1|	99.495	100	6.45e-95	198	7950	Clupea harengus	bony fishes	Atlantic herring
88e41da9d9644b481f5b479b441101b6	gi|426260451|gb|KC193765.1|	99.495	100	6.45e-95	198	7950	Clupea harengus	bony fishes	Atlantic herring
88e41da9d9644b481f5b479b441101b6	gi|426260367|gb|KC193759.1|	99.495	100	6.45e-95	198	7950	Clupea harengus	bony fishes	Atlantic herring
88e41da9d9644b481f5b479b441101b6	gi|426260199|gb|KC193747.1|	99.495	100	6.45e-95	198	7950	Clupea harengus	bony fishes	Atlantic herring
88e41da9d9644b481f5b479b441101b6	gi|426260059|gb|KC193737.1|	99.495	100	6.45e-95	198	7950	Clupea harengus	bony fishes	Atlantic herring
88e41da9d9644b481f5b479b441101b6	gi|426260003|gb|KC193733.1|	99.495	100	6.45e-95	198	7950	Clupea harengus	bony fishes	Atlantic herring
88e41da9d9644b481f5b479b441101b6	gi|426259709|gb|KC193712.1|	99.495	100	6.45e-95	198	7950	Clupea harengus	bony fishes	Atlantic herring
88e41da9d9644b481f5b479b441101b6	gi|426259527|gb|KC193699.1|	99.495	100	6.45e-95	198	7950	Clupea harengus	bony fishes	Atlantic herring
88e41da9d9644b481f5b479b441101b6	gi|426259275|gb|KC193681.1|	99.495	100	6.45e-95	198	7950	Clupea harengus	bony fishes	Atlantic herring
88e41da9d9644b481f5b479b441101b6	gi|426260381|gb|KC193760.1|	98.990	100	3.00e-93	198	7950	Clupea harengus	bony fishes	Atlantic herring
647158f51da036c3748f6a7dd655803b	gi|2018537049|gb|MW818210.1|	98.990	100	3.00e-93	198	7950	Clupea harengus	bony fishes	Atlantic herring
647158f51da036c3748f6a7dd655803b	gi|426260451|gb|KC193765.1|	98.990	100	3.00e-93	198	7950	Clupea harengus	bony fishes	Atlantic herring
647158f51da036c3748f6a7dd655803b	gi|426260367|gb|KC193759.1|	98.990	100	3.00e-93	198	7950	Clupea harengus	bony fishes	Atlantic herring
647158f51da036c3748f6a7dd655803b	gi|426260199|gb|KC193747.1|	98.990	100	3.00e-93	198	7950	Clupea harengus	bony fishes	Atlantic herring
647158f51da036c3748f6a7dd655803b	gi|426260059|gb|KC193737.1|	98.990	100	3.00e-93	198	7950	Clupea harengus	bony fishes	Atlantic herring
647158f51da036c3748f6a7dd655803b	gi|426260003|gb|KC193733.1|	98.990	100	3.00e-93	198	7950	Clupea harengus	bony fishes	Atlantic herring
647158f51da036c3748f6a7dd655803b	gi|426259709|gb|KC193712.1|	98.990	100	3.00e-93	198	7950	Clupea harengus	bony fishes	Atlantic herring
647158f51da036c3748f6a7dd655803b	gi|426259527|gb|KC193699.1|	98.990	100	3.00e-93	198	7950	Clupea harengus	bony fishes	Atlantic herring
647158f51da036c3748f6a7dd655803b	gi|426259275|gb|KC193681.1|	98.990	100	3.00e-93	198	7950	Clupea harengus	bony fishes	Atlantic herring
647158f51da036c3748f6a7dd655803b	gi|426260381|gb|KC193760.1|	98.485	100	1.40e-91	198	7950	Clupea harengus	bony fishes	Atlantic herring
1f6406da6000dcb1c6355e2943db65ae	gi|1337993116|gb|MG570440.1|	99.497	100	1.80e-95	199	34774	Alosa pseudoharengus	bony fishes	alewife
1f6406da6000dcb1c6355e2943db65ae	gi|1337993102|gb|MG570439.1|	99.497	100	1.80e-95	199	34774	Alosa pseudoharengus	bony fishes	alewife
1f6406da6000dcb1c6355e2943db65ae	gi|1337992850|gb|MG570421.1|	99.497	100	1.80e-95	199	34774	Alosa pseudoharengus	bony fishes	alewife
1f6406da6000dcb1c6355e2943db65ae	gi|2514521491|gb|OR094922.1|	99.497	100	1.80e-95	199	34774	Alosa pseudoharengus	bony fishes	alewife
1f6406da6000dcb1c6355e2943db65ae	gi|2514521488|gb|OR094921.1|	99.497	100	1.80e-95	199	34774	Alosa pseudoharengus	bony fishes	alewife
1f6406da6000dcb1c6355e2943db65ae	gi|2514521486|gb|OR094920.1|	99.497	100	1.80e-95	199	34774	Alosa pseudoharengus	bony fishes	alewife
1f6406da6000dcb1c6355e2943db65ae	gi|2514521484|gb|OR094919.1|	99.497	100	1.80e-95	199	34774	Alosa pseudoharengus	bony fishes	alewife
1f6406da6000dcb1c6355e2943db65ae	gi|2514521482|gb|OR094918.1|	99.497	100	1.80e-95	199	34774	Alosa pseudoharengus	bony fishes	alewife
1f6406da6000dcb1c6355e2943db65ae	gi|2514521479|gb|OR094917.1|	99.497	100	1.80e-95	199	34774	Alosa pseudoharengus	bony fishes	alewife
1f6406da6000dcb1c6355e2943db65ae	gi|2514521311|gb|OR094996.1|	99.497	100	1.80e-95	199	34774	Alosa pseudoharengus	bony fishes	alewife
dd21b6c956edb7ae289b98f4262565a3	gi|1337993116|gb|MG570440.1|	98.995	100	8.39e-94	199	34774	Alosa pseudoharengus	bony fishes	alewife
dd21b6c956edb7ae289b98f4262565a3	gi|1337993102|gb|MG570439.1|	98.995	100	8.39e-94	199	34774	Alosa pseudoharengus	bony fishes	alewife
dd21b6c956edb7ae289b98f4262565a3	gi|1337992850|gb|MG570421.1|	98.995	100	8.39e-94	199	34774	Alosa pseudoharengus	bony fishes	alewife
dd21b6c956edb7ae289b98f4262565a3	gi|2514521491|gb|OR094922.1|	98.995	100	8.39e-94	199	34774	Alosa pseudoharengus	bony fishes	alewife
dd21b6c956edb7ae289b98f4262565a3	gi|2514521488|gb|OR094921.1|	98.995	100	8.39e-94	199	34774	Alosa pseudoharengus	bony fishes	alewife
dd21b6c956edb7ae289b98f4262565a3	gi|2514521486|gb|OR094920.1|	98.995	100	8.39e-94	199	34774	Alosa pseudoharengus	bony fishes	alewife
dd21b6c956edb7ae289b98f4262565a3	gi|2514521484|gb|OR094919.1|	98.995	100	8.39e-94	199	34774	Alosa pseudoharengus	bony fishes	alewife
dd21b6c956edb7ae289b98f4262565a3	gi|2514521482|gb|OR094918.1|	98.995	100	8.39e-94	199	34774	Alosa pseudoharengus	bony fishes	alewife
dd21b6c956edb7ae289b98f4262565a3	gi|2514521479|gb|OR094917.1|	98.995	100	8.39e-94	199	34774	Alosa pseudoharengus	bony fishes	alewife
dd21b6c956edb7ae289b98f4262565a3	gi|2514521311|gb|OR094996.1|	98.995	100	8.39e-94	199	34774	Alosa pseudoharengus	bony fishes	alewife
79cbcc2c477cfd34b9057dd470ed19d2	gi|1799624616|gb|MN122931.1|	98.990	100	3.00e-93	198	7950	Clupea harengus	bony fishes	Atlantic herring
79cbcc2c477cfd34b9057dd470ed19d2	gi|1517391475|gb|MH194498.2|	98.990	100	3.00e-93	198	7950	Clupea harengus	bony fishes	Atlantic herring
79cbcc2c477cfd34b9057dd470ed19d2	gi|2018537065|gb|MW818226.1|	98.990	100	3.00e-93	198	7950	Clupea harengus	bony fishes	Atlantic herring
79cbcc2c477cfd34b9057dd470ed19d2	gi|2018537050|gb|MW818211.1|	98.990	100	3.00e-93	198	7950	Clupea harengus	bony fishes	Atlantic herring
79cbcc2c477cfd34b9057dd470ed19d2	gi|426260619|gb|KC193777.1|	98.990	100	3.00e-93	198	7950	Clupea harengus	bony fishes	Atlantic herring
79cbcc2c477cfd34b9057dd470ed19d2	gi|426260605|gb|KC193776.1|	98.990	100	3.00e-93	198	7950	Clupea harengus	bony fishes	Atlantic herring
79cbcc2c477cfd34b9057dd470ed19d2	gi|426260591|gb|KC193775.1|	98.990	100	3.00e-93	198	7950	Clupea harengus	bony fishes	Atlantic herring
79cbcc2c477cfd34b9057dd470ed19d2	gi|426260577|gb|KC193774.1|	98.990	100	3.00e-93	198	7950	Clupea harengus	bony fishes	Atlantic herring
79cbcc2c477cfd34b9057dd470ed19d2	gi|426260549|gb|KC193772.1|	98.990	100	3.00e-93	198	7950	Clupea harengus	bony fishes	Atlantic herring
79cbcc2c477cfd34b9057dd470ed19d2	gi|426260535|gb|KC193771.1|	98.990	100	3.00e-93	198	7950	Clupea harengus	bony fishes	Atlantic herring
afd10c5ce3481f2b9eb27b4396356083	gi|2018537049|gb|MW818210.1|	99.495	100	6.45e-95	198	7950	Clupea harengus	bony fishes	Atlantic herring
afd10c5ce3481f2b9eb27b4396356083	gi|426260451|gb|KC193765.1|	99.495	100	6.45e-95	198	7950	Clupea harengus	bony fishes	Atlantic herring
afd10c5ce3481f2b9eb27b4396356083	gi|426260367|gb|KC193759.1|	99.495	100	6.45e-95	198	7950	Clupea harengus	bony fishes	Atlantic herring
afd10c5ce3481f2b9eb27b4396356083	gi|426260199|gb|KC193747.1|	99.495	100	6.45e-95	198	7950	Clupea harengus	bony fishes	Atlantic herring
afd10c5ce3481f2b9eb27b4396356083	gi|426260059|gb|KC193737.1|	99.495	100	6.45e-95	198	7950	Clupea harengus	bony fishes	Atlantic herring
afd10c5ce3481f2b9eb27b4396356083	gi|426260003|gb|KC193733.1|	99.495	100	6.45e-95	198	7950	Clupea harengus	bony fishes	Atlantic herring
afd10c5ce3481f2b9eb27b4396356083	gi|426259709|gb|KC193712.1|	99.495	100	6.45e-95	198	7950	Clupea harengus	bony fishes	Atlantic herring
afd10c5ce3481f2b9eb27b4396356083	gi|426259527|gb|KC193699.1|	99.495	100	6.45e-95	198	7950	Clupea harengus	bony fishes	Atlantic herring
afd10c5ce3481f2b9eb27b4396356083	gi|426259275|gb|KC193681.1|	99.495	100	6.45e-95	198	7950	Clupea harengus	bony fishes	Atlantic herring
afd10c5ce3481f2b9eb27b4396356083	gi|426260381|gb|KC193760.1|	98.990	100	3.00e-93	198	7950	Clupea harengus	bony fishes	Atlantic herring
2e5cc800728d20f16d6e9c07ae03a034	gi|821091582|gb|KP644368.1|	99.490	100	8.24e-94	196	34823	Microgadus tomcod	bony fishes	Atlantic tomcod
2e5cc800728d20f16d6e9c07ae03a034	gi|2095925524|gb|OK172579.1|	98.980	100	3.83e-92	196	34823	Microgadus tomcod	bony fishes	Atlantic tomcod
2e5cc800728d20f16d6e9c07ae03a034	gi|1772510469|gb|MH061100.1|	97.970	100	8.30e-89	197	8047	Eleginus gracilis	bony fishes	saffron cod
2e5cc800728d20f16d6e9c07ae03a034	gi|1772510455|gb|MH061099.1|	97.970	100	8.30e-89	197	8047	Eleginus gracilis	bony fishes	saffron cod
2e5cc800728d20f16d6e9c07ae03a034	gi|1772510441|gb|MH061098.1|	97.970	100	8.30e-89	197	8047	Eleginus gracilis	bony fishes	saffron cod
2e5cc800728d20f16d6e9c07ae03a034	gi|1772510427|gb|MH061097.1|	97.970	100	8.30e-89	197	8047	Eleginus gracilis	bony fishes	saffron cod
2e5cc800728d20f16d6e9c07ae03a034	gi|1772510413|gb|MH061096.1|	97.970	100	8.30e-89	197	8047	Eleginus gracilis	bony fishes	saffron cod
2e5cc800728d20f16d6e9c07ae03a034	gi|1772510399|gb|MH061095.1|	97.970	100	8.30e-89	197	8047	Eleginus gracilis	bony fishes	saffron cod
2e5cc800728d20f16d6e9c07ae03a034	gi|1772510385|gb|MH061094.1|	97.970	100	8.30e-89	197	8047	Eleginus gracilis	bony fishes	saffron cod
2e5cc800728d20f16d6e9c07ae03a034	gi|1772510371|gb|MH061093.1|	97.970	100	8.30e-89	197	8047	Eleginus gracilis	bony fishes	saffron cod
57ccf8ad596b1601d116837904862317	gi|821091582|gb|KP644368.1|	99.490	100	8.24e-94	196	34823	Microgadus tomcod	bony fishes	Atlantic tomcod
57ccf8ad596b1601d116837904862317	gi|2095925524|gb|OK172579.1|	98.980	100	3.83e-92	196	34823	Microgadus tomcod	bony fishes	Atlantic tomcod
57ccf8ad596b1601d116837904862317	gi|1772510469|gb|MH061100.1|	97.970	100	8.30e-89	197	8047	Eleginus gracilis	bony fishes	saffron cod
57ccf8ad596b1601d116837904862317	gi|1772510455|gb|MH061099.1|	97.970	100	8.30e-89	197	8047	Eleginus gracilis	bony fishes	saffron cod
57ccf8ad596b1601d116837904862317	gi|1772510441|gb|MH061098.1|	97.970	100	8.30e-89	197	8047	Eleginus gracilis	bony fishes	saffron cod
57ccf8ad596b1601d116837904862317	gi|1772510427|gb|MH061097.1|	97.970	100	8.30e-89	197	8047	Eleginus gracilis	bony fishes	saffron cod
57ccf8ad596b1601d116837904862317	gi|1772510413|gb|MH061096.1|	97.970	100	8.30e-89	197	8047	Eleginus gracilis	bony fishes	saffron cod
57ccf8ad596b1601d116837904862317	gi|1772510399|gb|MH061095.1|	97.970	100	8.30e-89	197	8047	Eleginus gracilis	bony fishes	saffron cod
57ccf8ad596b1601d116837904862317	gi|1772510385|gb|MH061094.1|	97.970	100	8.30e-89	197	8047	Eleginus gracilis	bony fishes	saffron cod
57ccf8ad596b1601d116837904862317	gi|1772510371|gb|MH061093.1|	97.970	100	8.30e-89	197	8047	Eleginus gracilis	bony fishes	saffron cod
ebfaf9df338c2f49e703c67ee02b4d59	gi|821091582|gb|KP644368.1|	99.490	100	8.24e-94	196	34823	Microgadus tomcod	bony fishes	Atlantic tomcod
ebfaf9df338c2f49e703c67ee02b4d59	gi|2095925524|gb|OK172579.1|	98.980	100	3.83e-92	196	34823	Microgadus tomcod	bony fishes	Atlantic tomcod
ebfaf9df338c2f49e703c67ee02b4d59	gi|1772510469|gb|MH061100.1|	97.970	100	8.30e-89	197	8047	Eleginus gracilis	bony fishes	saffron cod
ebfaf9df338c2f49e703c67ee02b4d59	gi|1772510455|gb|MH061099.1|	97.970	100	8.30e-89	197	8047	Eleginus gracilis	bony fishes	saffron cod
ebfaf9df338c2f49e703c67ee02b4d59	gi|1772510441|gb|MH061098.1|	97.970	100	8.30e-89	197	8047	Eleginus gracilis	bony fishes	saffron cod
ebfaf9df338c2f49e703c67ee02b4d59	gi|1772510427|gb|MH061097.1|	97.970	100	8.30e-89	197	8047	Eleginus gracilis	bony fishes	saffron cod
ebfaf9df338c2f49e703c67ee02b4d59	gi|1772510413|gb|MH061096.1|	97.970	100	8.30e-89	197	8047	Eleginus gracilis	bony fishes	saffron cod
ebfaf9df338c2f49e703c67ee02b4d59	gi|1772510399|gb|MH061095.1|	97.970	100	8.30e-89	197	8047	Eleginus gracilis	bony fishes	saffron cod
ebfaf9df338c2f49e703c67ee02b4d59	gi|1772510385|gb|MH061094.1|	97.970	100	8.30e-89	197	8047	Eleginus gracilis	bony fishes	saffron cod
ebfaf9df338c2f49e703c67ee02b4d59	gi|1772510371|gb|MH061093.1|	97.970	100	8.30e-89	197	8047	Eleginus gracilis	bony fishes	saffron cod
ed82d2650ea7fde5a2aef0e3a1b0872b	gi|821091582|gb|KP644368.1|	99.490	100	8.24e-94	196	34823	Microgadus tomcod	bony fishes	Atlantic tomcod
ed82d2650ea7fde5a2aef0e3a1b0872b	gi|2095925524|gb|OK172579.1|	98.980	100	3.83e-92	196	34823	Microgadus tomcod	bony fishes	Atlantic tomcod
ed82d2650ea7fde5a2aef0e3a1b0872b	gi|1772510469|gb|MH061100.1|	97.970	100	8.30e-89	197	8047	Eleginus gracilis	bony fishes	saffron cod
ed82d2650ea7fde5a2aef0e3a1b0872b	gi|1772510455|gb|MH061099.1|	97.970	100	8.30e-89	197	8047	Eleginus gracilis	bony fishes	saffron cod
ed82d2650ea7fde5a2aef0e3a1b0872b	gi|1772510441|gb|MH061098.1|	97.970	100	8.30e-89	197	8047	Eleginus gracilis	bony fishes	saffron cod
ed82d2650ea7fde5a2aef0e3a1b0872b	gi|1772510427|gb|MH061097.1|	97.970	100	8.30e-89	197	8047	Eleginus gracilis	bony fishes	saffron cod
ed82d2650ea7fde5a2aef0e3a1b0872b	gi|1772510413|gb|MH061096.1|	97.970	100	8.30e-89	197	8047	Eleginus gracilis	bony fishes	saffron cod
ed82d2650ea7fde5a2aef0e3a1b0872b	gi|1772510399|gb|MH061095.1|	97.970	100	8.30e-89	197	8047	Eleginus gracilis	bony fishes	saffron cod
ed82d2650ea7fde5a2aef0e3a1b0872b	gi|1772510385|gb|MH061094.1|	97.970	100	8.30e-89	197	8047	Eleginus gracilis	bony fishes	saffron cod
ed82d2650ea7fde5a2aef0e3a1b0872b	gi|1772510371|gb|MH061093.1|	97.970	100	8.30e-89	197	8047	Eleginus gracilis	bony fishes	saffron cod
350f5f44cdbcba251d3d0743ee48d8a8	gi|821091582|gb|KP644368.1|	99.490	100	8.24e-94	196	34823	Microgadus tomcod	bony fishes	Atlantic tomcod
350f5f44cdbcba251d3d0743ee48d8a8	gi|2095925524|gb|OK172579.1|	98.980	100	3.83e-92	196	34823	Microgadus tomcod	bony fishes	Atlantic tomcod
350f5f44cdbcba251d3d0743ee48d8a8	gi|1772510469|gb|MH061100.1|	97.970	100	8.30e-89	197	8047	Eleginus gracilis	bony fishes	saffron cod
350f5f44cdbcba251d3d0743ee48d8a8	gi|1772510455|gb|MH061099.1|	97.970	100	8.30e-89	197	8047	Eleginus gracilis	bony fishes	saffron cod
350f5f44cdbcba251d3d0743ee48d8a8	gi|1772510441|gb|MH061098.1|	97.970	100	8.30e-89	197	8047	Eleginus gracilis	bony fishes	saffron cod
350f5f44cdbcba251d3d0743ee48d8a8	gi|1772510427|gb|MH061097.1|	97.970	100	8.30e-89	197	8047	Eleginus gracilis	bony fishes	saffron cod
350f5f44cdbcba251d3d0743ee48d8a8	gi|1772510413|gb|MH061096.1|	97.970	100	8.30e-89	197	8047	Eleginus gracilis	bony fishes	saffron cod
350f5f44cdbcba251d3d0743ee48d8a8	gi|1772510399|gb|MH061095.1|	97.970	100	8.30e-89	197	8047	Eleginus gracilis	bony fishes	saffron cod
350f5f44cdbcba251d3d0743ee48d8a8	gi|1772510385|gb|MH061094.1|	97.970	100	8.30e-89	197	8047	Eleginus gracilis	bony fishes	saffron cod
350f5f44cdbcba251d3d0743ee48d8a8	gi|1772510371|gb|MH061093.1|	97.970	100	8.30e-89	197	8047	Eleginus gracilis	bony fishes	saffron cod
6b470c0c0660d3e92c0944647b9c9d5b	gi|821091582|gb|KP644368.1|	98.980	100	3.83e-92	196	34823	Microgadus tomcod	bony fishes	Atlantic tomcod
6b470c0c0660d3e92c0944647b9c9d5b	gi|2095925524|gb|OK172579.1|	98.469	100	1.78e-90	196	34823	Microgadus tomcod	bony fishes	Atlantic tomcod
6b470c0c0660d3e92c0944647b9c9d5b	gi|1772510469|gb|MH061100.1|	97.462	100	3.86e-87	197	8047	Eleginus gracilis	bony fishes	saffron cod
6b470c0c0660d3e92c0944647b9c9d5b	gi|1772510455|gb|MH061099.1|	97.462	100	3.86e-87	197	8047	Eleginus gracilis	bony fishes	saffron cod
6b470c0c0660d3e92c0944647b9c9d5b	gi|1772510441|gb|MH061098.1|	97.462	100	3.86e-87	197	8047	Eleginus gracilis	bony fishes	saffron cod
6b470c0c0660d3e92c0944647b9c9d5b	gi|1772510427|gb|MH061097.1|	97.462	100	3.86e-87	197	8047	Eleginus gracilis	bony fishes	saffron cod
6b470c0c0660d3e92c0944647b9c9d5b	gi|1772510413|gb|MH061096.1|	97.462	100	3.86e-87	197	8047	Eleginus gracilis	bony fishes	saffron cod
6b470c0c0660d3e92c0944647b9c9d5b	gi|1772510399|gb|MH061095.1|	97.462	100	3.86e-87	197	8047	Eleginus gracilis	bony fishes	saffron cod
6b470c0c0660d3e92c0944647b9c9d5b	gi|1772510385|gb|MH061094.1|	97.462	100	3.86e-87	197	8047	Eleginus gracilis	bony fishes	saffron cod
6b470c0c0660d3e92c0944647b9c9d5b	gi|1772510371|gb|MH061093.1|	97.462	100	3.86e-87	197	8047	Eleginus gracilis	bony fishes	saffron cod
3d8e166a02943530d620bb7c49919305	gi|821091582|gb|KP644368.1|	99.490	100	8.24e-94	196	34823	Microgadus tomcod	bony fishes	Atlantic tomcod
3d8e166a02943530d620bb7c49919305	gi|2095925524|gb|OK172579.1|	98.980	100	3.83e-92	196	34823	Microgadus tomcod	bony fishes	Atlantic tomcod
3d8e166a02943530d620bb7c49919305	gi|1772510469|gb|MH061100.1|	97.970	100	8.30e-89	197	8047	Eleginus gracilis	bony fishes	saffron cod
3d8e166a02943530d620bb7c49919305	gi|1772510455|gb|MH061099.1|	97.970	100	8.30e-89	197	8047	Eleginus gracilis	bony fishes	saffron cod
3d8e166a02943530d620bb7c49919305	gi|1772510441|gb|MH061098.1|	97.970	100	8.30e-89	197	8047	Eleginus gracilis	bony fishes	saffron cod
3d8e166a02943530d620bb7c49919305	gi|1772510427|gb|MH061097.1|	97.970	100	8.30e-89	197	8047	Eleginus gracilis	bony fishes	saffron cod
3d8e166a02943530d620bb7c49919305	gi|1772510413|gb|MH061096.1|	97.970	100	8.30e-89	197	8047	Eleginus gracilis	bony fishes	saffron cod
3d8e166a02943530d620bb7c49919305	gi|1772510399|gb|MH061095.1|	97.970	100	8.30e-89	197	8047	Eleginus gracilis	bony fishes	saffron cod
3d8e166a02943530d620bb7c49919305	gi|1772510385|gb|MH061094.1|	97.970	100	8.30e-89	197	8047	Eleginus gracilis	bony fishes	saffron cod
3d8e166a02943530d620bb7c49919305	gi|1772510371|gb|MH061093.1|	97.970	100	8.30e-89	197	8047	Eleginus gracilis	bony fishes	saffron cod
8620b840519345f65138eb060ffd3f93	gi|821091582|gb|KP644368.1|	99.490	100	8.24e-94	196	34823	Microgadus tomcod	bony fishes	Atlantic tomcod
8620b840519345f65138eb060ffd3f93	gi|2095925524|gb|OK172579.1|	98.980	100	3.83e-92	196	34823	Microgadus tomcod	bony fishes	Atlantic tomcod
8620b840519345f65138eb060ffd3f93	gi|1772510469|gb|MH061100.1|	97.970	100	8.30e-89	197	8047	Eleginus gracilis	bony fishes	saffron cod
8620b840519345f65138eb060ffd3f93	gi|1772510455|gb|MH061099.1|	97.970	100	8.30e-89	197	8047	Eleginus gracilis	bony fishes	saffron cod
8620b840519345f65138eb060ffd3f93	gi|1772510441|gb|MH061098.1|	97.970	100	8.30e-89	197	8047	Eleginus gracilis	bony fishes	saffron cod
8620b840519345f65138eb060ffd3f93	gi|1772510427|gb|MH061097.1|	97.970	100	8.30e-89	197	8047	Eleginus gracilis	bony fishes	saffron cod
8620b840519345f65138eb060ffd3f93	gi|1772510413|gb|MH061096.1|	97.970	100	8.30e-89	197	8047	Eleginus gracilis	bony fishes	saffron cod
8620b840519345f65138eb060ffd3f93	gi|1772510399|gb|MH061095.1|	97.970	100	8.30e-89	197	8047	Eleginus gracilis	bony fishes	saffron cod
8620b840519345f65138eb060ffd3f93	gi|1772510385|gb|MH061094.1|	97.970	100	8.30e-89	197	8047	Eleginus gracilis	bony fishes	saffron cod
8620b840519345f65138eb060ffd3f93	gi|1772510371|gb|MH061093.1|	97.970	100	8.30e-89	197	8047	Eleginus gracilis	bony fishes	saffron cod
508ab8f50ca0a8b796413c6436b449d9	gi|821091582|gb|KP644368.1|	99.490	100	8.24e-94	196	34823	Microgadus tomcod	bony fishes	Atlantic tomcod
508ab8f50ca0a8b796413c6436b449d9	gi|2095925524|gb|OK172579.1|	98.980	100	3.83e-92	196	34823	Microgadus tomcod	bony fishes	Atlantic tomcod
508ab8f50ca0a8b796413c6436b449d9	gi|1772510469|gb|MH061100.1|	97.970	100	8.30e-89	197	8047	Eleginus gracilis	bony fishes	saffron cod
508ab8f50ca0a8b796413c6436b449d9	gi|1772510455|gb|MH061099.1|	97.970	100	8.30e-89	197	8047	Eleginus gracilis	bony fishes	saffron cod
508ab8f50ca0a8b796413c6436b449d9	gi|1772510441|gb|MH061098.1|	97.970	100	8.30e-89	197	8047	Eleginus gracilis	bony fishes	saffron cod
508ab8f50ca0a8b796413c6436b449d9	gi|1772510427|gb|MH061097.1|	97.970	100	8.30e-89	197	8047	Eleginus gracilis	bony fishes	saffron cod
508ab8f50ca0a8b796413c6436b449d9	gi|1772510413|gb|MH061096.1|	97.970	100	8.30e-89	197	8047	Eleginus gracilis	bony fishes	saffron cod
508ab8f50ca0a8b796413c6436b449d9	gi|1772510399|gb|MH061095.1|	97.970	100	8.30e-89	197	8047	Eleginus gracilis	bony fishes	saffron cod
508ab8f50ca0a8b796413c6436b449d9	gi|1772510385|gb|MH061094.1|	97.970	100	8.30e-89	197	8047	Eleginus gracilis	bony fishes	saffron cod
508ab8f50ca0a8b796413c6436b449d9	gi|1772510371|gb|MH061093.1|	97.970	100	8.30e-89	197	8047	Eleginus gracilis	bony fishes	saffron cod
901e69ca303b57e0aa5856a8f7eccd9a	gi|1799624477|gb|MN122852.1|	100.000	100	6.33e-95	195	8049	Gadus morhua	bony fishes	Atlantic cod
901e69ca303b57e0aa5856a8f7eccd9a	gi|1783586359|gb|MH035595.1|	100.000	100	6.33e-95	195	1042646	Gadus chalcogrammus	bony fishes	walleye pollock
901e69ca303b57e0aa5856a8f7eccd9a	gi|1783586345|gb|MH035594.1|	100.000	100	6.33e-95	195	1042646	Gadus chalcogrammus	bony fishes	walleye pollock
901e69ca303b57e0aa5856a8f7eccd9a	gi|2891888019|gb|PP467776.1|	100.000	100	6.33e-95	195	8049	Gadus morhua	bony fishes	Atlantic cod
901e69ca303b57e0aa5856a8f7eccd9a	gi|1593084251|emb|LS999407.1|	100.000	100	6.33e-95	195	8049	Gadus morhua	bony fishes	Atlantic cod
901e69ca303b57e0aa5856a8f7eccd9a	gi|1593084237|emb|LS999106.1|	100.000	100	6.33e-95	195	8049	Gadus morhua	bony fishes	Atlantic cod
901e69ca303b57e0aa5856a8f7eccd9a	gi|1593084223|emb|LS999105.1|	100.000	100	6.33e-95	195	8049	Gadus morhua	bony fishes	Atlantic cod
901e69ca303b57e0aa5856a8f7eccd9a	gi|1593084181|emb|LS999102.1|	100.000	100	6.33e-95	195	8049	Gadus morhua	bony fishes	Atlantic cod
901e69ca303b57e0aa5856a8f7eccd9a	gi|1593084167|emb|LS999101.1|	100.000	100	6.33e-95	195	8049	Gadus morhua	bony fishes	Atlantic cod
901e69ca303b57e0aa5856a8f7eccd9a	gi|1593084153|emb|LS999100.1|	100.000	100	6.33e-95	195	8049	Gadus morhua	bony fishes	Atlantic cod
8c8e3cc97519003ac04542d8898bb5dd	gi|1799624477|gb|MN122852.1|	99.487	100	2.95e-93	195	8049	Gadus morhua	bony fishes	Atlantic cod
8c8e3cc97519003ac04542d8898bb5dd	gi|1783586359|gb|MH035595.1|	99.487	100	2.95e-93	195	1042646	Gadus chalcogrammus	bony fishes	walleye pollock
8c8e3cc97519003ac04542d8898bb5dd	gi|1783586345|gb|MH035594.1|	99.487	100	2.95e-93	195	1042646	Gadus chalcogrammus	bony fishes	walleye pollock
8c8e3cc97519003ac04542d8898bb5dd	gi|2891888019|gb|PP467776.1|	99.487	100	2.95e-93	195	8049	Gadus morhua	bony fishes	Atlantic cod
8c8e3cc97519003ac04542d8898bb5dd	gi|1593084251|emb|LS999407.1|	99.487	100	2.95e-93	195	8049	Gadus morhua	bony fishes	Atlantic cod
8c8e3cc97519003ac04542d8898bb5dd	gi|1593084237|emb|LS999106.1|	99.487	100	2.95e-93	195	8049	Gadus morhua	bony fishes	Atlantic cod
8c8e3cc97519003ac04542d8898bb5dd	gi|1593084223|emb|LS999105.1|	99.487	100	2.95e-93	195	8049	Gadus morhua	bony fishes	Atlantic cod
8c8e3cc97519003ac04542d8898bb5dd	gi|1593084181|emb|LS999102.1|	99.487	100	2.95e-93	195	8049	Gadus morhua	bony fishes	Atlantic cod
8c8e3cc97519003ac04542d8898bb5dd	gi|1593084167|emb|LS999101.1|	99.487	100	2.95e-93	195	8049	Gadus morhua	bony fishes	Atlantic cod
8c8e3cc97519003ac04542d8898bb5dd	gi|1593084153|emb|LS999100.1|	99.487	100	2.95e-93	195	8049	Gadus morhua	bony fishes	Atlantic cod
dde861d9ac0a4779d517bdb9df31b5a8	gi|821091582|gb|KP644368.1|	98.980	100	3.83e-92	196	34823	Microgadus tomcod	bony fishes	Atlantic tomcod
dde861d9ac0a4779d517bdb9df31b5a8	gi|2095925524|gb|OK172579.1|	98.980	100	3.83e-92	196	34823	Microgadus tomcod	bony fishes	Atlantic tomcod
dde861d9ac0a4779d517bdb9df31b5a8	gi|1772510469|gb|MH061100.1|	98.477	100	1.78e-90	197	8047	Eleginus gracilis	bony fishes	saffron cod
dde861d9ac0a4779d517bdb9df31b5a8	gi|1772510455|gb|MH061099.1|	98.477	100	1.78e-90	197	8047	Eleginus gracilis	bony fishes	saffron cod
dde861d9ac0a4779d517bdb9df31b5a8	gi|1772510441|gb|MH061098.1|	98.477	100	1.78e-90	197	8047	Eleginus gracilis	bony fishes	saffron cod
dde861d9ac0a4779d517bdb9df31b5a8	gi|1772510427|gb|MH061097.1|	98.477	100	1.78e-90	197	8047	Eleginus gracilis	bony fishes	saffron cod
dde861d9ac0a4779d517bdb9df31b5a8	gi|1772510413|gb|MH061096.1|	98.477	100	1.78e-90	197	8047	Eleginus gracilis	bony fishes	saffron cod
dde861d9ac0a4779d517bdb9df31b5a8	gi|1772510399|gb|MH061095.1|	98.477	100	1.78e-90	197	8047	Eleginus gracilis	bony fishes	saffron cod
dde861d9ac0a4779d517bdb9df31b5a8	gi|1772510385|gb|MH061094.1|	98.477	100	1.78e-90	197	8047	Eleginus gracilis	bony fishes	saffron cod
dde861d9ac0a4779d517bdb9df31b5a8	gi|1772510371|gb|MH061093.1|	98.477	100	1.78e-90	197	8047	Eleginus gracilis	bony fishes	saffron cod
9d28e2d36602de30c13c863abeb4a561	gi|821091582|gb|KP644368.1|	99.490	100	8.24e-94	196	34823	Microgadus tomcod	bony fishes	Atlantic tomcod
9d28e2d36602de30c13c863abeb4a561	gi|2095925524|gb|OK172579.1|	98.980	100	3.83e-92	196	34823	Microgadus tomcod	bony fishes	Atlantic tomcod
9d28e2d36602de30c13c863abeb4a561	gi|1772510469|gb|MH061100.1|	97.970	100	8.30e-89	197	8047	Eleginus gracilis	bony fishes	saffron cod
9d28e2d36602de30c13c863abeb4a561	gi|1772510455|gb|MH061099.1|	97.970	100	8.30e-89	197	8047	Eleginus gracilis	bony fishes	saffron cod
9d28e2d36602de30c13c863abeb4a561	gi|1772510441|gb|MH061098.1|	97.970	100	8.30e-89	197	8047	Eleginus gracilis	bony fishes	saffron cod
9d28e2d36602de30c13c863abeb4a561	gi|1772510427|gb|MH061097.1|	97.970	100	8.30e-89	197	8047	Eleginus gracilis	bony fishes	saffron cod
9d28e2d36602de30c13c863abeb4a561	gi|1772510413|gb|MH061096.1|	97.970	100	8.30e-89	197	8047	Eleginus gracilis	bony fishes	saffron cod
9d28e2d36602de30c13c863abeb4a561	gi|1772510399|gb|MH061095.1|	97.970	100	8.30e-89	197	8047	Eleginus gracilis	bony fishes	saffron cod
9d28e2d36602de30c13c863abeb4a561	gi|1772510385|gb|MH061094.1|	97.970	100	8.30e-89	197	8047	Eleginus gracilis	bony fishes	saffron cod
9d28e2d36602de30c13c863abeb4a561	gi|1772510371|gb|MH061093.1|	97.970	100	8.30e-89	197	8047	Eleginus gracilis	bony fishes	saffron cod
265a5181737646f17fc2a675c20afc1d	gi|821091582|gb|KP644368.1|	98.980	100	3.83e-92	196	34823	Microgadus tomcod	bony fishes	Atlantic tomcod
265a5181737646f17fc2a675c20afc1d	gi|2095925524|gb|OK172579.1|	98.469	100	1.78e-90	196	34823	Microgadus tomcod	bony fishes	Atlantic tomcod
265a5181737646f17fc2a675c20afc1d	gi|1772510469|gb|MH061100.1|	97.462	100	3.86e-87	197	8047	Eleginus gracilis	bony fishes	saffron cod
265a5181737646f17fc2a675c20afc1d	gi|1772510455|gb|MH061099.1|	97.462	100	3.86e-87	197	8047	Eleginus gracilis	bony fishes	saffron cod
265a5181737646f17fc2a675c20afc1d	gi|1772510441|gb|MH061098.1|	97.462	100	3.86e-87	197	8047	Eleginus gracilis	bony fishes	saffron cod
265a5181737646f17fc2a675c20afc1d	gi|1772510427|gb|MH061097.1|	97.462	100	3.86e-87	197	8047	Eleginus gracilis	bony fishes	saffron cod
265a5181737646f17fc2a675c20afc1d	gi|1772510413|gb|MH061096.1|	97.462	100	3.86e-87	197	8047	Eleginus gracilis	bony fishes	saffron cod
265a5181737646f17fc2a675c20afc1d	gi|1772510399|gb|MH061095.1|	97.462	100	3.86e-87	197	8047	Eleginus gracilis	bony fishes	saffron cod
265a5181737646f17fc2a675c20afc1d	gi|1772510385|gb|MH061094.1|	97.462	100	3.86e-87	197	8047	Eleginus gracilis	bony fishes	saffron cod
265a5181737646f17fc2a675c20afc1d	gi|1772510371|gb|MH061093.1|	97.462	100	3.86e-87	197	8047	Eleginus gracilis	bony fishes	saffron cod
4b5fe3f69d9b72d1f5c7262efd8b8814	gi|821091582|gb|KP644368.1|	99.490	100	8.24e-94	196	34823	Microgadus tomcod	bony fishes	Atlantic tomcod
4b5fe3f69d9b72d1f5c7262efd8b8814	gi|2095925524|gb|OK172579.1|	98.980	100	3.83e-92	196	34823	Microgadus tomcod	bony fishes	Atlantic tomcod
4b5fe3f69d9b72d1f5c7262efd8b8814	gi|1772510469|gb|MH061100.1|	97.970	100	8.30e-89	197	8047	Eleginus gracilis	bony fishes	saffron cod
4b5fe3f69d9b72d1f5c7262efd8b8814	gi|1772510455|gb|MH061099.1|	97.970	100	8.30e-89	197	8047	Eleginus gracilis	bony fishes	saffron cod
4b5fe3f69d9b72d1f5c7262efd8b8814	gi|1772510441|gb|MH061098.1|	97.970	100	8.30e-89	197	8047	Eleginus gracilis	bony fishes	saffron cod
4b5fe3f69d9b72d1f5c7262efd8b8814	gi|1772510427|gb|MH061097.1|	97.970	100	8.30e-89	197	8047	Eleginus gracilis	bony fishes	saffron cod
4b5fe3f69d9b72d1f5c7262efd8b8814	gi|1772510413|gb|MH061096.1|	97.970	100	8.30e-89	197	8047	Eleginus gracilis	bony fishes	saffron cod
4b5fe3f69d9b72d1f5c7262efd8b8814	gi|1772510399|gb|MH061095.1|	97.970	100	8.30e-89	197	8047	Eleginus gracilis	bony fishes	saffron cod
4b5fe3f69d9b72d1f5c7262efd8b8814	gi|1772510385|gb|MH061094.1|	97.970	100	8.30e-89	197	8047	Eleginus gracilis	bony fishes	saffron cod
4b5fe3f69d9b72d1f5c7262efd8b8814	gi|1772510371|gb|MH061093.1|	97.970	100	8.30e-89	197	8047	Eleginus gracilis	bony fishes	saffron cod
8e2b44d4000bfc8aa1c6075d951e932f	gi|821091582|gb|KP644368.1|	98.980	100	3.83e-92	196	34823	Microgadus tomcod	bony fishes	Atlantic tomcod
8e2b44d4000bfc8aa1c6075d951e932f	gi|2095925524|gb|OK172579.1|	98.469	100	1.78e-90	196	34823	Microgadus tomcod	bony fishes	Atlantic tomcod
8e2b44d4000bfc8aa1c6075d951e932f	gi|1772510469|gb|MH061100.1|	97.462	100	3.86e-87	197	8047	Eleginus gracilis	bony fishes	saffron cod
8e2b44d4000bfc8aa1c6075d951e932f	gi|1772510455|gb|MH061099.1|	97.462	100	3.86e-87	197	8047	Eleginus gracilis	bony fishes	saffron cod
8e2b44d4000bfc8aa1c6075d951e932f	gi|1772510441|gb|MH061098.1|	97.462	100	3.86e-87	197	8047	Eleginus gracilis	bony fishes	saffron cod
8e2b44d4000bfc8aa1c6075d951e932f	gi|1772510427|gb|MH061097.1|	97.462	100	3.86e-87	197	8047	Eleginus gracilis	bony fishes	saffron cod
8e2b44d4000bfc8aa1c6075d951e932f	gi|1772510413|gb|MH061096.1|	97.462	100	3.86e-87	197	8047	Eleginus gracilis	bony fishes	saffron cod
8e2b44d4000bfc8aa1c6075d951e932f	gi|1772510399|gb|MH061095.1|	97.462	100	3.86e-87	197	8047	Eleginus gracilis	bony fishes	saffron cod
8e2b44d4000bfc8aa1c6075d951e932f	gi|1772510385|gb|MH061094.1|	97.462	100	3.86e-87	197	8047	Eleginus gracilis	bony fishes	saffron cod
8e2b44d4000bfc8aa1c6075d951e932f	gi|1772510371|gb|MH061093.1|	97.462	100	3.86e-87	197	8047	Eleginus gracilis	bony fishes	saffron cod
d975d66de159bc5a6b3b30d05d244952	gi|821091582|gb|KP644368.1|	98.980	100	3.83e-92	196	34823	Microgadus tomcod	bony fishes	Atlantic tomcod
d975d66de159bc5a6b3b30d05d244952	gi|2095925524|gb|OK172579.1|	98.469	100	1.78e-90	196	34823	Microgadus tomcod	bony fishes	Atlantic tomcod
d975d66de159bc5a6b3b30d05d244952	gi|1772510469|gb|MH061100.1|	97.462	100	3.86e-87	197	8047	Eleginus gracilis	bony fishes	saffron cod
d975d66de159bc5a6b3b30d05d244952	gi|1772510455|gb|MH061099.1|	97.462	100	3.86e-87	197	8047	Eleginus gracilis	bony fishes	saffron cod
d975d66de159bc5a6b3b30d05d244952	gi|1772510441|gb|MH061098.1|	97.462	100	3.86e-87	197	8047	Eleginus gracilis	bony fishes	saffron cod
d975d66de159bc5a6b3b30d05d244952	gi|1772510427|gb|MH061097.1|	97.462	100	3.86e-87	197	8047	Eleginus gracilis	bony fishes	saffron cod
d975d66de159bc5a6b3b30d05d244952	gi|1772510413|gb|MH061096.1|	97.462	100	3.86e-87	197	8047	Eleginus gracilis	bony fishes	saffron cod
d975d66de159bc5a6b3b30d05d244952	gi|1772510399|gb|MH061095.1|	97.462	100	3.86e-87	197	8047	Eleginus gracilis	bony fishes	saffron cod
d975d66de159bc5a6b3b30d05d244952	gi|1772510385|gb|MH061094.1|	97.462	100	3.86e-87	197	8047	Eleginus gracilis	bony fishes	saffron cod
d975d66de159bc5a6b3b30d05d244952	gi|1772510371|gb|MH061093.1|	97.462	100	3.86e-87	197	8047	Eleginus gracilis	bony fishes	saffron cod
bcb1d549b1996cd7f5d6e32e56a095ac	gi|821091582|gb|KP644368.1|	99.490	100	8.24e-94	196	34823	Microgadus tomcod	bony fishes	Atlantic tomcod
bcb1d549b1996cd7f5d6e32e56a095ac	gi|2095925524|gb|OK172579.1|	98.980	100	3.83e-92	196	34823	Microgadus tomcod	bony fishes	Atlantic tomcod
bcb1d549b1996cd7f5d6e32e56a095ac	gi|1772510469|gb|MH061100.1|	97.970	100	8.30e-89	197	8047	Eleginus gracilis	bony fishes	saffron cod
bcb1d549b1996cd7f5d6e32e56a095ac	gi|1772510455|gb|MH061099.1|	97.970	100	8.30e-89	197	8047	Eleginus gracilis	bony fishes	saffron cod
bcb1d549b1996cd7f5d6e32e56a095ac	gi|1772510441|gb|MH061098.1|	97.970	100	8.30e-89	197	8047	Eleginus gracilis	bony fishes	saffron cod
bcb1d549b1996cd7f5d6e32e56a095ac	gi|1772510427|gb|MH061097.1|	97.970	100	8.30e-89	197	8047	Eleginus gracilis	bony fishes	saffron cod
bcb1d549b1996cd7f5d6e32e56a095ac	gi|1772510413|gb|MH061096.1|	97.970	100	8.30e-89	197	8047	Eleginus gracilis	bony fishes	saffron cod
bcb1d549b1996cd7f5d6e32e56a095ac	gi|1772510399|gb|MH061095.1|	97.970	100	8.30e-89	197	8047	Eleginus gracilis	bony fishes	saffron cod
bcb1d549b1996cd7f5d6e32e56a095ac	gi|1772510385|gb|MH061094.1|	97.970	100	8.30e-89	197	8047	Eleginus gracilis	bony fishes	saffron cod
bcb1d549b1996cd7f5d6e32e56a095ac	gi|1772510371|gb|MH061093.1|	97.970	100	8.30e-89	197	8047	Eleginus gracilis	bony fishes	saffron cod
ceea541f70467f9df0f281bbda79b9a7	gi|821091582|gb|KP644368.1|	99.490	100	8.24e-94	196	34823	Microgadus tomcod	bony fishes	Atlantic tomcod
ceea541f70467f9df0f281bbda79b9a7	gi|2095925524|gb|OK172579.1|	98.980	100	3.83e-92	196	34823	Microgadus tomcod	bony fishes	Atlantic tomcod
ceea541f70467f9df0f281bbda79b9a7	gi|1772510469|gb|MH061100.1|	97.970	100	8.30e-89	197	8047	Eleginus gracilis	bony fishes	saffron cod
ceea541f70467f9df0f281bbda79b9a7	gi|1772510455|gb|MH061099.1|	97.970	100	8.30e-89	197	8047	Eleginus gracilis	bony fishes	saffron cod
ceea541f70467f9df0f281bbda79b9a7	gi|1772510441|gb|MH061098.1|	97.970	100	8.30e-89	197	8047	Eleginus gracilis	bony fishes	saffron cod
ceea541f70467f9df0f281bbda79b9a7	gi|1772510427|gb|MH061097.1|	97.970	100	8.30e-89	197	8047	Eleginus gracilis	bony fishes	saffron cod
ceea541f70467f9df0f281bbda79b9a7	gi|1772510413|gb|MH061096.1|	97.970	100	8.30e-89	197	8047	Eleginus gracilis	bony fishes	saffron cod
ceea541f70467f9df0f281bbda79b9a7	gi|1772510399|gb|MH061095.1|	97.970	100	8.30e-89	197	8047	Eleginus gracilis	bony fishes	saffron cod
ceea541f70467f9df0f281bbda79b9a7	gi|1772510385|gb|MH061094.1|	97.970	100	8.30e-89	197	8047	Eleginus gracilis	bony fishes	saffron cod
ceea541f70467f9df0f281bbda79b9a7	gi|1772510371|gb|MH061093.1|	97.970	100	8.30e-89	197	8047	Eleginus gracilis	bony fishes	saffron cod
712e3739c2ebbb7f4770c1412f48112b	gi|821091582|gb|KP644368.1|	99.490	100	8.24e-94	196	34823	Microgadus tomcod	bony fishes	Atlantic tomcod
712e3739c2ebbb7f4770c1412f48112b	gi|2095925524|gb|OK172579.1|	98.980	100	3.83e-92	196	34823	Microgadus tomcod	bony fishes	Atlantic tomcod
712e3739c2ebbb7f4770c1412f48112b	gi|1772510469|gb|MH061100.1|	97.970	100	8.30e-89	197	8047	Eleginus gracilis	bony fishes	saffron cod
712e3739c2ebbb7f4770c1412f48112b	gi|1772510455|gb|MH061099.1|	97.970	100	8.30e-89	197	8047	Eleginus gracilis	bony fishes	saffron cod
712e3739c2ebbb7f4770c1412f48112b	gi|1772510441|gb|MH061098.1|	97.970	100	8.30e-89	197	8047	Eleginus gracilis	bony fishes	saffron cod
712e3739c2ebbb7f4770c1412f48112b	gi|1772510427|gb|MH061097.1|	97.970	100	8.30e-89	197	8047	Eleginus gracilis	bony fishes	saffron cod
712e3739c2ebbb7f4770c1412f48112b	gi|1772510413|gb|MH061096.1|	97.970	100	8.30e-89	197	8047	Eleginus gracilis	bony fishes	saffron cod
712e3739c2ebbb7f4770c1412f48112b	gi|1772510399|gb|MH061095.1|	97.970	100	8.30e-89	197	8047	Eleginus gracilis	bony fishes	saffron cod
712e3739c2ebbb7f4770c1412f48112b	gi|1772510385|gb|MH061094.1|	97.970	100	8.30e-89	197	8047	Eleginus gracilis	bony fishes	saffron cod
712e3739c2ebbb7f4770c1412f48112b	gi|1772510371|gb|MH061093.1|	97.970	100	8.30e-89	197	8047	Eleginus gracilis	bony fishes	saffron cod
a60b468ea5db1965f60bf78dd7e71317	gi|821091582|gb|KP644368.1|	98.980	100	3.83e-92	196	34823	Microgadus tomcod	bony fishes	Atlantic tomcod
a60b468ea5db1965f60bf78dd7e71317	gi|2095925524|gb|OK172579.1|	98.469	100	1.78e-90	196	34823	Microgadus tomcod	bony fishes	Atlantic tomcod
a60b468ea5db1965f60bf78dd7e71317	gi|1772510469|gb|MH061100.1|	97.462	100	3.86e-87	197	8047	Eleginus gracilis	bony fishes	saffron cod
a60b468ea5db1965f60bf78dd7e71317	gi|1772510455|gb|MH061099.1|	97.462	100	3.86e-87	197	8047	Eleginus gracilis	bony fishes	saffron cod
a60b468ea5db1965f60bf78dd7e71317	gi|1772510441|gb|MH061098.1|	97.462	100	3.86e-87	197	8047	Eleginus gracilis	bony fishes	saffron cod
a60b468ea5db1965f60bf78dd7e71317	gi|1772510427|gb|MH061097.1|	97.462	100	3.86e-87	197	8047	Eleginus gracilis	bony fishes	saffron cod
a60b468ea5db1965f60bf78dd7e71317	gi|1772510413|gb|MH061096.1|	97.462	100	3.86e-87	197	8047	Eleginus gracilis	bony fishes	saffron cod
a60b468ea5db1965f60bf78dd7e71317	gi|1772510399|gb|MH061095.1|	97.462	100	3.86e-87	197	8047	Eleginus gracilis	bony fishes	saffron cod
a60b468ea5db1965f60bf78dd7e71317	gi|1772510385|gb|MH061094.1|	97.462	100	3.86e-87	197	8047	Eleginus gracilis	bony fishes	saffron cod
a60b468ea5db1965f60bf78dd7e71317	gi|1772510371|gb|MH061093.1|	97.462	100	3.86e-87	197	8047	Eleginus gracilis	bony fishes	saffron cod
7798cf2ae16b7de2b3576e82bc888ca4	gi|821091582|gb|KP644368.1|	98.980	100	3.83e-92	196	34823	Microgadus tomcod	bony fishes	Atlantic tomcod
7798cf2ae16b7de2b3576e82bc888ca4	gi|2095925524|gb|OK172579.1|	98.469	100	1.78e-90	196	34823	Microgadus tomcod	bony fishes	Atlantic tomcod
7798cf2ae16b7de2b3576e82bc888ca4	gi|1772510469|gb|MH061100.1|	97.462	100	3.86e-87	197	8047	Eleginus gracilis	bony fishes	saffron cod
7798cf2ae16b7de2b3576e82bc888ca4	gi|1772510455|gb|MH061099.1|	97.462	100	3.86e-87	197	8047	Eleginus gracilis	bony fishes	saffron cod
7798cf2ae16b7de2b3576e82bc888ca4	gi|1772510441|gb|MH061098.1|	97.462	100	3.86e-87	197	8047	Eleginus gracilis	bony fishes	saffron cod
7798cf2ae16b7de2b3576e82bc888ca4	gi|1772510427|gb|MH061097.1|	97.462	100	3.86e-87	197	8047	Eleginus gracilis	bony fishes	saffron cod
7798cf2ae16b7de2b3576e82bc888ca4	gi|1772510413|gb|MH061096.1|	97.462	100	3.86e-87	197	8047	Eleginus gracilis	bony fishes	saffron cod
7798cf2ae16b7de2b3576e82bc888ca4	gi|1772510399|gb|MH061095.1|	97.462	100	3.86e-87	197	8047	Eleginus gracilis	bony fishes	saffron cod
7798cf2ae16b7de2b3576e82bc888ca4	gi|1772510385|gb|MH061094.1|	97.462	100	3.86e-87	197	8047	Eleginus gracilis	bony fishes	saffron cod
7798cf2ae16b7de2b3576e82bc888ca4	gi|1772510371|gb|MH061093.1|	97.462	100	3.86e-87	197	8047	Eleginus gracilis	bony fishes	saffron cod
644cafdf8aeb52cb9245843f37eb0922	gi|821091582|gb|KP644368.1|	99.490	100	8.24e-94	196	34823	Microgadus tomcod	bony fishes	Atlantic tomcod
644cafdf8aeb52cb9245843f37eb0922	gi|2095925524|gb|OK172579.1|	98.980	100	3.83e-92	196	34823	Microgadus tomcod	bony fishes	Atlantic tomcod
644cafdf8aeb52cb9245843f37eb0922	gi|1772510469|gb|MH061100.1|	97.970	100	8.30e-89	197	8047	Eleginus gracilis	bony fishes	saffron cod
644cafdf8aeb52cb9245843f37eb0922	gi|1772510455|gb|MH061099.1|	97.970	100	8.30e-89	197	8047	Eleginus gracilis	bony fishes	saffron cod
644cafdf8aeb52cb9245843f37eb0922	gi|1772510441|gb|MH061098.1|	97.970	100	8.30e-89	197	8047	Eleginus gracilis	bony fishes	saffron cod
644cafdf8aeb52cb9245843f37eb0922	gi|1772510427|gb|MH061097.1|	97.970	100	8.30e-89	197	8047	Eleginus gracilis	bony fishes	saffron cod
644cafdf8aeb52cb9245843f37eb0922	gi|1772510413|gb|MH061096.1|	97.970	100	8.30e-89	197	8047	Eleginus gracilis	bony fishes	saffron cod
644cafdf8aeb52cb9245843f37eb0922	gi|1772510399|gb|MH061095.1|	97.970	100	8.30e-89	197	8047	Eleginus gracilis	bony fishes	saffron cod
644cafdf8aeb52cb9245843f37eb0922	gi|1772510385|gb|MH061094.1|	97.970	100	8.30e-89	197	8047	Eleginus gracilis	bony fishes	saffron cod
644cafdf8aeb52cb9245843f37eb0922	gi|1772510371|gb|MH061093.1|	97.970	100	8.30e-89	197	8047	Eleginus gracilis	bony fishes	saffron cod
eae22efa7a30c60df00ea67fc365c9d7	gi|821091582|gb|KP644368.1|	100.000	100	1.77e-95	196	34823	Microgadus tomcod	bony fishes	Atlantic tomcod
eae22efa7a30c60df00ea67fc365c9d7	gi|2095925524|gb|OK172579.1|	99.490	100	8.24e-94	196	34823	Microgadus tomcod	bony fishes	Atlantic tomcod
eae22efa7a30c60df00ea67fc365c9d7	gi|1772510469|gb|MH061100.1|	98.477	100	1.78e-90	197	8047	Eleginus gracilis	bony fishes	saffron cod
eae22efa7a30c60df00ea67fc365c9d7	gi|1772510455|gb|MH061099.1|	98.477	100	1.78e-90	197	8047	Eleginus gracilis	bony fishes	saffron cod
eae22efa7a30c60df00ea67fc365c9d7	gi|1772510441|gb|MH061098.1|	98.477	100	1.78e-90	197	8047	Eleginus gracilis	bony fishes	saffron cod
eae22efa7a30c60df00ea67fc365c9d7	gi|1772510427|gb|MH061097.1|	98.477	100	1.78e-90	197	8047	Eleginus gracilis	bony fishes	saffron cod
eae22efa7a30c60df00ea67fc365c9d7	gi|1772510413|gb|MH061096.1|	98.477	100	1.78e-90	197	8047	Eleginus gracilis	bony fishes	saffron cod
eae22efa7a30c60df00ea67fc365c9d7	gi|1772510399|gb|MH061095.1|	98.477	100	1.78e-90	197	8047	Eleginus gracilis	bony fishes	saffron cod
eae22efa7a30c60df00ea67fc365c9d7	gi|1772510385|gb|MH061094.1|	98.477	100	1.78e-90	197	8047	Eleginus gracilis	bony fishes	saffron cod
eae22efa7a30c60df00ea67fc365c9d7	gi|1772510371|gb|MH061093.1|	98.477	100	1.78e-90	197	8047	Eleginus gracilis	bony fishes	saffron cod
dd4e241c8c518c731e7cc17b138a274f	gi|821091582|gb|KP644368.1|	100.000	91	1.99e-95	196	34823	Microgadus tomcod	bony fishes	Atlantic tomcod
dd4e241c8c518c731e7cc17b138a274f	gi|2095925524|gb|OK172579.1|	99.490	91	9.27e-94	196	34823	Microgadus tomcod	bony fishes	Atlantic tomcod
dd4e241c8c518c731e7cc17b138a274f	gi|1772510469|gb|MH061100.1|	98.477	91	2.01e-90	197	8047	Eleginus gracilis	bony fishes	saffron cod
dd4e241c8c518c731e7cc17b138a274f	gi|1772510455|gb|MH061099.1|	98.477	91	2.01e-90	197	8047	Eleginus gracilis	bony fishes	saffron cod
dd4e241c8c518c731e7cc17b138a274f	gi|1772510441|gb|MH061098.1|	98.477	91	2.01e-90	197	8047	Eleginus gracilis	bony fishes	saffron cod
dd4e241c8c518c731e7cc17b138a274f	gi|1772510427|gb|MH061097.1|	98.477	91	2.01e-90	197	8047	Eleginus gracilis	bony fishes	saffron cod
dd4e241c8c518c731e7cc17b138a274f	gi|1772510413|gb|MH061096.1|	98.477	91	2.01e-90	197	8047	Eleginus gracilis	bony fishes	saffron cod
dd4e241c8c518c731e7cc17b138a274f	gi|1772510399|gb|MH061095.1|	98.477	91	2.01e-90	197	8047	Eleginus gracilis	bony fishes	saffron cod
dd4e241c8c518c731e7cc17b138a274f	gi|1772510385|gb|MH061094.1|	98.477	91	2.01e-90	197	8047	Eleginus gracilis	bony fishes	saffron cod
dd4e241c8c518c731e7cc17b138a274f	gi|1772510371|gb|MH061093.1|	98.477	91	2.01e-90	197	8047	Eleginus gracilis	bony fishes	saffron cod
737832e3be7fd6878ffd289d158fccd0	gi|821091582|gb|KP644368.1|	100.000	90	7.21e-95	195	34823	Microgadus tomcod	bony fishes	Atlantic tomcod
737832e3be7fd6878ffd289d158fccd0	gi|2095925524|gb|OK172579.1|	99.487	90	3.35e-93	195	34823	Microgadus tomcod	bony fishes	Atlantic tomcod
737832e3be7fd6878ffd289d158fccd0	gi|1772510469|gb|MH061100.1|	98.469	90	7.26e-90	196	8047	Eleginus gracilis	bony fishes	saffron cod
737832e3be7fd6878ffd289d158fccd0	gi|1772510455|gb|MH061099.1|	98.469	90	7.26e-90	196	8047	Eleginus gracilis	bony fishes	saffron cod
737832e3be7fd6878ffd289d158fccd0	gi|1772510441|gb|MH061098.1|	98.469	90	7.26e-90	196	8047	Eleginus gracilis	bony fishes	saffron cod
737832e3be7fd6878ffd289d158fccd0	gi|1772510427|gb|MH061097.1|	98.469	90	7.26e-90	196	8047	Eleginus gracilis	bony fishes	saffron cod
737832e3be7fd6878ffd289d158fccd0	gi|1772510413|gb|MH061096.1|	98.469	90	7.26e-90	196	8047	Eleginus gracilis	bony fishes	saffron cod
737832e3be7fd6878ffd289d158fccd0	gi|1772510399|gb|MH061095.1|	98.469	90	7.26e-90	196	8047	Eleginus gracilis	bony fishes	saffron cod
737832e3be7fd6878ffd289d158fccd0	gi|1772510385|gb|MH061094.1|	98.469	90	7.26e-90	196	8047	Eleginus gracilis	bony fishes	saffron cod
737832e3be7fd6878ffd289d158fccd0	gi|1772510371|gb|MH061093.1|	98.469	90	7.26e-90	196	8047	Eleginus gracilis	bony fishes	saffron cod
8d1ac2a92e5e7c0ab65e4de607e55d7a	gi|821091582|gb|KP644368.1|	99.490	100	8.24e-94	196	34823	Microgadus tomcod	bony fishes	Atlantic tomcod
8d1ac2a92e5e7c0ab65e4de607e55d7a	gi|2095925524|gb|OK172579.1|	98.980	100	3.83e-92	196	34823	Microgadus tomcod	bony fishes	Atlantic tomcod
8d1ac2a92e5e7c0ab65e4de607e55d7a	gi|1772510469|gb|MH061100.1|	97.970	100	8.30e-89	197	8047	Eleginus gracilis	bony fishes	saffron cod
8d1ac2a92e5e7c0ab65e4de607e55d7a	gi|1772510455|gb|MH061099.1|	97.970	100	8.30e-89	197	8047	Eleginus gracilis	bony fishes	saffron cod
8d1ac2a92e5e7c0ab65e4de607e55d7a	gi|1772510441|gb|MH061098.1|	97.970	100	8.30e-89	197	8047	Eleginus gracilis	bony fishes	saffron cod
8d1ac2a92e5e7c0ab65e4de607e55d7a	gi|1772510427|gb|MH061097.1|	97.970	100	8.30e-89	197	8047	Eleginus gracilis	bony fishes	saffron cod
8d1ac2a92e5e7c0ab65e4de607e55d7a	gi|1772510413|gb|MH061096.1|	97.970	100	8.30e-89	197	8047	Eleginus gracilis	bony fishes	saffron cod
8d1ac2a92e5e7c0ab65e4de607e55d7a	gi|1772510399|gb|MH061095.1|	97.970	100	8.30e-89	197	8047	Eleginus gracilis	bony fishes	saffron cod
8d1ac2a92e5e7c0ab65e4de607e55d7a	gi|1772510385|gb|MH061094.1|	97.970	100	8.30e-89	197	8047	Eleginus gracilis	bony fishes	saffron cod
8d1ac2a92e5e7c0ab65e4de607e55d7a	gi|1772510371|gb|MH061093.1|	97.970	100	8.30e-89	197	8047	Eleginus gracilis	bony fishes	saffron cod
ed3943a7223f78718d9376334646d05e	gi|821091582|gb|KP644368.1|	99.490	100	8.24e-94	196	34823	Microgadus tomcod	bony fishes	Atlantic tomcod
ed3943a7223f78718d9376334646d05e	gi|2095925524|gb|OK172579.1|	98.980	100	3.83e-92	196	34823	Microgadus tomcod	bony fishes	Atlantic tomcod
ed3943a7223f78718d9376334646d05e	gi|1772510469|gb|MH061100.1|	97.970	100	8.30e-89	197	8047	Eleginus gracilis	bony fishes	saffron cod
ed3943a7223f78718d9376334646d05e	gi|1772510455|gb|MH061099.1|	97.970	100	8.30e-89	197	8047	Eleginus gracilis	bony fishes	saffron cod
ed3943a7223f78718d9376334646d05e	gi|1772510441|gb|MH061098.1|	97.970	100	8.30e-89	197	8047	Eleginus gracilis	bony fishes	saffron cod
ed3943a7223f78718d9376334646d05e	gi|1772510427|gb|MH061097.1|	97.970	100	8.30e-89	197	8047	Eleginus gracilis	bony fishes	saffron cod
ed3943a7223f78718d9376334646d05e	gi|1772510413|gb|MH061096.1|	97.970	100	8.30e-89	197	8047	Eleginus gracilis	bony fishes	saffron cod
ed3943a7223f78718d9376334646d05e	gi|1772510399|gb|MH061095.1|	97.970	100	8.30e-89	197	8047	Eleginus gracilis	bony fishes	saffron cod
ed3943a7223f78718d9376334646d05e	gi|1772510385|gb|MH061094.1|	97.970	100	8.30e-89	197	8047	Eleginus gracilis	bony fishes	saffron cod
ed3943a7223f78718d9376334646d05e	gi|1772510371|gb|MH061093.1|	97.970	100	8.30e-89	197	8047	Eleginus gracilis	bony fishes	saffron cod
95505b2e790d876acda89355ae381b46	gi|821091582|gb|KP644368.1|	99.490	100	8.24e-94	196	34823	Microgadus tomcod	bony fishes	Atlantic tomcod
95505b2e790d876acda89355ae381b46	gi|2095925524|gb|OK172579.1|	98.980	100	3.83e-92	196	34823	Microgadus tomcod	bony fishes	Atlantic tomcod
95505b2e790d876acda89355ae381b46	gi|1772510469|gb|MH061100.1|	97.970	100	8.30e-89	197	8047	Eleginus gracilis	bony fishes	saffron cod
95505b2e790d876acda89355ae381b46	gi|1772510455|gb|MH061099.1|	97.970	100	8.30e-89	197	8047	Eleginus gracilis	bony fishes	saffron cod
95505b2e790d876acda89355ae381b46	gi|1772510441|gb|MH061098.1|	97.970	100	8.30e-89	197	8047	Eleginus gracilis	bony fishes	saffron cod
95505b2e790d876acda89355ae381b46	gi|1772510427|gb|MH061097.1|	97.970	100	8.30e-89	197	8047	Eleginus gracilis	bony fishes	saffron cod
95505b2e790d876acda89355ae381b46	gi|1772510413|gb|MH061096.1|	97.970	100	8.30e-89	197	8047	Eleginus gracilis	bony fishes	saffron cod
95505b2e790d876acda89355ae381b46	gi|1772510399|gb|MH061095.1|	97.970	100	8.30e-89	197	8047	Eleginus gracilis	bony fishes	saffron cod
95505b2e790d876acda89355ae381b46	gi|1772510385|gb|MH061094.1|	97.970	100	8.30e-89	197	8047	Eleginus gracilis	bony fishes	saffron cod
95505b2e790d876acda89355ae381b46	gi|1772510371|gb|MH061093.1|	97.970	100	8.30e-89	197	8047	Eleginus gracilis	bony fishes	saffron cod
1e2356f20a29a0ca472c5a01f89b499d	gi|821091582|gb|KP644368.1|	99.490	100	8.24e-94	196	34823	Microgadus tomcod	bony fishes	Atlantic tomcod
1e2356f20a29a0ca472c5a01f89b499d	gi|2095925524|gb|OK172579.1|	98.980	100	3.83e-92	196	34823	Microgadus tomcod	bony fishes	Atlantic tomcod
1e2356f20a29a0ca472c5a01f89b499d	gi|1772510469|gb|MH061100.1|	97.970	100	8.30e-89	197	8047	Eleginus gracilis	bony fishes	saffron cod
1e2356f20a29a0ca472c5a01f89b499d	gi|1772510455|gb|MH061099.1|	97.970	100	8.30e-89	197	8047	Eleginus gracilis	bony fishes	saffron cod
1e2356f20a29a0ca472c5a01f89b499d	gi|1772510441|gb|MH061098.1|	97.970	100	8.30e-89	197	8047	Eleginus gracilis	bony fishes	saffron cod
1e2356f20a29a0ca472c5a01f89b499d	gi|1772510427|gb|MH061097.1|	97.970	100	8.30e-89	197	8047	Eleginus gracilis	bony fishes	saffron cod
1e2356f20a29a0ca472c5a01f89b499d	gi|1772510413|gb|MH061096.1|	97.970	100	8.30e-89	197	8047	Eleginus gracilis	bony fishes	saffron cod
1e2356f20a29a0ca472c5a01f89b499d	gi|1772510399|gb|MH061095.1|	97.970	100	8.30e-89	197	8047	Eleginus gracilis	bony fishes	saffron cod
1e2356f20a29a0ca472c5a01f89b499d	gi|1772510385|gb|MH061094.1|	97.970	100	8.30e-89	197	8047	Eleginus gracilis	bony fishes	saffron cod
1e2356f20a29a0ca472c5a01f89b499d	gi|1772510371|gb|MH061093.1|	97.970	100	8.30e-89	197	8047	Eleginus gracilis	bony fishes	saffron cod
dc596f74eb858e6bf14886af5350c4f4	gi|821091582|gb|KP644368.1|	99.490	100	8.24e-94	196	34823	Microgadus tomcod	bony fishes	Atlantic tomcod
dc596f74eb858e6bf14886af5350c4f4	gi|2095925524|gb|OK172579.1|	98.980	100	3.83e-92	196	34823	Microgadus tomcod	bony fishes	Atlantic tomcod
dc596f74eb858e6bf14886af5350c4f4	gi|1772510469|gb|MH061100.1|	97.970	100	8.30e-89	197	8047	Eleginus gracilis	bony fishes	saffron cod
dc596f74eb858e6bf14886af5350c4f4	gi|1772510455|gb|MH061099.1|	97.970	100	8.30e-89	197	8047	Eleginus gracilis	bony fishes	saffron cod
dc596f74eb858e6bf14886af5350c4f4	gi|1772510441|gb|MH061098.1|	97.970	100	8.30e-89	197	8047	Eleginus gracilis	bony fishes	saffron cod
dc596f74eb858e6bf14886af5350c4f4	gi|1772510427|gb|MH061097.1|	97.970	100	8.30e-89	197	8047	Eleginus gracilis	bony fishes	saffron cod
dc596f74eb858e6bf14886af5350c4f4	gi|1772510413|gb|MH061096.1|	97.970	100	8.30e-89	197	8047	Eleginus gracilis	bony fishes	saffron cod
dc596f74eb858e6bf14886af5350c4f4	gi|1772510399|gb|MH061095.1|	97.970	100	8.30e-89	197	8047	Eleginus gracilis	bony fishes	saffron cod
dc596f74eb858e6bf14886af5350c4f4	gi|1772510385|gb|MH061094.1|	97.970	100	8.30e-89	197	8047	Eleginus gracilis	bony fishes	saffron cod
dc596f74eb858e6bf14886af5350c4f4	gi|1772510371|gb|MH061093.1|	97.970	100	8.30e-89	197	8047	Eleginus gracilis	bony fishes	saffron cod
8e86a1bf678d63e3f9b9c1aaa7d5ca2b	gi|821091582|gb|KP644368.1|	99.490	100	8.24e-94	196	34823	Microgadus tomcod	bony fishes	Atlantic tomcod
8e86a1bf678d63e3f9b9c1aaa7d5ca2b	gi|2095925524|gb|OK172579.1|	98.980	100	3.83e-92	196	34823	Microgadus tomcod	bony fishes	Atlantic tomcod
8e86a1bf678d63e3f9b9c1aaa7d5ca2b	gi|1772510469|gb|MH061100.1|	97.970	100	8.30e-89	197	8047	Eleginus gracilis	bony fishes	saffron cod
8e86a1bf678d63e3f9b9c1aaa7d5ca2b	gi|1772510455|gb|MH061099.1|	97.970	100	8.30e-89	197	8047	Eleginus gracilis	bony fishes	saffron cod
8e86a1bf678d63e3f9b9c1aaa7d5ca2b	gi|1772510441|gb|MH061098.1|	97.970	100	8.30e-89	197	8047	Eleginus gracilis	bony fishes	saffron cod
8e86a1bf678d63e3f9b9c1aaa7d5ca2b	gi|1772510427|gb|MH061097.1|	97.970	100	8.30e-89	197	8047	Eleginus gracilis	bony fishes	saffron cod
8e86a1bf678d63e3f9b9c1aaa7d5ca2b	gi|1772510413|gb|MH061096.1|	97.970	100	8.30e-89	197	8047	Eleginus gracilis	bony fishes	saffron cod
8e86a1bf678d63e3f9b9c1aaa7d5ca2b	gi|1772510399|gb|MH061095.1|	97.970	100	8.30e-89	197	8047	Eleginus gracilis	bony fishes	saffron cod
8e86a1bf678d63e3f9b9c1aaa7d5ca2b	gi|1772510385|gb|MH061094.1|	97.970	100	8.30e-89	197	8047	Eleginus gracilis	bony fishes	saffron cod
8e86a1bf678d63e3f9b9c1aaa7d5ca2b	gi|1772510371|gb|MH061093.1|	97.970	100	8.30e-89	197	8047	Eleginus gracilis	bony fishes	saffron cod
db820dc82d0b3d022558053d78038dc4	gi|821091582|gb|KP644368.1|	99.490	100	8.24e-94	196	34823	Microgadus tomcod	bony fishes	Atlantic tomcod
db820dc82d0b3d022558053d78038dc4	gi|2095925524|gb|OK172579.1|	98.980	100	3.83e-92	196	34823	Microgadus tomcod	bony fishes	Atlantic tomcod
db820dc82d0b3d022558053d78038dc4	gi|1772510469|gb|MH061100.1|	97.970	100	8.30e-89	197	8047	Eleginus gracilis	bony fishes	saffron cod
db820dc82d0b3d022558053d78038dc4	gi|1772510455|gb|MH061099.1|	97.970	100	8.30e-89	197	8047	Eleginus gracilis	bony fishes	saffron cod
db820dc82d0b3d022558053d78038dc4	gi|1772510441|gb|MH061098.1|	97.970	100	8.30e-89	197	8047	Eleginus gracilis	bony fishes	saffron cod
db820dc82d0b3d022558053d78038dc4	gi|1772510427|gb|MH061097.1|	97.970	100	8.30e-89	197	8047	Eleginus gracilis	bony fishes	saffron cod
db820dc82d0b3d022558053d78038dc4	gi|1772510413|gb|MH061096.1|	97.970	100	8.30e-89	197	8047	Eleginus gracilis	bony fishes	saffron cod
db820dc82d0b3d022558053d78038dc4	gi|1772510399|gb|MH061095.1|	97.970	100	8.30e-89	197	8047	Eleginus gracilis	bony fishes	saffron cod
db820dc82d0b3d022558053d78038dc4	gi|1772510385|gb|MH061094.1|	97.970	100	8.30e-89	197	8047	Eleginus gracilis	bony fishes	saffron cod
db820dc82d0b3d022558053d78038dc4	gi|1772510371|gb|MH061093.1|	97.970	100	8.30e-89	197	8047	Eleginus gracilis	bony fishes	saffron cod
928124e83c9ed14850260a0144234cf9	gi|821091582|gb|KP644368.1|	98.980	100	3.83e-92	196	34823	Microgadus tomcod	bony fishes	Atlantic tomcod
928124e83c9ed14850260a0144234cf9	gi|2095925524|gb|OK172579.1|	98.469	100	1.78e-90	196	34823	Microgadus tomcod	bony fishes	Atlantic tomcod
928124e83c9ed14850260a0144234cf9	gi|1772510469|gb|MH061100.1|	97.462	100	3.86e-87	197	8047	Eleginus gracilis	bony fishes	saffron cod
928124e83c9ed14850260a0144234cf9	gi|1772510455|gb|MH061099.1|	97.462	100	3.86e-87	197	8047	Eleginus gracilis	bony fishes	saffron cod
928124e83c9ed14850260a0144234cf9	gi|1772510441|gb|MH061098.1|	97.462	100	3.86e-87	197	8047	Eleginus gracilis	bony fishes	saffron cod
928124e83c9ed14850260a0144234cf9	gi|1772510427|gb|MH061097.1|	97.462	100	3.86e-87	197	8047	Eleginus gracilis	bony fishes	saffron cod
928124e83c9ed14850260a0144234cf9	gi|1772510413|gb|MH061096.1|	97.462	100	3.86e-87	197	8047	Eleginus gracilis	bony fishes	saffron cod
928124e83c9ed14850260a0144234cf9	gi|1772510399|gb|MH061095.1|	97.462	100	3.86e-87	197	8047	Eleginus gracilis	bony fishes	saffron cod
928124e83c9ed14850260a0144234cf9	gi|1772510385|gb|MH061094.1|	97.462	100	3.86e-87	197	8047	Eleginus gracilis	bony fishes	saffron cod
928124e83c9ed14850260a0144234cf9	gi|1772510371|gb|MH061093.1|	97.462	100	3.86e-87	197	8047	Eleginus gracilis	bony fishes	saffron cod
36f27e3b2ac0c94963a18355acc1f4d4	gi|821091582|gb|KP644368.1|	99.490	100	8.24e-94	196	34823	Microgadus tomcod	bony fishes	Atlantic tomcod
36f27e3b2ac0c94963a18355acc1f4d4	gi|2095925524|gb|OK172579.1|	98.980	100	3.83e-92	196	34823	Microgadus tomcod	bony fishes	Atlantic tomcod
36f27e3b2ac0c94963a18355acc1f4d4	gi|1772510469|gb|MH061100.1|	97.970	100	8.30e-89	197	8047	Eleginus gracilis	bony fishes	saffron cod
36f27e3b2ac0c94963a18355acc1f4d4	gi|1772510455|gb|MH061099.1|	97.970	100	8.30e-89	197	8047	Eleginus gracilis	bony fishes	saffron cod
36f27e3b2ac0c94963a18355acc1f4d4	gi|1772510441|gb|MH061098.1|	97.970	100	8.30e-89	197	8047	Eleginus gracilis	bony fishes	saffron cod
36f27e3b2ac0c94963a18355acc1f4d4	gi|1772510427|gb|MH061097.1|	97.970	100	8.30e-89	197	8047	Eleginus gracilis	bony fishes	saffron cod
36f27e3b2ac0c94963a18355acc1f4d4	gi|1772510413|gb|MH061096.1|	97.970	100	8.30e-89	197	8047	Eleginus gracilis	bony fishes	saffron cod
36f27e3b2ac0c94963a18355acc1f4d4	gi|1772510399|gb|MH061095.1|	97.970	100	8.30e-89	197	8047	Eleginus gracilis	bony fishes	saffron cod
36f27e3b2ac0c94963a18355acc1f4d4	gi|1772510385|gb|MH061094.1|	97.970	100	8.30e-89	197	8047	Eleginus gracilis	bony fishes	saffron cod
36f27e3b2ac0c94963a18355acc1f4d4	gi|1772510371|gb|MH061093.1|	97.970	100	8.30e-89	197	8047	Eleginus gracilis	bony fishes	saffron cod
abc95e1994a7eeac8e2fa9894d5686c2	gi|821091582|gb|KP644368.1|	99.490	100	8.24e-94	196	34823	Microgadus tomcod	bony fishes	Atlantic tomcod
abc95e1994a7eeac8e2fa9894d5686c2	gi|2095925524|gb|OK172579.1|	98.980	100	3.83e-92	196	34823	Microgadus tomcod	bony fishes	Atlantic tomcod
abc95e1994a7eeac8e2fa9894d5686c2	gi|1772510469|gb|MH061100.1|	97.970	100	8.30e-89	197	8047	Eleginus gracilis	bony fishes	saffron cod
abc95e1994a7eeac8e2fa9894d5686c2	gi|1772510455|gb|MH061099.1|	97.970	100	8.30e-89	197	8047	Eleginus gracilis	bony fishes	saffron cod
abc95e1994a7eeac8e2fa9894d5686c2	gi|1772510441|gb|MH061098.1|	97.970	100	8.30e-89	197	8047	Eleginus gracilis	bony fishes	saffron cod
abc95e1994a7eeac8e2fa9894d5686c2	gi|1772510427|gb|MH061097.1|	97.970	100	8.30e-89	197	8047	Eleginus gracilis	bony fishes	saffron cod
abc95e1994a7eeac8e2fa9894d5686c2	gi|1772510413|gb|MH061096.1|	97.970	100	8.30e-89	197	8047	Eleginus gracilis	bony fishes	saffron cod
abc95e1994a7eeac8e2fa9894d5686c2	gi|1772510399|gb|MH061095.1|	97.970	100	8.30e-89	197	8047	Eleginus gracilis	bony fishes	saffron cod
abc95e1994a7eeac8e2fa9894d5686c2	gi|1772510385|gb|MH061094.1|	97.970	100	8.30e-89	197	8047	Eleginus gracilis	bony fishes	saffron cod
abc95e1994a7eeac8e2fa9894d5686c2	gi|1772510371|gb|MH061093.1|	97.970	100	8.30e-89	197	8047	Eleginus gracilis	bony fishes	saffron cod
c131657630397cd06853e50674bad626	gi|821091582|gb|KP644368.1|	99.490	100	8.24e-94	196	34823	Microgadus tomcod	bony fishes	Atlantic tomcod
c131657630397cd06853e50674bad626	gi|2095925524|gb|OK172579.1|	98.980	100	3.83e-92	196	34823	Microgadus tomcod	bony fishes	Atlantic tomcod
c131657630397cd06853e50674bad626	gi|1772510469|gb|MH061100.1|	97.970	100	8.30e-89	197	8047	Eleginus gracilis	bony fishes	saffron cod
c131657630397cd06853e50674bad626	gi|1772510455|gb|MH061099.1|	97.970	100	8.30e-89	197	8047	Eleginus gracilis	bony fishes	saffron cod
c131657630397cd06853e50674bad626	gi|1772510441|gb|MH061098.1|	97.970	100	8.30e-89	197	8047	Eleginus gracilis	bony fishes	saffron cod
c131657630397cd06853e50674bad626	gi|1772510427|gb|MH061097.1|	97.970	100	8.30e-89	197	8047	Eleginus gracilis	bony fishes	saffron cod
c131657630397cd06853e50674bad626	gi|1772510413|gb|MH061096.1|	97.970	100	8.30e-89	197	8047	Eleginus gracilis	bony fishes	saffron cod
c131657630397cd06853e50674bad626	gi|1772510399|gb|MH061095.1|	97.970	100	8.30e-89	197	8047	Eleginus gracilis	bony fishes	saffron cod
c131657630397cd06853e50674bad626	gi|1772510385|gb|MH061094.1|	97.970	100	8.30e-89	197	8047	Eleginus gracilis	bony fishes	saffron cod
c131657630397cd06853e50674bad626	gi|1772510371|gb|MH061093.1|	97.970	100	8.30e-89	197	8047	Eleginus gracilis	bony fishes	saffron cod
eca7b49685e9273b448c096ff56c7e0a	gi|821091582|gb|KP644368.1|	98.980	100	3.83e-92	196	34823	Microgadus tomcod	bony fishes	Atlantic tomcod
eca7b49685e9273b448c096ff56c7e0a	gi|2095925524|gb|OK172579.1|	98.469	100	1.78e-90	196	34823	Microgadus tomcod	bony fishes	Atlantic tomcod
eca7b49685e9273b448c096ff56c7e0a	gi|1772510469|gb|MH061100.1|	97.462	100	3.86e-87	197	8047	Eleginus gracilis	bony fishes	saffron cod
eca7b49685e9273b448c096ff56c7e0a	gi|1772510455|gb|MH061099.1|	97.462	100	3.86e-87	197	8047	Eleginus gracilis	bony fishes	saffron cod
eca7b49685e9273b448c096ff56c7e0a	gi|1772510441|gb|MH061098.1|	97.462	100	3.86e-87	197	8047	Eleginus gracilis	bony fishes	saffron cod
eca7b49685e9273b448c096ff56c7e0a	gi|1772510427|gb|MH061097.1|	97.462	100	3.86e-87	197	8047	Eleginus gracilis	bony fishes	saffron cod
eca7b49685e9273b448c096ff56c7e0a	gi|1772510413|gb|MH061096.1|	97.462	100	3.86e-87	197	8047	Eleginus gracilis	bony fishes	saffron cod
eca7b49685e9273b448c096ff56c7e0a	gi|1772510399|gb|MH061095.1|	97.462	100	3.86e-87	197	8047	Eleginus gracilis	bony fishes	saffron cod
eca7b49685e9273b448c096ff56c7e0a	gi|1772510385|gb|MH061094.1|	97.462	100	3.86e-87	197	8047	Eleginus gracilis	bony fishes	saffron cod
eca7b49685e9273b448c096ff56c7e0a	gi|1772510371|gb|MH061093.1|	97.462	100	3.86e-87	197	8047	Eleginus gracilis	bony fishes	saffron cod
57758171b9b9117d8b102f5dba400bbe	gi|821091582|gb|KP644368.1|	98.980	100	3.83e-92	196	34823	Microgadus tomcod	bony fishes	Atlantic tomcod
57758171b9b9117d8b102f5dba400bbe	gi|2095925524|gb|OK172579.1|	98.469	100	1.78e-90	196	34823	Microgadus tomcod	bony fishes	Atlantic tomcod
57758171b9b9117d8b102f5dba400bbe	gi|1772509783|gb|MH061051.1|	97.970	100	8.30e-89	197	8047	Eleginus gracilis	bony fishes	saffron cod
57758171b9b9117d8b102f5dba400bbe	gi|1772510469|gb|MH061100.1|	97.462	100	3.86e-87	197	8047	Eleginus gracilis	bony fishes	saffron cod
57758171b9b9117d8b102f5dba400bbe	gi|1772510455|gb|MH061099.1|	97.462	100	3.86e-87	197	8047	Eleginus gracilis	bony fishes	saffron cod
57758171b9b9117d8b102f5dba400bbe	gi|1772510441|gb|MH061098.1|	97.462	100	3.86e-87	197	8047	Eleginus gracilis	bony fishes	saffron cod
57758171b9b9117d8b102f5dba400bbe	gi|1772510427|gb|MH061097.1|	97.462	100	3.86e-87	197	8047	Eleginus gracilis	bony fishes	saffron cod
57758171b9b9117d8b102f5dba400bbe	gi|1772510413|gb|MH061096.1|	97.462	100	3.86e-87	197	8047	Eleginus gracilis	bony fishes	saffron cod
57758171b9b9117d8b102f5dba400bbe	gi|1772510399|gb|MH061095.1|	97.462	100	3.86e-87	197	8047	Eleginus gracilis	bony fishes	saffron cod
57758171b9b9117d8b102f5dba400bbe	gi|1772510385|gb|MH061094.1|	97.462	100	3.86e-87	197	8047	Eleginus gracilis	bony fishes	saffron cod
0be57d13be37b008a7e67daf774af04e	gi|821091582|gb|KP644368.1|	98.980	100	3.83e-92	196	34823	Microgadus tomcod	bony fishes	Atlantic tomcod
0be57d13be37b008a7e67daf774af04e	gi|2095925524|gb|OK172579.1|	98.469	100	1.78e-90	196	34823	Microgadus tomcod	bony fishes	Atlantic tomcod
0be57d13be37b008a7e67daf774af04e	gi|1772510469|gb|MH061100.1|	97.462	100	3.86e-87	197	8047	Eleginus gracilis	bony fishes	saffron cod
0be57d13be37b008a7e67daf774af04e	gi|1772510455|gb|MH061099.1|	97.462	100	3.86e-87	197	8047	Eleginus gracilis	bony fishes	saffron cod
0be57d13be37b008a7e67daf774af04e	gi|1772510441|gb|MH061098.1|	97.462	100	3.86e-87	197	8047	Eleginus gracilis	bony fishes	saffron cod
0be57d13be37b008a7e67daf774af04e	gi|1772510427|gb|MH061097.1|	97.462	100	3.86e-87	197	8047	Eleginus gracilis	bony fishes	saffron cod
0be57d13be37b008a7e67daf774af04e	gi|1772510413|gb|MH061096.1|	97.462	100	3.86e-87	197	8047	Eleginus gracilis	bony fishes	saffron cod
0be57d13be37b008a7e67daf774af04e	gi|1772510399|gb|MH061095.1|	97.462	100	3.86e-87	197	8047	Eleginus gracilis	bony fishes	saffron cod
0be57d13be37b008a7e67daf774af04e	gi|1772510385|gb|MH061094.1|	97.462	100	3.86e-87	197	8047	Eleginus gracilis	bony fishes	saffron cod
0be57d13be37b008a7e67daf774af04e	gi|1772510371|gb|MH061093.1|	97.462	100	3.86e-87	197	8047	Eleginus gracilis	bony fishes	saffron cod
b6e0fba5b0c19a16c53ac2ff180c12fa	gi|821091582|gb|KP644368.1|	99.490	100	8.24e-94	196	34823	Microgadus tomcod	bony fishes	Atlantic tomcod
b6e0fba5b0c19a16c53ac2ff180c12fa	gi|2095925524|gb|OK172579.1|	98.980	100	3.83e-92	196	34823	Microgadus tomcod	bony fishes	Atlantic tomcod
b6e0fba5b0c19a16c53ac2ff180c12fa	gi|1772510469|gb|MH061100.1|	97.970	100	8.30e-89	197	8047	Eleginus gracilis	bony fishes	saffron cod
b6e0fba5b0c19a16c53ac2ff180c12fa	gi|1772510455|gb|MH061099.1|	97.970	100	8.30e-89	197	8047	Eleginus gracilis	bony fishes	saffron cod
b6e0fba5b0c19a16c53ac2ff180c12fa	gi|1772510441|gb|MH061098.1|	97.970	100	8.30e-89	197	8047	Eleginus gracilis	bony fishes	saffron cod
b6e0fba5b0c19a16c53ac2ff180c12fa	gi|1772510427|gb|MH061097.1|	97.970	100	8.30e-89	197	8047	Eleginus gracilis	bony fishes	saffron cod
b6e0fba5b0c19a16c53ac2ff180c12fa	gi|1772510413|gb|MH061096.1|	97.970	100	8.30e-89	197	8047	Eleginus gracilis	bony fishes	saffron cod
b6e0fba5b0c19a16c53ac2ff180c12fa	gi|1772510399|gb|MH061095.1|	97.970	100	8.30e-89	197	8047	Eleginus gracilis	bony fishes	saffron cod
b6e0fba5b0c19a16c53ac2ff180c12fa	gi|1772510385|gb|MH061094.1|	97.970	100	8.30e-89	197	8047	Eleginus gracilis	bony fishes	saffron cod
b6e0fba5b0c19a16c53ac2ff180c12fa	gi|1772510371|gb|MH061093.1|	97.970	100	8.30e-89	197	8047	Eleginus gracilis	bony fishes	saffron cod
2296d5bd7e6e6b22f4dcbcbd34900a20	gi|821091582|gb|KP644368.1|	99.490	100	8.24e-94	196	34823	Microgadus tomcod	bony fishes	Atlantic tomcod
2296d5bd7e6e6b22f4dcbcbd34900a20	gi|2095925524|gb|OK172579.1|	98.980	100	3.83e-92	196	34823	Microgadus tomcod	bony fishes	Atlantic tomcod
2296d5bd7e6e6b22f4dcbcbd34900a20	gi|1772510469|gb|MH061100.1|	97.970	100	8.30e-89	197	8047	Eleginus gracilis	bony fishes	saffron cod
2296d5bd7e6e6b22f4dcbcbd34900a20	gi|1772510455|gb|MH061099.1|	97.970	100	8.30e-89	197	8047	Eleginus gracilis	bony fishes	saffron cod
2296d5bd7e6e6b22f4dcbcbd34900a20	gi|1772510441|gb|MH061098.1|	97.970	100	8.30e-89	197	8047	Eleginus gracilis	bony fishes	saffron cod
2296d5bd7e6e6b22f4dcbcbd34900a20	gi|1772510427|gb|MH061097.1|	97.970	100	8.30e-89	197	8047	Eleginus gracilis	bony fishes	saffron cod
2296d5bd7e6e6b22f4dcbcbd34900a20	gi|1772510413|gb|MH061096.1|	97.970	100	8.30e-89	197	8047	Eleginus gracilis	bony fishes	saffron cod
2296d5bd7e6e6b22f4dcbcbd34900a20	gi|1772510399|gb|MH061095.1|	97.970	100	8.30e-89	197	8047	Eleginus gracilis	bony fishes	saffron cod
2296d5bd7e6e6b22f4dcbcbd34900a20	gi|1772510385|gb|MH061094.1|	97.970	100	8.30e-89	197	8047	Eleginus gracilis	bony fishes	saffron cod
2296d5bd7e6e6b22f4dcbcbd34900a20	gi|1772510371|gb|MH061093.1|	97.970	100	8.30e-89	197	8047	Eleginus gracilis	bony fishes	saffron cod
4a4d8246eb7519969c8d095a86eeb119	gi|821091582|gb|KP644368.1|	98.469	100	1.78e-90	196	34823	Microgadus tomcod	bony fishes	Atlantic tomcod
4a4d8246eb7519969c8d095a86eeb119	gi|2095925524|gb|OK172579.1|	97.959	100	8.30e-89	196	34823	Microgadus tomcod	bony fishes	Atlantic tomcod
4a4d8246eb7519969c8d095a86eeb119	gi|1772510469|gb|MH061100.1|	96.954	100	1.80e-85	197	8047	Eleginus gracilis	bony fishes	saffron cod
4a4d8246eb7519969c8d095a86eeb119	gi|1772510455|gb|MH061099.1|	96.954	100	1.80e-85	197	8047	Eleginus gracilis	bony fishes	saffron cod
4a4d8246eb7519969c8d095a86eeb119	gi|1772510441|gb|MH061098.1|	96.954	100	1.80e-85	197	8047	Eleginus gracilis	bony fishes	saffron cod
4a4d8246eb7519969c8d095a86eeb119	gi|1772510427|gb|MH061097.1|	96.954	100	1.80e-85	197	8047	Eleginus gracilis	bony fishes	saffron cod
4a4d8246eb7519969c8d095a86eeb119	gi|1772510413|gb|MH061096.1|	96.954	100	1.80e-85	197	8047	Eleginus gracilis	bony fishes	saffron cod
4a4d8246eb7519969c8d095a86eeb119	gi|1772510399|gb|MH061095.1|	96.954	100	1.80e-85	197	8047	Eleginus gracilis	bony fishes	saffron cod
4a4d8246eb7519969c8d095a86eeb119	gi|1772510385|gb|MH061094.1|	96.954	100	1.80e-85	197	8047	Eleginus gracilis	bony fishes	saffron cod
4a4d8246eb7519969c8d095a86eeb119	gi|1772510371|gb|MH061093.1|	96.954	100	1.80e-85	197	8047	Eleginus gracilis	bony fishes	saffron cod
7a8794ea8b106557faef9321be534e38	gi|821091582|gb|KP644368.1|	99.490	100	8.24e-94	196	34823	Microgadus tomcod	bony fishes	Atlantic tomcod
7a8794ea8b106557faef9321be534e38	gi|2095925524|gb|OK172579.1|	98.980	100	3.83e-92	196	34823	Microgadus tomcod	bony fishes	Atlantic tomcod
7a8794ea8b106557faef9321be534e38	gi|1772510469|gb|MH061100.1|	97.970	100	8.30e-89	197	8047	Eleginus gracilis	bony fishes	saffron cod
7a8794ea8b106557faef9321be534e38	gi|1772510455|gb|MH061099.1|	97.970	100	8.30e-89	197	8047	Eleginus gracilis	bony fishes	saffron cod
7a8794ea8b106557faef9321be534e38	gi|1772510441|gb|MH061098.1|	97.970	100	8.30e-89	197	8047	Eleginus gracilis	bony fishes	saffron cod
7a8794ea8b106557faef9321be534e38	gi|1772510427|gb|MH061097.1|	97.970	100	8.30e-89	197	8047	Eleginus gracilis	bony fishes	saffron cod
7a8794ea8b106557faef9321be534e38	gi|1772510413|gb|MH061096.1|	97.970	100	8.30e-89	197	8047	Eleginus gracilis	bony fishes	saffron cod
7a8794ea8b106557faef9321be534e38	gi|1772510399|gb|MH061095.1|	97.970	100	8.30e-89	197	8047	Eleginus gracilis	bony fishes	saffron cod
7a8794ea8b106557faef9321be534e38	gi|1772510385|gb|MH061094.1|	97.970	100	8.30e-89	197	8047	Eleginus gracilis	bony fishes	saffron cod
7a8794ea8b106557faef9321be534e38	gi|1772510371|gb|MH061093.1|	97.970	100	8.30e-89	197	8047	Eleginus gracilis	bony fishes	saffron cod
a99bd440f79007c9eff881e6b549a57e	gi|821091582|gb|KP644368.1|	98.980	100	3.83e-92	196	34823	Microgadus tomcod	bony fishes	Atlantic tomcod
a99bd440f79007c9eff881e6b549a57e	gi|2095925524|gb|OK172579.1|	98.469	100	1.78e-90	196	34823	Microgadus tomcod	bony fishes	Atlantic tomcod
a99bd440f79007c9eff881e6b549a57e	gi|1772510469|gb|MH061100.1|	97.462	100	3.86e-87	197	8047	Eleginus gracilis	bony fishes	saffron cod
a99bd440f79007c9eff881e6b549a57e	gi|1772510455|gb|MH061099.1|	97.462	100	3.86e-87	197	8047	Eleginus gracilis	bony fishes	saffron cod
a99bd440f79007c9eff881e6b549a57e	gi|1772510441|gb|MH061098.1|	97.462	100	3.86e-87	197	8047	Eleginus gracilis	bony fishes	saffron cod
a99bd440f79007c9eff881e6b549a57e	gi|1772510427|gb|MH061097.1|	97.462	100	3.86e-87	197	8047	Eleginus gracilis	bony fishes	saffron cod
a99bd440f79007c9eff881e6b549a57e	gi|1772510413|gb|MH061096.1|	97.462	100	3.86e-87	197	8047	Eleginus gracilis	bony fishes	saffron cod
a99bd440f79007c9eff881e6b549a57e	gi|1772510399|gb|MH061095.1|	97.462	100	3.86e-87	197	8047	Eleginus gracilis	bony fishes	saffron cod
a99bd440f79007c9eff881e6b549a57e	gi|1772510385|gb|MH061094.1|	97.462	100	3.86e-87	197	8047	Eleginus gracilis	bony fishes	saffron cod
a99bd440f79007c9eff881e6b549a57e	gi|1772510371|gb|MH061093.1|	97.462	100	3.86e-87	197	8047	Eleginus gracilis	bony fishes	saffron cod
d28d2e0ccc2cf364b9e8dadadb6f7d1c	gi|821091582|gb|KP644368.1|	99.490	100	8.24e-94	196	34823	Microgadus tomcod	bony fishes	Atlantic tomcod
d28d2e0ccc2cf364b9e8dadadb6f7d1c	gi|2095925524|gb|OK172579.1|	98.980	100	3.83e-92	196	34823	Microgadus tomcod	bony fishes	Atlantic tomcod
d28d2e0ccc2cf364b9e8dadadb6f7d1c	gi|1772510469|gb|MH061100.1|	97.970	100	8.30e-89	197	8047	Eleginus gracilis	bony fishes	saffron cod
d28d2e0ccc2cf364b9e8dadadb6f7d1c	gi|1772510455|gb|MH061099.1|	97.970	100	8.30e-89	197	8047	Eleginus gracilis	bony fishes	saffron cod
d28d2e0ccc2cf364b9e8dadadb6f7d1c	gi|1772510441|gb|MH061098.1|	97.970	100	8.30e-89	197	8047	Eleginus gracilis	bony fishes	saffron cod
d28d2e0ccc2cf364b9e8dadadb6f7d1c	gi|1772510427|gb|MH061097.1|	97.970	100	8.30e-89	197	8047	Eleginus gracilis	bony fishes	saffron cod
d28d2e0ccc2cf364b9e8dadadb6f7d1c	gi|1772510413|gb|MH061096.1|	97.970	100	8.30e-89	197	8047	Eleginus gracilis	bony fishes	saffron cod
d28d2e0ccc2cf364b9e8dadadb6f7d1c	gi|1772510399|gb|MH061095.1|	97.970	100	8.30e-89	197	8047	Eleginus gracilis	bony fishes	saffron cod
d28d2e0ccc2cf364b9e8dadadb6f7d1c	gi|1772510385|gb|MH061094.1|	97.970	100	8.30e-89	197	8047	Eleginus gracilis	bony fishes	saffron cod
d28d2e0ccc2cf364b9e8dadadb6f7d1c	gi|1772510371|gb|MH061093.1|	97.970	100	8.30e-89	197	8047	Eleginus gracilis	bony fishes	saffron cod
d4d776819fc0c227e0dbe3f160392231	gi|821091582|gb|KP644368.1|	99.490	100	8.24e-94	196	34823	Microgadus tomcod	bony fishes	Atlantic tomcod
d4d776819fc0c227e0dbe3f160392231	gi|2095925524|gb|OK172579.1|	98.980	100	3.83e-92	196	34823	Microgadus tomcod	bony fishes	Atlantic tomcod
d4d776819fc0c227e0dbe3f160392231	gi|1772510469|gb|MH061100.1|	97.970	100	8.30e-89	197	8047	Eleginus gracilis	bony fishes	saffron cod
d4d776819fc0c227e0dbe3f160392231	gi|1772510455|gb|MH061099.1|	97.970	100	8.30e-89	197	8047	Eleginus gracilis	bony fishes	saffron cod
d4d776819fc0c227e0dbe3f160392231	gi|1772510441|gb|MH061098.1|	97.970	100	8.30e-89	197	8047	Eleginus gracilis	bony fishes	saffron cod
d4d776819fc0c227e0dbe3f160392231	gi|1772510427|gb|MH061097.1|	97.970	100	8.30e-89	197	8047	Eleginus gracilis	bony fishes	saffron cod
d4d776819fc0c227e0dbe3f160392231	gi|1772510413|gb|MH061096.1|	97.970	100	8.30e-89	197	8047	Eleginus gracilis	bony fishes	saffron cod
d4d776819fc0c227e0dbe3f160392231	gi|1772510399|gb|MH061095.1|	97.970	100	8.30e-89	197	8047	Eleginus gracilis	bony fishes	saffron cod
d4d776819fc0c227e0dbe3f160392231	gi|1772510385|gb|MH061094.1|	97.970	100	8.30e-89	197	8047	Eleginus gracilis	bony fishes	saffron cod
d4d776819fc0c227e0dbe3f160392231	gi|1772510371|gb|MH061093.1|	97.970	100	8.30e-89	197	8047	Eleginus gracilis	bony fishes	saffron cod
61a737d3e5c2c96364854031f817688a	gi|821091582|gb|KP644368.1|	99.490	100	8.24e-94	196	34823	Microgadus tomcod	bony fishes	Atlantic tomcod
61a737d3e5c2c96364854031f817688a	gi|2095925524|gb|OK172579.1|	98.980	100	3.83e-92	196	34823	Microgadus tomcod	bony fishes	Atlantic tomcod
61a737d3e5c2c96364854031f817688a	gi|1772510469|gb|MH061100.1|	97.970	100	8.30e-89	197	8047	Eleginus gracilis	bony fishes	saffron cod
61a737d3e5c2c96364854031f817688a	gi|1772510455|gb|MH061099.1|	97.970	100	8.30e-89	197	8047	Eleginus gracilis	bony fishes	saffron cod
61a737d3e5c2c96364854031f817688a	gi|1772510441|gb|MH061098.1|	97.970	100	8.30e-89	197	8047	Eleginus gracilis	bony fishes	saffron cod
61a737d3e5c2c96364854031f817688a	gi|1772510427|gb|MH061097.1|	97.970	100	8.30e-89	197	8047	Eleginus gracilis	bony fishes	saffron cod
61a737d3e5c2c96364854031f817688a	gi|1772510413|gb|MH061096.1|	97.970	100	8.30e-89	197	8047	Eleginus gracilis	bony fishes	saffron cod
61a737d3e5c2c96364854031f817688a	gi|1772510399|gb|MH061095.1|	97.970	100	8.30e-89	197	8047	Eleginus gracilis	bony fishes	saffron cod
61a737d3e5c2c96364854031f817688a	gi|1772510385|gb|MH061094.1|	97.970	100	8.30e-89	197	8047	Eleginus gracilis	bony fishes	saffron cod
61a737d3e5c2c96364854031f817688a	gi|1772510371|gb|MH061093.1|	97.970	100	8.30e-89	197	8047	Eleginus gracilis	bony fishes	saffron cod
bd1047dfc75957ae3fbc1db0c0275b5c	gi|821091582|gb|KP644368.1|	99.490	100	8.24e-94	196	34823	Microgadus tomcod	bony fishes	Atlantic tomcod
bd1047dfc75957ae3fbc1db0c0275b5c	gi|2095925524|gb|OK172579.1|	98.980	100	3.83e-92	196	34823	Microgadus tomcod	bony fishes	Atlantic tomcod
bd1047dfc75957ae3fbc1db0c0275b5c	gi|1772510469|gb|MH061100.1|	97.970	100	8.30e-89	197	8047	Eleginus gracilis	bony fishes	saffron cod
bd1047dfc75957ae3fbc1db0c0275b5c	gi|1772510455|gb|MH061099.1|	97.970	100	8.30e-89	197	8047	Eleginus gracilis	bony fishes	saffron cod
bd1047dfc75957ae3fbc1db0c0275b5c	gi|1772510441|gb|MH061098.1|	97.970	100	8.30e-89	197	8047	Eleginus gracilis	bony fishes	saffron cod
bd1047dfc75957ae3fbc1db0c0275b5c	gi|1772510427|gb|MH061097.1|	97.970	100	8.30e-89	197	8047	Eleginus gracilis	bony fishes	saffron cod
bd1047dfc75957ae3fbc1db0c0275b5c	gi|1772510413|gb|MH061096.1|	97.970	100	8.30e-89	197	8047	Eleginus gracilis	bony fishes	saffron cod
bd1047dfc75957ae3fbc1db0c0275b5c	gi|1772510399|gb|MH061095.1|	97.970	100	8.30e-89	197	8047	Eleginus gracilis	bony fishes	saffron cod
bd1047dfc75957ae3fbc1db0c0275b5c	gi|1772510385|gb|MH061094.1|	97.970	100	8.30e-89	197	8047	Eleginus gracilis	bony fishes	saffron cod
bd1047dfc75957ae3fbc1db0c0275b5c	gi|1772510371|gb|MH061093.1|	97.970	100	8.30e-89	197	8047	Eleginus gracilis	bony fishes	saffron cod
3912d85f9dd7cf6d0c414f2cfb95cf58	gi|821091582|gb|KP644368.1|	99.490	100	8.24e-94	196	34823	Microgadus tomcod	bony fishes	Atlantic tomcod
3912d85f9dd7cf6d0c414f2cfb95cf58	gi|2095925524|gb|OK172579.1|	98.980	100	3.83e-92	196	34823	Microgadus tomcod	bony fishes	Atlantic tomcod
3912d85f9dd7cf6d0c414f2cfb95cf58	gi|1772510469|gb|MH061100.1|	97.970	100	8.30e-89	197	8047	Eleginus gracilis	bony fishes	saffron cod
3912d85f9dd7cf6d0c414f2cfb95cf58	gi|1772510455|gb|MH061099.1|	97.970	100	8.30e-89	197	8047	Eleginus gracilis	bony fishes	saffron cod
3912d85f9dd7cf6d0c414f2cfb95cf58	gi|1772510441|gb|MH061098.1|	97.970	100	8.30e-89	197	8047	Eleginus gracilis	bony fishes	saffron cod
3912d85f9dd7cf6d0c414f2cfb95cf58	gi|1772510427|gb|MH061097.1|	97.970	100	8.30e-89	197	8047	Eleginus gracilis	bony fishes	saffron cod
3912d85f9dd7cf6d0c414f2cfb95cf58	gi|1772510413|gb|MH061096.1|	97.970	100	8.30e-89	197	8047	Eleginus gracilis	bony fishes	saffron cod
3912d85f9dd7cf6d0c414f2cfb95cf58	gi|1772510399|gb|MH061095.1|	97.970	100	8.30e-89	197	8047	Eleginus gracilis	bony fishes	saffron cod
3912d85f9dd7cf6d0c414f2cfb95cf58	gi|1772510385|gb|MH061094.1|	97.970	100	8.30e-89	197	8047	Eleginus gracilis	bony fishes	saffron cod
3912d85f9dd7cf6d0c414f2cfb95cf58	gi|1772510371|gb|MH061093.1|	97.970	100	8.30e-89	197	8047	Eleginus gracilis	bony fishes	saffron cod
fb42c8e1dab188ab5bd1b2a786162004	gi|1799624477|gb|MN122852.1|	99.487	100	2.95e-93	195	8049	Gadus morhua	bony fishes	Atlantic cod
fb42c8e1dab188ab5bd1b2a786162004	gi|1783586359|gb|MH035595.1|	99.487	100	2.95e-93	195	1042646	Gadus chalcogrammus	bony fishes	walleye pollock
fb42c8e1dab188ab5bd1b2a786162004	gi|1783586345|gb|MH035594.1|	99.487	100	2.95e-93	195	1042646	Gadus chalcogrammus	bony fishes	walleye pollock
fb42c8e1dab188ab5bd1b2a786162004	gi|2891888019|gb|PP467776.1|	99.487	100	2.95e-93	195	8049	Gadus morhua	bony fishes	Atlantic cod
fb42c8e1dab188ab5bd1b2a786162004	gi|1593084251|emb|LS999407.1|	99.487	100	2.95e-93	195	8049	Gadus morhua	bony fishes	Atlantic cod
fb42c8e1dab188ab5bd1b2a786162004	gi|1593084237|emb|LS999106.1|	99.487	100	2.95e-93	195	8049	Gadus morhua	bony fishes	Atlantic cod
fb42c8e1dab188ab5bd1b2a786162004	gi|1593084223|emb|LS999105.1|	99.487	100	2.95e-93	195	8049	Gadus morhua	bony fishes	Atlantic cod
fb42c8e1dab188ab5bd1b2a786162004	gi|1593084181|emb|LS999102.1|	99.487	100	2.95e-93	195	8049	Gadus morhua	bony fishes	Atlantic cod
fb42c8e1dab188ab5bd1b2a786162004	gi|1593084167|emb|LS999101.1|	99.487	100	2.95e-93	195	8049	Gadus morhua	bony fishes	Atlantic cod
fb42c8e1dab188ab5bd1b2a786162004	gi|1593084153|emb|LS999100.1|	99.487	100	2.95e-93	195	8049	Gadus morhua	bony fishes	Atlantic cod
c401970137ff3cb4bbbade26d9bc39d7	gi|821091582|gb|KP644368.1|	99.490	100	8.24e-94	196	34823	Microgadus tomcod	bony fishes	Atlantic tomcod
c401970137ff3cb4bbbade26d9bc39d7	gi|2095925524|gb|OK172579.1|	98.980	100	3.83e-92	196	34823	Microgadus tomcod	bony fishes	Atlantic tomcod
c401970137ff3cb4bbbade26d9bc39d7	gi|1772510469|gb|MH061100.1|	97.970	100	8.30e-89	197	8047	Eleginus gracilis	bony fishes	saffron cod
c401970137ff3cb4bbbade26d9bc39d7	gi|1772510455|gb|MH061099.1|	97.970	100	8.30e-89	197	8047	Eleginus gracilis	bony fishes	saffron cod
c401970137ff3cb4bbbade26d9bc39d7	gi|1772510441|gb|MH061098.1|	97.970	100	8.30e-89	197	8047	Eleginus gracilis	bony fishes	saffron cod
c401970137ff3cb4bbbade26d9bc39d7	gi|1772510427|gb|MH061097.1|	97.970	100	8.30e-89	197	8047	Eleginus gracilis	bony fishes	saffron cod
c401970137ff3cb4bbbade26d9bc39d7	gi|1772510413|gb|MH061096.1|	97.970	100	8.30e-89	197	8047	Eleginus gracilis	bony fishes	saffron cod
c401970137ff3cb4bbbade26d9bc39d7	gi|1772510399|gb|MH061095.1|	97.970	100	8.30e-89	197	8047	Eleginus gracilis	bony fishes	saffron cod
c401970137ff3cb4bbbade26d9bc39d7	gi|1772510385|gb|MH061094.1|	97.970	100	8.30e-89	197	8047	Eleginus gracilis	bony fishes	saffron cod
c401970137ff3cb4bbbade26d9bc39d7	gi|1772510371|gb|MH061093.1|	97.970	100	8.30e-89	197	8047	Eleginus gracilis	bony fishes	saffron cod
9bdb735c6be15dcd1e8278e42035118d	gi|821091582|gb|KP644368.1|	99.490	100	8.24e-94	196	34823	Microgadus tomcod	bony fishes	Atlantic tomcod
9bdb735c6be15dcd1e8278e42035118d	gi|2095925524|gb|OK172579.1|	98.980	100	3.83e-92	196	34823	Microgadus tomcod	bony fishes	Atlantic tomcod
9bdb735c6be15dcd1e8278e42035118d	gi|1772510469|gb|MH061100.1|	97.970	100	8.30e-89	197	8047	Eleginus gracilis	bony fishes	saffron cod
9bdb735c6be15dcd1e8278e42035118d	gi|1772510455|gb|MH061099.1|	97.970	100	8.30e-89	197	8047	Eleginus gracilis	bony fishes	saffron cod
9bdb735c6be15dcd1e8278e42035118d	gi|1772510441|gb|MH061098.1|	97.970	100	8.30e-89	197	8047	Eleginus gracilis	bony fishes	saffron cod
9bdb735c6be15dcd1e8278e42035118d	gi|1772510427|gb|MH061097.1|	97.970	100	8.30e-89	197	8047	Eleginus gracilis	bony fishes	saffron cod
9bdb735c6be15dcd1e8278e42035118d	gi|1772510413|gb|MH061096.1|	97.970	100	8.30e-89	197	8047	Eleginus gracilis	bony fishes	saffron cod
9bdb735c6be15dcd1e8278e42035118d	gi|1772510399|gb|MH061095.1|	97.970	100	8.30e-89	197	8047	Eleginus gracilis	bony fishes	saffron cod
9bdb735c6be15dcd1e8278e42035118d	gi|1772510385|gb|MH061094.1|	97.970	100	8.30e-89	197	8047	Eleginus gracilis	bony fishes	saffron cod
9bdb735c6be15dcd1e8278e42035118d	gi|1772510371|gb|MH061093.1|	97.970	100	8.30e-89	197	8047	Eleginus gracilis	bony fishes	saffron cod
363caa2248a2428539edf274835c0265	gi|1799624477|gb|MN122852.1|	99.487	100	2.95e-93	195	8049	Gadus morhua	bony fishes	Atlantic cod
363caa2248a2428539edf274835c0265	gi|1783586359|gb|MH035595.1|	99.487	100	2.95e-93	195	1042646	Gadus chalcogrammus	bony fishes	walleye pollock
363caa2248a2428539edf274835c0265	gi|1783586345|gb|MH035594.1|	99.487	100	2.95e-93	195	1042646	Gadus chalcogrammus	bony fishes	walleye pollock
363caa2248a2428539edf274835c0265	gi|2891888019|gb|PP467776.1|	99.487	100	2.95e-93	195	8049	Gadus morhua	bony fishes	Atlantic cod
363caa2248a2428539edf274835c0265	gi|1593084251|emb|LS999407.1|	99.487	100	2.95e-93	195	8049	Gadus morhua	bony fishes	Atlantic cod
363caa2248a2428539edf274835c0265	gi|1593084237|emb|LS999106.1|	99.487	100	2.95e-93	195	8049	Gadus morhua	bony fishes	Atlantic cod
363caa2248a2428539edf274835c0265	gi|1593084223|emb|LS999105.1|	99.487	100	2.95e-93	195	8049	Gadus morhua	bony fishes	Atlantic cod
363caa2248a2428539edf274835c0265	gi|1593084181|emb|LS999102.1|	99.487	100	2.95e-93	195	8049	Gadus morhua	bony fishes	Atlantic cod
363caa2248a2428539edf274835c0265	gi|1593084167|emb|LS999101.1|	99.487	100	2.95e-93	195	8049	Gadus morhua	bony fishes	Atlantic cod
363caa2248a2428539edf274835c0265	gi|1593084153|emb|LS999100.1|	99.487	100	2.95e-93	195	8049	Gadus morhua	bony fishes	Atlantic cod
e553b69d55993de6ec137ded201ab0fe	gi|821091582|gb|KP644368.1|	99.490	100	8.24e-94	196	34823	Microgadus tomcod	bony fishes	Atlantic tomcod
e553b69d55993de6ec137ded201ab0fe	gi|2095925524|gb|OK172579.1|	98.980	100	3.83e-92	196	34823	Microgadus tomcod	bony fishes	Atlantic tomcod
e553b69d55993de6ec137ded201ab0fe	gi|1772510469|gb|MH061100.1|	97.970	100	8.30e-89	197	8047	Eleginus gracilis	bony fishes	saffron cod
e553b69d55993de6ec137ded201ab0fe	gi|1772510455|gb|MH061099.1|	97.970	100	8.30e-89	197	8047	Eleginus gracilis	bony fishes	saffron cod
e553b69d55993de6ec137ded201ab0fe	gi|1772510441|gb|MH061098.1|	97.970	100	8.30e-89	197	8047	Eleginus gracilis	bony fishes	saffron cod
e553b69d55993de6ec137ded201ab0fe	gi|1772510427|gb|MH061097.1|	97.970	100	8.30e-89	197	8047	Eleginus gracilis	bony fishes	saffron cod
e553b69d55993de6ec137ded201ab0fe	gi|1772510413|gb|MH061096.1|	97.970	100	8.30e-89	197	8047	Eleginus gracilis	bony fishes	saffron cod
e553b69d55993de6ec137ded201ab0fe	gi|1772510399|gb|MH061095.1|	97.970	100	8.30e-89	197	8047	Eleginus gracilis	bony fishes	saffron cod
e553b69d55993de6ec137ded201ab0fe	gi|1772510385|gb|MH061094.1|	97.970	100	8.30e-89	197	8047	Eleginus gracilis	bony fishes	saffron cod
e553b69d55993de6ec137ded201ab0fe	gi|1772510371|gb|MH061093.1|	97.970	100	8.30e-89	197	8047	Eleginus gracilis	bony fishes	saffron cod
cc8cdd8060cc81425655e1702a713492	gi|821091582|gb|KP644368.1|	99.490	100	8.24e-94	196	34823	Microgadus tomcod	bony fishes	Atlantic tomcod
cc8cdd8060cc81425655e1702a713492	gi|2095925524|gb|OK172579.1|	98.980	100	3.83e-92	196	34823	Microgadus tomcod	bony fishes	Atlantic tomcod
cc8cdd8060cc81425655e1702a713492	gi|1772510469|gb|MH061100.1|	97.970	100	8.30e-89	197	8047	Eleginus gracilis	bony fishes	saffron cod
cc8cdd8060cc81425655e1702a713492	gi|1772510455|gb|MH061099.1|	97.970	100	8.30e-89	197	8047	Eleginus gracilis	bony fishes	saffron cod
cc8cdd8060cc81425655e1702a713492	gi|1772510441|gb|MH061098.1|	97.970	100	8.30e-89	197	8047	Eleginus gracilis	bony fishes	saffron cod
cc8cdd8060cc81425655e1702a713492	gi|1772510427|gb|MH061097.1|	97.970	100	8.30e-89	197	8047	Eleginus gracilis	bony fishes	saffron cod
cc8cdd8060cc81425655e1702a713492	gi|1772510413|gb|MH061096.1|	97.970	100	8.30e-89	197	8047	Eleginus gracilis	bony fishes	saffron cod
cc8cdd8060cc81425655e1702a713492	gi|1772510399|gb|MH061095.1|	97.970	100	8.30e-89	197	8047	Eleginus gracilis	bony fishes	saffron cod
cc8cdd8060cc81425655e1702a713492	gi|1772510385|gb|MH061094.1|	97.970	100	8.30e-89	197	8047	Eleginus gracilis	bony fishes	saffron cod
cc8cdd8060cc81425655e1702a713492	gi|1772510371|gb|MH061093.1|	97.970	100	8.30e-89	197	8047	Eleginus gracilis	bony fishes	saffron cod
9b89ea14a6a28cb8200542bb53ebb242	gi|821091582|gb|KP644368.1|	98.469	100	1.78e-90	196	34823	Microgadus tomcod	bony fishes	Atlantic tomcod
9b89ea14a6a28cb8200542bb53ebb242	gi|2095925524|gb|OK172579.1|	97.959	100	8.30e-89	196	34823	Microgadus tomcod	bony fishes	Atlantic tomcod
9b89ea14a6a28cb8200542bb53ebb242	gi|1772510469|gb|MH061100.1|	96.954	100	1.80e-85	197	8047	Eleginus gracilis	bony fishes	saffron cod
9b89ea14a6a28cb8200542bb53ebb242	gi|1772510455|gb|MH061099.1|	96.954	100	1.80e-85	197	8047	Eleginus gracilis	bony fishes	saffron cod
9b89ea14a6a28cb8200542bb53ebb242	gi|1772510441|gb|MH061098.1|	96.954	100	1.80e-85	197	8047	Eleginus gracilis	bony fishes	saffron cod
9b89ea14a6a28cb8200542bb53ebb242	gi|1772510427|gb|MH061097.1|	96.954	100	1.80e-85	197	8047	Eleginus gracilis	bony fishes	saffron cod
9b89ea14a6a28cb8200542bb53ebb242	gi|1772510413|gb|MH061096.1|	96.954	100	1.80e-85	197	8047	Eleginus gracilis	bony fishes	saffron cod
9b89ea14a6a28cb8200542bb53ebb242	gi|1772510399|gb|MH061095.1|	96.954	100	1.80e-85	197	8047	Eleginus gracilis	bony fishes	saffron cod
9b89ea14a6a28cb8200542bb53ebb242	gi|1772510385|gb|MH061094.1|	96.954	100	1.80e-85	197	8047	Eleginus gracilis	bony fishes	saffron cod
9b89ea14a6a28cb8200542bb53ebb242	gi|1772510371|gb|MH061093.1|	96.954	100	1.80e-85	197	8047	Eleginus gracilis	bony fishes	saffron cod
be55852b3eb67f111a9d3060f5e44f6a	gi|821091582|gb|KP644368.1|	99.490	100	8.24e-94	196	34823	Microgadus tomcod	bony fishes	Atlantic tomcod
be55852b3eb67f111a9d3060f5e44f6a	gi|2095925524|gb|OK172579.1|	98.980	100	3.83e-92	196	34823	Microgadus tomcod	bony fishes	Atlantic tomcod
be55852b3eb67f111a9d3060f5e44f6a	gi|1772510469|gb|MH061100.1|	97.970	100	8.30e-89	197	8047	Eleginus gracilis	bony fishes	saffron cod
be55852b3eb67f111a9d3060f5e44f6a	gi|1772510455|gb|MH061099.1|	97.970	100	8.30e-89	197	8047	Eleginus gracilis	bony fishes	saffron cod
be55852b3eb67f111a9d3060f5e44f6a	gi|1772510441|gb|MH061098.1|	97.970	100	8.30e-89	197	8047	Eleginus gracilis	bony fishes	saffron cod
be55852b3eb67f111a9d3060f5e44f6a	gi|1772510427|gb|MH061097.1|	97.970	100	8.30e-89	197	8047	Eleginus gracilis	bony fishes	saffron cod
be55852b3eb67f111a9d3060f5e44f6a	gi|1772510413|gb|MH061096.1|	97.970	100	8.30e-89	197	8047	Eleginus gracilis	bony fishes	saffron cod
be55852b3eb67f111a9d3060f5e44f6a	gi|1772510399|gb|MH061095.1|	97.970	100	8.30e-89	197	8047	Eleginus gracilis	bony fishes	saffron cod
be55852b3eb67f111a9d3060f5e44f6a	gi|1772510385|gb|MH061094.1|	97.970	100	8.30e-89	197	8047	Eleginus gracilis	bony fishes	saffron cod
be55852b3eb67f111a9d3060f5e44f6a	gi|1772510371|gb|MH061093.1|	97.970	100	8.30e-89	197	8047	Eleginus gracilis	bony fishes	saffron cod
3390a16d0c5899a1f88559e33005d0c2	gi|821091582|gb|KP644368.1|	99.490	100	8.24e-94	196	34823	Microgadus tomcod	bony fishes	Atlantic tomcod
3390a16d0c5899a1f88559e33005d0c2	gi|2095925524|gb|OK172579.1|	98.980	100	3.83e-92	196	34823	Microgadus tomcod	bony fishes	Atlantic tomcod
3390a16d0c5899a1f88559e33005d0c2	gi|1772510469|gb|MH061100.1|	97.970	100	8.30e-89	197	8047	Eleginus gracilis	bony fishes	saffron cod
3390a16d0c5899a1f88559e33005d0c2	gi|1772510455|gb|MH061099.1|	97.970	100	8.30e-89	197	8047	Eleginus gracilis	bony fishes	saffron cod
3390a16d0c5899a1f88559e33005d0c2	gi|1772510441|gb|MH061098.1|	97.970	100	8.30e-89	197	8047	Eleginus gracilis	bony fishes	saffron cod
3390a16d0c5899a1f88559e33005d0c2	gi|1772510427|gb|MH061097.1|	97.970	100	8.30e-89	197	8047	Eleginus gracilis	bony fishes	saffron cod
3390a16d0c5899a1f88559e33005d0c2	gi|1772510413|gb|MH061096.1|	97.970	100	8.30e-89	197	8047	Eleginus gracilis	bony fishes	saffron cod
3390a16d0c5899a1f88559e33005d0c2	gi|1772510399|gb|MH061095.1|	97.970	100	8.30e-89	197	8047	Eleginus gracilis	bony fishes	saffron cod
3390a16d0c5899a1f88559e33005d0c2	gi|1772510385|gb|MH061094.1|	97.970	100	8.30e-89	197	8047	Eleginus gracilis	bony fishes	saffron cod
3390a16d0c5899a1f88559e33005d0c2	gi|1772510371|gb|MH061093.1|	97.970	100	8.30e-89	197	8047	Eleginus gracilis	bony fishes	saffron cod
70583c27c30ba7838631b1cfa34ee544	gi|821091582|gb|KP644368.1|	99.490	100	8.24e-94	196	34823	Microgadus tomcod	bony fishes	Atlantic tomcod
70583c27c30ba7838631b1cfa34ee544	gi|2095925524|gb|OK172579.1|	98.980	100	3.83e-92	196	34823	Microgadus tomcod	bony fishes	Atlantic tomcod
70583c27c30ba7838631b1cfa34ee544	gi|1772510469|gb|MH061100.1|	97.970	100	8.30e-89	197	8047	Eleginus gracilis	bony fishes	saffron cod
70583c27c30ba7838631b1cfa34ee544	gi|1772510455|gb|MH061099.1|	97.970	100	8.30e-89	197	8047	Eleginus gracilis	bony fishes	saffron cod
70583c27c30ba7838631b1cfa34ee544	gi|1772510441|gb|MH061098.1|	97.970	100	8.30e-89	197	8047	Eleginus gracilis	bony fishes	saffron cod
70583c27c30ba7838631b1cfa34ee544	gi|1772510427|gb|MH061097.1|	97.970	100	8.30e-89	197	8047	Eleginus gracilis	bony fishes	saffron cod
70583c27c30ba7838631b1cfa34ee544	gi|1772510413|gb|MH061096.1|	97.970	100	8.30e-89	197	8047	Eleginus gracilis	bony fishes	saffron cod
70583c27c30ba7838631b1cfa34ee544	gi|1772510399|gb|MH061095.1|	97.970	100	8.30e-89	197	8047	Eleginus gracilis	bony fishes	saffron cod
70583c27c30ba7838631b1cfa34ee544	gi|1772510385|gb|MH061094.1|	97.970	100	8.30e-89	197	8047	Eleginus gracilis	bony fishes	saffron cod
70583c27c30ba7838631b1cfa34ee544	gi|1772510371|gb|MH061093.1|	97.970	100	8.30e-89	197	8047	Eleginus gracilis	bony fishes	saffron cod
ae4ed1411359218dc9b28b88f592c604	gi|821091582|gb|KP644368.1|	99.490	100	8.24e-94	196	34823	Microgadus tomcod	bony fishes	Atlantic tomcod
ae4ed1411359218dc9b28b88f592c604	gi|2095925524|gb|OK172579.1|	98.980	100	3.83e-92	196	34823	Microgadus tomcod	bony fishes	Atlantic tomcod
ae4ed1411359218dc9b28b88f592c604	gi|821091583|gb|KP644369.1|	98.462	99	6.42e-90	195	80721	Microgadus proximus	bony fishes	Microgadus proximus
ae4ed1411359218dc9b28b88f592c604	gi|1772510469|gb|MH061100.1|	97.970	100	8.30e-89	197	8047	Eleginus gracilis	bony fishes	saffron cod
ae4ed1411359218dc9b28b88f592c604	gi|1772510455|gb|MH061099.1|	97.970	100	8.30e-89	197	8047	Eleginus gracilis	bony fishes	saffron cod
ae4ed1411359218dc9b28b88f592c604	gi|1772510441|gb|MH061098.1|	97.970	100	8.30e-89	197	8047	Eleginus gracilis	bony fishes	saffron cod
ae4ed1411359218dc9b28b88f592c604	gi|1772510427|gb|MH061097.1|	97.970	100	8.30e-89	197	8047	Eleginus gracilis	bony fishes	saffron cod
ae4ed1411359218dc9b28b88f592c604	gi|1772510413|gb|MH061096.1|	97.970	100	8.30e-89	197	8047	Eleginus gracilis	bony fishes	saffron cod
ae4ed1411359218dc9b28b88f592c604	gi|1772510399|gb|MH061095.1|	97.970	100	8.30e-89	197	8047	Eleginus gracilis	bony fishes	saffron cod
ae4ed1411359218dc9b28b88f592c604	gi|1772510385|gb|MH061094.1|	97.970	100	8.30e-89	197	8047	Eleginus gracilis	bony fishes	saffron cod
4204b71891ab20e03321e29353bfe224	gi|821091582|gb|KP644368.1|	92.347	100	1.83e-70	196	34823	Microgadus tomcod	bony fishes	Atlantic tomcod
4204b71891ab20e03321e29353bfe224	gi|2095925524|gb|OK172579.1|	91.837	100	8.54e-69	196	34823	Microgadus tomcod	bony fishes	Atlantic tomcod
4204b71891ab20e03321e29353bfe224	gi|1772510469|gb|MH061100.1|	90.863	100	1.85e-65	197	8047	Eleginus gracilis	bony fishes	saffron cod
4204b71891ab20e03321e29353bfe224	gi|1772510455|gb|MH061099.1|	90.863	100	1.85e-65	197	8047	Eleginus gracilis	bony fishes	saffron cod
4204b71891ab20e03321e29353bfe224	gi|1772510441|gb|MH061098.1|	90.863	100	1.85e-65	197	8047	Eleginus gracilis	bony fishes	saffron cod
4204b71891ab20e03321e29353bfe224	gi|1772510427|gb|MH061097.1|	90.863	100	1.85e-65	197	8047	Eleginus gracilis	bony fishes	saffron cod
4204b71891ab20e03321e29353bfe224	gi|1772510413|gb|MH061096.1|	90.863	100	1.85e-65	197	8047	Eleginus gracilis	bony fishes	saffron cod
4204b71891ab20e03321e29353bfe224	gi|1772510399|gb|MH061095.1|	90.863	100	1.85e-65	197	8047	Eleginus gracilis	bony fishes	saffron cod
4204b71891ab20e03321e29353bfe224	gi|1772510385|gb|MH061094.1|	90.863	100	1.85e-65	197	8047	Eleginus gracilis	bony fishes	saffron cod
4204b71891ab20e03321e29353bfe224	gi|1772510371|gb|MH061093.1|	90.863	100	1.85e-65	197	8047	Eleginus gracilis	bony fishes	saffron cod
8b648a374cc6fc3430a6c9008c6142ed	gi|821091582|gb|KP644368.1|	99.490	100	8.24e-94	196	34823	Microgadus tomcod	bony fishes	Atlantic tomcod
8b648a374cc6fc3430a6c9008c6142ed	gi|2095925524|gb|OK172579.1|	98.980	100	3.83e-92	196	34823	Microgadus tomcod	bony fishes	Atlantic tomcod
8b648a374cc6fc3430a6c9008c6142ed	gi|1772510469|gb|MH061100.1|	97.970	100	8.30e-89	197	8047	Eleginus gracilis	bony fishes	saffron cod
8b648a374cc6fc3430a6c9008c6142ed	gi|1772510455|gb|MH061099.1|	97.970	100	8.30e-89	197	8047	Eleginus gracilis	bony fishes	saffron cod
8b648a374cc6fc3430a6c9008c6142ed	gi|1772510441|gb|MH061098.1|	97.970	100	8.30e-89	197	8047	Eleginus gracilis	bony fishes	saffron cod
8b648a374cc6fc3430a6c9008c6142ed	gi|1772510427|gb|MH061097.1|	97.970	100	8.30e-89	197	8047	Eleginus gracilis	bony fishes	saffron cod
8b648a374cc6fc3430a6c9008c6142ed	gi|1772510413|gb|MH061096.1|	97.970	100	8.30e-89	197	8047	Eleginus gracilis	bony fishes	saffron cod
8b648a374cc6fc3430a6c9008c6142ed	gi|1772510399|gb|MH061095.1|	97.970	100	8.30e-89	197	8047	Eleginus gracilis	bony fishes	saffron cod
8b648a374cc6fc3430a6c9008c6142ed	gi|1772510385|gb|MH061094.1|	97.970	100	8.30e-89	197	8047	Eleginus gracilis	bony fishes	saffron cod
8b648a374cc6fc3430a6c9008c6142ed	gi|1772510371|gb|MH061093.1|	97.970	100	8.30e-89	197	8047	Eleginus gracilis	bony fishes	saffron cod
7f26edf28296708fcf5176f00149d529	gi|821091582|gb|KP644368.1|	99.490	100	8.24e-94	196	34823	Microgadus tomcod	bony fishes	Atlantic tomcod
7f26edf28296708fcf5176f00149d529	gi|2095925524|gb|OK172579.1|	98.980	100	3.83e-92	196	34823	Microgadus tomcod	bony fishes	Atlantic tomcod
7f26edf28296708fcf5176f00149d529	gi|1772510469|gb|MH061100.1|	97.970	100	8.30e-89	197	8047	Eleginus gracilis	bony fishes	saffron cod
7f26edf28296708fcf5176f00149d529	gi|1772510455|gb|MH061099.1|	97.970	100	8.30e-89	197	8047	Eleginus gracilis	bony fishes	saffron cod
7f26edf28296708fcf5176f00149d529	gi|1772510441|gb|MH061098.1|	97.970	100	8.30e-89	197	8047	Eleginus gracilis	bony fishes	saffron cod
7f26edf28296708fcf5176f00149d529	gi|1772510427|gb|MH061097.1|	97.970	100	8.30e-89	197	8047	Eleginus gracilis	bony fishes	saffron cod
7f26edf28296708fcf5176f00149d529	gi|1772510413|gb|MH061096.1|	97.970	100	8.30e-89	197	8047	Eleginus gracilis	bony fishes	saffron cod
7f26edf28296708fcf5176f00149d529	gi|1772510399|gb|MH061095.1|	97.970	100	8.30e-89	197	8047	Eleginus gracilis	bony fishes	saffron cod
7f26edf28296708fcf5176f00149d529	gi|1772510385|gb|MH061094.1|	97.970	100	8.30e-89	197	8047	Eleginus gracilis	bony fishes	saffron cod
7f26edf28296708fcf5176f00149d529	gi|1772510371|gb|MH061093.1|	97.970	100	8.30e-89	197	8047	Eleginus gracilis	bony fishes	saffron cod
33d3b300b1fc867777da0dac37e3decf	gi|821091582|gb|KP644368.1|	98.980	100	3.83e-92	196	34823	Microgadus tomcod	bony fishes	Atlantic tomcod
33d3b300b1fc867777da0dac37e3decf	gi|2095925524|gb|OK172579.1|	98.469	100	1.78e-90	196	34823	Microgadus tomcod	bony fishes	Atlantic tomcod
33d3b300b1fc867777da0dac37e3decf	gi|1772510469|gb|MH061100.1|	97.462	100	3.86e-87	197	8047	Eleginus gracilis	bony fishes	saffron cod
33d3b300b1fc867777da0dac37e3decf	gi|1772510455|gb|MH061099.1|	97.462	100	3.86e-87	197	8047	Eleginus gracilis	bony fishes	saffron cod
33d3b300b1fc867777da0dac37e3decf	gi|1772510441|gb|MH061098.1|	97.462	100	3.86e-87	197	8047	Eleginus gracilis	bony fishes	saffron cod
33d3b300b1fc867777da0dac37e3decf	gi|1772510427|gb|MH061097.1|	97.462	100	3.86e-87	197	8047	Eleginus gracilis	bony fishes	saffron cod
33d3b300b1fc867777da0dac37e3decf	gi|1772510413|gb|MH061096.1|	97.462	100	3.86e-87	197	8047	Eleginus gracilis	bony fishes	saffron cod
33d3b300b1fc867777da0dac37e3decf	gi|1772510399|gb|MH061095.1|	97.462	100	3.86e-87	197	8047	Eleginus gracilis	bony fishes	saffron cod
33d3b300b1fc867777da0dac37e3decf	gi|1772510385|gb|MH061094.1|	97.462	100	3.86e-87	197	8047	Eleginus gracilis	bony fishes	saffron cod
33d3b300b1fc867777da0dac37e3decf	gi|1772510371|gb|MH061093.1|	97.462	100	3.86e-87	197	8047	Eleginus gracilis	bony fishes	saffron cod
3d94592e4a05a57a3c58e025601f9d09	gi|821091582|gb|KP644368.1|	99.490	100	8.24e-94	196	34823	Microgadus tomcod	bony fishes	Atlantic tomcod
3d94592e4a05a57a3c58e025601f9d09	gi|2095925524|gb|OK172579.1|	98.980	100	3.83e-92	196	34823	Microgadus tomcod	bony fishes	Atlantic tomcod
3d94592e4a05a57a3c58e025601f9d09	gi|1772510469|gb|MH061100.1|	97.970	100	8.30e-89	197	8047	Eleginus gracilis	bony fishes	saffron cod
3d94592e4a05a57a3c58e025601f9d09	gi|1772510455|gb|MH061099.1|	97.970	100	8.30e-89	197	8047	Eleginus gracilis	bony fishes	saffron cod
3d94592e4a05a57a3c58e025601f9d09	gi|1772510441|gb|MH061098.1|	97.970	100	8.30e-89	197	8047	Eleginus gracilis	bony fishes	saffron cod
3d94592e4a05a57a3c58e025601f9d09	gi|1772510427|gb|MH061097.1|	97.970	100	8.30e-89	197	8047	Eleginus gracilis	bony fishes	saffron cod
3d94592e4a05a57a3c58e025601f9d09	gi|1772510413|gb|MH061096.1|	97.970	100	8.30e-89	197	8047	Eleginus gracilis	bony fishes	saffron cod
3d94592e4a05a57a3c58e025601f9d09	gi|1772510399|gb|MH061095.1|	97.970	100	8.30e-89	197	8047	Eleginus gracilis	bony fishes	saffron cod
3d94592e4a05a57a3c58e025601f9d09	gi|1772510385|gb|MH061094.1|	97.970	100	8.30e-89	197	8047	Eleginus gracilis	bony fishes	saffron cod
3d94592e4a05a57a3c58e025601f9d09	gi|1772510371|gb|MH061093.1|	97.970	100	8.30e-89	197	8047	Eleginus gracilis	bony fishes	saffron cod
7ef1f5e67d86029bd11308ce4302cd2e	gi|1517363219|gb|MH538898.1|	99.487	100	2.95e-93	195	238744	Menidia menidia	bony fishes	Atlantic silverside
7ef1f5e67d86029bd11308ce4302cd2e	gi|1517363206|gb|MH538897.1|	99.487	100	2.95e-93	195	238744	Menidia menidia	bony fishes	Atlantic silverside
7ef1f5e67d86029bd11308ce4302cd2e	gi|1517363193|gb|MH538896.1|	99.487	100	2.95e-93	195	238744	Menidia menidia	bony fishes	Atlantic silverside
7ef1f5e67d86029bd11308ce4302cd2e	gi|1517363179|gb|MH538895.1|	99.487	100	2.95e-93	195	238744	Menidia menidia	bony fishes	Atlantic silverside
7ef1f5e67d86029bd11308ce4302cd2e	gi|1517363166|gb|MH538894.1|	99.487	100	2.95e-93	195	238744	Menidia menidia	bony fishes	Atlantic silverside
7ef1f5e67d86029bd11308ce4302cd2e	gi|1517363152|gb|MH538893.1|	99.487	100	2.95e-93	195	238744	Menidia menidia	bony fishes	Atlantic silverside
7ef1f5e67d86029bd11308ce4302cd2e	gi|1517363138|gb|MH538892.1|	99.487	100	2.95e-93	195	238744	Menidia menidia	bony fishes	Atlantic silverside
7ef1f5e67d86029bd11308ce4302cd2e	gi|1517363124|gb|MH538891.1|	99.487	100	2.95e-93	195	238744	Menidia menidia	bony fishes	Atlantic silverside
7ef1f5e67d86029bd11308ce4302cd2e	gi|1517363111|gb|MH538890.1|	99.487	100	2.95e-93	195	238744	Menidia menidia	bony fishes	Atlantic silverside
7ef1f5e67d86029bd11308ce4302cd2e	gi|1517363097|gb|MH538889.1|	99.487	100	2.95e-93	195	238744	Menidia menidia	bony fishes	Atlantic silverside
b197b0dbe72010a976d1598825936f5c	gi|2329468156|gb|OP056918.1|	99.487	100	2.95e-93	195	1266866	Cryptacanthodes maculatus	bony fishes	wrymouth
b197b0dbe72010a976d1598825936f5c	gi|2216790317|gb|MT621236.1|	97.949	100	2.97e-88	195	1317004	Kasatkia memorabilis	bony fishes	Kasatkia memorabilis
b197b0dbe72010a976d1598825936f5c	gi|2228970500|ref|NC_062698.1|	97.949	100	2.97e-88	195	1317004	Kasatkia memorabilis	bony fishes	Kasatkia memorabilis
b197b0dbe72010a976d1598825936f5c	gi|2216790233|gb|MT627596.1|	97.949	100	2.97e-88	195	986104	Askoldia variegata	bony fishes	Askoldia variegata
b197b0dbe72010a976d1598825936f5c	gi|2228970367|ref|NC_062695.1|	97.949	100	2.97e-88	195	986104	Askoldia variegata	bony fishes	Askoldia variegata
b197b0dbe72010a976d1598825936f5c	gi|2005592608|dbj|LC327134.2|	97.949	100	2.97e-88	195	1638156	Stichaeopsis nana	bony fishes	Stichaeopsis nana
b197b0dbe72010a976d1598825936f5c	gi|1825511880|gb|MT103910.1|	97.436	100	1.38e-86	195	980387	Eumesogrammus praecisus	bony fishes	fourline snakeblenny
b197b0dbe72010a976d1598825936f5c	gi|1812094577|ref|NC_045921.1|	97.436	100	1.38e-86	195	476928	Opisthocentrus ocellatus	bony fishes	Opisthocentrus ocellatus
b197b0dbe72010a976d1598825936f5c	gi|1790179848|dbj|LC495485.1|	97.436	100	1.38e-86	195	980387	Eumesogrammus praecisus	bony fishes	fourline snakeblenny
b197b0dbe72010a976d1598825936f5c	gi|1275605613|dbj|AP018419.1|	97.436	100	1.38e-86	195	980387	Eumesogrammus praecisus	bony fishes	fourline snakeblenny
dd5c676762d1875dfe5585b370266ebc	gi|2329468156|gb|OP056918.1|	100.000	100	6.33e-95	195	1266866	Cryptacanthodes maculatus	bony fishes	wrymouth
dd5c676762d1875dfe5585b370266ebc	gi|2216790317|gb|MT621236.1|	98.462	100	6.38e-90	195	1317004	Kasatkia memorabilis	bony fishes	Kasatkia memorabilis
dd5c676762d1875dfe5585b370266ebc	gi|2228970500|ref|NC_062698.1|	98.462	100	6.38e-90	195	1317004	Kasatkia memorabilis	bony fishes	Kasatkia memorabilis
dd5c676762d1875dfe5585b370266ebc	gi|2216790233|gb|MT627596.1|	98.462	100	6.38e-90	195	986104	Askoldia variegata	bony fishes	Askoldia variegata
dd5c676762d1875dfe5585b370266ebc	gi|2228970367|ref|NC_062695.1|	98.462	100	6.38e-90	195	986104	Askoldia variegata	bony fishes	Askoldia variegata
dd5c676762d1875dfe5585b370266ebc	gi|2005592608|dbj|LC327134.2|	98.462	100	6.38e-90	195	1638156	Stichaeopsis nana	bony fishes	Stichaeopsis nana
dd5c676762d1875dfe5585b370266ebc	gi|1825511880|gb|MT103910.1|	97.949	100	2.97e-88	195	980387	Eumesogrammus praecisus	bony fishes	fourline snakeblenny
dd5c676762d1875dfe5585b370266ebc	gi|1812094577|ref|NC_045921.1|	97.949	100	2.97e-88	195	476928	Opisthocentrus ocellatus	bony fishes	Opisthocentrus ocellatus
dd5c676762d1875dfe5585b370266ebc	gi|1790179848|dbj|LC495485.1|	97.949	100	2.97e-88	195	980387	Eumesogrammus praecisus	bony fishes	fourline snakeblenny
dd5c676762d1875dfe5585b370266ebc	gi|1275605613|dbj|AP018419.1|	97.949	100	2.97e-88	195	980387	Eumesogrammus praecisus	bony fishes	fourline snakeblenny
9781319dd13252e526e4bf36f9e62a9b	gi|2329468156|gb|OP056918.1|	99.487	100	2.95e-93	195	1266866	Cryptacanthodes maculatus	bony fishes	wrymouth
9781319dd13252e526e4bf36f9e62a9b	gi|2216790317|gb|MT621236.1|	97.949	100	2.97e-88	195	1317004	Kasatkia memorabilis	bony fishes	Kasatkia memorabilis
9781319dd13252e526e4bf36f9e62a9b	gi|2228970500|ref|NC_062698.1|	97.949	100	2.97e-88	195	1317004	Kasatkia memorabilis	bony fishes	Kasatkia memorabilis
9781319dd13252e526e4bf36f9e62a9b	gi|2216790233|gb|MT627596.1|	97.949	100	2.97e-88	195	986104	Askoldia variegata	bony fishes	Askoldia variegata
9781319dd13252e526e4bf36f9e62a9b	gi|2228970367|ref|NC_062695.1|	97.949	100	2.97e-88	195	986104	Askoldia variegata	bony fishes	Askoldia variegata
9781319dd13252e526e4bf36f9e62a9b	gi|2005592608|dbj|LC327134.2|	97.949	100	2.97e-88	195	1638156	Stichaeopsis nana	bony fishes	Stichaeopsis nana
9781319dd13252e526e4bf36f9e62a9b	gi|1825511880|gb|MT103910.1|	97.436	100	1.38e-86	195	980387	Eumesogrammus praecisus	bony fishes	fourline snakeblenny
9781319dd13252e526e4bf36f9e62a9b	gi|1812094577|ref|NC_045921.1|	97.436	100	1.38e-86	195	476928	Opisthocentrus ocellatus	bony fishes	Opisthocentrus ocellatus
9781319dd13252e526e4bf36f9e62a9b	gi|1790179848|dbj|LC495485.1|	97.436	100	1.38e-86	195	980387	Eumesogrammus praecisus	bony fishes	fourline snakeblenny
9781319dd13252e526e4bf36f9e62a9b	gi|1275605613|dbj|AP018419.1|	97.436	100	1.38e-86	195	980387	Eumesogrammus praecisus	bony fishes	fourline snakeblenny
a33234eb8975ebeaea1243d11a0627f2	gi|2329468156|gb|OP056918.1|	98.974	100	1.37e-91	195	1266866	Cryptacanthodes maculatus	bony fishes	wrymouth
a33234eb8975ebeaea1243d11a0627f2	gi|2216790317|gb|MT621236.1|	97.436	100	1.38e-86	195	1317004	Kasatkia memorabilis	bony fishes	Kasatkia memorabilis
a33234eb8975ebeaea1243d11a0627f2	gi|2228970500|ref|NC_062698.1|	97.436	100	1.38e-86	195	1317004	Kasatkia memorabilis	bony fishes	Kasatkia memorabilis
a33234eb8975ebeaea1243d11a0627f2	gi|2216790233|gb|MT627596.1|	97.436	100	1.38e-86	195	986104	Askoldia variegata	bony fishes	Askoldia variegata
a33234eb8975ebeaea1243d11a0627f2	gi|2228970367|ref|NC_062695.1|	97.436	100	1.38e-86	195	986104	Askoldia variegata	bony fishes	Askoldia variegata
a33234eb8975ebeaea1243d11a0627f2	gi|2005592608|dbj|LC327134.2|	97.436	100	1.38e-86	195	1638156	Stichaeopsis nana	bony fishes	Stichaeopsis nana
a33234eb8975ebeaea1243d11a0627f2	gi|1825511880|gb|MT103910.1|	96.923	100	6.42e-85	195	980387	Eumesogrammus praecisus	bony fishes	fourline snakeblenny
a33234eb8975ebeaea1243d11a0627f2	gi|1812094577|ref|NC_045921.1|	96.923	100	6.42e-85	195	476928	Opisthocentrus ocellatus	bony fishes	Opisthocentrus ocellatus
a33234eb8975ebeaea1243d11a0627f2	gi|1790179848|dbj|LC495485.1|	96.923	100	6.42e-85	195	980387	Eumesogrammus praecisus	bony fishes	fourline snakeblenny
a33234eb8975ebeaea1243d11a0627f2	gi|1275605613|dbj|AP018419.1|	96.923	100	6.42e-85	195	980387	Eumesogrammus praecisus	bony fishes	fourline snakeblenny
cb1c8f2e26f031b5a834f1178e7ac47b	gi|2692953615|ref|NC_086796.1|	98.953	98	2.28e-89	191	8199	Zoarces americanus	bony fishes	ocean pout
cb1c8f2e26f031b5a834f1178e7ac47b	gi|1788585388|gb|MN883214.1|	98.936	97	1.06e-87	188	8199	Zoarces americanus	bony fishes	ocean pout
cb1c8f2e26f031b5a834f1178e7ac47b	gi|1788585385|gb|MN883213.1|	98.404	97	1.37e-86	188	8199	Zoarces americanus	bony fishes	ocean pout
cb1c8f2e26f031b5a834f1178e7ac47b	gi|2724829064|ref|NC_088490.1|	97.423	100	4.93e-86	194	48416	Zoarces viviparus	bony fishes	viviparous blenny
cb1c8f2e26f031b5a834f1178e7ac47b	gi|1790179488|dbj|LC493918.1|	96.907	100	2.29e-84	194	215432	Lycodes esmarkii	bony fishes	greater eelpout
cb1c8f2e26f031b5a834f1178e7ac47b	gi|1707511234|ref|NC_043859.1|	96.392	100	1.07e-82	194	153719	Bothrocara hollandi	bony fishes	Bothrocara hollandi
cb1c8f2e26f031b5a834f1178e7ac47b	gi|2905253653|dbj|LC862843.1|	96.392	100	1.07e-82	194	1049576	Bothrocara zestum	bony fishes	western eelpout
cb1c8f2e26f031b5a834f1178e7ac47b	gi|1188454082|dbj|LC093396.1|	96.392	100	1.07e-82	194	1744849	Lycodes ygreknotatus	bony fishes	Lycodes ygreknotatus
cb1c8f2e26f031b5a834f1178e7ac47b	gi|2579741482|gb|OK328172.1|	96.392	100	1.07e-82	194	762048	Zoarces gillii	bony fishes	Zoarces gillii
cb1c8f2e26f031b5a834f1178e7ac47b	gi|2550033256|dbj|LC774581.1|	96.392	100	1.07e-82	194	153719	Bothrocara hollandi	bony fishes	Bothrocara hollandi
9e3b2d0b29d7fcb7eebf9ddae031d865	gi|2692953615|ref|NC_086796.1|	98.953	98	2.28e-89	191	8199	Zoarces americanus	bony fishes	ocean pout
9e3b2d0b29d7fcb7eebf9ddae031d865	gi|1788585388|gb|MN883214.1|	98.936	97	1.06e-87	188	8199	Zoarces americanus	bony fishes	ocean pout
9e3b2d0b29d7fcb7eebf9ddae031d865	gi|1788585385|gb|MN883213.1|	98.404	97	1.37e-86	188	8199	Zoarces americanus	bony fishes	ocean pout
9e3b2d0b29d7fcb7eebf9ddae031d865	gi|2724829064|ref|NC_088490.1|	97.423	100	4.93e-86	194	48416	Zoarces viviparus	bony fishes	viviparous blenny
9e3b2d0b29d7fcb7eebf9ddae031d865	gi|1790179488|dbj|LC493918.1|	96.392	100	1.07e-82	194	215432	Lycodes esmarkii	bony fishes	greater eelpout
9e3b2d0b29d7fcb7eebf9ddae031d865	gi|1707511234|ref|NC_043859.1|	95.876	100	4.97e-81	194	153719	Bothrocara hollandi	bony fishes	Bothrocara hollandi
9e3b2d0b29d7fcb7eebf9ddae031d865	gi|2905253653|dbj|LC862843.1|	95.876	100	4.97e-81	194	1049576	Bothrocara zestum	bony fishes	western eelpout
9e3b2d0b29d7fcb7eebf9ddae031d865	gi|1188454082|dbj|LC093396.1|	95.876	100	4.97e-81	194	1744849	Lycodes ygreknotatus	bony fishes	Lycodes ygreknotatus
9e3b2d0b29d7fcb7eebf9ddae031d865	gi|2579741482|gb|OK328172.1|	95.876	100	4.97e-81	194	762048	Zoarces gillii	bony fishes	Zoarces gillii
9e3b2d0b29d7fcb7eebf9ddae031d865	gi|2550033256|dbj|LC774581.1|	95.876	100	4.97e-81	194	153719	Bothrocara hollandi	bony fishes	Bothrocara hollandi
ee0b46d7ec06aa262a2b267f785834a2	gi|2692953615|ref|NC_086796.1|	99.476	98	4.90e-91	191	8199	Zoarces americanus	bony fishes	ocean pout
ee0b46d7ec06aa262a2b267f785834a2	gi|1788585388|gb|MN883214.1|	99.468	97	2.28e-89	188	8199	Zoarces americanus	bony fishes	ocean pout
ee0b46d7ec06aa262a2b267f785834a2	gi|1788585385|gb|MN883213.1|	98.936	97	2.95e-88	188	8199	Zoarces americanus	bony fishes	ocean pout
ee0b46d7ec06aa262a2b267f785834a2	gi|2724829064|ref|NC_088490.1|	97.938	100	1.06e-87	194	48416	Zoarces viviparus	bony fishes	viviparous blenny
ee0b46d7ec06aa262a2b267f785834a2	gi|1790179488|dbj|LC493918.1|	96.907	100	2.29e-84	194	215432	Lycodes esmarkii	bony fishes	greater eelpout
ee0b46d7ec06aa262a2b267f785834a2	gi|1707511234|ref|NC_043859.1|	96.392	100	1.07e-82	194	153719	Bothrocara hollandi	bony fishes	Bothrocara hollandi
ee0b46d7ec06aa262a2b267f785834a2	gi|2905253653|dbj|LC862843.1|	96.392	100	1.07e-82	194	1049576	Bothrocara zestum	bony fishes	western eelpout
ee0b46d7ec06aa262a2b267f785834a2	gi|1188454082|dbj|LC093396.1|	96.392	100	1.07e-82	194	1744849	Lycodes ygreknotatus	bony fishes	Lycodes ygreknotatus
ee0b46d7ec06aa262a2b267f785834a2	gi|2579741482|gb|OK328172.1|	96.392	100	1.07e-82	194	762048	Zoarces gillii	bony fishes	Zoarces gillii
ee0b46d7ec06aa262a2b267f785834a2	gi|2550033256|dbj|LC774581.1|	96.392	100	1.07e-82	194	153719	Bothrocara hollandi	bony fishes	Bothrocara hollandi
2c3a7ccb5d1da2c89e71a28fa82308a8	gi|2692953615|ref|NC_086796.1|	98.953	98	2.28e-89	191	8199	Zoarces americanus	bony fishes	ocean pout
2c3a7ccb5d1da2c89e71a28fa82308a8	gi|1788585388|gb|MN883214.1|	98.936	97	1.06e-87	188	8199	Zoarces americanus	bony fishes	ocean pout
2c3a7ccb5d1da2c89e71a28fa82308a8	gi|1788585385|gb|MN883213.1|	98.404	97	1.37e-86	188	8199	Zoarces americanus	bony fishes	ocean pout
2c3a7ccb5d1da2c89e71a28fa82308a8	gi|2724829064|ref|NC_088490.1|	97.423	100	4.93e-86	194	48416	Zoarces viviparus	bony fishes	viviparous blenny
2c3a7ccb5d1da2c89e71a28fa82308a8	gi|1790179488|dbj|LC493918.1|	96.392	100	1.07e-82	194	215432	Lycodes esmarkii	bony fishes	greater eelpout
2c3a7ccb5d1da2c89e71a28fa82308a8	gi|1707511234|ref|NC_043859.1|	95.876	100	4.97e-81	194	153719	Bothrocara hollandi	bony fishes	Bothrocara hollandi
2c3a7ccb5d1da2c89e71a28fa82308a8	gi|2905253653|dbj|LC862843.1|	95.876	100	4.97e-81	194	1049576	Bothrocara zestum	bony fishes	western eelpout
2c3a7ccb5d1da2c89e71a28fa82308a8	gi|1188454082|dbj|LC093396.1|	95.876	100	4.97e-81	194	1744849	Lycodes ygreknotatus	bony fishes	Lycodes ygreknotatus
2c3a7ccb5d1da2c89e71a28fa82308a8	gi|2579741482|gb|OK328172.1|	95.876	100	4.97e-81	194	762048	Zoarces gillii	bony fishes	Zoarces gillii
2c3a7ccb5d1da2c89e71a28fa82308a8	gi|2550033256|dbj|LC774581.1|	95.876	100	4.97e-81	194	153719	Bothrocara hollandi	bony fishes	Bothrocara hollandi
f5ddf18631a26ba87e37f2237b252f73	gi|2692953615|ref|NC_086796.1|	98.953	98	2.28e-89	191	8199	Zoarces americanus	bony fishes	ocean pout
f5ddf18631a26ba87e37f2237b252f73	gi|1788585388|gb|MN883214.1|	98.936	97	1.06e-87	188	8199	Zoarces americanus	bony fishes	ocean pout
f5ddf18631a26ba87e37f2237b252f73	gi|1788585385|gb|MN883213.1|	98.404	97	1.37e-86	188	8199	Zoarces americanus	bony fishes	ocean pout
f5ddf18631a26ba87e37f2237b252f73	gi|2724829064|ref|NC_088490.1|	97.423	100	4.93e-86	194	48416	Zoarces viviparus	bony fishes	viviparous blenny
f5ddf18631a26ba87e37f2237b252f73	gi|1790179488|dbj|LC493918.1|	96.392	100	1.07e-82	194	215432	Lycodes esmarkii	bony fishes	greater eelpout
f5ddf18631a26ba87e37f2237b252f73	gi|1707511234|ref|NC_043859.1|	95.876	100	4.97e-81	194	153719	Bothrocara hollandi	bony fishes	Bothrocara hollandi
f5ddf18631a26ba87e37f2237b252f73	gi|2905253653|dbj|LC862843.1|	95.876	100	4.97e-81	194	1049576	Bothrocara zestum	bony fishes	western eelpout
f5ddf18631a26ba87e37f2237b252f73	gi|1188454082|dbj|LC093396.1|	95.876	100	4.97e-81	194	1744849	Lycodes ygreknotatus	bony fishes	Lycodes ygreknotatus
f5ddf18631a26ba87e37f2237b252f73	gi|2579741482|gb|OK328172.1|	95.876	100	4.97e-81	194	762048	Zoarces gillii	bony fishes	Zoarces gillii
f5ddf18631a26ba87e37f2237b252f73	gi|2550033256|dbj|LC774581.1|	95.876	100	4.97e-81	194	153719	Bothrocara hollandi	bony fishes	Bothrocara hollandi
76595070a4d15e99b063ded58942c6b0	gi|2692953615|ref|NC_086796.1|	98.953	98	2.28e-89	191	8199	Zoarces americanus	bony fishes	ocean pout
76595070a4d15e99b063ded58942c6b0	gi|1788585388|gb|MN883214.1|	98.936	97	1.06e-87	188	8199	Zoarces americanus	bony fishes	ocean pout
76595070a4d15e99b063ded58942c6b0	gi|1788585385|gb|MN883213.1|	98.404	97	1.37e-86	188	8199	Zoarces americanus	bony fishes	ocean pout
76595070a4d15e99b063ded58942c6b0	gi|2724829064|ref|NC_088490.1|	97.423	100	4.93e-86	194	48416	Zoarces viviparus	bony fishes	viviparous blenny
76595070a4d15e99b063ded58942c6b0	gi|1790179488|dbj|LC493918.1|	96.392	100	1.07e-82	194	215432	Lycodes esmarkii	bony fishes	greater eelpout
76595070a4d15e99b063ded58942c6b0	gi|1707511234|ref|NC_043859.1|	95.876	100	4.97e-81	194	153719	Bothrocara hollandi	bony fishes	Bothrocara hollandi
76595070a4d15e99b063ded58942c6b0	gi|2905253653|dbj|LC862843.1|	95.876	100	4.97e-81	194	1049576	Bothrocara zestum	bony fishes	western eelpout
76595070a4d15e99b063ded58942c6b0	gi|1188454082|dbj|LC093396.1|	95.876	100	4.97e-81	194	1744849	Lycodes ygreknotatus	bony fishes	Lycodes ygreknotatus
76595070a4d15e99b063ded58942c6b0	gi|2579741482|gb|OK328172.1|	95.876	100	4.97e-81	194	762048	Zoarces gillii	bony fishes	Zoarces gillii
76595070a4d15e99b063ded58942c6b0	gi|2550033256|dbj|LC774581.1|	95.876	100	4.97e-81	194	153719	Bothrocara hollandi	bony fishes	Bothrocara hollandi
1dec59fef0682496139ad6094c458471	gi|1825511897|gb|MT103924.1|	99.487	100	2.95e-93	195	8265	Pseudopleuronectes americanus	bony fishes	winter flounder
1dec59fef0682496139ad6094c458471	gi|2579699234|ref|NC_082555.1|	99.487	100	2.95e-93	195	8265	Pseudopleuronectes americanus	bony fishes	winter flounder
1dec59fef0682496139ad6094c458471	gi|2811296573|dbj|LC843979.1|	98.974	100	1.37e-91	195	245875	Pseudopleuronectes yokohamae	bony fishes	marbled flounder
1dec59fef0682496139ad6094c458471	gi|1028336207|gb|KT943413.1|	98.974	100	1.37e-91	195	245875	Pseudopleuronectes yokohamae	bony fishes	marbled flounder
1dec59fef0682496139ad6094c458471	gi|2532681282|dbj|LC773527.1|	98.974	100	1.37e-91	195	245875	Pseudopleuronectes yokohamae	bony fishes	marbled flounder
1dec59fef0682496139ad6094c458471	gi|953516008|gb|KT878309.1|	98.974	100	1.37e-91	195	245875	Pseudopleuronectes yokohamae	bony fishes	marbled flounder
1dec59fef0682496139ad6094c458471	gi|937546965|ref|NC_028014.1|	98.974	100	1.37e-91	195	245875	Pseudopleuronectes yokohamae	bony fishes	marbled flounder
1dec59fef0682496139ad6094c458471	gi|2281569608|gb|MW713061.1|	98.974	100	1.37e-91	195	244452	Pseudopleuronectes herzensteini	bony fishes	littlemouth flounder
1dec59fef0682496139ad6094c458471	gi|2248507340|ref|NC_063673.1|	98.974	100	1.37e-91	195	244452	Pseudopleuronectes herzensteini	bony fishes	littlemouth flounder
1dec59fef0682496139ad6094c458471	gi|2038422308|dbj|LC630813.1|	98.974	100	1.37e-91	195	245875	Pseudopleuronectes yokohamae	bony fishes	marbled flounder
a4b93c2f9e5efcbb0ee7e1197cacdee8	gi|1825511897|gb|MT103924.1|	99.487	100	2.95e-93	195	8265	Pseudopleuronectes americanus	bony fishes	winter flounder
a4b93c2f9e5efcbb0ee7e1197cacdee8	gi|2579699234|ref|NC_082555.1|	99.487	100	2.95e-93	195	8265	Pseudopleuronectes americanus	bony fishes	winter flounder
a4b93c2f9e5efcbb0ee7e1197cacdee8	gi|2811296573|dbj|LC843979.1|	98.974	100	1.37e-91	195	245875	Pseudopleuronectes yokohamae	bony fishes	marbled flounder
a4b93c2f9e5efcbb0ee7e1197cacdee8	gi|1028336207|gb|KT943413.1|	98.974	100	1.37e-91	195	245875	Pseudopleuronectes yokohamae	bony fishes	marbled flounder
a4b93c2f9e5efcbb0ee7e1197cacdee8	gi|2532681282|dbj|LC773527.1|	98.974	100	1.37e-91	195	245875	Pseudopleuronectes yokohamae	bony fishes	marbled flounder
a4b93c2f9e5efcbb0ee7e1197cacdee8	gi|953516008|gb|KT878309.1|	98.974	100	1.37e-91	195	245875	Pseudopleuronectes yokohamae	bony fishes	marbled flounder
a4b93c2f9e5efcbb0ee7e1197cacdee8	gi|937546965|ref|NC_028014.1|	98.974	100	1.37e-91	195	245875	Pseudopleuronectes yokohamae	bony fishes	marbled flounder
a4b93c2f9e5efcbb0ee7e1197cacdee8	gi|2281569608|gb|MW713061.1|	98.974	100	1.37e-91	195	244452	Pseudopleuronectes herzensteini	bony fishes	littlemouth flounder
a4b93c2f9e5efcbb0ee7e1197cacdee8	gi|2248507340|ref|NC_063673.1|	98.974	100	1.37e-91	195	244452	Pseudopleuronectes herzensteini	bony fishes	littlemouth flounder
a4b93c2f9e5efcbb0ee7e1197cacdee8	gi|2038422308|dbj|LC630813.1|	98.974	100	1.37e-91	195	245875	Pseudopleuronectes yokohamae	bony fishes	marbled flounder
dc38e162972a997588b5f870f7fbfe44	gi|1825511897|gb|MT103924.1|	99.487	100	2.95e-93	195	8265	Pseudopleuronectes americanus	bony fishes	winter flounder
dc38e162972a997588b5f870f7fbfe44	gi|2579699234|ref|NC_082555.1|	99.487	100	2.95e-93	195	8265	Pseudopleuronectes americanus	bony fishes	winter flounder
dc38e162972a997588b5f870f7fbfe44	gi|2811296573|dbj|LC843979.1|	98.974	100	1.37e-91	195	245875	Pseudopleuronectes yokohamae	bony fishes	marbled flounder
dc38e162972a997588b5f870f7fbfe44	gi|1028336207|gb|KT943413.1|	98.974	100	1.37e-91	195	245875	Pseudopleuronectes yokohamae	bony fishes	marbled flounder
dc38e162972a997588b5f870f7fbfe44	gi|2532681282|dbj|LC773527.1|	98.974	100	1.37e-91	195	245875	Pseudopleuronectes yokohamae	bony fishes	marbled flounder
dc38e162972a997588b5f870f7fbfe44	gi|953516008|gb|KT878309.1|	98.974	100	1.37e-91	195	245875	Pseudopleuronectes yokohamae	bony fishes	marbled flounder
dc38e162972a997588b5f870f7fbfe44	gi|937546965|ref|NC_028014.1|	98.974	100	1.37e-91	195	245875	Pseudopleuronectes yokohamae	bony fishes	marbled flounder
dc38e162972a997588b5f870f7fbfe44	gi|2281569608|gb|MW713061.1|	98.974	100	1.37e-91	195	244452	Pseudopleuronectes herzensteini	bony fishes	littlemouth flounder
dc38e162972a997588b5f870f7fbfe44	gi|2248507340|ref|NC_063673.1|	98.974	100	1.37e-91	195	244452	Pseudopleuronectes herzensteini	bony fishes	littlemouth flounder
dc38e162972a997588b5f870f7fbfe44	gi|2038422308|dbj|LC630813.1|	98.974	100	1.37e-91	195	245875	Pseudopleuronectes yokohamae	bony fishes	marbled flounder
f5e4f18fabe3a44a8888aee3a22ae290	gi|1825511897|gb|MT103924.1|	99.487	100	2.95e-93	195	8265	Pseudopleuronectes americanus	bony fishes	winter flounder
f5e4f18fabe3a44a8888aee3a22ae290	gi|2579699234|ref|NC_082555.1|	99.487	100	2.95e-93	195	8265	Pseudopleuronectes americanus	bony fishes	winter flounder
f5e4f18fabe3a44a8888aee3a22ae290	gi|2811296573|dbj|LC843979.1|	98.974	100	1.37e-91	195	245875	Pseudopleuronectes yokohamae	bony fishes	marbled flounder
f5e4f18fabe3a44a8888aee3a22ae290	gi|1028336207|gb|KT943413.1|	98.974	100	1.37e-91	195	245875	Pseudopleuronectes yokohamae	bony fishes	marbled flounder
f5e4f18fabe3a44a8888aee3a22ae290	gi|2532681282|dbj|LC773527.1|	98.974	100	1.37e-91	195	245875	Pseudopleuronectes yokohamae	bony fishes	marbled flounder
f5e4f18fabe3a44a8888aee3a22ae290	gi|953516008|gb|KT878309.1|	98.974	100	1.37e-91	195	245875	Pseudopleuronectes yokohamae	bony fishes	marbled flounder
f5e4f18fabe3a44a8888aee3a22ae290	gi|937546965|ref|NC_028014.1|	98.974	100	1.37e-91	195	245875	Pseudopleuronectes yokohamae	bony fishes	marbled flounder
f5e4f18fabe3a44a8888aee3a22ae290	gi|2281569608|gb|MW713061.1|	98.974	100	1.37e-91	195	244452	Pseudopleuronectes herzensteini	bony fishes	littlemouth flounder
f5e4f18fabe3a44a8888aee3a22ae290	gi|2248507340|ref|NC_063673.1|	98.974	100	1.37e-91	195	244452	Pseudopleuronectes herzensteini	bony fishes	littlemouth flounder
f5e4f18fabe3a44a8888aee3a22ae290	gi|2038422308|dbj|LC630813.1|	98.974	100	1.37e-91	195	245875	Pseudopleuronectes yokohamae	bony fishes	marbled flounder
5087e9d63968fbeb66a9619e115d7485	gi|1825511897|gb|MT103924.1|	100.000	100	6.33e-95	195	8265	Pseudopleuronectes americanus	bony fishes	winter flounder
5087e9d63968fbeb66a9619e115d7485	gi|2579699234|ref|NC_082555.1|	100.000	100	6.33e-95	195	8265	Pseudopleuronectes americanus	bony fishes	winter flounder
5087e9d63968fbeb66a9619e115d7485	gi|2811296573|dbj|LC843979.1|	99.487	100	2.95e-93	195	245875	Pseudopleuronectes yokohamae	bony fishes	marbled flounder
5087e9d63968fbeb66a9619e115d7485	gi|1028336207|gb|KT943413.1|	99.487	100	2.95e-93	195	245875	Pseudopleuronectes yokohamae	bony fishes	marbled flounder
5087e9d63968fbeb66a9619e115d7485	gi|2532681282|dbj|LC773527.1|	99.487	100	2.95e-93	195	245875	Pseudopleuronectes yokohamae	bony fishes	marbled flounder
5087e9d63968fbeb66a9619e115d7485	gi|953516008|gb|KT878309.1|	99.487	100	2.95e-93	195	245875	Pseudopleuronectes yokohamae	bony fishes	marbled flounder
5087e9d63968fbeb66a9619e115d7485	gi|937546965|ref|NC_028014.1|	99.487	100	2.95e-93	195	245875	Pseudopleuronectes yokohamae	bony fishes	marbled flounder
5087e9d63968fbeb66a9619e115d7485	gi|2281569608|gb|MW713061.1|	99.487	100	2.95e-93	195	244452	Pseudopleuronectes herzensteini	bony fishes	littlemouth flounder
5087e9d63968fbeb66a9619e115d7485	gi|2248507340|ref|NC_063673.1|	99.487	100	2.95e-93	195	244452	Pseudopleuronectes herzensteini	bony fishes	littlemouth flounder
5087e9d63968fbeb66a9619e115d7485	gi|2038422308|dbj|LC630813.1|	99.487	100	2.95e-93	195	245875	Pseudopleuronectes yokohamae	bony fishes	marbled flounder
deb24a43fb3cbeaee6613e951bf054b4	gi|1825511897|gb|MT103924.1|	100.000	91	3.42e-98	201	8265	Pseudopleuronectes americanus	bony fishes	winter flounder
deb24a43fb3cbeaee6613e951bf054b4	gi|2579699234|ref|NC_082555.1|	100.000	91	3.42e-98	201	8265	Pseudopleuronectes americanus	bony fishes	winter flounder
deb24a43fb3cbeaee6613e951bf054b4	gi|2811296573|dbj|LC843979.1|	99.502	91	1.59e-96	201	245875	Pseudopleuronectes yokohamae	bony fishes	marbled flounder
deb24a43fb3cbeaee6613e951bf054b4	gi|1028336207|gb|KT943413.1|	99.502	91	1.59e-96	201	245875	Pseudopleuronectes yokohamae	bony fishes	marbled flounder
deb24a43fb3cbeaee6613e951bf054b4	gi|2532681282|dbj|LC773527.1|	99.502	91	1.59e-96	201	245875	Pseudopleuronectes yokohamae	bony fishes	marbled flounder
deb24a43fb3cbeaee6613e951bf054b4	gi|953516008|gb|KT878309.1|	99.502	91	1.59e-96	201	245875	Pseudopleuronectes yokohamae	bony fishes	marbled flounder
deb24a43fb3cbeaee6613e951bf054b4	gi|937546965|ref|NC_028014.1|	99.502	91	1.59e-96	201	245875	Pseudopleuronectes yokohamae	bony fishes	marbled flounder
deb24a43fb3cbeaee6613e951bf054b4	gi|2281569608|gb|MW713061.1|	99.502	91	1.59e-96	201	244452	Pseudopleuronectes herzensteini	bony fishes	littlemouth flounder
deb24a43fb3cbeaee6613e951bf054b4	gi|2248507340|ref|NC_063673.1|	99.502	91	1.59e-96	201	244452	Pseudopleuronectes herzensteini	bony fishes	littlemouth flounder
deb24a43fb3cbeaee6613e951bf054b4	gi|2038422308|dbj|LC630813.1|	99.502	91	1.59e-96	201	245875	Pseudopleuronectes yokohamae	bony fishes	marbled flounder
57f0ff1ef60efda419c0a548461ff5e5	gi|1825511897|gb|MT103924.1|	99.487	100	2.95e-93	195	8265	Pseudopleuronectes americanus	bony fishes	winter flounder
57f0ff1ef60efda419c0a548461ff5e5	gi|2579699234|ref|NC_082555.1|	99.487	100	2.95e-93	195	8265	Pseudopleuronectes americanus	bony fishes	winter flounder
57f0ff1ef60efda419c0a548461ff5e5	gi|2811296573|dbj|LC843979.1|	98.974	100	1.37e-91	195	245875	Pseudopleuronectes yokohamae	bony fishes	marbled flounder
57f0ff1ef60efda419c0a548461ff5e5	gi|1028336207|gb|KT943413.1|	98.974	100	1.37e-91	195	245875	Pseudopleuronectes yokohamae	bony fishes	marbled flounder
57f0ff1ef60efda419c0a548461ff5e5	gi|2532681282|dbj|LC773527.1|	98.974	100	1.37e-91	195	245875	Pseudopleuronectes yokohamae	bony fishes	marbled flounder
57f0ff1ef60efda419c0a548461ff5e5	gi|953516008|gb|KT878309.1|	98.974	100	1.37e-91	195	245875	Pseudopleuronectes yokohamae	bony fishes	marbled flounder
57f0ff1ef60efda419c0a548461ff5e5	gi|937546965|ref|NC_028014.1|	98.974	100	1.37e-91	195	245875	Pseudopleuronectes yokohamae	bony fishes	marbled flounder
57f0ff1ef60efda419c0a548461ff5e5	gi|2281569608|gb|MW713061.1|	98.974	100	1.37e-91	195	244452	Pseudopleuronectes herzensteini	bony fishes	littlemouth flounder
57f0ff1ef60efda419c0a548461ff5e5	gi|2248507340|ref|NC_063673.1|	98.974	100	1.37e-91	195	244452	Pseudopleuronectes herzensteini	bony fishes	littlemouth flounder
57f0ff1ef60efda419c0a548461ff5e5	gi|2038422308|dbj|LC630813.1|	98.974	100	1.37e-91	195	245875	Pseudopleuronectes yokohamae	bony fishes	marbled flounder
acee65784c85d2e289171023522ee71c	gi|1825511897|gb|MT103924.1|	99.487	100	2.95e-93	195	8265	Pseudopleuronectes americanus	bony fishes	winter flounder
acee65784c85d2e289171023522ee71c	gi|2579699234|ref|NC_082555.1|	99.487	100	2.95e-93	195	8265	Pseudopleuronectes americanus	bony fishes	winter flounder
acee65784c85d2e289171023522ee71c	gi|2811296573|dbj|LC843979.1|	98.974	100	1.37e-91	195	245875	Pseudopleuronectes yokohamae	bony fishes	marbled flounder
acee65784c85d2e289171023522ee71c	gi|1028336207|gb|KT943413.1|	98.974	100	1.37e-91	195	245875	Pseudopleuronectes yokohamae	bony fishes	marbled flounder
acee65784c85d2e289171023522ee71c	gi|2532681282|dbj|LC773527.1|	98.974	100	1.37e-91	195	245875	Pseudopleuronectes yokohamae	bony fishes	marbled flounder
acee65784c85d2e289171023522ee71c	gi|953516008|gb|KT878309.1|	98.974	100	1.37e-91	195	245875	Pseudopleuronectes yokohamae	bony fishes	marbled flounder
acee65784c85d2e289171023522ee71c	gi|937546965|ref|NC_028014.1|	98.974	100	1.37e-91	195	245875	Pseudopleuronectes yokohamae	bony fishes	marbled flounder
acee65784c85d2e289171023522ee71c	gi|2281569608|gb|MW713061.1|	98.974	100	1.37e-91	195	244452	Pseudopleuronectes herzensteini	bony fishes	littlemouth flounder
acee65784c85d2e289171023522ee71c	gi|2248507340|ref|NC_063673.1|	98.974	100	1.37e-91	195	244452	Pseudopleuronectes herzensteini	bony fishes	littlemouth flounder
acee65784c85d2e289171023522ee71c	gi|2038422308|dbj|LC630813.1|	98.974	100	1.37e-91	195	245875	Pseudopleuronectes yokohamae	bony fishes	marbled flounder
5d0addaf70d51de71a687f1c683bf849	gi|1825511897|gb|MT103924.1|	99.487	100	2.95e-93	195	8265	Pseudopleuronectes americanus	bony fishes	winter flounder
5d0addaf70d51de71a687f1c683bf849	gi|2579699234|ref|NC_082555.1|	99.487	100	2.95e-93	195	8265	Pseudopleuronectes americanus	bony fishes	winter flounder
5d0addaf70d51de71a687f1c683bf849	gi|2811296573|dbj|LC843979.1|	98.974	100	1.37e-91	195	245875	Pseudopleuronectes yokohamae	bony fishes	marbled flounder
5d0addaf70d51de71a687f1c683bf849	gi|1028336207|gb|KT943413.1|	98.974	100	1.37e-91	195	245875	Pseudopleuronectes yokohamae	bony fishes	marbled flounder
5d0addaf70d51de71a687f1c683bf849	gi|2532681282|dbj|LC773527.1|	98.974	100	1.37e-91	195	245875	Pseudopleuronectes yokohamae	bony fishes	marbled flounder
5d0addaf70d51de71a687f1c683bf849	gi|953516008|gb|KT878309.1|	98.974	100	1.37e-91	195	245875	Pseudopleuronectes yokohamae	bony fishes	marbled flounder
5d0addaf70d51de71a687f1c683bf849	gi|937546965|ref|NC_028014.1|	98.974	100	1.37e-91	195	245875	Pseudopleuronectes yokohamae	bony fishes	marbled flounder
5d0addaf70d51de71a687f1c683bf849	gi|2281569608|gb|MW713061.1|	98.974	100	1.37e-91	195	244452	Pseudopleuronectes herzensteini	bony fishes	littlemouth flounder
5d0addaf70d51de71a687f1c683bf849	gi|2248507340|ref|NC_063673.1|	98.974	100	1.37e-91	195	244452	Pseudopleuronectes herzensteini	bony fishes	littlemouth flounder
5d0addaf70d51de71a687f1c683bf849	gi|2038422308|dbj|LC630813.1|	98.974	100	1.37e-91	195	245875	Pseudopleuronectes yokohamae	bony fishes	marbled flounder
92ad36bd5c7001752127f6a52117407c	gi|1825511897|gb|MT103924.1|	99.487	100	2.95e-93	195	8265	Pseudopleuronectes americanus	bony fishes	winter flounder
92ad36bd5c7001752127f6a52117407c	gi|2579699234|ref|NC_082555.1|	99.487	100	2.95e-93	195	8265	Pseudopleuronectes americanus	bony fishes	winter flounder
92ad36bd5c7001752127f6a52117407c	gi|2811296573|dbj|LC843979.1|	98.974	100	1.37e-91	195	245875	Pseudopleuronectes yokohamae	bony fishes	marbled flounder
92ad36bd5c7001752127f6a52117407c	gi|1028336207|gb|KT943413.1|	98.974	100	1.37e-91	195	245875	Pseudopleuronectes yokohamae	bony fishes	marbled flounder
92ad36bd5c7001752127f6a52117407c	gi|2532681282|dbj|LC773527.1|	98.974	100	1.37e-91	195	245875	Pseudopleuronectes yokohamae	bony fishes	marbled flounder
92ad36bd5c7001752127f6a52117407c	gi|953516008|gb|KT878309.1|	98.974	100	1.37e-91	195	245875	Pseudopleuronectes yokohamae	bony fishes	marbled flounder
92ad36bd5c7001752127f6a52117407c	gi|937546965|ref|NC_028014.1|	98.974	100	1.37e-91	195	245875	Pseudopleuronectes yokohamae	bony fishes	marbled flounder
92ad36bd5c7001752127f6a52117407c	gi|2281569608|gb|MW713061.1|	98.974	100	1.37e-91	195	244452	Pseudopleuronectes herzensteini	bony fishes	littlemouth flounder
92ad36bd5c7001752127f6a52117407c	gi|2248507340|ref|NC_063673.1|	98.974	100	1.37e-91	195	244452	Pseudopleuronectes herzensteini	bony fishes	littlemouth flounder
92ad36bd5c7001752127f6a52117407c	gi|2038422308|dbj|LC630813.1|	98.974	100	1.37e-91	195	245875	Pseudopleuronectes yokohamae	bony fishes	marbled flounder
89a1e4506990543144f4b8478daba41b	gi|1788585439|gb|MN883231.1|	100.000	98	2.95e-93	192	34819	Glyptocephalus cynoglossus	bony fishes	witch
89a1e4506990543144f4b8478daba41b	gi|1788585436|gb|MN883230.1|	100.000	98	2.95e-93	192	34819	Glyptocephalus cynoglossus	bony fishes	witch
89a1e4506990543144f4b8478daba41b	gi|2580316381|gb|OR575595.1|	99.487	100	2.95e-93	195	195612	Glyptocephalus zachirus	bony fishes	Rex sole
89a1e4506990543144f4b8478daba41b	gi|2571476590|gb|OR499736.1|	99.487	100	2.95e-93	195	195612	Glyptocephalus zachirus	bony fishes	Rex sole
89a1e4506990543144f4b8478daba41b	gi|1898137426|gb|MT410908.1|	99.487	100	2.95e-93	195	34819	Glyptocephalus cynoglossus	bony fishes	witch
89a1e4506990543144f4b8478daba41b	gi|1798174225|gb|MN122933.1|	98.974	100	1.37e-91	195	106175	Microstomus kitt	bony fishes	lemon sole
89a1e4506990543144f4b8478daba41b	gi|2810125438|emb|OZ184403.1|	98.974	100	1.37e-91	195	106175	Microstomus kitt	bony fishes	lemon sole
89a1e4506990543144f4b8478daba41b	gi|2373975300|gb|OP035179.1|	98.974	100	1.37e-91	195	641108	Myzopsetta proboscidea	bony fishes	longhead dab
89a1e4506990543144f4b8478daba41b	gi|2587926298|ref|NC_082770.1|	98.974	100	1.37e-91	195	641108	Myzopsetta proboscidea	bony fishes	longhead dab
89a1e4506990543144f4b8478daba41b	gi|2307923932|ref|NC_066466.1|	98.974	100	1.37e-91	195	89057	Microstomus achne	bony fishes	slime flounder
1fe7f3daaa12d18196289cbdcc113f6d	gi|1642520750|ref|NC_042186.1|	99.487	100	2.95e-93	195	8097	Myoxocephalus scorpius	bony fishes	shorthorn sculpin
1fe7f3daaa12d18196289cbdcc113f6d	gi|1512459169|gb|MG924481.1|	99.487	100	2.95e-93	195	200680	Myoxocephalus quadricornis	bony fishes	Myoxocephalus quadricornis
1fe7f3daaa12d18196289cbdcc113f6d	gi|1512459168|gb|MG924480.1|	99.487	100	2.95e-93	195	200680	Myoxocephalus quadricornis	bony fishes	Myoxocephalus quadricornis
1fe7f3daaa12d18196289cbdcc113f6d	gi|1512459167|gb|MG924479.1|	99.487	100	2.95e-93	195	200680	Myoxocephalus quadricornis	bony fishes	Myoxocephalus quadricornis
1fe7f3daaa12d18196289cbdcc113f6d	gi|2621112018|gb|OR818174.1|	99.487	100	2.95e-93	195	304292	Myoxocephalus thompsonii	bony fishes	deepwater sculpin
1fe7f3daaa12d18196289cbdcc113f6d	gi|1979358083|gb|MT303953.1|	99.487	100	2.95e-93	195	200680	Myoxocephalus quadricornis	bony fishes	Myoxocephalus quadricornis
1fe7f3daaa12d18196289cbdcc113f6d	gi|1999117704|ref|NC_053359.1|	99.487	100	2.95e-93	195	200680	Myoxocephalus quadricornis	bony fishes	Myoxocephalus quadricornis
1fe7f3daaa12d18196289cbdcc113f6d	gi|1896498863|gb|MT410889.1|	99.487	100	2.95e-93	195	8097	Myoxocephalus scorpius	bony fishes	shorthorn sculpin
1fe7f3daaa12d18196289cbdcc113f6d	gi|669175225|gb|KM057972.1|	98.974	100	3.81e-92	195	274766	Microcottus sellaris	bony fishes	Microcottus sellaris
1fe7f3daaa12d18196289cbdcc113f6d	gi|1808706708|gb|MN162695.1|	98.974	100	1.37e-91	195	980339	Myoxocephalus jaok	bony fishes	plain sculpin
d5a55e663d04221c18d5a98bf837b0b0	gi|2095925495|gb|OK172567.1|	98.974	100	1.37e-91	195	8096	Myoxocephalus aenaeus	bony fishes	grubby sculpin
d5a55e663d04221c18d5a98bf837b0b0	gi|1642520750|ref|NC_042186.1|	98.462	100	6.38e-90	195	8097	Myoxocephalus scorpius	bony fishes	shorthorn sculpin
d5a55e663d04221c18d5a98bf837b0b0	gi|1515576537|gb|MH377822.1|	98.958	98	6.38e-90	192	8096	Myoxocephalus aenaeus	bony fishes	grubby sculpin
d5a55e663d04221c18d5a98bf837b0b0	gi|1512459169|gb|MG924481.1|	98.462	100	6.38e-90	195	200680	Myoxocephalus quadricornis	bony fishes	Myoxocephalus quadricornis
d5a55e663d04221c18d5a98bf837b0b0	gi|1512459168|gb|MG924480.1|	98.462	100	6.38e-90	195	200680	Myoxocephalus quadricornis	bony fishes	Myoxocephalus quadricornis
d5a55e663d04221c18d5a98bf837b0b0	gi|1512459167|gb|MG924479.1|	98.462	100	6.38e-90	195	200680	Myoxocephalus quadricornis	bony fishes	Myoxocephalus quadricornis
d5a55e663d04221c18d5a98bf837b0b0	gi|2621112018|gb|OR818174.1|	98.462	100	6.38e-90	195	304292	Myoxocephalus thompsonii	bony fishes	deepwater sculpin
d5a55e663d04221c18d5a98bf837b0b0	gi|1979358083|gb|MT303953.1|	98.462	100	6.38e-90	195	200680	Myoxocephalus quadricornis	bony fishes	Myoxocephalus quadricornis
d5a55e663d04221c18d5a98bf837b0b0	gi|1999117704|ref|NC_053359.1|	98.462	100	6.38e-90	195	200680	Myoxocephalus quadricornis	bony fishes	Myoxocephalus quadricornis
d5a55e663d04221c18d5a98bf837b0b0	gi|1896498863|gb|MT410889.1|	98.462	100	6.38e-90	195	8097	Myoxocephalus scorpius	bony fishes	shorthorn sculpin
244070359393b065f9345c7fe1bb8bfd	gi|2095925495|gb|OK172567.1|	100.000	100	6.33e-95	195	8096	Myoxocephalus aenaeus	bony fishes	grubby sculpin
244070359393b065f9345c7fe1bb8bfd	gi|1642520750|ref|NC_042186.1|	99.487	100	2.95e-93	195	8097	Myoxocephalus scorpius	bony fishes	shorthorn sculpin
244070359393b065f9345c7fe1bb8bfd	gi|1515576537|gb|MH377822.1|	100.000	98	2.95e-93	192	8096	Myoxocephalus aenaeus	bony fishes	grubby sculpin
244070359393b065f9345c7fe1bb8bfd	gi|1512459169|gb|MG924481.1|	99.487	100	2.95e-93	195	200680	Myoxocephalus quadricornis	bony fishes	Myoxocephalus quadricornis
244070359393b065f9345c7fe1bb8bfd	gi|1512459168|gb|MG924480.1|	99.487	100	2.95e-93	195	200680	Myoxocephalus quadricornis	bony fishes	Myoxocephalus quadricornis
244070359393b065f9345c7fe1bb8bfd	gi|1512459167|gb|MG924479.1|	99.487	100	2.95e-93	195	200680	Myoxocephalus quadricornis	bony fishes	Myoxocephalus quadricornis
244070359393b065f9345c7fe1bb8bfd	gi|2621112018|gb|OR818174.1|	99.487	100	2.95e-93	195	304292	Myoxocephalus thompsonii	bony fishes	deepwater sculpin
244070359393b065f9345c7fe1bb8bfd	gi|1979358083|gb|MT303953.1|	99.487	100	2.95e-93	195	200680	Myoxocephalus quadricornis	bony fishes	Myoxocephalus quadricornis
244070359393b065f9345c7fe1bb8bfd	gi|1999117704|ref|NC_053359.1|	99.487	100	2.95e-93	195	200680	Myoxocephalus quadricornis	bony fishes	Myoxocephalus quadricornis
244070359393b065f9345c7fe1bb8bfd	gi|1896498863|gb|MT410889.1|	99.487	100	2.95e-93	195	8097	Myoxocephalus scorpius	bony fishes	shorthorn sculpin
652a3ee964bfcdbc6cad439dda772656	gi|2095925495|gb|OK172567.1|	99.487	100	2.95e-93	195	8096	Myoxocephalus aenaeus	bony fishes	grubby sculpin
652a3ee964bfcdbc6cad439dda772656	gi|1642520750|ref|NC_042186.1|	98.974	100	1.37e-91	195	8097	Myoxocephalus scorpius	bony fishes	shorthorn sculpin
652a3ee964bfcdbc6cad439dda772656	gi|1515576537|gb|MH377822.1|	99.479	98	1.37e-91	192	8096	Myoxocephalus aenaeus	bony fishes	grubby sculpin
652a3ee964bfcdbc6cad439dda772656	gi|1512459169|gb|MG924481.1|	98.974	100	1.37e-91	195	200680	Myoxocephalus quadricornis	bony fishes	Myoxocephalus quadricornis
652a3ee964bfcdbc6cad439dda772656	gi|1512459168|gb|MG924480.1|	98.974	100	1.37e-91	195	200680	Myoxocephalus quadricornis	bony fishes	Myoxocephalus quadricornis
652a3ee964bfcdbc6cad439dda772656	gi|1512459167|gb|MG924479.1|	98.974	100	1.37e-91	195	200680	Myoxocephalus quadricornis	bony fishes	Myoxocephalus quadricornis
652a3ee964bfcdbc6cad439dda772656	gi|2621112018|gb|OR818174.1|	98.974	100	1.37e-91	195	304292	Myoxocephalus thompsonii	bony fishes	deepwater sculpin
652a3ee964bfcdbc6cad439dda772656	gi|1979358083|gb|MT303953.1|	98.974	100	1.37e-91	195	200680	Myoxocephalus quadricornis	bony fishes	Myoxocephalus quadricornis
652a3ee964bfcdbc6cad439dda772656	gi|1999117704|ref|NC_053359.1|	98.974	100	1.37e-91	195	200680	Myoxocephalus quadricornis	bony fishes	Myoxocephalus quadricornis
652a3ee964bfcdbc6cad439dda772656	gi|1896498863|gb|MT410889.1|	98.974	100	1.37e-91	195	8097	Myoxocephalus scorpius	bony fishes	shorthorn sculpin
3b0d119a7d8c556b46f8b153af4c996e	gi|1642520750|ref|NC_042186.1|	100.000	100	6.33e-95	195	8097	Myoxocephalus scorpius	bony fishes	shorthorn sculpin
3b0d119a7d8c556b46f8b153af4c996e	gi|1512459169|gb|MG924481.1|	100.000	100	6.33e-95	195	200680	Myoxocephalus quadricornis	bony fishes	Myoxocephalus quadricornis
3b0d119a7d8c556b46f8b153af4c996e	gi|1512459168|gb|MG924480.1|	100.000	100	6.33e-95	195	200680	Myoxocephalus quadricornis	bony fishes	Myoxocephalus quadricornis
3b0d119a7d8c556b46f8b153af4c996e	gi|1512459167|gb|MG924479.1|	100.000	100	6.33e-95	195	200680	Myoxocephalus quadricornis	bony fishes	Myoxocephalus quadricornis
3b0d119a7d8c556b46f8b153af4c996e	gi|2621112018|gb|OR818174.1|	100.000	100	6.33e-95	195	304292	Myoxocephalus thompsonii	bony fishes	deepwater sculpin
3b0d119a7d8c556b46f8b153af4c996e	gi|1979358083|gb|MT303953.1|	100.000	100	6.33e-95	195	200680	Myoxocephalus quadricornis	bony fishes	Myoxocephalus quadricornis
3b0d119a7d8c556b46f8b153af4c996e	gi|1999117704|ref|NC_053359.1|	100.000	100	6.33e-95	195	200680	Myoxocephalus quadricornis	bony fishes	Myoxocephalus quadricornis
3b0d119a7d8c556b46f8b153af4c996e	gi|1896498863|gb|MT410889.1|	100.000	100	6.33e-95	195	8097	Myoxocephalus scorpius	bony fishes	shorthorn sculpin
3b0d119a7d8c556b46f8b153af4c996e	gi|669175225|gb|KM057972.1|	99.487	100	8.19e-94	195	274766	Microcottus sellaris	bony fishes	Microcottus sellaris
3b0d119a7d8c556b46f8b153af4c996e	gi|1808706708|gb|MN162695.1|	99.487	100	2.95e-93	195	980339	Myoxocephalus jaok	bony fishes	plain sculpin
e6bc8c5c129ce388991a2288febbae2e	gi|1642520750|ref|NC_042186.1|	99.487	100	2.95e-93	195	8097	Myoxocephalus scorpius	bony fishes	shorthorn sculpin
e6bc8c5c129ce388991a2288febbae2e	gi|1512459169|gb|MG924481.1|	99.487	100	2.95e-93	195	200680	Myoxocephalus quadricornis	bony fishes	Myoxocephalus quadricornis
e6bc8c5c129ce388991a2288febbae2e	gi|1512459168|gb|MG924480.1|	99.487	100	2.95e-93	195	200680	Myoxocephalus quadricornis	bony fishes	Myoxocephalus quadricornis
e6bc8c5c129ce388991a2288febbae2e	gi|1512459167|gb|MG924479.1|	99.487	100	2.95e-93	195	200680	Myoxocephalus quadricornis	bony fishes	Myoxocephalus quadricornis
e6bc8c5c129ce388991a2288febbae2e	gi|2621112018|gb|OR818174.1|	99.487	100	2.95e-93	195	304292	Myoxocephalus thompsonii	bony fishes	deepwater sculpin
e6bc8c5c129ce388991a2288febbae2e	gi|1979358083|gb|MT303953.1|	99.487	100	2.95e-93	195	200680	Myoxocephalus quadricornis	bony fishes	Myoxocephalus quadricornis
e6bc8c5c129ce388991a2288febbae2e	gi|1999117704|ref|NC_053359.1|	99.487	100	2.95e-93	195	200680	Myoxocephalus quadricornis	bony fishes	Myoxocephalus quadricornis
e6bc8c5c129ce388991a2288febbae2e	gi|1896498863|gb|MT410889.1|	99.487	100	2.95e-93	195	8097	Myoxocephalus scorpius	bony fishes	shorthorn sculpin
e6bc8c5c129ce388991a2288febbae2e	gi|669175225|gb|KM057972.1|	98.974	100	3.81e-92	195	274766	Microcottus sellaris	bony fishes	Microcottus sellaris
e6bc8c5c129ce388991a2288febbae2e	gi|1808706708|gb|MN162695.1|	98.974	100	1.37e-91	195	980339	Myoxocephalus jaok	bony fishes	plain sculpin
2f47774aa6ab66e05cc15125676e264a	gi|1825511897|gb|MT103924.1|	99.487	100	2.95e-93	195	8265	Pseudopleuronectes americanus	bony fishes	winter flounder
2f47774aa6ab66e05cc15125676e264a	gi|2579699234|ref|NC_082555.1|	99.487	100	2.95e-93	195	8265	Pseudopleuronectes americanus	bony fishes	winter flounder
2f47774aa6ab66e05cc15125676e264a	gi|2811296573|dbj|LC843979.1|	98.974	100	1.37e-91	195	245875	Pseudopleuronectes yokohamae	bony fishes	marbled flounder
2f47774aa6ab66e05cc15125676e264a	gi|1028336207|gb|KT943413.1|	98.974	100	1.37e-91	195	245875	Pseudopleuronectes yokohamae	bony fishes	marbled flounder
2f47774aa6ab66e05cc15125676e264a	gi|2532681282|dbj|LC773527.1|	98.974	100	1.37e-91	195	245875	Pseudopleuronectes yokohamae	bony fishes	marbled flounder
2f47774aa6ab66e05cc15125676e264a	gi|953516008|gb|KT878309.1|	98.974	100	1.37e-91	195	245875	Pseudopleuronectes yokohamae	bony fishes	marbled flounder
2f47774aa6ab66e05cc15125676e264a	gi|937546965|ref|NC_028014.1|	98.974	100	1.37e-91	195	245875	Pseudopleuronectes yokohamae	bony fishes	marbled flounder
2f47774aa6ab66e05cc15125676e264a	gi|2281569608|gb|MW713061.1|	98.974	100	1.37e-91	195	244452	Pseudopleuronectes herzensteini	bony fishes	littlemouth flounder
2f47774aa6ab66e05cc15125676e264a	gi|2248507340|ref|NC_063673.1|	98.974	100	1.37e-91	195	244452	Pseudopleuronectes herzensteini	bony fishes	littlemouth flounder
2f47774aa6ab66e05cc15125676e264a	gi|2038422308|dbj|LC630813.1|	98.974	100	1.37e-91	195	245875	Pseudopleuronectes yokohamae	bony fishes	marbled flounder
72c05bbb8fbc5c5730304d2da8badfd5	gi|1825511898|gb|MT103925.1|	100.000	100	6.33e-95	195	183654	Scophthalmus aquosus	bony fishes	windowpane
72c05bbb8fbc5c5730304d2da8badfd5	gi|2329468229|gb|OP056991.1|	100.000	100	6.33e-95	195	183654	Scophthalmus aquosus	bony fishes	windowpane
72c05bbb8fbc5c5730304d2da8badfd5	gi|22532272|gb|AF488512.1|	100.000	100	6.33e-95	195	183654	Scophthalmus aquosus	bony fishes	windowpane
72c05bbb8fbc5c5730304d2da8badfd5	gi|1515576482|gb|MH377767.1|	100.000	98	2.95e-93	192	183654	Scophthalmus aquosus	bony fishes	windowpane
72c05bbb8fbc5c5730304d2da8badfd5	gi|1515576481|gb|MH377766.1|	100.000	98	2.95e-93	192	183654	Scophthalmus aquosus	bony fishes	windowpane
72c05bbb8fbc5c5730304d2da8badfd5	gi|2088257945|ref|NC_057273.1|	90.355	100	3.07e-63	197	455156	Paralichthys adspersus	bony fishes	fine flounder
ab7c68f700e340ce047c9a466513139f	gi|1825511898|gb|MT103925.1|	99.487	100	2.95e-93	195	183654	Scophthalmus aquosus	bony fishes	windowpane
ab7c68f700e340ce047c9a466513139f	gi|2329468229|gb|OP056991.1|	99.487	100	2.95e-93	195	183654	Scophthalmus aquosus	bony fishes	windowpane
ab7c68f700e340ce047c9a466513139f	gi|22532272|gb|AF488512.1|	99.487	100	2.95e-93	195	183654	Scophthalmus aquosus	bony fishes	windowpane
ab7c68f700e340ce047c9a466513139f	gi|1515576482|gb|MH377767.1|	99.479	98	1.37e-91	192	183654	Scophthalmus aquosus	bony fishes	windowpane
ab7c68f700e340ce047c9a466513139f	gi|1515576481|gb|MH377766.1|	99.479	98	1.37e-91	192	183654	Scophthalmus aquosus	bony fishes	windowpane
8605140d6fed1c158e187cf18dbe6327	gi|1798174185|gb|MN122882.1|	98.974	100	1.37e-91	195	8103	Cyclopterus lumpus	bony fishes	lumpfish
8605140d6fed1c158e187cf18dbe6327	gi|2578658267|emb|OY735173.1|	98.974	100	1.37e-91	195	8103	Cyclopterus lumpus	bony fishes	lumpfish
8605140d6fed1c158e187cf18dbe6327	gi|2424877622|ref|NC_069208.1|	98.974	100	1.37e-91	195	8103	Cyclopterus lumpus	bony fishes	lumpfish
8605140d6fed1c158e187cf18dbe6327	gi|669175207|gb|KM057954.1|	98.974	100	1.37e-91	195	8103	Cyclopterus lumpus	bony fishes	lumpfish
8605140d6fed1c158e187cf18dbe6327	gi|669175195|gb|KM057942.1|	97.436	100	1.38e-86	195	181459	Aptocyclus ventricosus	bony fishes	smooth lumpsucker
8605140d6fed1c158e187cf18dbe6327	gi|108793476|ref|NC_008129.1|	97.436	100	1.38e-86	195	181459	Aptocyclus ventricosus	bony fishes	smooth lumpsucker
8605140d6fed1c158e187cf18dbe6327	gi|1825511884|gb|MT103913.1|	96.410	100	2.99e-83	195	430040	Eumicrotremus spinosus	bony fishes	Atlantic spiny lumpsucker
8605140d6fed1c158e187cf18dbe6327	gi|1825511883|gb|MT103912.1|	96.410	100	2.99e-83	195	430040	Eumicrotremus spinosus	bony fishes	Atlantic spiny lumpsucker
8605140d6fed1c158e187cf18dbe6327	gi|1790179668|dbj|LC493931.1|	96.410	100	2.99e-83	195	1302273	Eumicrotremus asperrimus	bony fishes	Siberian lumpsucker
8605140d6fed1c158e187cf18dbe6327	gi|2429801341|ref|NC_069584.1|	96.410	100	2.99e-83	195	430040	Eumicrotremus spinosus	bony fishes	Atlantic spiny lumpsucker
beb65087012f949c5238dd3f477c8dbb	gi|1798174185|gb|MN122882.1|	99.487	100	2.95e-93	195	8103	Cyclopterus lumpus	bony fishes	lumpfish
beb65087012f949c5238dd3f477c8dbb	gi|2578658267|emb|OY735173.1|	99.487	100	2.95e-93	195	8103	Cyclopterus lumpus	bony fishes	lumpfish
beb65087012f949c5238dd3f477c8dbb	gi|2424877622|ref|NC_069208.1|	99.487	100	2.95e-93	195	8103	Cyclopterus lumpus	bony fishes	lumpfish
beb65087012f949c5238dd3f477c8dbb	gi|669175207|gb|KM057954.1|	99.487	100	2.95e-93	195	8103	Cyclopterus lumpus	bony fishes	lumpfish
beb65087012f949c5238dd3f477c8dbb	gi|669175195|gb|KM057942.1|	97.949	100	2.97e-88	195	181459	Aptocyclus ventricosus	bony fishes	smooth lumpsucker
beb65087012f949c5238dd3f477c8dbb	gi|108793476|ref|NC_008129.1|	97.949	100	2.97e-88	195	181459	Aptocyclus ventricosus	bony fishes	smooth lumpsucker
beb65087012f949c5238dd3f477c8dbb	gi|1825511884|gb|MT103913.1|	96.923	100	6.42e-85	195	430040	Eumicrotremus spinosus	bony fishes	Atlantic spiny lumpsucker
beb65087012f949c5238dd3f477c8dbb	gi|1825511883|gb|MT103912.1|	96.923	100	6.42e-85	195	430040	Eumicrotremus spinosus	bony fishes	Atlantic spiny lumpsucker
beb65087012f949c5238dd3f477c8dbb	gi|1790179668|dbj|LC493931.1|	96.923	100	6.42e-85	195	1302273	Eumicrotremus asperrimus	bony fishes	Siberian lumpsucker
beb65087012f949c5238dd3f477c8dbb	gi|2429801341|ref|NC_069584.1|	96.923	100	6.42e-85	195	430040	Eumicrotremus spinosus	bony fishes	Atlantic spiny lumpsucker
2a46fa5ed27220e59a2969402966e754	gi|1798174185|gb|MN122882.1|	98.964	90	1.98e-90	193	8103	Cyclopterus lumpus	bony fishes	lumpfish
2a46fa5ed27220e59a2969402966e754	gi|2578658267|emb|OY735173.1|	98.964	90	1.98e-90	193	8103	Cyclopterus lumpus	bony fishes	lumpfish
2a46fa5ed27220e59a2969402966e754	gi|2424877622|ref|NC_069208.1|	98.964	90	1.98e-90	193	8103	Cyclopterus lumpus	bony fishes	lumpfish
2a46fa5ed27220e59a2969402966e754	gi|669175207|gb|KM057954.1|	98.964	90	1.98e-90	193	8103	Cyclopterus lumpus	bony fishes	lumpfish
2a46fa5ed27220e59a2969402966e754	gi|669175195|gb|KM057942.1|	97.409	90	2.00e-85	193	181459	Aptocyclus ventricosus	bony fishes	smooth lumpsucker
2a46fa5ed27220e59a2969402966e754	gi|108793476|ref|NC_008129.1|	97.409	90	2.00e-85	193	181459	Aptocyclus ventricosus	bony fishes	smooth lumpsucker
2a46fa5ed27220e59a2969402966e754	gi|1825511884|gb|MT103913.1|	96.373	90	4.33e-82	193	430040	Eumicrotremus spinosus	bony fishes	Atlantic spiny lumpsucker
2a46fa5ed27220e59a2969402966e754	gi|1825511883|gb|MT103912.1|	96.373	90	4.33e-82	193	430040	Eumicrotremus spinosus	bony fishes	Atlantic spiny lumpsucker
2a46fa5ed27220e59a2969402966e754	gi|1790179668|dbj|LC493931.1|	96.373	90	4.33e-82	193	1302273	Eumicrotremus asperrimus	bony fishes	Siberian lumpsucker
2a46fa5ed27220e59a2969402966e754	gi|2429801341|ref|NC_069584.1|	96.373	90	4.33e-82	193	430040	Eumicrotremus spinosus	bony fishes	Atlantic spiny lumpsucker
3638e7f750555c199d10e3bdba661458	gi|1798174185|gb|MN122882.1|	98.974	100	1.37e-91	195	8103	Cyclopterus lumpus	bony fishes	lumpfish
3638e7f750555c199d10e3bdba661458	gi|2578658267|emb|OY735173.1|	98.974	100	1.37e-91	195	8103	Cyclopterus lumpus	bony fishes	lumpfish
3638e7f750555c199d10e3bdba661458	gi|2424877622|ref|NC_069208.1|	98.974	100	1.37e-91	195	8103	Cyclopterus lumpus	bony fishes	lumpfish
3638e7f750555c199d10e3bdba661458	gi|669175207|gb|KM057954.1|	98.974	100	1.37e-91	195	8103	Cyclopterus lumpus	bony fishes	lumpfish
3638e7f750555c199d10e3bdba661458	gi|669175195|gb|KM057942.1|	97.436	100	1.38e-86	195	181459	Aptocyclus ventricosus	bony fishes	smooth lumpsucker
3638e7f750555c199d10e3bdba661458	gi|108793476|ref|NC_008129.1|	97.436	100	1.38e-86	195	181459	Aptocyclus ventricosus	bony fishes	smooth lumpsucker
3638e7f750555c199d10e3bdba661458	gi|1825511884|gb|MT103913.1|	96.410	100	2.99e-83	195	430040	Eumicrotremus spinosus	bony fishes	Atlantic spiny lumpsucker
3638e7f750555c199d10e3bdba661458	gi|1825511883|gb|MT103912.1|	96.410	100	2.99e-83	195	430040	Eumicrotremus spinosus	bony fishes	Atlantic spiny lumpsucker
3638e7f750555c199d10e3bdba661458	gi|1790179668|dbj|LC493931.1|	96.410	100	2.99e-83	195	1302273	Eumicrotremus asperrimus	bony fishes	Siberian lumpsucker
3638e7f750555c199d10e3bdba661458	gi|2429801341|ref|NC_069584.1|	96.410	100	2.99e-83	195	430040	Eumicrotremus spinosus	bony fishes	Atlantic spiny lumpsucker
80649c538b24e2e04b58fca4cf52cc13	gi|1798174185|gb|MN122882.1|	98.974	100	1.37e-91	195	8103	Cyclopterus lumpus	bony fishes	lumpfish
80649c538b24e2e04b58fca4cf52cc13	gi|2578658267|emb|OY735173.1|	98.974	100	1.37e-91	195	8103	Cyclopterus lumpus	bony fishes	lumpfish
80649c538b24e2e04b58fca4cf52cc13	gi|2424877622|ref|NC_069208.1|	98.974	100	1.37e-91	195	8103	Cyclopterus lumpus	bony fishes	lumpfish
80649c538b24e2e04b58fca4cf52cc13	gi|669175207|gb|KM057954.1|	98.974	100	1.37e-91	195	8103	Cyclopterus lumpus	bony fishes	lumpfish
80649c538b24e2e04b58fca4cf52cc13	gi|669175195|gb|KM057942.1|	97.436	100	1.38e-86	195	181459	Aptocyclus ventricosus	bony fishes	smooth lumpsucker
80649c538b24e2e04b58fca4cf52cc13	gi|108793476|ref|NC_008129.1|	97.436	100	1.38e-86	195	181459	Aptocyclus ventricosus	bony fishes	smooth lumpsucker
80649c538b24e2e04b58fca4cf52cc13	gi|1825511884|gb|MT103913.1|	96.410	100	2.99e-83	195	430040	Eumicrotremus spinosus	bony fishes	Atlantic spiny lumpsucker
80649c538b24e2e04b58fca4cf52cc13	gi|1825511883|gb|MT103912.1|	96.410	100	2.99e-83	195	430040	Eumicrotremus spinosus	bony fishes	Atlantic spiny lumpsucker
80649c538b24e2e04b58fca4cf52cc13	gi|1790179668|dbj|LC493931.1|	96.410	100	2.99e-83	195	1302273	Eumicrotremus asperrimus	bony fishes	Siberian lumpsucker
80649c538b24e2e04b58fca4cf52cc13	gi|2429801341|ref|NC_069584.1|	96.410	100	2.99e-83	195	430040	Eumicrotremus spinosus	bony fishes	Atlantic spiny lumpsucker
04328120bc49edcaf338fae84c513e62	gi|1515576542|gb|MH377827.1|	99.476	98	4.90e-91	191	56726	Pholis gunnellus	bony fishes	rock gunnel
04328120bc49edcaf338fae84c513e62	gi|2504556390|dbj|LC385123.2|	98.969	100	4.90e-91	194	283025	Pholis crassispina	bony fishes	Pholis crassispina
04328120bc49edcaf338fae84c513e62	gi|2504556286|dbj|LC767263.1|	98.969	100	4.90e-91	194	283025	Pholis crassispina	bony fishes	Pholis crassispina
04328120bc49edcaf338fae84c513e62	gi|2314982022|ref|NC_066932.1|	98.969	100	4.90e-91	194	283028	Pholis ornata	bony fishes	saddleback gunnel
04328120bc49edcaf338fae84c513e62	gi|2231645270|ref|NC_062875.1|	98.969	100	4.90e-91	194	283026	Pholis picta	bony fishes	Pholis picta
04328120bc49edcaf338fae84c513e62	gi|2095925497|gb|OK172569.1|	98.969	100	4.90e-91	194	283028	Pholis ornata	bony fishes	saddleback gunnel
04328120bc49edcaf338fae84c513e62	gi|2018537218|gb|MW818379.1|	98.969	100	4.90e-91	194	56726	Pholis gunnellus	bony fishes	rock gunnel
04328120bc49edcaf338fae84c513e62	gi|2018537124|gb|MW818285.1|	98.969	100	4.90e-91	194	56726	Pholis gunnellus	bony fishes	rock gunnel
04328120bc49edcaf338fae84c513e62	gi|1980526482|ref|NC_052755.1|	98.969	100	4.90e-91	194	56726	Pholis gunnellus	bony fishes	rock gunnel
04328120bc49edcaf338fae84c513e62	gi|229484936|gb|FJ687232.1|	98.969	100	4.90e-91	194	283025	Pholis crassispina	bony fishes	Pholis crassispina
28c8982a49378de254c233e3a8af539f	gi|1515576542|gb|MH377827.1|	98.953	98	2.28e-89	191	56726	Pholis gunnellus	bony fishes	rock gunnel
28c8982a49378de254c233e3a8af539f	gi|2504556390|dbj|LC385123.2|	98.454	100	2.28e-89	194	283025	Pholis crassispina	bony fishes	Pholis crassispina
28c8982a49378de254c233e3a8af539f	gi|2504556286|dbj|LC767263.1|	98.454	100	2.28e-89	194	283025	Pholis crassispina	bony fishes	Pholis crassispina
28c8982a49378de254c233e3a8af539f	gi|2314982022|ref|NC_066932.1|	98.454	100	2.28e-89	194	283028	Pholis ornata	bony fishes	saddleback gunnel
28c8982a49378de254c233e3a8af539f	gi|2231645270|ref|NC_062875.1|	98.454	100	2.28e-89	194	283026	Pholis picta	bony fishes	Pholis picta
28c8982a49378de254c233e3a8af539f	gi|2095925497|gb|OK172569.1|	98.454	100	2.28e-89	194	283028	Pholis ornata	bony fishes	saddleback gunnel
28c8982a49378de254c233e3a8af539f	gi|2018537218|gb|MW818379.1|	98.454	100	2.28e-89	194	56726	Pholis gunnellus	bony fishes	rock gunnel
28c8982a49378de254c233e3a8af539f	gi|2018537124|gb|MW818285.1|	98.454	100	2.28e-89	194	56726	Pholis gunnellus	bony fishes	rock gunnel
28c8982a49378de254c233e3a8af539f	gi|1980526482|ref|NC_052755.1|	98.454	100	2.28e-89	194	56726	Pholis gunnellus	bony fishes	rock gunnel
28c8982a49378de254c233e3a8af539f	gi|229484936|gb|FJ687232.1|	98.454	100	2.28e-89	194	283025	Pholis crassispina	bony fishes	Pholis crassispina
7f8ad6403849c5635df05357bd26bfde	gi|1515576542|gb|MH377827.1|	99.476	98	4.90e-91	191	56726	Pholis gunnellus	bony fishes	rock gunnel
7f8ad6403849c5635df05357bd26bfde	gi|2504556390|dbj|LC385123.2|	98.969	100	4.90e-91	194	283025	Pholis crassispina	bony fishes	Pholis crassispina
7f8ad6403849c5635df05357bd26bfde	gi|2504556286|dbj|LC767263.1|	98.969	100	4.90e-91	194	283025	Pholis crassispina	bony fishes	Pholis crassispina
7f8ad6403849c5635df05357bd26bfde	gi|2314982022|ref|NC_066932.1|	98.969	100	4.90e-91	194	283028	Pholis ornata	bony fishes	saddleback gunnel
7f8ad6403849c5635df05357bd26bfde	gi|2231645270|ref|NC_062875.1|	98.969	100	4.90e-91	194	283026	Pholis picta	bony fishes	Pholis picta
7f8ad6403849c5635df05357bd26bfde	gi|2095925497|gb|OK172569.1|	98.969	100	4.90e-91	194	283028	Pholis ornata	bony fishes	saddleback gunnel
7f8ad6403849c5635df05357bd26bfde	gi|2018537218|gb|MW818379.1|	98.969	100	4.90e-91	194	56726	Pholis gunnellus	bony fishes	rock gunnel
7f8ad6403849c5635df05357bd26bfde	gi|2018537124|gb|MW818285.1|	98.969	100	4.90e-91	194	56726	Pholis gunnellus	bony fishes	rock gunnel
7f8ad6403849c5635df05357bd26bfde	gi|1980526482|ref|NC_052755.1|	98.969	100	4.90e-91	194	56726	Pholis gunnellus	bony fishes	rock gunnel
7f8ad6403849c5635df05357bd26bfde	gi|229484936|gb|FJ687232.1|	98.969	100	4.90e-91	194	283025	Pholis crassispina	bony fishes	Pholis crassispina
9546b903b76b878a5da51592b86a129d	gi|1515576542|gb|MH377827.1|	99.476	98	4.90e-91	191	56726	Pholis gunnellus	bony fishes	rock gunnel
9546b903b76b878a5da51592b86a129d	gi|2504556390|dbj|LC385123.2|	98.969	100	4.90e-91	194	283025	Pholis crassispina	bony fishes	Pholis crassispina
9546b903b76b878a5da51592b86a129d	gi|2504556286|dbj|LC767263.1|	98.969	100	4.90e-91	194	283025	Pholis crassispina	bony fishes	Pholis crassispina
9546b903b76b878a5da51592b86a129d	gi|2314982022|ref|NC_066932.1|	98.969	100	4.90e-91	194	283028	Pholis ornata	bony fishes	saddleback gunnel
9546b903b76b878a5da51592b86a129d	gi|2231645270|ref|NC_062875.1|	98.969	100	4.90e-91	194	283026	Pholis picta	bony fishes	Pholis picta
9546b903b76b878a5da51592b86a129d	gi|2095925497|gb|OK172569.1|	98.969	100	4.90e-91	194	283028	Pholis ornata	bony fishes	saddleback gunnel
9546b903b76b878a5da51592b86a129d	gi|2018537218|gb|MW818379.1|	98.969	100	4.90e-91	194	56726	Pholis gunnellus	bony fishes	rock gunnel
9546b903b76b878a5da51592b86a129d	gi|2018537124|gb|MW818285.1|	98.969	100	4.90e-91	194	56726	Pholis gunnellus	bony fishes	rock gunnel
9546b903b76b878a5da51592b86a129d	gi|1980526482|ref|NC_052755.1|	98.969	100	4.90e-91	194	56726	Pholis gunnellus	bony fishes	rock gunnel
9546b903b76b878a5da51592b86a129d	gi|229484936|gb|FJ687232.1|	98.969	100	4.90e-91	194	283025	Pholis crassispina	bony fishes	Pholis crassispina
efe92fc11ee7fd584fdbf1220e5b97d5	gi|1515576542|gb|MH377827.1|	99.476	98	4.90e-91	191	56726	Pholis gunnellus	bony fishes	rock gunnel
efe92fc11ee7fd584fdbf1220e5b97d5	gi|2504556390|dbj|LC385123.2|	98.969	100	4.90e-91	194	283025	Pholis crassispina	bony fishes	Pholis crassispina
efe92fc11ee7fd584fdbf1220e5b97d5	gi|2504556286|dbj|LC767263.1|	98.969	100	4.90e-91	194	283025	Pholis crassispina	bony fishes	Pholis crassispina
efe92fc11ee7fd584fdbf1220e5b97d5	gi|2314982022|ref|NC_066932.1|	98.969	100	4.90e-91	194	283028	Pholis ornata	bony fishes	saddleback gunnel
efe92fc11ee7fd584fdbf1220e5b97d5	gi|2231645270|ref|NC_062875.1|	98.969	100	4.90e-91	194	283026	Pholis picta	bony fishes	Pholis picta
efe92fc11ee7fd584fdbf1220e5b97d5	gi|2095925497|gb|OK172569.1|	98.969	100	4.90e-91	194	283028	Pholis ornata	bony fishes	saddleback gunnel
efe92fc11ee7fd584fdbf1220e5b97d5	gi|2018537218|gb|MW818379.1|	98.969	100	4.90e-91	194	56726	Pholis gunnellus	bony fishes	rock gunnel
efe92fc11ee7fd584fdbf1220e5b97d5	gi|2018537124|gb|MW818285.1|	98.969	100	4.90e-91	194	56726	Pholis gunnellus	bony fishes	rock gunnel
efe92fc11ee7fd584fdbf1220e5b97d5	gi|1980526482|ref|NC_052755.1|	98.969	100	4.90e-91	194	56726	Pholis gunnellus	bony fishes	rock gunnel
efe92fc11ee7fd584fdbf1220e5b97d5	gi|229484936|gb|FJ687232.1|	98.969	100	4.90e-91	194	283025	Pholis crassispina	bony fishes	Pholis crassispina
fa631f419fd6bc45cfd7498e56aabcb7	gi|2504556390|dbj|LC385123.2|	99.479	90	1.53e-91	192	283025	Pholis crassispina	bony fishes	Pholis crassispina
fa631f419fd6bc45cfd7498e56aabcb7	gi|2504556286|dbj|LC767263.1|	99.479	90	1.53e-91	192	283025	Pholis crassispina	bony fishes	Pholis crassispina
fa631f419fd6bc45cfd7498e56aabcb7	gi|2314982022|ref|NC_066932.1|	99.479	90	1.53e-91	192	283028	Pholis ornata	bony fishes	saddleback gunnel
fa631f419fd6bc45cfd7498e56aabcb7	gi|2231645270|ref|NC_062875.1|	99.479	90	1.53e-91	192	283026	Pholis picta	bony fishes	Pholis picta
fa631f419fd6bc45cfd7498e56aabcb7	gi|2095925497|gb|OK172569.1|	99.479	90	1.53e-91	192	283028	Pholis ornata	bony fishes	saddleback gunnel
fa631f419fd6bc45cfd7498e56aabcb7	gi|2018537218|gb|MW818379.1|	99.479	90	1.53e-91	192	56726	Pholis gunnellus	bony fishes	rock gunnel
fa631f419fd6bc45cfd7498e56aabcb7	gi|2018537124|gb|MW818285.1|	99.479	90	1.53e-91	192	56726	Pholis gunnellus	bony fishes	rock gunnel
fa631f419fd6bc45cfd7498e56aabcb7	gi|1980526482|ref|NC_052755.1|	99.479	90	1.53e-91	192	56726	Pholis gunnellus	bony fishes	rock gunnel
fa631f419fd6bc45cfd7498e56aabcb7	gi|229484936|gb|FJ687232.1|	99.479	90	1.53e-91	192	283025	Pholis crassispina	bony fishes	Pholis crassispina
fa631f419fd6bc45cfd7498e56aabcb7	gi|25057905|ref|NC_004410.1|	99.479	90	1.53e-91	192	283025	Pholis crassispina	bony fishes	Pholis crassispina
dc5def7f5eea14edcf94d95db0f2289a	gi|1515576542|gb|MH377827.1|	100.000	98	1.05e-92	191	56726	Pholis gunnellus	bony fishes	rock gunnel
dc5def7f5eea14edcf94d95db0f2289a	gi|2504556390|dbj|LC385123.2|	99.485	100	1.05e-92	194	283025	Pholis crassispina	bony fishes	Pholis crassispina
dc5def7f5eea14edcf94d95db0f2289a	gi|2504556286|dbj|LC767263.1|	99.485	100	1.05e-92	194	283025	Pholis crassispina	bony fishes	Pholis crassispina
dc5def7f5eea14edcf94d95db0f2289a	gi|2314982022|ref|NC_066932.1|	99.485	100	1.05e-92	194	283028	Pholis ornata	bony fishes	saddleback gunnel
dc5def7f5eea14edcf94d95db0f2289a	gi|2231645270|ref|NC_062875.1|	99.485	100	1.05e-92	194	283026	Pholis picta	bony fishes	Pholis picta
dc5def7f5eea14edcf94d95db0f2289a	gi|2095925497|gb|OK172569.1|	99.485	100	1.05e-92	194	283028	Pholis ornata	bony fishes	saddleback gunnel
dc5def7f5eea14edcf94d95db0f2289a	gi|2018537218|gb|MW818379.1|	99.485	100	1.05e-92	194	56726	Pholis gunnellus	bony fishes	rock gunnel
dc5def7f5eea14edcf94d95db0f2289a	gi|2018537124|gb|MW818285.1|	99.485	100	1.05e-92	194	56726	Pholis gunnellus	bony fishes	rock gunnel
dc5def7f5eea14edcf94d95db0f2289a	gi|1980526482|ref|NC_052755.1|	99.485	100	1.05e-92	194	56726	Pholis gunnellus	bony fishes	rock gunnel
dc5def7f5eea14edcf94d95db0f2289a	gi|229484936|gb|FJ687232.1|	99.485	100	1.05e-92	194	283025	Pholis crassispina	bony fishes	Pholis crassispina
c592f23adb71b183256f547a923451fe	gi|2504556390|dbj|LC385123.2|	99.495	90	7.33e-95	198	283025	Pholis crassispina	bony fishes	Pholis crassispina
c592f23adb71b183256f547a923451fe	gi|2504556286|dbj|LC767263.1|	99.495	90	7.33e-95	198	283025	Pholis crassispina	bony fishes	Pholis crassispina
c592f23adb71b183256f547a923451fe	gi|2314982022|ref|NC_066932.1|	99.495	90	7.33e-95	198	283028	Pholis ornata	bony fishes	saddleback gunnel
c592f23adb71b183256f547a923451fe	gi|2231645270|ref|NC_062875.1|	99.495	90	7.33e-95	198	283026	Pholis picta	bony fishes	Pholis picta
c592f23adb71b183256f547a923451fe	gi|2095925497|gb|OK172569.1|	99.495	90	7.33e-95	198	283028	Pholis ornata	bony fishes	saddleback gunnel
c592f23adb71b183256f547a923451fe	gi|2018537218|gb|MW818379.1|	99.495	90	7.33e-95	198	56726	Pholis gunnellus	bony fishes	rock gunnel
c592f23adb71b183256f547a923451fe	gi|2018537124|gb|MW818285.1|	99.495	90	7.33e-95	198	56726	Pholis gunnellus	bony fishes	rock gunnel
c592f23adb71b183256f547a923451fe	gi|1980526482|ref|NC_052755.1|	99.495	90	7.33e-95	198	56726	Pholis gunnellus	bony fishes	rock gunnel
c592f23adb71b183256f547a923451fe	gi|229484936|gb|FJ687232.1|	99.495	90	7.33e-95	198	283025	Pholis crassispina	bony fishes	Pholis crassispina
c592f23adb71b183256f547a923451fe	gi|25057905|ref|NC_004410.1|	99.495	90	7.33e-95	198	283025	Pholis crassispina	bony fishes	Pholis crassispina
35da0aa5cad750f1cb7cae58d64718ad	gi|1825511880|gb|MT103910.1|	99.487	100	2.95e-93	195	980387	Eumesogrammus praecisus	bony fishes	fourline snakeblenny
35da0aa5cad750f1cb7cae58d64718ad	gi|1790179848|dbj|LC495485.1|	99.487	100	2.95e-93	195	980387	Eumesogrammus praecisus	bony fishes	fourline snakeblenny
35da0aa5cad750f1cb7cae58d64718ad	gi|1275605613|dbj|AP018419.1|	99.487	100	2.95e-93	195	980387	Eumesogrammus praecisus	bony fishes	fourline snakeblenny
35da0aa5cad750f1cb7cae58d64718ad	gi|1515576546|gb|MH377831.1|	99.479	98	1.37e-91	192	1225721	Ulvaria subbifurcata	bony fishes	radiated shanny
35da0aa5cad750f1cb7cae58d64718ad	gi|2228970450|ref|NC_062697.1|	98.974	100	1.37e-91	195	1049578	Stichaeopsis nevelskoi	bony fishes	Stichaeopsis nevelskoi
35da0aa5cad750f1cb7cae58d64718ad	gi|2216790233|gb|MT627596.1|	98.974	100	1.37e-91	195	986104	Askoldia variegata	bony fishes	Askoldia variegata
35da0aa5cad750f1cb7cae58d64718ad	gi|2228970367|ref|NC_062695.1|	98.974	100	1.37e-91	195	986104	Askoldia variegata	bony fishes	Askoldia variegata
35da0aa5cad750f1cb7cae58d64718ad	gi|1812094577|ref|NC_045921.1|	98.462	100	6.38e-90	195	476928	Opisthocentrus ocellatus	bony fishes	Opisthocentrus ocellatus
35da0aa5cad750f1cb7cae58d64718ad	gi|1197709881|ref|NC_034669.1|	98.462	100	6.38e-90	195	283024	Xiphister atropurpureus	bony fishes	black prickleback
35da0aa5cad750f1cb7cae58d64718ad	gi|2235262310|ref|NC_063111.1|	98.462	100	6.38e-90	195	1317009	Xenolumpenus longipterus	bony fishes	Xenolumpenus longipterus
c1e647f1554b3229902bf87d83fe97b0	gi|1825511880|gb|MT103910.1|	100.000	100	6.33e-95	195	980387	Eumesogrammus praecisus	bony fishes	fourline snakeblenny
c1e647f1554b3229902bf87d83fe97b0	gi|1790179848|dbj|LC495485.1|	100.000	100	6.33e-95	195	980387	Eumesogrammus praecisus	bony fishes	fourline snakeblenny
c1e647f1554b3229902bf87d83fe97b0	gi|1275605613|dbj|AP018419.1|	100.000	100	6.33e-95	195	980387	Eumesogrammus praecisus	bony fishes	fourline snakeblenny
c1e647f1554b3229902bf87d83fe97b0	gi|1515576546|gb|MH377831.1|	100.000	98	2.95e-93	192	1225721	Ulvaria subbifurcata	bony fishes	radiated shanny
c1e647f1554b3229902bf87d83fe97b0	gi|2228970450|ref|NC_062697.1|	99.487	100	2.95e-93	195	1049578	Stichaeopsis nevelskoi	bony fishes	Stichaeopsis nevelskoi
c1e647f1554b3229902bf87d83fe97b0	gi|2216790233|gb|MT627596.1|	99.487	100	2.95e-93	195	986104	Askoldia variegata	bony fishes	Askoldia variegata
c1e647f1554b3229902bf87d83fe97b0	gi|2228970367|ref|NC_062695.1|	99.487	100	2.95e-93	195	986104	Askoldia variegata	bony fishes	Askoldia variegata
c1e647f1554b3229902bf87d83fe97b0	gi|1812094577|ref|NC_045921.1|	98.974	100	1.37e-91	195	476928	Opisthocentrus ocellatus	bony fishes	Opisthocentrus ocellatus
c1e647f1554b3229902bf87d83fe97b0	gi|1197709881|ref|NC_034669.1|	98.974	100	1.37e-91	195	283024	Xiphister atropurpureus	bony fishes	black prickleback
c1e647f1554b3229902bf87d83fe97b0	gi|2235262310|ref|NC_063111.1|	98.974	100	1.37e-91	195	1317009	Xenolumpenus longipterus	bony fishes	Xenolumpenus longipterus
e9f21a644fe568f2c8093def9671e9e0	gi|1825511880|gb|MT103910.1|	99.487	100	2.95e-93	195	980387	Eumesogrammus praecisus	bony fishes	fourline snakeblenny
e9f21a644fe568f2c8093def9671e9e0	gi|1790179848|dbj|LC495485.1|	99.487	100	2.95e-93	195	980387	Eumesogrammus praecisus	bony fishes	fourline snakeblenny
e9f21a644fe568f2c8093def9671e9e0	gi|1275605613|dbj|AP018419.1|	99.487	100	2.95e-93	195	980387	Eumesogrammus praecisus	bony fishes	fourline snakeblenny
e9f21a644fe568f2c8093def9671e9e0	gi|1515576546|gb|MH377831.1|	99.479	98	1.37e-91	192	1225721	Ulvaria subbifurcata	bony fishes	radiated shanny
e9f21a644fe568f2c8093def9671e9e0	gi|2228970450|ref|NC_062697.1|	98.974	100	1.37e-91	195	1049578	Stichaeopsis nevelskoi	bony fishes	Stichaeopsis nevelskoi
e9f21a644fe568f2c8093def9671e9e0	gi|2216790233|gb|MT627596.1|	98.974	100	1.37e-91	195	986104	Askoldia variegata	bony fishes	Askoldia variegata
e9f21a644fe568f2c8093def9671e9e0	gi|2228970367|ref|NC_062695.1|	98.974	100	1.37e-91	195	986104	Askoldia variegata	bony fishes	Askoldia variegata
e9f21a644fe568f2c8093def9671e9e0	gi|1812094577|ref|NC_045921.1|	98.462	100	6.38e-90	195	476928	Opisthocentrus ocellatus	bony fishes	Opisthocentrus ocellatus
e9f21a644fe568f2c8093def9671e9e0	gi|1197709881|ref|NC_034669.1|	98.462	100	6.38e-90	195	283024	Xiphister atropurpureus	bony fishes	black prickleback
e9f21a644fe568f2c8093def9671e9e0	gi|2235262310|ref|NC_063111.1|	98.462	100	6.38e-90	195	1317009	Xenolumpenus longipterus	bony fishes	Xenolumpenus longipterus
795fdd3638de7664602a3fc79378ad6e	gi|1825511880|gb|MT103910.1|	99.487	100	2.95e-93	195	980387	Eumesogrammus praecisus	bony fishes	fourline snakeblenny
795fdd3638de7664602a3fc79378ad6e	gi|1790179848|dbj|LC495485.1|	99.487	100	2.95e-93	195	980387	Eumesogrammus praecisus	bony fishes	fourline snakeblenny
795fdd3638de7664602a3fc79378ad6e	gi|1275605613|dbj|AP018419.1|	99.487	100	2.95e-93	195	980387	Eumesogrammus praecisus	bony fishes	fourline snakeblenny
795fdd3638de7664602a3fc79378ad6e	gi|1515576546|gb|MH377831.1|	99.479	98	1.37e-91	192	1225721	Ulvaria subbifurcata	bony fishes	radiated shanny
795fdd3638de7664602a3fc79378ad6e	gi|2228970450|ref|NC_062697.1|	98.974	100	1.37e-91	195	1049578	Stichaeopsis nevelskoi	bony fishes	Stichaeopsis nevelskoi
795fdd3638de7664602a3fc79378ad6e	gi|2216790233|gb|MT627596.1|	98.974	100	1.37e-91	195	986104	Askoldia variegata	bony fishes	Askoldia variegata
795fdd3638de7664602a3fc79378ad6e	gi|2228970367|ref|NC_062695.1|	98.974	100	1.37e-91	195	986104	Askoldia variegata	bony fishes	Askoldia variegata
795fdd3638de7664602a3fc79378ad6e	gi|1812094577|ref|NC_045921.1|	98.462	100	6.38e-90	195	476928	Opisthocentrus ocellatus	bony fishes	Opisthocentrus ocellatus
795fdd3638de7664602a3fc79378ad6e	gi|1197709881|ref|NC_034669.1|	98.462	100	6.38e-90	195	283024	Xiphister atropurpureus	bony fishes	black prickleback
795fdd3638de7664602a3fc79378ad6e	gi|2235262310|ref|NC_063111.1|	98.462	100	6.38e-90	195	1317009	Xenolumpenus longipterus	bony fishes	Xenolumpenus longipterus
8c4ca8a3df42cd033955a2b310803c42	gi|1825511880|gb|MT103910.1|	99.487	100	2.95e-93	195	980387	Eumesogrammus praecisus	bony fishes	fourline snakeblenny
8c4ca8a3df42cd033955a2b310803c42	gi|1790179848|dbj|LC495485.1|	99.487	100	2.95e-93	195	980387	Eumesogrammus praecisus	bony fishes	fourline snakeblenny
8c4ca8a3df42cd033955a2b310803c42	gi|1275605613|dbj|AP018419.1|	99.487	100	2.95e-93	195	980387	Eumesogrammus praecisus	bony fishes	fourline snakeblenny
8c4ca8a3df42cd033955a2b310803c42	gi|1515576546|gb|MH377831.1|	99.479	98	1.37e-91	192	1225721	Ulvaria subbifurcata	bony fishes	radiated shanny
8c4ca8a3df42cd033955a2b310803c42	gi|2228970450|ref|NC_062697.1|	98.974	100	1.37e-91	195	1049578	Stichaeopsis nevelskoi	bony fishes	Stichaeopsis nevelskoi
8c4ca8a3df42cd033955a2b310803c42	gi|2216790233|gb|MT627596.1|	98.974	100	1.37e-91	195	986104	Askoldia variegata	bony fishes	Askoldia variegata
8c4ca8a3df42cd033955a2b310803c42	gi|2228970367|ref|NC_062695.1|	98.974	100	1.37e-91	195	986104	Askoldia variegata	bony fishes	Askoldia variegata
8c4ca8a3df42cd033955a2b310803c42	gi|1812094577|ref|NC_045921.1|	98.462	100	6.38e-90	195	476928	Opisthocentrus ocellatus	bony fishes	Opisthocentrus ocellatus
8c4ca8a3df42cd033955a2b310803c42	gi|1197709881|ref|NC_034669.1|	98.462	100	6.38e-90	195	283024	Xiphister atropurpureus	bony fishes	black prickleback
8c4ca8a3df42cd033955a2b310803c42	gi|2235262310|ref|NC_063111.1|	98.462	100	6.38e-90	195	1317009	Xenolumpenus longipterus	bony fishes	Xenolumpenus longipterus
906e9385a061e9746aad506cee23e084	gi|1825511880|gb|MT103910.1|	99.487	100	2.95e-93	195	980387	Eumesogrammus praecisus	bony fishes	fourline snakeblenny
906e9385a061e9746aad506cee23e084	gi|1790179848|dbj|LC495485.1|	99.487	100	2.95e-93	195	980387	Eumesogrammus praecisus	bony fishes	fourline snakeblenny
906e9385a061e9746aad506cee23e084	gi|1275605613|dbj|AP018419.1|	99.487	100	2.95e-93	195	980387	Eumesogrammus praecisus	bony fishes	fourline snakeblenny
906e9385a061e9746aad506cee23e084	gi|1515576546|gb|MH377831.1|	99.479	98	1.37e-91	192	1225721	Ulvaria subbifurcata	bony fishes	radiated shanny
906e9385a061e9746aad506cee23e084	gi|2228970450|ref|NC_062697.1|	98.974	100	1.37e-91	195	1049578	Stichaeopsis nevelskoi	bony fishes	Stichaeopsis nevelskoi
906e9385a061e9746aad506cee23e084	gi|2216790233|gb|MT627596.1|	98.974	100	1.37e-91	195	986104	Askoldia variegata	bony fishes	Askoldia variegata
906e9385a061e9746aad506cee23e084	gi|2228970367|ref|NC_062695.1|	98.974	100	1.37e-91	195	986104	Askoldia variegata	bony fishes	Askoldia variegata
906e9385a061e9746aad506cee23e084	gi|1812094577|ref|NC_045921.1|	98.462	100	6.38e-90	195	476928	Opisthocentrus ocellatus	bony fishes	Opisthocentrus ocellatus
906e9385a061e9746aad506cee23e084	gi|1197709881|ref|NC_034669.1|	98.462	100	6.38e-90	195	283024	Xiphister atropurpureus	bony fishes	black prickleback
906e9385a061e9746aad506cee23e084	gi|2235262310|ref|NC_063111.1|	98.462	100	6.38e-90	195	1317009	Xenolumpenus longipterus	bony fishes	Xenolumpenus longipterus
01a2c0aeafe89aa5cc89f9c5f432772f	gi|1825511880|gb|MT103910.1|	99.487	100	2.95e-93	195	980387	Eumesogrammus praecisus	bony fishes	fourline snakeblenny
01a2c0aeafe89aa5cc89f9c5f432772f	gi|1790179848|dbj|LC495485.1|	99.487	100	2.95e-93	195	980387	Eumesogrammus praecisus	bony fishes	fourline snakeblenny
01a2c0aeafe89aa5cc89f9c5f432772f	gi|1275605613|dbj|AP018419.1|	99.487	100	2.95e-93	195	980387	Eumesogrammus praecisus	bony fishes	fourline snakeblenny
01a2c0aeafe89aa5cc89f9c5f432772f	gi|1515576546|gb|MH377831.1|	99.479	98	1.37e-91	192	1225721	Ulvaria subbifurcata	bony fishes	radiated shanny
01a2c0aeafe89aa5cc89f9c5f432772f	gi|2228970450|ref|NC_062697.1|	98.974	100	1.37e-91	195	1049578	Stichaeopsis nevelskoi	bony fishes	Stichaeopsis nevelskoi
01a2c0aeafe89aa5cc89f9c5f432772f	gi|2216790233|gb|MT627596.1|	98.974	100	1.37e-91	195	986104	Askoldia variegata	bony fishes	Askoldia variegata
01a2c0aeafe89aa5cc89f9c5f432772f	gi|2228970367|ref|NC_062695.1|	98.974	100	1.37e-91	195	986104	Askoldia variegata	bony fishes	Askoldia variegata
01a2c0aeafe89aa5cc89f9c5f432772f	gi|1812094577|ref|NC_045921.1|	98.462	100	6.38e-90	195	476928	Opisthocentrus ocellatus	bony fishes	Opisthocentrus ocellatus
01a2c0aeafe89aa5cc89f9c5f432772f	gi|1197709881|ref|NC_034669.1|	98.462	100	6.38e-90	195	283024	Xiphister atropurpureus	bony fishes	black prickleback
01a2c0aeafe89aa5cc89f9c5f432772f	gi|2235262310|ref|NC_063111.1|	98.462	100	6.38e-90	195	1317009	Xenolumpenus longipterus	bony fishes	Xenolumpenus longipterus
8a514a9f22d8ea595467544ddf6cf2d5	gi|1825511901|gb|MT103927.1|	100.000	100	4.96e-96	197	183657	Urophycis tenuis	bony fishes	white hake
8a514a9f22d8ea595467544ddf6cf2d5	gi|2580283387|gb|OP057106.2|	94.975	100	2.35e-79	199	183656	Urophycis chuss	bony fishes	red hake
8a514a9f22d8ea595467544ddf6cf2d5	gi|2580315213|gb|OR582684.1|	94.416	100	3.94e-77	197	630692	Urophycis regia	bony fishes	spotted codling
8a514a9f22d8ea595467544ddf6cf2d5	gi|2715332411|ref|NC_088031.1|	92.965	100	1.10e-72	199	1154667	Urophycis brasiliensis	bony fishes	Brazilian codling
8a514a9f22d8ea595467544ddf6cf2d5	gi|2580316710|gb|OR575619.1|	91.919	100	2.39e-69	198	348446	Phycis chesteri	bony fishes	Phycis chesteri
8a514a9f22d8ea595467544ddf6cf2d5	gi|14485504|emb|AJ315627.1|	91.398	94	1.12e-62	186	163115	Phycis blennoides	bony fishes	Phycis blennoides
8a514a9f22d8ea595467544ddf6cf2d5	gi|1843818458|gb|MT497770.1|	90.761	90	8.71e-59	184	349666	Phycis phycis	bony fishes	Phycis phycis
3e33b53d645a92bcb58fe22cdadbef46	gi|1825511901|gb|MT103927.1|	99.485	98	1.07e-92	194	183657	Urophycis tenuis	bony fishes	white hake
3e33b53d645a92bcb58fe22cdadbef46	gi|2580283387|gb|OP057106.2|	94.388	98	5.10e-76	196	183656	Urophycis chuss	bony fishes	red hake
3e33b53d645a92bcb58fe22cdadbef46	gi|2580315213|gb|OR582684.1|	93.814	98	8.53e-74	194	630692	Urophycis regia	bony fishes	spotted codling
3e33b53d645a92bcb58fe22cdadbef46	gi|2715332411|ref|NC_088031.1|	92.347	98	2.39e-69	196	1154667	Urophycis brasiliensis	bony fishes	Brazilian codling
3e33b53d645a92bcb58fe22cdadbef46	gi|2580316710|gb|OR575619.1|	91.282	98	5.17e-66	195	348446	Phycis chesteri	bony fishes	Phycis chesteri
3e33b53d645a92bcb58fe22cdadbef46	gi|14485504|emb|AJ315627.1|	90.710	92	2.42e-59	183	163115	Phycis blennoides	bony fishes	Phycis blennoides
3e33b53d645a92bcb58fe22cdadbef46	gi|1843818458|gb|MT497770.1|	90.217	90	4.05e-57	184	349666	Phycis phycis	bony fishes	Phycis phycis
f624a369cc2b03c41783369c92900614	gi|669175214|gb|KM057961.1|	99.487	100	2.95e-93	195	8094	Hemitripterus americanus	bony fishes	sea raven
f624a369cc2b03c41783369c92900614	gi|1824663664|ref|NC_046471.1|	98.462	100	6.38e-90	195	255551	Hemitripterus villosus	bony fishes	Hemitripterus villosus
f624a369cc2b03c41783369c92900614	gi|2044965885|gb|MW836107.1|	98.462	100	6.38e-90	195	255551	Hemitripterus villosus	bony fishes	Hemitripterus villosus
f624a369cc2b03c41783369c92900614	gi|2587926494|ref|NC_082784.1|	95.897	100	1.39e-81	195	470227	Hemitripterus bolini	bony fishes	bigmouth sculpin
f624a369cc2b03c41783369c92900614	gi|1825511886|gb|MT103915.1|	95.897	100	5.00e-81	195	1266873	Leptagonus decagonus	bony fishes	Atlantic poacher
f624a369cc2b03c41783369c92900614	gi|1790179252|dbj|LC493901.1|	95.897	100	5.00e-81	195	1266873	Leptagonus decagonus	bony fishes	Atlantic poacher
f624a369cc2b03c41783369c92900614	gi|669175239|gb|KM057986.1|	95.897	100	5.00e-81	195	274777	Sarritor frenatus	bony fishes	sawback poacher
f624a369cc2b03c41783369c92900614	gi|1195856085|gb|KY563344.1|	95.385	100	6.47e-80	195	369910	Cottus volki	bony fishes	Cottus volki
f624a369cc2b03c41783369c92900614	gi|2587926564|ref|NC_082789.1|	95.385	100	6.47e-80	195	274770	Triglops scepticus	bony fishes	spectacled sculpin
f624a369cc2b03c41783369c92900614	gi|2587926438|ref|NC_082780.1|	95.385	100	6.47e-80	195	573213	Blepsias cirrhosus	bony fishes	silverspotted sculpin
da05ebda5cbe1547a59a9c1a22c90527	gi|669175214|gb|KM057961.1|	100.000	98	2.95e-93	192	8094	Hemitripterus americanus	bony fishes	sea raven
da05ebda5cbe1547a59a9c1a22c90527	gi|1824663664|ref|NC_046471.1|	98.958	98	6.38e-90	192	255551	Hemitripterus villosus	bony fishes	Hemitripterus villosus
da05ebda5cbe1547a59a9c1a22c90527	gi|2044965885|gb|MW836107.1|	98.958	98	6.38e-90	192	255551	Hemitripterus villosus	bony fishes	Hemitripterus villosus
da05ebda5cbe1547a59a9c1a22c90527	gi|2587926494|ref|NC_082784.1|	96.354	98	1.39e-81	192	470227	Hemitripterus bolini	bony fishes	bigmouth sculpin
da05ebda5cbe1547a59a9c1a22c90527	gi|1825511886|gb|MT103915.1|	96.354	98	5.00e-81	192	1266873	Leptagonus decagonus	bony fishes	Atlantic poacher
da05ebda5cbe1547a59a9c1a22c90527	gi|1790179252|dbj|LC493901.1|	96.354	98	5.00e-81	192	1266873	Leptagonus decagonus	bony fishes	Atlantic poacher
da05ebda5cbe1547a59a9c1a22c90527	gi|669175239|gb|KM057986.1|	96.354	98	5.00e-81	192	274777	Sarritor frenatus	bony fishes	sawback poacher
da05ebda5cbe1547a59a9c1a22c90527	gi|1195856085|gb|KY563344.1|	95.833	98	6.47e-80	192	369910	Cottus volki	bony fishes	Cottus volki
da05ebda5cbe1547a59a9c1a22c90527	gi|2587926564|ref|NC_082789.1|	95.833	98	6.47e-80	192	274770	Triglops scepticus	bony fishes	spectacled sculpin
da05ebda5cbe1547a59a9c1a22c90527	gi|2587926438|ref|NC_082780.1|	95.833	98	6.47e-80	192	573213	Blepsias cirrhosus	bony fishes	silverspotted sculpin
b1534af62590c9958d6255cac0c0652a	gi|669175214|gb|KM057961.1|	100.000	100	6.33e-95	195	8094	Hemitripterus americanus	bony fishes	sea raven
b1534af62590c9958d6255cac0c0652a	gi|1824663664|ref|NC_046471.1|	98.974	100	1.37e-91	195	255551	Hemitripterus villosus	bony fishes	Hemitripterus villosus
b1534af62590c9958d6255cac0c0652a	gi|2044965885|gb|MW836107.1|	98.974	100	1.37e-91	195	255551	Hemitripterus villosus	bony fishes	Hemitripterus villosus
b1534af62590c9958d6255cac0c0652a	gi|2587926494|ref|NC_082784.1|	96.410	100	2.99e-83	195	470227	Hemitripterus bolini	bony fishes	bigmouth sculpin
b1534af62590c9958d6255cac0c0652a	gi|1825511886|gb|MT103915.1|	96.410	100	1.07e-82	195	1266873	Leptagonus decagonus	bony fishes	Atlantic poacher
b1534af62590c9958d6255cac0c0652a	gi|1790179252|dbj|LC493901.1|	96.410	100	1.07e-82	195	1266873	Leptagonus decagonus	bony fishes	Atlantic poacher
b1534af62590c9958d6255cac0c0652a	gi|669175239|gb|KM057986.1|	96.410	100	1.07e-82	195	274777	Sarritor frenatus	bony fishes	sawback poacher
b1534af62590c9958d6255cac0c0652a	gi|1195856085|gb|KY563344.1|	95.897	100	1.39e-81	195	369910	Cottus volki	bony fishes	Cottus volki
b1534af62590c9958d6255cac0c0652a	gi|2587926564|ref|NC_082789.1|	95.897	100	1.39e-81	195	274770	Triglops scepticus	bony fishes	spectacled sculpin
b1534af62590c9958d6255cac0c0652a	gi|2587926438|ref|NC_082780.1|	95.897	100	1.39e-81	195	573213	Blepsias cirrhosus	bony fishes	silverspotted sculpin
cd0d4acf170346870398dd9760d83f95	gi|669175214|gb|KM057961.1|	99.487	100	2.95e-93	195	8094	Hemitripterus americanus	bony fishes	sea raven
cd0d4acf170346870398dd9760d83f95	gi|1824663664|ref|NC_046471.1|	98.462	100	6.38e-90	195	255551	Hemitripterus villosus	bony fishes	Hemitripterus villosus
cd0d4acf170346870398dd9760d83f95	gi|2044965885|gb|MW836107.1|	98.462	100	6.38e-90	195	255551	Hemitripterus villosus	bony fishes	Hemitripterus villosus
cd0d4acf170346870398dd9760d83f95	gi|2587926494|ref|NC_082784.1|	95.897	100	1.39e-81	195	470227	Hemitripterus bolini	bony fishes	bigmouth sculpin
cd0d4acf170346870398dd9760d83f95	gi|1825511886|gb|MT103915.1|	95.897	100	5.00e-81	195	1266873	Leptagonus decagonus	bony fishes	Atlantic poacher
cd0d4acf170346870398dd9760d83f95	gi|1790179252|dbj|LC493901.1|	95.897	100	5.00e-81	195	1266873	Leptagonus decagonus	bony fishes	Atlantic poacher
cd0d4acf170346870398dd9760d83f95	gi|669175239|gb|KM057986.1|	95.897	100	5.00e-81	195	274777	Sarritor frenatus	bony fishes	sawback poacher
cd0d4acf170346870398dd9760d83f95	gi|1195856085|gb|KY563344.1|	95.385	100	6.47e-80	195	369910	Cottus volki	bony fishes	Cottus volki
cd0d4acf170346870398dd9760d83f95	gi|2587926564|ref|NC_082789.1|	95.385	100	6.47e-80	195	274770	Triglops scepticus	bony fishes	spectacled sculpin
cd0d4acf170346870398dd9760d83f95	gi|2587926438|ref|NC_082780.1|	95.385	100	6.47e-80	195	573213	Blepsias cirrhosus	bony fishes	silverspotted sculpin
c57a4628a99e19c662a3e92fe581f584	gi|669175214|gb|KM057961.1|	99.487	100	2.95e-93	195	8094	Hemitripterus americanus	bony fishes	sea raven
c57a4628a99e19c662a3e92fe581f584	gi|1824663664|ref|NC_046471.1|	98.462	100	6.38e-90	195	255551	Hemitripterus villosus	bony fishes	Hemitripterus villosus
c57a4628a99e19c662a3e92fe581f584	gi|2044965885|gb|MW836107.1|	98.462	100	6.38e-90	195	255551	Hemitripterus villosus	bony fishes	Hemitripterus villosus
c57a4628a99e19c662a3e92fe581f584	gi|2587926494|ref|NC_082784.1|	95.897	100	1.39e-81	195	470227	Hemitripterus bolini	bony fishes	bigmouth sculpin
c57a4628a99e19c662a3e92fe581f584	gi|1825511886|gb|MT103915.1|	95.897	100	5.00e-81	195	1266873	Leptagonus decagonus	bony fishes	Atlantic poacher
c57a4628a99e19c662a3e92fe581f584	gi|1790179252|dbj|LC493901.1|	95.897	100	5.00e-81	195	1266873	Leptagonus decagonus	bony fishes	Atlantic poacher
c57a4628a99e19c662a3e92fe581f584	gi|669175239|gb|KM057986.1|	95.897	100	5.00e-81	195	274777	Sarritor frenatus	bony fishes	sawback poacher
c57a4628a99e19c662a3e92fe581f584	gi|1195856085|gb|KY563344.1|	95.385	100	6.47e-80	195	369910	Cottus volki	bony fishes	Cottus volki
c57a4628a99e19c662a3e92fe581f584	gi|2587926564|ref|NC_082789.1|	95.385	100	6.47e-80	195	274770	Triglops scepticus	bony fishes	spectacled sculpin
c57a4628a99e19c662a3e92fe581f584	gi|2587926438|ref|NC_082780.1|	95.385	100	6.47e-80	195	573213	Blepsias cirrhosus	bony fishes	silverspotted sculpin
8f61d4d461f7b309f90dc0f6a9e78092	gi|212725606|ref|NC_011580.1|	100.000	100	2.26e-94	194	240154	Apeltes quadracus	bony fishes	fourspine stickleback
8f61d4d461f7b309f90dc0f6a9e78092	gi|1199278549|gb|KY628302.1|	93.846	100	2.33e-74	195	300318	Pungitius kaibarae	bony fishes	Pungitius kaibarae
8f61d4d461f7b309f90dc0f6a9e78092	gi|1199278535|gb|KY628301.1|	93.846	100	2.33e-74	195	300318	Pungitius kaibarae	bony fishes	Pungitius kaibarae
8f61d4d461f7b309f90dc0f6a9e78092	gi|2483755360|gb|OQ793762.1|	93.846	100	2.33e-74	195	69293	Gasterosteus aculeatus	bony fishes	three-spined stickleback
8f61d4d461f7b309f90dc0f6a9e78092	gi|1823804135|dbj|LC533126.1|	93.333	100	1.08e-72	195	481460	Gasterosteus aculeatus microcephalus	bony fishes	Gasterosteus aculeatus microcephalus
8f61d4d461f7b309f90dc0f6a9e78092	gi|1798174199|gb|MN122917.1|	93.333	100	1.08e-72	195	69293	Gasterosteus aculeatus	bony fishes	three-spined stickleback
8f61d4d461f7b309f90dc0f6a9e78092	gi|1600726832|ref|NC_041244.1|	93.333	100	1.08e-72	195	69293	Gasterosteus aculeatus	bony fishes	three-spined stickleback
8f61d4d461f7b309f90dc0f6a9e78092	gi|1476682340|gb|MH918117.1|	93.333	100	1.08e-72	195	134920	Pungitius pungitius	bony fishes	ninespine stickleback
8f61d4d461f7b309f90dc0f6a9e78092	gi|2842130733|emb|OZ193855.1|	93.333	100	1.08e-72	195	69293	Gasterosteus aculeatus	bony fishes	three-spined stickleback
8f61d4d461f7b309f90dc0f6a9e78092	gi|2727914142|gb|PP764783.1|	93.333	100	1.08e-72	195	1778380	Gasterosteus nipponicus	bony fishes	Gasterosteus nipponicus
185c8822ae3cca5c7e74826adaa66437	gi|1476682340|gb|MH918117.1|	99.487	100	2.95e-93	195	134920	Pungitius pungitius	bony fishes	ninespine stickleback
185c8822ae3cca5c7e74826adaa66437	gi|988043889|gb|KT989571.1|	99.487	100	2.95e-93	195	134920	Pungitius pungitius	bony fishes	ninespine stickleback
185c8822ae3cca5c7e74826adaa66437	gi|988043861|gb|KT989569.1|	99.487	100	2.95e-93	195	1480062	Pungitius laevis	bony fishes	smoothtail ninespine stickleback
185c8822ae3cca5c7e74826adaa66437	gi|2452867868|emb|OX438562.1|	99.487	100	2.95e-93	195	134920	Pungitius pungitius	bony fishes	ninespine stickleback
185c8822ae3cca5c7e74826adaa66437	gi|2318877566|dbj|LC732529.1|	99.487	100	2.95e-93	195	1913175	Pungitius sp. Freshwater type	bony fishes	Pungitius sp. Freshwater type
185c8822ae3cca5c7e74826adaa66437	gi|2318877565|dbj|LC732528.1|	99.487	100	2.95e-93	195	1913175	Pungitius sp. Freshwater type	bony fishes	Pungitius sp. Freshwater type
185c8822ae3cca5c7e74826adaa66437	gi|2048073438|gb|MW856887.1|	99.487	100	2.95e-93	195	134920	Pungitius pungitius	bony fishes	ninespine stickleback
185c8822ae3cca5c7e74826adaa66437	gi|2048073424|gb|MW856886.1|	99.487	100	2.95e-93	195	134920	Pungitius pungitius	bony fishes	ninespine stickleback
185c8822ae3cca5c7e74826adaa66437	gi|2018537162|gb|MW818323.1|	99.487	100	2.95e-93	195	134920	Pungitius pungitius	bony fishes	ninespine stickleback
185c8822ae3cca5c7e74826adaa66437	gi|212725480|ref|NC_011571.1|	99.487	100	2.95e-93	195	134920	Pungitius pungitius	bony fishes	ninespine stickleback
75a11fc98a3698f15a85540121cc4ed7	gi|212725606|ref|NC_011580.1|	99.485	100	1.05e-92	194	240154	Apeltes quadracus	bony fishes	fourspine stickleback
75a11fc98a3698f15a85540121cc4ed7	gi|1199278549|gb|KY628302.1|	93.333	100	1.08e-72	195	300318	Pungitius kaibarae	bony fishes	Pungitius kaibarae
75a11fc98a3698f15a85540121cc4ed7	gi|1199278535|gb|KY628301.1|	93.333	100	1.08e-72	195	300318	Pungitius kaibarae	bony fishes	Pungitius kaibarae
75a11fc98a3698f15a85540121cc4ed7	gi|2483755360|gb|OQ793762.1|	93.333	100	1.08e-72	195	69293	Gasterosteus aculeatus	bony fishes	three-spined stickleback
75a11fc98a3698f15a85540121cc4ed7	gi|1823804135|dbj|LC533126.1|	92.821	100	5.04e-71	195	481460	Gasterosteus aculeatus microcephalus	bony fishes	Gasterosteus aculeatus microcephalus
75a11fc98a3698f15a85540121cc4ed7	gi|1798174199|gb|MN122917.1|	92.821	100	5.04e-71	195	69293	Gasterosteus aculeatus	bony fishes	three-spined stickleback
75a11fc98a3698f15a85540121cc4ed7	gi|1600726832|ref|NC_041244.1|	92.821	100	5.04e-71	195	69293	Gasterosteus aculeatus	bony fishes	three-spined stickleback
75a11fc98a3698f15a85540121cc4ed7	gi|1476682340|gb|MH918117.1|	92.821	100	5.04e-71	195	134920	Pungitius pungitius	bony fishes	ninespine stickleback
75a11fc98a3698f15a85540121cc4ed7	gi|2842130733|emb|OZ193855.1|	92.821	100	5.04e-71	195	69293	Gasterosteus aculeatus	bony fishes	three-spined stickleback
75a11fc98a3698f15a85540121cc4ed7	gi|2727914142|gb|PP764783.1|	92.821	100	5.04e-71	195	1778380	Gasterosteus nipponicus	bony fishes	Gasterosteus nipponicus
df3eff96460e5ddf4578967bce671336	gi|212725606|ref|NC_011580.1|	99.485	100	1.05e-92	194	240154	Apeltes quadracus	bony fishes	fourspine stickleback
df3eff96460e5ddf4578967bce671336	gi|1199278549|gb|KY628302.1|	93.333	100	1.08e-72	195	300318	Pungitius kaibarae	bony fishes	Pungitius kaibarae
df3eff96460e5ddf4578967bce671336	gi|1199278535|gb|KY628301.1|	93.333	100	1.08e-72	195	300318	Pungitius kaibarae	bony fishes	Pungitius kaibarae
df3eff96460e5ddf4578967bce671336	gi|2483755360|gb|OQ793762.1|	93.333	100	1.08e-72	195	69293	Gasterosteus aculeatus	bony fishes	three-spined stickleback
df3eff96460e5ddf4578967bce671336	gi|1823804135|dbj|LC533126.1|	92.821	100	5.04e-71	195	481460	Gasterosteus aculeatus microcephalus	bony fishes	Gasterosteus aculeatus microcephalus
df3eff96460e5ddf4578967bce671336	gi|1798174199|gb|MN122917.1|	92.821	100	5.04e-71	195	69293	Gasterosteus aculeatus	bony fishes	three-spined stickleback
df3eff96460e5ddf4578967bce671336	gi|1600726832|ref|NC_041244.1|	92.821	100	5.04e-71	195	69293	Gasterosteus aculeatus	bony fishes	three-spined stickleback
df3eff96460e5ddf4578967bce671336	gi|1476682340|gb|MH918117.1|	92.821	100	5.04e-71	195	134920	Pungitius pungitius	bony fishes	ninespine stickleback
df3eff96460e5ddf4578967bce671336	gi|2842130733|emb|OZ193855.1|	92.821	100	5.04e-71	195	69293	Gasterosteus aculeatus	bony fishes	three-spined stickleback
df3eff96460e5ddf4578967bce671336	gi|2727914142|gb|PP764783.1|	92.821	100	5.04e-71	195	1778380	Gasterosteus nipponicus	bony fishes	Gasterosteus nipponicus
70e92307ad17db1bdcac8a4bcd1ea510	gi|212725466|ref|NC_011570.1|	100.000	100	6.33e-95	195	161456	Gasterosteus wheatlandi	bony fishes	blackspotted stickleback
70e92307ad17db1bdcac8a4bcd1ea510	gi|1918447993|dbj|LC579395.1|	96.410	100	2.99e-83	195	1778380	Gasterosteus nipponicus	bony fishes	Gasterosteus nipponicus
70e92307ad17db1bdcac8a4bcd1ea510	gi|1823804135|dbj|LC533126.1|	95.897	100	1.39e-81	195	481460	Gasterosteus aculeatus microcephalus	bony fishes	Gasterosteus aculeatus microcephalus
70e92307ad17db1bdcac8a4bcd1ea510	gi|2727914142|gb|PP764783.1|	95.897	100	1.39e-81	195	1778380	Gasterosteus nipponicus	bony fishes	Gasterosteus nipponicus
70e92307ad17db1bdcac8a4bcd1ea510	gi|2442103830|dbj|LC753474.1|	95.897	100	1.39e-81	195	481459	Gasterosteus aculeatus aculeatus	bony fishes	three-spined stickleback
70e92307ad17db1bdcac8a4bcd1ea510	gi|1993261553|dbj|LC601883.2|	95.897	100	1.39e-81	195	69293	Gasterosteus aculeatus	bony fishes	three-spined stickleback
70e92307ad17db1bdcac8a4bcd1ea510	gi|16267225|dbj|AP002944.1|	95.897	100	1.39e-81	195	69293	Gasterosteus aculeatus	bony fishes	three-spined stickleback
70e92307ad17db1bdcac8a4bcd1ea510	gi|1798174199|gb|MN122917.1|	95.385	100	6.47e-80	195	69293	Gasterosteus aculeatus	bony fishes	three-spined stickleback
70e92307ad17db1bdcac8a4bcd1ea510	gi|1600726832|ref|NC_041244.1|	95.385	100	6.47e-80	195	69293	Gasterosteus aculeatus	bony fishes	three-spined stickleback
70e92307ad17db1bdcac8a4bcd1ea510	gi|2842130733|emb|OZ193855.1|	95.385	100	6.47e-80	195	69293	Gasterosteus aculeatus	bony fishes	three-spined stickleback
41867385bddeb5c3188a91f6955fed9a	gi|1517363219|gb|MH538898.1|	99.487	100	2.95e-93	195	238744	Menidia menidia	bony fishes	Atlantic silverside
41867385bddeb5c3188a91f6955fed9a	gi|1517363206|gb|MH538897.1|	99.487	100	2.95e-93	195	238744	Menidia menidia	bony fishes	Atlantic silverside
41867385bddeb5c3188a91f6955fed9a	gi|1517363193|gb|MH538896.1|	99.487	100	2.95e-93	195	238744	Menidia menidia	bony fishes	Atlantic silverside
41867385bddeb5c3188a91f6955fed9a	gi|1517363179|gb|MH538895.1|	99.487	100	2.95e-93	195	238744	Menidia menidia	bony fishes	Atlantic silverside
41867385bddeb5c3188a91f6955fed9a	gi|1517363166|gb|MH538894.1|	99.487	100	2.95e-93	195	238744	Menidia menidia	bony fishes	Atlantic silverside
41867385bddeb5c3188a91f6955fed9a	gi|1517363152|gb|MH538893.1|	99.487	100	2.95e-93	195	238744	Menidia menidia	bony fishes	Atlantic silverside
41867385bddeb5c3188a91f6955fed9a	gi|1517363138|gb|MH538892.1|	99.487	100	2.95e-93	195	238744	Menidia menidia	bony fishes	Atlantic silverside
41867385bddeb5c3188a91f6955fed9a	gi|1517363124|gb|MH538891.1|	99.487	100	2.95e-93	195	238744	Menidia menidia	bony fishes	Atlantic silverside
41867385bddeb5c3188a91f6955fed9a	gi|1517363111|gb|MH538890.1|	99.487	100	2.95e-93	195	238744	Menidia menidia	bony fishes	Atlantic silverside
41867385bddeb5c3188a91f6955fed9a	gi|1517363097|gb|MH538889.1|	99.487	100	2.95e-93	195	238744	Menidia menidia	bony fishes	Atlantic silverside
fc6dcba3b5eb39400be0010e4764cc95	gi|1517363219|gb|MH538898.1|	99.487	100	2.95e-93	195	238744	Menidia menidia	bony fishes	Atlantic silverside
fc6dcba3b5eb39400be0010e4764cc95	gi|1517363206|gb|MH538897.1|	99.487	100	2.95e-93	195	238744	Menidia menidia	bony fishes	Atlantic silverside
fc6dcba3b5eb39400be0010e4764cc95	gi|1517363193|gb|MH538896.1|	99.487	100	2.95e-93	195	238744	Menidia menidia	bony fishes	Atlantic silverside
fc6dcba3b5eb39400be0010e4764cc95	gi|1517363179|gb|MH538895.1|	99.487	100	2.95e-93	195	238744	Menidia menidia	bony fishes	Atlantic silverside
fc6dcba3b5eb39400be0010e4764cc95	gi|1517363166|gb|MH538894.1|	99.487	100	2.95e-93	195	238744	Menidia menidia	bony fishes	Atlantic silverside
fc6dcba3b5eb39400be0010e4764cc95	gi|1517363152|gb|MH538893.1|	99.487	100	2.95e-93	195	238744	Menidia menidia	bony fishes	Atlantic silverside
fc6dcba3b5eb39400be0010e4764cc95	gi|1517363138|gb|MH538892.1|	99.487	100	2.95e-93	195	238744	Menidia menidia	bony fishes	Atlantic silverside
fc6dcba3b5eb39400be0010e4764cc95	gi|1517363124|gb|MH538891.1|	99.487	100	2.95e-93	195	238744	Menidia menidia	bony fishes	Atlantic silverside
fc6dcba3b5eb39400be0010e4764cc95	gi|1517363111|gb|MH538890.1|	99.487	100	2.95e-93	195	238744	Menidia menidia	bony fishes	Atlantic silverside
fc6dcba3b5eb39400be0010e4764cc95	gi|1517363097|gb|MH538889.1|	99.487	100	2.95e-93	195	238744	Menidia menidia	bony fishes	Atlantic silverside
0a3b46e9ac9ee7fb3dfd4128e2c74edd	gi|1517363219|gb|MH538898.1|	99.487	100	2.95e-93	195	238744	Menidia menidia	bony fishes	Atlantic silverside
0a3b46e9ac9ee7fb3dfd4128e2c74edd	gi|1517363206|gb|MH538897.1|	99.487	100	2.95e-93	195	238744	Menidia menidia	bony fishes	Atlantic silverside
0a3b46e9ac9ee7fb3dfd4128e2c74edd	gi|1517363193|gb|MH538896.1|	99.487	100	2.95e-93	195	238744	Menidia menidia	bony fishes	Atlantic silverside
0a3b46e9ac9ee7fb3dfd4128e2c74edd	gi|1517363179|gb|MH538895.1|	99.487	100	2.95e-93	195	238744	Menidia menidia	bony fishes	Atlantic silverside
0a3b46e9ac9ee7fb3dfd4128e2c74edd	gi|1517363166|gb|MH538894.1|	99.487	100	2.95e-93	195	238744	Menidia menidia	bony fishes	Atlantic silverside
0a3b46e9ac9ee7fb3dfd4128e2c74edd	gi|1517363152|gb|MH538893.1|	99.487	100	2.95e-93	195	238744	Menidia menidia	bony fishes	Atlantic silverside
0a3b46e9ac9ee7fb3dfd4128e2c74edd	gi|1517363138|gb|MH538892.1|	99.487	100	2.95e-93	195	238744	Menidia menidia	bony fishes	Atlantic silverside
0a3b46e9ac9ee7fb3dfd4128e2c74edd	gi|1517363124|gb|MH538891.1|	99.487	100	2.95e-93	195	238744	Menidia menidia	bony fishes	Atlantic silverside
0a3b46e9ac9ee7fb3dfd4128e2c74edd	gi|1517363111|gb|MH538890.1|	99.487	100	2.95e-93	195	238744	Menidia menidia	bony fishes	Atlantic silverside
0a3b46e9ac9ee7fb3dfd4128e2c74edd	gi|1517363097|gb|MH538889.1|	99.487	100	2.95e-93	195	238744	Menidia menidia	bony fishes	Atlantic silverside
5e3f2144ce2f851ee1ad3b40f79b32ce	gi|1517363219|gb|MH538898.1|	99.487	100	2.95e-93	195	238744	Menidia menidia	bony fishes	Atlantic silverside
5e3f2144ce2f851ee1ad3b40f79b32ce	gi|1517363206|gb|MH538897.1|	99.487	100	2.95e-93	195	238744	Menidia menidia	bony fishes	Atlantic silverside
5e3f2144ce2f851ee1ad3b40f79b32ce	gi|1517363193|gb|MH538896.1|	99.487	100	2.95e-93	195	238744	Menidia menidia	bony fishes	Atlantic silverside
5e3f2144ce2f851ee1ad3b40f79b32ce	gi|1517363179|gb|MH538895.1|	99.487	100	2.95e-93	195	238744	Menidia menidia	bony fishes	Atlantic silverside
5e3f2144ce2f851ee1ad3b40f79b32ce	gi|1517363166|gb|MH538894.1|	99.487	100	2.95e-93	195	238744	Menidia menidia	bony fishes	Atlantic silverside
5e3f2144ce2f851ee1ad3b40f79b32ce	gi|1517363152|gb|MH538893.1|	99.487	100	2.95e-93	195	238744	Menidia menidia	bony fishes	Atlantic silverside
5e3f2144ce2f851ee1ad3b40f79b32ce	gi|1517363138|gb|MH538892.1|	99.487	100	2.95e-93	195	238744	Menidia menidia	bony fishes	Atlantic silverside
5e3f2144ce2f851ee1ad3b40f79b32ce	gi|1517363124|gb|MH538891.1|	99.487	100	2.95e-93	195	238744	Menidia menidia	bony fishes	Atlantic silverside
5e3f2144ce2f851ee1ad3b40f79b32ce	gi|1517363111|gb|MH538890.1|	99.487	100	2.95e-93	195	238744	Menidia menidia	bony fishes	Atlantic silverside
5e3f2144ce2f851ee1ad3b40f79b32ce	gi|1517363097|gb|MH538889.1|	99.487	100	2.95e-93	195	238744	Menidia menidia	bony fishes	Atlantic silverside
9b0600814a43652de067e608cca9735b	gi|1517363219|gb|MH538898.1|	99.487	100	2.95e-93	195	238744	Menidia menidia	bony fishes	Atlantic silverside
9b0600814a43652de067e608cca9735b	gi|1517363206|gb|MH538897.1|	99.487	100	2.95e-93	195	238744	Menidia menidia	bony fishes	Atlantic silverside
9b0600814a43652de067e608cca9735b	gi|1517363193|gb|MH538896.1|	99.487	100	2.95e-93	195	238744	Menidia menidia	bony fishes	Atlantic silverside
9b0600814a43652de067e608cca9735b	gi|1517363179|gb|MH538895.1|	99.487	100	2.95e-93	195	238744	Menidia menidia	bony fishes	Atlantic silverside
9b0600814a43652de067e608cca9735b	gi|1517363166|gb|MH538894.1|	99.487	100	2.95e-93	195	238744	Menidia menidia	bony fishes	Atlantic silverside
9b0600814a43652de067e608cca9735b	gi|1517363152|gb|MH538893.1|	99.487	100	2.95e-93	195	238744	Menidia menidia	bony fishes	Atlantic silverside
9b0600814a43652de067e608cca9735b	gi|1517363138|gb|MH538892.1|	99.487	100	2.95e-93	195	238744	Menidia menidia	bony fishes	Atlantic silverside
9b0600814a43652de067e608cca9735b	gi|1517363124|gb|MH538891.1|	99.487	100	2.95e-93	195	238744	Menidia menidia	bony fishes	Atlantic silverside
9b0600814a43652de067e608cca9735b	gi|1517363111|gb|MH538890.1|	99.487	100	2.95e-93	195	238744	Menidia menidia	bony fishes	Atlantic silverside
9b0600814a43652de067e608cca9735b	gi|1517363097|gb|MH538889.1|	99.487	100	2.95e-93	195	238744	Menidia menidia	bony fishes	Atlantic silverside
996f76dafec3caddb90a5adb27c05790	gi|1517363219|gb|MH538898.1|	100.000	100	6.33e-95	195	238744	Menidia menidia	bony fishes	Atlantic silverside
996f76dafec3caddb90a5adb27c05790	gi|1517363206|gb|MH538897.1|	100.000	100	6.33e-95	195	238744	Menidia menidia	bony fishes	Atlantic silverside
996f76dafec3caddb90a5adb27c05790	gi|1517363193|gb|MH538896.1|	100.000	100	6.33e-95	195	238744	Menidia menidia	bony fishes	Atlantic silverside
996f76dafec3caddb90a5adb27c05790	gi|1517363179|gb|MH538895.1|	100.000	100	6.33e-95	195	238744	Menidia menidia	bony fishes	Atlantic silverside
996f76dafec3caddb90a5adb27c05790	gi|1517363166|gb|MH538894.1|	100.000	100	6.33e-95	195	238744	Menidia menidia	bony fishes	Atlantic silverside
996f76dafec3caddb90a5adb27c05790	gi|1517363152|gb|MH538893.1|	100.000	100	6.33e-95	195	238744	Menidia menidia	bony fishes	Atlantic silverside
996f76dafec3caddb90a5adb27c05790	gi|1517363138|gb|MH538892.1|	100.000	100	6.33e-95	195	238744	Menidia menidia	bony fishes	Atlantic silverside
996f76dafec3caddb90a5adb27c05790	gi|1517363124|gb|MH538891.1|	100.000	100	6.33e-95	195	238744	Menidia menidia	bony fishes	Atlantic silverside
996f76dafec3caddb90a5adb27c05790	gi|1517363111|gb|MH538890.1|	100.000	100	6.33e-95	195	238744	Menidia menidia	bony fishes	Atlantic silverside
996f76dafec3caddb90a5adb27c05790	gi|1517363097|gb|MH538889.1|	100.000	100	6.33e-95	195	238744	Menidia menidia	bony fishes	Atlantic silverside
84cfe250c86c06c1eba5fa28342431c7	gi|1517363219|gb|MH538898.1|	99.487	100	2.95e-93	195	238744	Menidia menidia	bony fishes	Atlantic silverside
84cfe250c86c06c1eba5fa28342431c7	gi|1517363206|gb|MH538897.1|	99.487	100	2.95e-93	195	238744	Menidia menidia	bony fishes	Atlantic silverside
84cfe250c86c06c1eba5fa28342431c7	gi|1517363193|gb|MH538896.1|	99.487	100	2.95e-93	195	238744	Menidia menidia	bony fishes	Atlantic silverside
84cfe250c86c06c1eba5fa28342431c7	gi|1517363179|gb|MH538895.1|	99.487	100	2.95e-93	195	238744	Menidia menidia	bony fishes	Atlantic silverside
84cfe250c86c06c1eba5fa28342431c7	gi|1517363166|gb|MH538894.1|	99.487	100	2.95e-93	195	238744	Menidia menidia	bony fishes	Atlantic silverside
84cfe250c86c06c1eba5fa28342431c7	gi|1517363152|gb|MH538893.1|	99.487	100	2.95e-93	195	238744	Menidia menidia	bony fishes	Atlantic silverside
84cfe250c86c06c1eba5fa28342431c7	gi|1517363138|gb|MH538892.1|	99.487	100	2.95e-93	195	238744	Menidia menidia	bony fishes	Atlantic silverside
84cfe250c86c06c1eba5fa28342431c7	gi|1517363124|gb|MH538891.1|	99.487	100	2.95e-93	195	238744	Menidia menidia	bony fishes	Atlantic silverside
84cfe250c86c06c1eba5fa28342431c7	gi|1517363111|gb|MH538890.1|	99.487	100	2.95e-93	195	238744	Menidia menidia	bony fishes	Atlantic silverside
84cfe250c86c06c1eba5fa28342431c7	gi|1517363097|gb|MH538889.1|	99.487	100	2.95e-93	195	238744	Menidia menidia	bony fishes	Atlantic silverside
7364ce58526f19bee3789d1b758df61f	gi|1517363219|gb|MH538898.1|	99.487	100	2.95e-93	195	238744	Menidia menidia	bony fishes	Atlantic silverside
7364ce58526f19bee3789d1b758df61f	gi|1517363206|gb|MH538897.1|	99.487	100	2.95e-93	195	238744	Menidia menidia	bony fishes	Atlantic silverside
7364ce58526f19bee3789d1b758df61f	gi|1517363193|gb|MH538896.1|	99.487	100	2.95e-93	195	238744	Menidia menidia	bony fishes	Atlantic silverside
7364ce58526f19bee3789d1b758df61f	gi|1517363179|gb|MH538895.1|	99.487	100	2.95e-93	195	238744	Menidia menidia	bony fishes	Atlantic silverside
7364ce58526f19bee3789d1b758df61f	gi|1517363166|gb|MH538894.1|	99.487	100	2.95e-93	195	238744	Menidia menidia	bony fishes	Atlantic silverside
7364ce58526f19bee3789d1b758df61f	gi|1517363152|gb|MH538893.1|	99.487	100	2.95e-93	195	238744	Menidia menidia	bony fishes	Atlantic silverside
7364ce58526f19bee3789d1b758df61f	gi|1517363138|gb|MH538892.1|	99.487	100	2.95e-93	195	238744	Menidia menidia	bony fishes	Atlantic silverside
7364ce58526f19bee3789d1b758df61f	gi|1517363124|gb|MH538891.1|	99.487	100	2.95e-93	195	238744	Menidia menidia	bony fishes	Atlantic silverside
7364ce58526f19bee3789d1b758df61f	gi|1517363111|gb|MH538890.1|	99.487	100	2.95e-93	195	238744	Menidia menidia	bony fishes	Atlantic silverside
7364ce58526f19bee3789d1b758df61f	gi|1517363097|gb|MH538889.1|	99.487	100	2.95e-93	195	238744	Menidia menidia	bony fishes	Atlantic silverside
d26dfa9473ddefc80f39b9835f53a24d	gi|1517363219|gb|MH538898.1|	99.487	100	2.95e-93	195	238744	Menidia menidia	bony fishes	Atlantic silverside
d26dfa9473ddefc80f39b9835f53a24d	gi|1517363206|gb|MH538897.1|	99.487	100	2.95e-93	195	238744	Menidia menidia	bony fishes	Atlantic silverside
d26dfa9473ddefc80f39b9835f53a24d	gi|1517363193|gb|MH538896.1|	99.487	100	2.95e-93	195	238744	Menidia menidia	bony fishes	Atlantic silverside
d26dfa9473ddefc80f39b9835f53a24d	gi|1517363179|gb|MH538895.1|	99.487	100	2.95e-93	195	238744	Menidia menidia	bony fishes	Atlantic silverside
d26dfa9473ddefc80f39b9835f53a24d	gi|1517363166|gb|MH538894.1|	99.487	100	2.95e-93	195	238744	Menidia menidia	bony fishes	Atlantic silverside
d26dfa9473ddefc80f39b9835f53a24d	gi|1517363152|gb|MH538893.1|	99.487	100	2.95e-93	195	238744	Menidia menidia	bony fishes	Atlantic silverside
d26dfa9473ddefc80f39b9835f53a24d	gi|1517363138|gb|MH538892.1|	99.487	100	2.95e-93	195	238744	Menidia menidia	bony fishes	Atlantic silverside
d26dfa9473ddefc80f39b9835f53a24d	gi|1517363124|gb|MH538891.1|	99.487	100	2.95e-93	195	238744	Menidia menidia	bony fishes	Atlantic silverside
d26dfa9473ddefc80f39b9835f53a24d	gi|1517363111|gb|MH538890.1|	99.487	100	2.95e-93	195	238744	Menidia menidia	bony fishes	Atlantic silverside
d26dfa9473ddefc80f39b9835f53a24d	gi|1517363097|gb|MH538889.1|	99.487	100	2.95e-93	195	238744	Menidia menidia	bony fishes	Atlantic silverside
09d0ea4d6d7b40e78ffb5533871053ed	gi|1517363219|gb|MH538898.1|	99.487	100	2.95e-93	195	238744	Menidia menidia	bony fishes	Atlantic silverside
09d0ea4d6d7b40e78ffb5533871053ed	gi|1517363206|gb|MH538897.1|	99.487	100	2.95e-93	195	238744	Menidia menidia	bony fishes	Atlantic silverside
09d0ea4d6d7b40e78ffb5533871053ed	gi|1517363193|gb|MH538896.1|	99.487	100	2.95e-93	195	238744	Menidia menidia	bony fishes	Atlantic silverside
09d0ea4d6d7b40e78ffb5533871053ed	gi|1517363179|gb|MH538895.1|	99.487	100	2.95e-93	195	238744	Menidia menidia	bony fishes	Atlantic silverside
09d0ea4d6d7b40e78ffb5533871053ed	gi|1517363166|gb|MH538894.1|	99.487	100	2.95e-93	195	238744	Menidia menidia	bony fishes	Atlantic silverside
09d0ea4d6d7b40e78ffb5533871053ed	gi|1517363152|gb|MH538893.1|	99.487	100	2.95e-93	195	238744	Menidia menidia	bony fishes	Atlantic silverside
09d0ea4d6d7b40e78ffb5533871053ed	gi|1517363138|gb|MH538892.1|	99.487	100	2.95e-93	195	238744	Menidia menidia	bony fishes	Atlantic silverside
09d0ea4d6d7b40e78ffb5533871053ed	gi|1517363124|gb|MH538891.1|	99.487	100	2.95e-93	195	238744	Menidia menidia	bony fishes	Atlantic silverside
09d0ea4d6d7b40e78ffb5533871053ed	gi|1517363111|gb|MH538890.1|	99.487	100	2.95e-93	195	238744	Menidia menidia	bony fishes	Atlantic silverside
09d0ea4d6d7b40e78ffb5533871053ed	gi|1517363097|gb|MH538889.1|	99.487	100	2.95e-93	195	238744	Menidia menidia	bony fishes	Atlantic silverside
18a0ace4dafd137fc70696a40d898eef	gi|1517363219|gb|MH538898.1|	99.487	100	2.95e-93	195	238744	Menidia menidia	bony fishes	Atlantic silverside
18a0ace4dafd137fc70696a40d898eef	gi|1517363206|gb|MH538897.1|	99.487	100	2.95e-93	195	238744	Menidia menidia	bony fishes	Atlantic silverside
18a0ace4dafd137fc70696a40d898eef	gi|1517363193|gb|MH538896.1|	99.487	100	2.95e-93	195	238744	Menidia menidia	bony fishes	Atlantic silverside
18a0ace4dafd137fc70696a40d898eef	gi|1517363179|gb|MH538895.1|	99.487	100	2.95e-93	195	238744	Menidia menidia	bony fishes	Atlantic silverside
18a0ace4dafd137fc70696a40d898eef	gi|1517363166|gb|MH538894.1|	99.487	100	2.95e-93	195	238744	Menidia menidia	bony fishes	Atlantic silverside
18a0ace4dafd137fc70696a40d898eef	gi|1517363152|gb|MH538893.1|	99.487	100	2.95e-93	195	238744	Menidia menidia	bony fishes	Atlantic silverside
18a0ace4dafd137fc70696a40d898eef	gi|1517363138|gb|MH538892.1|	99.487	100	2.95e-93	195	238744	Menidia menidia	bony fishes	Atlantic silverside
18a0ace4dafd137fc70696a40d898eef	gi|1517363124|gb|MH538891.1|	99.487	100	2.95e-93	195	238744	Menidia menidia	bony fishes	Atlantic silverside
18a0ace4dafd137fc70696a40d898eef	gi|1517363111|gb|MH538890.1|	99.487	100	2.95e-93	195	238744	Menidia menidia	bony fishes	Atlantic silverside
18a0ace4dafd137fc70696a40d898eef	gi|1517363097|gb|MH538889.1|	99.487	100	2.95e-93	195	238744	Menidia menidia	bony fishes	Atlantic silverside
5920dffe2928ea1b196526418c552dc3	gi|1517363219|gb|MH538898.1|	99.487	100	2.95e-93	195	238744	Menidia menidia	bony fishes	Atlantic silverside
5920dffe2928ea1b196526418c552dc3	gi|1517363206|gb|MH538897.1|	99.487	100	2.95e-93	195	238744	Menidia menidia	bony fishes	Atlantic silverside
5920dffe2928ea1b196526418c552dc3	gi|1517363193|gb|MH538896.1|	99.487	100	2.95e-93	195	238744	Menidia menidia	bony fishes	Atlantic silverside
5920dffe2928ea1b196526418c552dc3	gi|1517363179|gb|MH538895.1|	99.487	100	2.95e-93	195	238744	Menidia menidia	bony fishes	Atlantic silverside
5920dffe2928ea1b196526418c552dc3	gi|1517363166|gb|MH538894.1|	99.487	100	2.95e-93	195	238744	Menidia menidia	bony fishes	Atlantic silverside
5920dffe2928ea1b196526418c552dc3	gi|1517363152|gb|MH538893.1|	99.487	100	2.95e-93	195	238744	Menidia menidia	bony fishes	Atlantic silverside
5920dffe2928ea1b196526418c552dc3	gi|1517363138|gb|MH538892.1|	99.487	100	2.95e-93	195	238744	Menidia menidia	bony fishes	Atlantic silverside
5920dffe2928ea1b196526418c552dc3	gi|1517363124|gb|MH538891.1|	99.487	100	2.95e-93	195	238744	Menidia menidia	bony fishes	Atlantic silverside
5920dffe2928ea1b196526418c552dc3	gi|1517363111|gb|MH538890.1|	99.487	100	2.95e-93	195	238744	Menidia menidia	bony fishes	Atlantic silverside
5920dffe2928ea1b196526418c552dc3	gi|1517363097|gb|MH538889.1|	99.487	100	2.95e-93	195	238744	Menidia menidia	bony fishes	Atlantic silverside
5c09b8ef56ffae303217164cd2060429	gi|1517363219|gb|MH538898.1|	99.487	100	2.95e-93	195	238744	Menidia menidia	bony fishes	Atlantic silverside
5c09b8ef56ffae303217164cd2060429	gi|1517363206|gb|MH538897.1|	99.487	100	2.95e-93	195	238744	Menidia menidia	bony fishes	Atlantic silverside
5c09b8ef56ffae303217164cd2060429	gi|1517363193|gb|MH538896.1|	99.487	100	2.95e-93	195	238744	Menidia menidia	bony fishes	Atlantic silverside
5c09b8ef56ffae303217164cd2060429	gi|1517363179|gb|MH538895.1|	99.487	100	2.95e-93	195	238744	Menidia menidia	bony fishes	Atlantic silverside
5c09b8ef56ffae303217164cd2060429	gi|1517363166|gb|MH538894.1|	99.487	100	2.95e-93	195	238744	Menidia menidia	bony fishes	Atlantic silverside
5c09b8ef56ffae303217164cd2060429	gi|1517363152|gb|MH538893.1|	99.487	100	2.95e-93	195	238744	Menidia menidia	bony fishes	Atlantic silverside
5c09b8ef56ffae303217164cd2060429	gi|1517363138|gb|MH538892.1|	99.487	100	2.95e-93	195	238744	Menidia menidia	bony fishes	Atlantic silverside
5c09b8ef56ffae303217164cd2060429	gi|1517363124|gb|MH538891.1|	99.487	100	2.95e-93	195	238744	Menidia menidia	bony fishes	Atlantic silverside
5c09b8ef56ffae303217164cd2060429	gi|1517363111|gb|MH538890.1|	99.487	100	2.95e-93	195	238744	Menidia menidia	bony fishes	Atlantic silverside
5c09b8ef56ffae303217164cd2060429	gi|1517363097|gb|MH538889.1|	99.487	100	2.95e-93	195	238744	Menidia menidia	bony fishes	Atlantic silverside
180b0d1d83f6eca2ef023c402d81c277	gi|1517363219|gb|MH538898.1|	99.487	100	2.95e-93	195	238744	Menidia menidia	bony fishes	Atlantic silverside
180b0d1d83f6eca2ef023c402d81c277	gi|1517363206|gb|MH538897.1|	99.487	100	2.95e-93	195	238744	Menidia menidia	bony fishes	Atlantic silverside
180b0d1d83f6eca2ef023c402d81c277	gi|1517363193|gb|MH538896.1|	99.487	100	2.95e-93	195	238744	Menidia menidia	bony fishes	Atlantic silverside
180b0d1d83f6eca2ef023c402d81c277	gi|1517363179|gb|MH538895.1|	99.487	100	2.95e-93	195	238744	Menidia menidia	bony fishes	Atlantic silverside
180b0d1d83f6eca2ef023c402d81c277	gi|1517363166|gb|MH538894.1|	99.487	100	2.95e-93	195	238744	Menidia menidia	bony fishes	Atlantic silverside
180b0d1d83f6eca2ef023c402d81c277	gi|1517363152|gb|MH538893.1|	99.487	100	2.95e-93	195	238744	Menidia menidia	bony fishes	Atlantic silverside
180b0d1d83f6eca2ef023c402d81c277	gi|1517363138|gb|MH538892.1|	99.487	100	2.95e-93	195	238744	Menidia menidia	bony fishes	Atlantic silverside
180b0d1d83f6eca2ef023c402d81c277	gi|1517363124|gb|MH538891.1|	99.487	100	2.95e-93	195	238744	Menidia menidia	bony fishes	Atlantic silverside
180b0d1d83f6eca2ef023c402d81c277	gi|1517363111|gb|MH538890.1|	99.487	100	2.95e-93	195	238744	Menidia menidia	bony fishes	Atlantic silverside
180b0d1d83f6eca2ef023c402d81c277	gi|1517363097|gb|MH538889.1|	99.487	100	2.95e-93	195	238744	Menidia menidia	bony fishes	Atlantic silverside
1680707436802a855157b60640ddf62b	gi|1825511897|gb|MT103924.1|	98.974	100	1.37e-91	195	8265	Pseudopleuronectes americanus	bony fishes	winter flounder
1680707436802a855157b60640ddf62b	gi|2579699234|ref|NC_082555.1|	98.974	100	1.37e-91	195	8265	Pseudopleuronectes americanus	bony fishes	winter flounder
1680707436802a855157b60640ddf62b	gi|2811296573|dbj|LC843979.1|	98.462	100	6.38e-90	195	245875	Pseudopleuronectes yokohamae	bony fishes	marbled flounder
1680707436802a855157b60640ddf62b	gi|1028336207|gb|KT943413.1|	98.462	100	6.38e-90	195	245875	Pseudopleuronectes yokohamae	bony fishes	marbled flounder
1680707436802a855157b60640ddf62b	gi|2532681282|dbj|LC773527.1|	98.462	100	6.38e-90	195	245875	Pseudopleuronectes yokohamae	bony fishes	marbled flounder
1680707436802a855157b60640ddf62b	gi|953516008|gb|KT878309.1|	98.462	100	6.38e-90	195	245875	Pseudopleuronectes yokohamae	bony fishes	marbled flounder
1680707436802a855157b60640ddf62b	gi|937546965|ref|NC_028014.1|	98.462	100	6.38e-90	195	245875	Pseudopleuronectes yokohamae	bony fishes	marbled flounder
1680707436802a855157b60640ddf62b	gi|2281569608|gb|MW713061.1|	98.462	100	6.38e-90	195	244452	Pseudopleuronectes herzensteini	bony fishes	littlemouth flounder
1680707436802a855157b60640ddf62b	gi|2248507340|ref|NC_063673.1|	98.462	100	6.38e-90	195	244452	Pseudopleuronectes herzensteini	bony fishes	littlemouth flounder
1680707436802a855157b60640ddf62b	gi|2038422308|dbj|LC630813.1|	98.462	100	6.38e-90	195	245875	Pseudopleuronectes yokohamae	bony fishes	marbled flounder
ae3daa721d53adbd79baa903bbb59888	gi|2095925495|gb|OK172567.1|	99.487	100	2.95e-93	195	8096	Myoxocephalus aenaeus	bony fishes	grubby sculpin
ae3daa721d53adbd79baa903bbb59888	gi|1642520750|ref|NC_042186.1|	98.974	100	1.37e-91	195	8097	Myoxocephalus scorpius	bony fishes	shorthorn sculpin
ae3daa721d53adbd79baa903bbb59888	gi|1515576537|gb|MH377822.1|	99.479	98	1.37e-91	192	8096	Myoxocephalus aenaeus	bony fishes	grubby sculpin
ae3daa721d53adbd79baa903bbb59888	gi|1512459169|gb|MG924481.1|	98.974	100	1.37e-91	195	200680	Myoxocephalus quadricornis	bony fishes	Myoxocephalus quadricornis
ae3daa721d53adbd79baa903bbb59888	gi|1512459168|gb|MG924480.1|	98.974	100	1.37e-91	195	200680	Myoxocephalus quadricornis	bony fishes	Myoxocephalus quadricornis
ae3daa721d53adbd79baa903bbb59888	gi|1512459167|gb|MG924479.1|	98.974	100	1.37e-91	195	200680	Myoxocephalus quadricornis	bony fishes	Myoxocephalus quadricornis
ae3daa721d53adbd79baa903bbb59888	gi|2621112018|gb|OR818174.1|	98.974	100	1.37e-91	195	304292	Myoxocephalus thompsonii	bony fishes	deepwater sculpin
ae3daa721d53adbd79baa903bbb59888	gi|1979358083|gb|MT303953.1|	98.974	100	1.37e-91	195	200680	Myoxocephalus quadricornis	bony fishes	Myoxocephalus quadricornis
ae3daa721d53adbd79baa903bbb59888	gi|1999117704|ref|NC_053359.1|	98.974	100	1.37e-91	195	200680	Myoxocephalus quadricornis	bony fishes	Myoxocephalus quadricornis
ae3daa721d53adbd79baa903bbb59888	gi|1896498863|gb|MT410889.1|	98.974	100	1.37e-91	195	8097	Myoxocephalus scorpius	bony fishes	shorthorn sculpin
d96a04b3a6ebc99992fe6570f57f2ec3	gi|1515576542|gb|MH377827.1|	99.476	98	4.90e-91	191	56726	Pholis gunnellus	bony fishes	rock gunnel
d96a04b3a6ebc99992fe6570f57f2ec3	gi|2504556390|dbj|LC385123.2|	98.969	100	4.90e-91	194	283025	Pholis crassispina	bony fishes	Pholis crassispina
d96a04b3a6ebc99992fe6570f57f2ec3	gi|2504556286|dbj|LC767263.1|	98.969	100	4.90e-91	194	283025	Pholis crassispina	bony fishes	Pholis crassispina
d96a04b3a6ebc99992fe6570f57f2ec3	gi|2314982022|ref|NC_066932.1|	98.969	100	4.90e-91	194	283028	Pholis ornata	bony fishes	saddleback gunnel
d96a04b3a6ebc99992fe6570f57f2ec3	gi|2231645270|ref|NC_062875.1|	98.969	100	4.90e-91	194	283026	Pholis picta	bony fishes	Pholis picta
d96a04b3a6ebc99992fe6570f57f2ec3	gi|2095925497|gb|OK172569.1|	98.969	100	4.90e-91	194	283028	Pholis ornata	bony fishes	saddleback gunnel
d96a04b3a6ebc99992fe6570f57f2ec3	gi|2018537218|gb|MW818379.1|	98.969	100	4.90e-91	194	56726	Pholis gunnellus	bony fishes	rock gunnel
d96a04b3a6ebc99992fe6570f57f2ec3	gi|2018537124|gb|MW818285.1|	98.969	100	4.90e-91	194	56726	Pholis gunnellus	bony fishes	rock gunnel
d96a04b3a6ebc99992fe6570f57f2ec3	gi|1980526482|ref|NC_052755.1|	98.969	100	4.90e-91	194	56726	Pholis gunnellus	bony fishes	rock gunnel
d96a04b3a6ebc99992fe6570f57f2ec3	gi|229484936|gb|FJ687232.1|	98.969	100	4.90e-91	194	283025	Pholis crassispina	bony fishes	Pholis crassispina
5717d97deb4dba090cb9bf9e734d0cfa	gi|1825511880|gb|MT103910.1|	99.487	100	2.95e-93	195	980387	Eumesogrammus praecisus	bony fishes	fourline snakeblenny
5717d97deb4dba090cb9bf9e734d0cfa	gi|1790179848|dbj|LC495485.1|	99.487	100	2.95e-93	195	980387	Eumesogrammus praecisus	bony fishes	fourline snakeblenny
5717d97deb4dba090cb9bf9e734d0cfa	gi|1275605613|dbj|AP018419.1|	99.487	100	2.95e-93	195	980387	Eumesogrammus praecisus	bony fishes	fourline snakeblenny
5717d97deb4dba090cb9bf9e734d0cfa	gi|1515576546|gb|MH377831.1|	99.479	98	1.37e-91	192	1225721	Ulvaria subbifurcata	bony fishes	radiated shanny
5717d97deb4dba090cb9bf9e734d0cfa	gi|2228970450|ref|NC_062697.1|	98.974	100	1.37e-91	195	1049578	Stichaeopsis nevelskoi	bony fishes	Stichaeopsis nevelskoi
5717d97deb4dba090cb9bf9e734d0cfa	gi|2216790233|gb|MT627596.1|	98.974	100	1.37e-91	195	986104	Askoldia variegata	bony fishes	Askoldia variegata
5717d97deb4dba090cb9bf9e734d0cfa	gi|2228970367|ref|NC_062695.1|	98.974	100	1.37e-91	195	986104	Askoldia variegata	bony fishes	Askoldia variegata
5717d97deb4dba090cb9bf9e734d0cfa	gi|1812094577|ref|NC_045921.1|	98.462	100	6.38e-90	195	476928	Opisthocentrus ocellatus	bony fishes	Opisthocentrus ocellatus
5717d97deb4dba090cb9bf9e734d0cfa	gi|1197709881|ref|NC_034669.1|	98.462	100	6.38e-90	195	283024	Xiphister atropurpureus	bony fishes	black prickleback
5717d97deb4dba090cb9bf9e734d0cfa	gi|2235262310|ref|NC_063111.1|	98.462	100	6.38e-90	195	1317009	Xenolumpenus longipterus	bony fishes	Xenolumpenus longipterus
2e6ca3cb734a253c7612b2afcabc8bdc	gi|1517363219|gb|MH538898.1|	99.487	100	2.95e-93	195	238744	Menidia menidia	bony fishes	Atlantic silverside
2e6ca3cb734a253c7612b2afcabc8bdc	gi|1517363206|gb|MH538897.1|	99.487	100	2.95e-93	195	238744	Menidia menidia	bony fishes	Atlantic silverside
2e6ca3cb734a253c7612b2afcabc8bdc	gi|1517363193|gb|MH538896.1|	99.487	100	2.95e-93	195	238744	Menidia menidia	bony fishes	Atlantic silverside
2e6ca3cb734a253c7612b2afcabc8bdc	gi|1517363179|gb|MH538895.1|	99.487	100	2.95e-93	195	238744	Menidia menidia	bony fishes	Atlantic silverside
2e6ca3cb734a253c7612b2afcabc8bdc	gi|1517363166|gb|MH538894.1|	99.487	100	2.95e-93	195	238744	Menidia menidia	bony fishes	Atlantic silverside
2e6ca3cb734a253c7612b2afcabc8bdc	gi|1517363152|gb|MH538893.1|	99.487	100	2.95e-93	195	238744	Menidia menidia	bony fishes	Atlantic silverside
2e6ca3cb734a253c7612b2afcabc8bdc	gi|1517363138|gb|MH538892.1|	99.487	100	2.95e-93	195	238744	Menidia menidia	bony fishes	Atlantic silverside
2e6ca3cb734a253c7612b2afcabc8bdc	gi|1517363124|gb|MH538891.1|	99.487	100	2.95e-93	195	238744	Menidia menidia	bony fishes	Atlantic silverside
2e6ca3cb734a253c7612b2afcabc8bdc	gi|1517363111|gb|MH538890.1|	99.487	100	2.95e-93	195	238744	Menidia menidia	bony fishes	Atlantic silverside
2e6ca3cb734a253c7612b2afcabc8bdc	gi|1517363097|gb|MH538889.1|	99.487	100	2.95e-93	195	238744	Menidia menidia	bony fishes	Atlantic silverside
85be12e7422f4f84aa4f107b9adaf943	gi|1031876933|gb|KU985073.1|	100.000	100	5.20e-101	206	40147	Acipenser oxyrinchus oxyrinchus	bony fishes	Acipenser oxyrinchus oxyrinchus
85be12e7422f4f84aa4f107b9adaf943	gi|948298645|ref|NC_028290.1|	100.000	100	5.20e-101	206	36177	Acipenser oxyrinchus	bony fishes	Atlantic sturgeon
85be12e7422f4f84aa4f107b9adaf943	gi|835387623|gb|KP997218.1|	100.000	100	5.20e-101	206	40146	Acipenser oxyrinchus desotoi	bony fishes	Gulf sturgeon
85be12e7422f4f84aa4f107b9adaf943	gi|835387609|gb|KP997217.1|	100.000	100	5.20e-101	206	40147	Acipenser oxyrinchus oxyrinchus	bony fishes	Acipenser oxyrinchus oxyrinchus
85be12e7422f4f84aa4f107b9adaf943	gi|1898139936|gb|MT410938.1|	100.000	100	5.20e-101	206	36177	Acipenser oxyrinchus	bony fishes	Atlantic sturgeon
85be12e7422f4f84aa4f107b9adaf943	gi|84181688|gb|AF125600.2|	100.000	100	5.20e-101	206	40146	Acipenser oxyrinchus desotoi	bony fishes	Gulf sturgeon
85be12e7422f4f84aa4f107b9adaf943	gi|84181687|gb|AF125599.2|	100.000	100	5.20e-101	206	40147	Acipenser oxyrinchus oxyrinchus	bony fishes	Acipenser oxyrinchus oxyrinchus
85be12e7422f4f84aa4f107b9adaf943	gi|849123606|ref|NC_027417.1|	98.058	100	2.43e-94	206	61674	Acipenser sturio	bony fishes	sturgeon
85be12e7422f4f84aa4f107b9adaf943	gi|47118042|gb|AY544145.1|	98.058	100	2.43e-94	206	61674	Acipenser sturio	bony fishes	sturgeon
85be12e7422f4f84aa4f107b9adaf943	gi|2906157142|gb|PV040728.1|	97.087	100	5.27e-91	206	7908	Acipenser medirostris	bony fishes	green sturgeon
def145bebbb52e065d55730f9e90b935	gi|1031876933|gb|KU985073.1|	99.515	100	2.42e-99	206	40147	Acipenser oxyrinchus oxyrinchus	bony fishes	Acipenser oxyrinchus oxyrinchus
def145bebbb52e065d55730f9e90b935	gi|948298645|ref|NC_028290.1|	99.515	100	2.42e-99	206	36177	Acipenser oxyrinchus	bony fishes	Atlantic sturgeon
def145bebbb52e065d55730f9e90b935	gi|835387623|gb|KP997218.1|	99.515	100	2.42e-99	206	40146	Acipenser oxyrinchus desotoi	bony fishes	Gulf sturgeon
def145bebbb52e065d55730f9e90b935	gi|835387609|gb|KP997217.1|	99.515	100	2.42e-99	206	40147	Acipenser oxyrinchus oxyrinchus	bony fishes	Acipenser oxyrinchus oxyrinchus
def145bebbb52e065d55730f9e90b935	gi|1898139936|gb|MT410938.1|	99.515	100	2.42e-99	206	36177	Acipenser oxyrinchus	bony fishes	Atlantic sturgeon
def145bebbb52e065d55730f9e90b935	gi|84181688|gb|AF125600.2|	99.515	100	2.42e-99	206	40146	Acipenser oxyrinchus desotoi	bony fishes	Gulf sturgeon
def145bebbb52e065d55730f9e90b935	gi|84181687|gb|AF125599.2|	99.515	100	2.42e-99	206	40147	Acipenser oxyrinchus oxyrinchus	bony fishes	Acipenser oxyrinchus oxyrinchus
def145bebbb52e065d55730f9e90b935	gi|849123606|ref|NC_027417.1|	97.573	100	1.13e-92	206	61674	Acipenser sturio	bony fishes	sturgeon
def145bebbb52e065d55730f9e90b935	gi|47118042|gb|AY544145.1|	97.573	100	1.13e-92	206	61674	Acipenser sturio	bony fishes	sturgeon
def145bebbb52e065d55730f9e90b935	gi|2906157142|gb|PV040728.1|	96.602	100	2.45e-89	206	7908	Acipenser medirostris	bony fishes	green sturgeon
e5fdcc47c84c8af837b62f8b632809c8	gi|1337993116|gb|MG570440.1|	98.995	100	8.39e-94	199	34774	Alosa pseudoharengus	bony fishes	alewife
e5fdcc47c84c8af837b62f8b632809c8	gi|1337993102|gb|MG570439.1|	98.995	100	8.39e-94	199	34774	Alosa pseudoharengus	bony fishes	alewife
e5fdcc47c84c8af837b62f8b632809c8	gi|1337992850|gb|MG570421.1|	98.995	100	8.39e-94	199	34774	Alosa pseudoharengus	bony fishes	alewife
e5fdcc47c84c8af837b62f8b632809c8	gi|2514521491|gb|OR094922.1|	98.995	100	8.39e-94	199	34774	Alosa pseudoharengus	bony fishes	alewife
e5fdcc47c84c8af837b62f8b632809c8	gi|2514521488|gb|OR094921.1|	98.995	100	8.39e-94	199	34774	Alosa pseudoharengus	bony fishes	alewife
e5fdcc47c84c8af837b62f8b632809c8	gi|2514521486|gb|OR094920.1|	98.995	100	8.39e-94	199	34774	Alosa pseudoharengus	bony fishes	alewife
e5fdcc47c84c8af837b62f8b632809c8	gi|2514521484|gb|OR094919.1|	98.995	100	8.39e-94	199	34774	Alosa pseudoharengus	bony fishes	alewife
e5fdcc47c84c8af837b62f8b632809c8	gi|2514521482|gb|OR094918.1|	98.995	100	8.39e-94	199	34774	Alosa pseudoharengus	bony fishes	alewife
e5fdcc47c84c8af837b62f8b632809c8	gi|2514521479|gb|OR094917.1|	98.995	100	8.39e-94	199	34774	Alosa pseudoharengus	bony fishes	alewife
e5fdcc47c84c8af837b62f8b632809c8	gi|2514521311|gb|OR094996.1|	98.995	100	8.39e-94	199	34774	Alosa pseudoharengus	bony fishes	alewife
328d571c9c5d0c6ca286cb03124ec3ed	gi|2579851516|gb|OR577203.1|	98.995	100	8.39e-94	199	224707	Brevoortia patronus	bony fishes	Gulf menhaden
328d571c9c5d0c6ca286cb03124ec3ed	gi|2282237323|gb|OP154163.1|	98.995	100	8.39e-94	199	224707	Brevoortia patronus	bony fishes	Gulf menhaden
328d571c9c5d0c6ca286cb03124ec3ed	gi|299823704|ref|NC_014266.1|	98.995	100	8.39e-94	199	224708	Brevoortia tyrannus	bony fishes	Atlantic menhaden
328d571c9c5d0c6ca286cb03124ec3ed	gi|2735072119|gb|PP824515.1|	98.492	100	3.91e-92	199	224707	Brevoortia patronus	bony fishes	Gulf menhaden
328d571c9c5d0c6ca286cb03124ec3ed	gi|2329468251|gb|OP057013.1|	98.492	100	3.91e-92	199	224707	Brevoortia patronus	bony fishes	Gulf menhaden
328d571c9c5d0c6ca286cb03124ec3ed	gi|1129799464|gb|KX686086.1|	98.974	98	1.40e-91	195	224708	Brevoortia tyrannus	bony fishes	Atlantic menhaden
328d571c9c5d0c6ca286cb03124ec3ed	gi|1129799462|gb|KX686084.1|	98.974	98	1.40e-91	195	224708	Brevoortia tyrannus	bony fishes	Atlantic menhaden
328d571c9c5d0c6ca286cb03124ec3ed	gi|1129799461|gb|KX686083.1|	98.974	98	1.40e-91	195	224708	Brevoortia tyrannus	bony fishes	Atlantic menhaden
328d571c9c5d0c6ca286cb03124ec3ed	gi|2422575726|gb|OQ198733.1|	97.990	100	1.82e-90	199	329022	Brevoortia gunteri	bony fishes	finescale menhaden
328d571c9c5d0c6ca286cb03124ec3ed	gi|2422575653|gb|OQ198728.1|	97.990	100	1.82e-90	199	329022	Brevoortia gunteri	bony fishes	finescale menhaden
fa6f24f61cfa0e6d4ac63773fac88a88	gi|2579851516|gb|OR577203.1|	99.497	100	1.80e-95	199	224707	Brevoortia patronus	bony fishes	Gulf menhaden
fa6f24f61cfa0e6d4ac63773fac88a88	gi|2282237323|gb|OP154163.1|	99.497	100	1.80e-95	199	224707	Brevoortia patronus	bony fishes	Gulf menhaden
fa6f24f61cfa0e6d4ac63773fac88a88	gi|299823704|ref|NC_014266.1|	99.497	100	1.80e-95	199	224708	Brevoortia tyrannus	bony fishes	Atlantic menhaden
fa6f24f61cfa0e6d4ac63773fac88a88	gi|2735072119|gb|PP824515.1|	98.995	100	8.39e-94	199	224707	Brevoortia patronus	bony fishes	Gulf menhaden
fa6f24f61cfa0e6d4ac63773fac88a88	gi|2329468251|gb|OP057013.1|	98.995	100	8.39e-94	199	224707	Brevoortia patronus	bony fishes	Gulf menhaden
fa6f24f61cfa0e6d4ac63773fac88a88	gi|1129799464|gb|KX686086.1|	99.487	98	3.02e-93	195	224708	Brevoortia tyrannus	bony fishes	Atlantic menhaden
fa6f24f61cfa0e6d4ac63773fac88a88	gi|1129799462|gb|KX686084.1|	99.487	98	3.02e-93	195	224708	Brevoortia tyrannus	bony fishes	Atlantic menhaden
fa6f24f61cfa0e6d4ac63773fac88a88	gi|1129799461|gb|KX686083.1|	99.487	98	3.02e-93	195	224708	Brevoortia tyrannus	bony fishes	Atlantic menhaden
fa6f24f61cfa0e6d4ac63773fac88a88	gi|2422575726|gb|OQ198733.1|	98.492	100	3.91e-92	199	329022	Brevoortia gunteri	bony fishes	finescale menhaden
fa6f24f61cfa0e6d4ac63773fac88a88	gi|2422575653|gb|OQ198728.1|	98.492	100	3.91e-92	199	329022	Brevoortia gunteri	bony fishes	finescale menhaden
8a830c63b16bd591c0175634ab0beddb	gi|2579851516|gb|OR577203.1|	98.995	100	8.39e-94	199	224707	Brevoortia patronus	bony fishes	Gulf menhaden
8a830c63b16bd591c0175634ab0beddb	gi|2282237323|gb|OP154163.1|	98.995	100	8.39e-94	199	224707	Brevoortia patronus	bony fishes	Gulf menhaden
8a830c63b16bd591c0175634ab0beddb	gi|299823704|ref|NC_014266.1|	98.995	100	8.39e-94	199	224708	Brevoortia tyrannus	bony fishes	Atlantic menhaden
8a830c63b16bd591c0175634ab0beddb	gi|2735072119|gb|PP824515.1|	98.492	100	3.91e-92	199	224707	Brevoortia patronus	bony fishes	Gulf menhaden
8a830c63b16bd591c0175634ab0beddb	gi|2329468251|gb|OP057013.1|	98.492	100	3.91e-92	199	224707	Brevoortia patronus	bony fishes	Gulf menhaden
8a830c63b16bd591c0175634ab0beddb	gi|1129799464|gb|KX686086.1|	98.974	98	1.40e-91	195	224708	Brevoortia tyrannus	bony fishes	Atlantic menhaden
8a830c63b16bd591c0175634ab0beddb	gi|1129799462|gb|KX686084.1|	98.974	98	1.40e-91	195	224708	Brevoortia tyrannus	bony fishes	Atlantic menhaden
8a830c63b16bd591c0175634ab0beddb	gi|1129799461|gb|KX686083.1|	98.974	98	1.40e-91	195	224708	Brevoortia tyrannus	bony fishes	Atlantic menhaden
8a830c63b16bd591c0175634ab0beddb	gi|2422575726|gb|OQ198733.1|	97.990	100	1.82e-90	199	329022	Brevoortia gunteri	bony fishes	finescale menhaden
8a830c63b16bd591c0175634ab0beddb	gi|2422575653|gb|OQ198728.1|	97.990	100	1.82e-90	199	329022	Brevoortia gunteri	bony fishes	finescale menhaden
05091dd30caa67cb6d3dfc0775740d84	gi|2579851516|gb|OR577203.1|	99.497	100	1.80e-95	199	224707	Brevoortia patronus	bony fishes	Gulf menhaden
05091dd30caa67cb6d3dfc0775740d84	gi|2282237323|gb|OP154163.1|	99.497	100	1.80e-95	199	224707	Brevoortia patronus	bony fishes	Gulf menhaden
05091dd30caa67cb6d3dfc0775740d84	gi|299823704|ref|NC_014266.1|	99.497	100	1.80e-95	199	224708	Brevoortia tyrannus	bony fishes	Atlantic menhaden
05091dd30caa67cb6d3dfc0775740d84	gi|2735072119|gb|PP824515.1|	98.995	100	8.39e-94	199	224707	Brevoortia patronus	bony fishes	Gulf menhaden
05091dd30caa67cb6d3dfc0775740d84	gi|2329468251|gb|OP057013.1|	98.995	100	8.39e-94	199	224707	Brevoortia patronus	bony fishes	Gulf menhaden
05091dd30caa67cb6d3dfc0775740d84	gi|1129799464|gb|KX686086.1|	99.487	98	3.02e-93	195	224708	Brevoortia tyrannus	bony fishes	Atlantic menhaden
05091dd30caa67cb6d3dfc0775740d84	gi|1129799462|gb|KX686084.1|	99.487	98	3.02e-93	195	224708	Brevoortia tyrannus	bony fishes	Atlantic menhaden
05091dd30caa67cb6d3dfc0775740d84	gi|1129799461|gb|KX686083.1|	99.487	98	3.02e-93	195	224708	Brevoortia tyrannus	bony fishes	Atlantic menhaden
05091dd30caa67cb6d3dfc0775740d84	gi|2422575726|gb|OQ198733.1|	98.492	100	3.91e-92	199	329022	Brevoortia gunteri	bony fishes	finescale menhaden
05091dd30caa67cb6d3dfc0775740d84	gi|2422575653|gb|OQ198728.1|	98.492	100	3.91e-92	199	329022	Brevoortia gunteri	bony fishes	finescale menhaden
53480234fcb8f82a08159493676b1a23	gi|2579851516|gb|OR577203.1|	98.492	100	3.91e-92	199	224707	Brevoortia patronus	bony fishes	Gulf menhaden
53480234fcb8f82a08159493676b1a23	gi|2282237323|gb|OP154163.1|	98.492	100	3.91e-92	199	224707	Brevoortia patronus	bony fishes	Gulf menhaden
53480234fcb8f82a08159493676b1a23	gi|299823704|ref|NC_014266.1|	98.492	100	3.91e-92	199	224708	Brevoortia tyrannus	bony fishes	Atlantic menhaden
53480234fcb8f82a08159493676b1a23	gi|2735072119|gb|PP824515.1|	97.990	100	1.82e-90	199	224707	Brevoortia patronus	bony fishes	Gulf menhaden
53480234fcb8f82a08159493676b1a23	gi|2329468251|gb|OP057013.1|	97.990	100	1.82e-90	199	224707	Brevoortia patronus	bony fishes	Gulf menhaden
53480234fcb8f82a08159493676b1a23	gi|1129799464|gb|KX686086.1|	98.462	98	6.54e-90	195	224708	Brevoortia tyrannus	bony fishes	Atlantic menhaden
53480234fcb8f82a08159493676b1a23	gi|1129799462|gb|KX686084.1|	98.462	98	6.54e-90	195	224708	Brevoortia tyrannus	bony fishes	Atlantic menhaden
53480234fcb8f82a08159493676b1a23	gi|1129799461|gb|KX686083.1|	98.462	98	6.54e-90	195	224708	Brevoortia tyrannus	bony fishes	Atlantic menhaden
53480234fcb8f82a08159493676b1a23	gi|2422575726|gb|OQ198733.1|	97.487	100	8.45e-89	199	329022	Brevoortia gunteri	bony fishes	finescale menhaden
53480234fcb8f82a08159493676b1a23	gi|2422575653|gb|OQ198728.1|	97.487	100	8.45e-89	199	329022	Brevoortia gunteri	bony fishes	finescale menhaden
fecc38d2ff31c370977a1fcc74ac03d0	gi|1337993116|gb|MG570440.1|	99.497	100	1.80e-95	199	34774	Alosa pseudoharengus	bony fishes	alewife
fecc38d2ff31c370977a1fcc74ac03d0	gi|1337993102|gb|MG570439.1|	99.497	100	1.80e-95	199	34774	Alosa pseudoharengus	bony fishes	alewife
fecc38d2ff31c370977a1fcc74ac03d0	gi|1337992850|gb|MG570421.1|	99.497	100	1.80e-95	199	34774	Alosa pseudoharengus	bony fishes	alewife
fecc38d2ff31c370977a1fcc74ac03d0	gi|2514521491|gb|OR094922.1|	99.497	100	1.80e-95	199	34774	Alosa pseudoharengus	bony fishes	alewife
fecc38d2ff31c370977a1fcc74ac03d0	gi|2514521488|gb|OR094921.1|	99.497	100	1.80e-95	199	34774	Alosa pseudoharengus	bony fishes	alewife
fecc38d2ff31c370977a1fcc74ac03d0	gi|2514521486|gb|OR094920.1|	99.497	100	1.80e-95	199	34774	Alosa pseudoharengus	bony fishes	alewife
fecc38d2ff31c370977a1fcc74ac03d0	gi|2514521484|gb|OR094919.1|	99.497	100	1.80e-95	199	34774	Alosa pseudoharengus	bony fishes	alewife
fecc38d2ff31c370977a1fcc74ac03d0	gi|2514521482|gb|OR094918.1|	99.497	100	1.80e-95	199	34774	Alosa pseudoharengus	bony fishes	alewife
fecc38d2ff31c370977a1fcc74ac03d0	gi|2514521479|gb|OR094917.1|	99.497	100	1.80e-95	199	34774	Alosa pseudoharengus	bony fishes	alewife
fecc38d2ff31c370977a1fcc74ac03d0	gi|2514521311|gb|OR094996.1|	99.497	100	1.80e-95	199	34774	Alosa pseudoharengus	bony fishes	alewife
13148c3cea4534573972df2988e2ac60	gi|2579851516|gb|OR577203.1|	98.995	100	8.39e-94	199	224707	Brevoortia patronus	bony fishes	Gulf menhaden
13148c3cea4534573972df2988e2ac60	gi|2282237323|gb|OP154163.1|	98.995	100	8.39e-94	199	224707	Brevoortia patronus	bony fishes	Gulf menhaden
13148c3cea4534573972df2988e2ac60	gi|299823704|ref|NC_014266.1|	98.995	100	8.39e-94	199	224708	Brevoortia tyrannus	bony fishes	Atlantic menhaden
13148c3cea4534573972df2988e2ac60	gi|2735072119|gb|PP824515.1|	98.492	100	3.91e-92	199	224707	Brevoortia patronus	bony fishes	Gulf menhaden
13148c3cea4534573972df2988e2ac60	gi|2329468251|gb|OP057013.1|	98.492	100	3.91e-92	199	224707	Brevoortia patronus	bony fishes	Gulf menhaden
13148c3cea4534573972df2988e2ac60	gi|1129799464|gb|KX686086.1|	98.974	98	1.40e-91	195	224708	Brevoortia tyrannus	bony fishes	Atlantic menhaden
13148c3cea4534573972df2988e2ac60	gi|1129799462|gb|KX686084.1|	98.974	98	1.40e-91	195	224708	Brevoortia tyrannus	bony fishes	Atlantic menhaden
13148c3cea4534573972df2988e2ac60	gi|1129799461|gb|KX686083.1|	98.974	98	1.40e-91	195	224708	Brevoortia tyrannus	bony fishes	Atlantic menhaden
13148c3cea4534573972df2988e2ac60	gi|2422575726|gb|OQ198733.1|	97.990	100	1.82e-90	199	329022	Brevoortia gunteri	bony fishes	finescale menhaden
13148c3cea4534573972df2988e2ac60	gi|2422575653|gb|OQ198728.1|	97.990	100	1.82e-90	199	329022	Brevoortia gunteri	bony fishes	finescale menhaden
6be3a2e5013e140e947646d430422436	gi|1337993116|gb|MG570440.1|	99.497	100	1.80e-95	199	34774	Alosa pseudoharengus	bony fishes	alewife
6be3a2e5013e140e947646d430422436	gi|1337993102|gb|MG570439.1|	99.497	100	1.80e-95	199	34774	Alosa pseudoharengus	bony fishes	alewife
6be3a2e5013e140e947646d430422436	gi|1337992850|gb|MG570421.1|	99.497	100	1.80e-95	199	34774	Alosa pseudoharengus	bony fishes	alewife
6be3a2e5013e140e947646d430422436	gi|2514521491|gb|OR094922.1|	99.497	100	1.80e-95	199	34774	Alosa pseudoharengus	bony fishes	alewife
6be3a2e5013e140e947646d430422436	gi|2514521488|gb|OR094921.1|	99.497	100	1.80e-95	199	34774	Alosa pseudoharengus	bony fishes	alewife
6be3a2e5013e140e947646d430422436	gi|2514521486|gb|OR094920.1|	99.497	100	1.80e-95	199	34774	Alosa pseudoharengus	bony fishes	alewife
6be3a2e5013e140e947646d430422436	gi|2514521484|gb|OR094919.1|	99.497	100	1.80e-95	199	34774	Alosa pseudoharengus	bony fishes	alewife
6be3a2e5013e140e947646d430422436	gi|2514521482|gb|OR094918.1|	99.497	100	1.80e-95	199	34774	Alosa pseudoharengus	bony fishes	alewife
6be3a2e5013e140e947646d430422436	gi|2514521479|gb|OR094917.1|	99.497	100	1.80e-95	199	34774	Alosa pseudoharengus	bony fishes	alewife
6be3a2e5013e140e947646d430422436	gi|2514521311|gb|OR094996.1|	99.497	100	1.80e-95	199	34774	Alosa pseudoharengus	bony fishes	alewife
1df0ef90a40df80d6e4dff19144c80ab	gi|2579851516|gb|OR577203.1|	99.497	100	1.80e-95	199	224707	Brevoortia patronus	bony fishes	Gulf menhaden
1df0ef90a40df80d6e4dff19144c80ab	gi|2282237323|gb|OP154163.1|	99.497	100	1.80e-95	199	224707	Brevoortia patronus	bony fishes	Gulf menhaden
1df0ef90a40df80d6e4dff19144c80ab	gi|299823704|ref|NC_014266.1|	99.497	100	1.80e-95	199	224708	Brevoortia tyrannus	bony fishes	Atlantic menhaden
1df0ef90a40df80d6e4dff19144c80ab	gi|2735072119|gb|PP824515.1|	98.995	100	8.39e-94	199	224707	Brevoortia patronus	bony fishes	Gulf menhaden
1df0ef90a40df80d6e4dff19144c80ab	gi|2329468251|gb|OP057013.1|	98.995	100	8.39e-94	199	224707	Brevoortia patronus	bony fishes	Gulf menhaden
1df0ef90a40df80d6e4dff19144c80ab	gi|1129799464|gb|KX686086.1|	99.487	98	3.02e-93	195	224708	Brevoortia tyrannus	bony fishes	Atlantic menhaden
1df0ef90a40df80d6e4dff19144c80ab	gi|1129799462|gb|KX686084.1|	99.487	98	3.02e-93	195	224708	Brevoortia tyrannus	bony fishes	Atlantic menhaden
1df0ef90a40df80d6e4dff19144c80ab	gi|1129799461|gb|KX686083.1|	99.487	98	3.02e-93	195	224708	Brevoortia tyrannus	bony fishes	Atlantic menhaden
1df0ef90a40df80d6e4dff19144c80ab	gi|2422575726|gb|OQ198733.1|	98.492	100	3.91e-92	199	329022	Brevoortia gunteri	bony fishes	finescale menhaden
1df0ef90a40df80d6e4dff19144c80ab	gi|2422575653|gb|OQ198728.1|	98.492	100	3.91e-92	199	329022	Brevoortia gunteri	bony fishes	finescale menhaden
a074d2c3e549cc7d0016a197e7e0000d	gi|1337993116|gb|MG570440.1|	99.497	100	1.80e-95	199	34774	Alosa pseudoharengus	bony fishes	alewife
a074d2c3e549cc7d0016a197e7e0000d	gi|1337993102|gb|MG570439.1|	99.497	100	1.80e-95	199	34774	Alosa pseudoharengus	bony fishes	alewife
a074d2c3e549cc7d0016a197e7e0000d	gi|1337992850|gb|MG570421.1|	99.497	100	1.80e-95	199	34774	Alosa pseudoharengus	bony fishes	alewife
a074d2c3e549cc7d0016a197e7e0000d	gi|2514521491|gb|OR094922.1|	99.497	100	1.80e-95	199	34774	Alosa pseudoharengus	bony fishes	alewife
a074d2c3e549cc7d0016a197e7e0000d	gi|2514521488|gb|OR094921.1|	99.497	100	1.80e-95	199	34774	Alosa pseudoharengus	bony fishes	alewife
a074d2c3e549cc7d0016a197e7e0000d	gi|2514521486|gb|OR094920.1|	99.497	100	1.80e-95	199	34774	Alosa pseudoharengus	bony fishes	alewife
a074d2c3e549cc7d0016a197e7e0000d	gi|2514521484|gb|OR094919.1|	99.497	100	1.80e-95	199	34774	Alosa pseudoharengus	bony fishes	alewife
a074d2c3e549cc7d0016a197e7e0000d	gi|2514521482|gb|OR094918.1|	99.497	100	1.80e-95	199	34774	Alosa pseudoharengus	bony fishes	alewife
a074d2c3e549cc7d0016a197e7e0000d	gi|2514521479|gb|OR094917.1|	99.497	100	1.80e-95	199	34774	Alosa pseudoharengus	bony fishes	alewife
a074d2c3e549cc7d0016a197e7e0000d	gi|2514521311|gb|OR094996.1|	99.497	100	1.80e-95	199	34774	Alosa pseudoharengus	bony fishes	alewife
d9c46cf4977277f169354cd614351480	gi|2579851516|gb|OR577203.1|	99.497	100	1.80e-95	199	224707	Brevoortia patronus	bony fishes	Gulf menhaden
d9c46cf4977277f169354cd614351480	gi|2282237323|gb|OP154163.1|	99.497	100	1.80e-95	199	224707	Brevoortia patronus	bony fishes	Gulf menhaden
d9c46cf4977277f169354cd614351480	gi|299823704|ref|NC_014266.1|	99.497	100	1.80e-95	199	224708	Brevoortia tyrannus	bony fishes	Atlantic menhaden
d9c46cf4977277f169354cd614351480	gi|2735072119|gb|PP824515.1|	98.995	100	8.39e-94	199	224707	Brevoortia patronus	bony fishes	Gulf menhaden
d9c46cf4977277f169354cd614351480	gi|2329468251|gb|OP057013.1|	98.995	100	8.39e-94	199	224707	Brevoortia patronus	bony fishes	Gulf menhaden
d9c46cf4977277f169354cd614351480	gi|1129799464|gb|KX686086.1|	99.487	98	3.02e-93	195	224708	Brevoortia tyrannus	bony fishes	Atlantic menhaden
d9c46cf4977277f169354cd614351480	gi|1129799462|gb|KX686084.1|	99.487	98	3.02e-93	195	224708	Brevoortia tyrannus	bony fishes	Atlantic menhaden
d9c46cf4977277f169354cd614351480	gi|1129799461|gb|KX686083.1|	99.487	98	3.02e-93	195	224708	Brevoortia tyrannus	bony fishes	Atlantic menhaden
d9c46cf4977277f169354cd614351480	gi|2422575726|gb|OQ198733.1|	98.492	100	3.91e-92	199	329022	Brevoortia gunteri	bony fishes	finescale menhaden
d9c46cf4977277f169354cd614351480	gi|2422575653|gb|OQ198728.1|	98.492	100	3.91e-92	199	329022	Brevoortia gunteri	bony fishes	finescale menhaden
4711bc959e43bfd78f0bbff86134d883	gi|2579851516|gb|OR577203.1|	99.497	100	1.80e-95	199	224707	Brevoortia patronus	bony fishes	Gulf menhaden
4711bc959e43bfd78f0bbff86134d883	gi|2282237323|gb|OP154163.1|	99.497	100	1.80e-95	199	224707	Brevoortia patronus	bony fishes	Gulf menhaden
4711bc959e43bfd78f0bbff86134d883	gi|299823704|ref|NC_014266.1|	99.497	100	1.80e-95	199	224708	Brevoortia tyrannus	bony fishes	Atlantic menhaden
4711bc959e43bfd78f0bbff86134d883	gi|2735072119|gb|PP824515.1|	98.995	100	8.39e-94	199	224707	Brevoortia patronus	bony fishes	Gulf menhaden
4711bc959e43bfd78f0bbff86134d883	gi|2329468251|gb|OP057013.1|	98.995	100	8.39e-94	199	224707	Brevoortia patronus	bony fishes	Gulf menhaden
4711bc959e43bfd78f0bbff86134d883	gi|1129799464|gb|KX686086.1|	99.487	98	3.02e-93	195	224708	Brevoortia tyrannus	bony fishes	Atlantic menhaden
4711bc959e43bfd78f0bbff86134d883	gi|1129799462|gb|KX686084.1|	99.487	98	3.02e-93	195	224708	Brevoortia tyrannus	bony fishes	Atlantic menhaden
4711bc959e43bfd78f0bbff86134d883	gi|1129799461|gb|KX686083.1|	99.487	98	3.02e-93	195	224708	Brevoortia tyrannus	bony fishes	Atlantic menhaden
4711bc959e43bfd78f0bbff86134d883	gi|2422575726|gb|OQ198733.1|	98.492	100	3.91e-92	199	329022	Brevoortia gunteri	bony fishes	finescale menhaden
4711bc959e43bfd78f0bbff86134d883	gi|2422575653|gb|OQ198728.1|	98.492	100	3.91e-92	199	329022	Brevoortia gunteri	bony fishes	finescale menhaden
a37f4c84bc87e5f2bf0b27c5b6c2b836	gi|2579851516|gb|OR577203.1|	99.497	100	1.80e-95	199	224707	Brevoortia patronus	bony fishes	Gulf menhaden
a37f4c84bc87e5f2bf0b27c5b6c2b836	gi|2282237323|gb|OP154163.1|	99.497	100	1.80e-95	199	224707	Brevoortia patronus	bony fishes	Gulf menhaden
a37f4c84bc87e5f2bf0b27c5b6c2b836	gi|299823704|ref|NC_014266.1|	99.497	100	1.80e-95	199	224708	Brevoortia tyrannus	bony fishes	Atlantic menhaden
a37f4c84bc87e5f2bf0b27c5b6c2b836	gi|2735072119|gb|PP824515.1|	98.995	100	8.39e-94	199	224707	Brevoortia patronus	bony fishes	Gulf menhaden
a37f4c84bc87e5f2bf0b27c5b6c2b836	gi|2329468251|gb|OP057013.1|	98.995	100	8.39e-94	199	224707	Brevoortia patronus	bony fishes	Gulf menhaden
a37f4c84bc87e5f2bf0b27c5b6c2b836	gi|1129799464|gb|KX686086.1|	99.487	98	3.02e-93	195	224708	Brevoortia tyrannus	bony fishes	Atlantic menhaden
a37f4c84bc87e5f2bf0b27c5b6c2b836	gi|1129799462|gb|KX686084.1|	99.487	98	3.02e-93	195	224708	Brevoortia tyrannus	bony fishes	Atlantic menhaden
a37f4c84bc87e5f2bf0b27c5b6c2b836	gi|1129799461|gb|KX686083.1|	99.487	98	3.02e-93	195	224708	Brevoortia tyrannus	bony fishes	Atlantic menhaden
a37f4c84bc87e5f2bf0b27c5b6c2b836	gi|2422575726|gb|OQ198733.1|	98.492	100	3.91e-92	199	329022	Brevoortia gunteri	bony fishes	finescale menhaden
a37f4c84bc87e5f2bf0b27c5b6c2b836	gi|2422575653|gb|OQ198728.1|	98.492	100	3.91e-92	199	329022	Brevoortia gunteri	bony fishes	finescale menhaden
6e638d7f3f1b904dbc724cb565335f5a	gi|2579851516|gb|OR577203.1|	99.497	100	1.80e-95	199	224707	Brevoortia patronus	bony fishes	Gulf menhaden
6e638d7f3f1b904dbc724cb565335f5a	gi|2282237323|gb|OP154163.1|	99.497	100	1.80e-95	199	224707	Brevoortia patronus	bony fishes	Gulf menhaden
6e638d7f3f1b904dbc724cb565335f5a	gi|299823704|ref|NC_014266.1|	99.497	100	1.80e-95	199	224708	Brevoortia tyrannus	bony fishes	Atlantic menhaden
6e638d7f3f1b904dbc724cb565335f5a	gi|2735072119|gb|PP824515.1|	98.995	100	8.39e-94	199	224707	Brevoortia patronus	bony fishes	Gulf menhaden
6e638d7f3f1b904dbc724cb565335f5a	gi|2329468251|gb|OP057013.1|	98.995	100	8.39e-94	199	224707	Brevoortia patronus	bony fishes	Gulf menhaden
6e638d7f3f1b904dbc724cb565335f5a	gi|1129799464|gb|KX686086.1|	99.487	98	3.02e-93	195	224708	Brevoortia tyrannus	bony fishes	Atlantic menhaden
6e638d7f3f1b904dbc724cb565335f5a	gi|1129799462|gb|KX686084.1|	99.487	98	3.02e-93	195	224708	Brevoortia tyrannus	bony fishes	Atlantic menhaden
6e638d7f3f1b904dbc724cb565335f5a	gi|1129799461|gb|KX686083.1|	99.487	98	3.02e-93	195	224708	Brevoortia tyrannus	bony fishes	Atlantic menhaden
6e638d7f3f1b904dbc724cb565335f5a	gi|2422575726|gb|OQ198733.1|	98.492	100	3.91e-92	199	329022	Brevoortia gunteri	bony fishes	finescale menhaden
6e638d7f3f1b904dbc724cb565335f5a	gi|2422575653|gb|OQ198728.1|	98.492	100	3.91e-92	199	329022	Brevoortia gunteri	bony fishes	finescale menhaden
d1990344966ef857dfddb066508e8c3d	gi|2579851516|gb|OR577203.1|	99.497	100	1.80e-95	199	224707	Brevoortia patronus	bony fishes	Gulf menhaden
d1990344966ef857dfddb066508e8c3d	gi|2282237323|gb|OP154163.1|	99.497	100	1.80e-95	199	224707	Brevoortia patronus	bony fishes	Gulf menhaden
d1990344966ef857dfddb066508e8c3d	gi|299823704|ref|NC_014266.1|	99.497	100	1.80e-95	199	224708	Brevoortia tyrannus	bony fishes	Atlantic menhaden
d1990344966ef857dfddb066508e8c3d	gi|2735072119|gb|PP824515.1|	98.995	100	8.39e-94	199	224707	Brevoortia patronus	bony fishes	Gulf menhaden
d1990344966ef857dfddb066508e8c3d	gi|2329468251|gb|OP057013.1|	98.995	100	8.39e-94	199	224707	Brevoortia patronus	bony fishes	Gulf menhaden
d1990344966ef857dfddb066508e8c3d	gi|1129799464|gb|KX686086.1|	99.487	98	3.02e-93	195	224708	Brevoortia tyrannus	bony fishes	Atlantic menhaden
d1990344966ef857dfddb066508e8c3d	gi|1129799462|gb|KX686084.1|	99.487	98	3.02e-93	195	224708	Brevoortia tyrannus	bony fishes	Atlantic menhaden
d1990344966ef857dfddb066508e8c3d	gi|1129799461|gb|KX686083.1|	99.487	98	3.02e-93	195	224708	Brevoortia tyrannus	bony fishes	Atlantic menhaden
d1990344966ef857dfddb066508e8c3d	gi|2422575726|gb|OQ198733.1|	98.492	100	3.91e-92	199	329022	Brevoortia gunteri	bony fishes	finescale menhaden
d1990344966ef857dfddb066508e8c3d	gi|2422575653|gb|OQ198728.1|	98.492	100	3.91e-92	199	329022	Brevoortia gunteri	bony fishes	finescale menhaden
c6ceabe5a1e09a5ec1406fcb5a9b1623	gi|2579851516|gb|OR577203.1|	99.497	100	1.80e-95	199	224707	Brevoortia patronus	bony fishes	Gulf menhaden
c6ceabe5a1e09a5ec1406fcb5a9b1623	gi|2282237323|gb|OP154163.1|	99.497	100	1.80e-95	199	224707	Brevoortia patronus	bony fishes	Gulf menhaden
c6ceabe5a1e09a5ec1406fcb5a9b1623	gi|299823704|ref|NC_014266.1|	99.497	100	1.80e-95	199	224708	Brevoortia tyrannus	bony fishes	Atlantic menhaden
c6ceabe5a1e09a5ec1406fcb5a9b1623	gi|2735072119|gb|PP824515.1|	98.995	100	8.39e-94	199	224707	Brevoortia patronus	bony fishes	Gulf menhaden
c6ceabe5a1e09a5ec1406fcb5a9b1623	gi|2329468251|gb|OP057013.1|	98.995	100	8.39e-94	199	224707	Brevoortia patronus	bony fishes	Gulf menhaden
c6ceabe5a1e09a5ec1406fcb5a9b1623	gi|1129799464|gb|KX686086.1|	99.487	98	3.02e-93	195	224708	Brevoortia tyrannus	bony fishes	Atlantic menhaden
c6ceabe5a1e09a5ec1406fcb5a9b1623	gi|1129799462|gb|KX686084.1|	99.487	98	3.02e-93	195	224708	Brevoortia tyrannus	bony fishes	Atlantic menhaden
c6ceabe5a1e09a5ec1406fcb5a9b1623	gi|1129799461|gb|KX686083.1|	99.487	98	3.02e-93	195	224708	Brevoortia tyrannus	bony fishes	Atlantic menhaden
c6ceabe5a1e09a5ec1406fcb5a9b1623	gi|2422575726|gb|OQ198733.1|	98.492	100	3.91e-92	199	329022	Brevoortia gunteri	bony fishes	finescale menhaden
c6ceabe5a1e09a5ec1406fcb5a9b1623	gi|2422575653|gb|OQ198728.1|	98.492	100	3.91e-92	199	329022	Brevoortia gunteri	bony fishes	finescale menhaden
fca36f5847f1f9371c57b39d0b6df234	gi|2579851516|gb|OR577203.1|	99.497	100	1.80e-95	199	224707	Brevoortia patronus	bony fishes	Gulf menhaden
fca36f5847f1f9371c57b39d0b6df234	gi|2282237323|gb|OP154163.1|	99.497	100	1.80e-95	199	224707	Brevoortia patronus	bony fishes	Gulf menhaden
fca36f5847f1f9371c57b39d0b6df234	gi|299823704|ref|NC_014266.1|	99.497	100	1.80e-95	199	224708	Brevoortia tyrannus	bony fishes	Atlantic menhaden
fca36f5847f1f9371c57b39d0b6df234	gi|2735072119|gb|PP824515.1|	98.995	100	8.39e-94	199	224707	Brevoortia patronus	bony fishes	Gulf menhaden
fca36f5847f1f9371c57b39d0b6df234	gi|2329468251|gb|OP057013.1|	98.995	100	8.39e-94	199	224707	Brevoortia patronus	bony fishes	Gulf menhaden
fca36f5847f1f9371c57b39d0b6df234	gi|1129799464|gb|KX686086.1|	99.487	98	3.02e-93	195	224708	Brevoortia tyrannus	bony fishes	Atlantic menhaden
fca36f5847f1f9371c57b39d0b6df234	gi|1129799462|gb|KX686084.1|	99.487	98	3.02e-93	195	224708	Brevoortia tyrannus	bony fishes	Atlantic menhaden
fca36f5847f1f9371c57b39d0b6df234	gi|1129799461|gb|KX686083.1|	99.487	98	3.02e-93	195	224708	Brevoortia tyrannus	bony fishes	Atlantic menhaden
fca36f5847f1f9371c57b39d0b6df234	gi|2422575726|gb|OQ198733.1|	98.492	100	3.91e-92	199	329022	Brevoortia gunteri	bony fishes	finescale menhaden
fca36f5847f1f9371c57b39d0b6df234	gi|2422575653|gb|OQ198728.1|	98.492	100	3.91e-92	199	329022	Brevoortia gunteri	bony fishes	finescale menhaden
d5d9f29d5b0e5aa7e079efd6bedc06de	gi|2579851516|gb|OR577203.1|	99.497	100	1.80e-95	199	224707	Brevoortia patronus	bony fishes	Gulf menhaden
d5d9f29d5b0e5aa7e079efd6bedc06de	gi|2282237323|gb|OP154163.1|	99.497	100	1.80e-95	199	224707	Brevoortia patronus	bony fishes	Gulf menhaden
d5d9f29d5b0e5aa7e079efd6bedc06de	gi|299823704|ref|NC_014266.1|	99.497	100	1.80e-95	199	224708	Brevoortia tyrannus	bony fishes	Atlantic menhaden
d5d9f29d5b0e5aa7e079efd6bedc06de	gi|2735072119|gb|PP824515.1|	98.995	100	8.39e-94	199	224707	Brevoortia patronus	bony fishes	Gulf menhaden
d5d9f29d5b0e5aa7e079efd6bedc06de	gi|2329468251|gb|OP057013.1|	98.995	100	8.39e-94	199	224707	Brevoortia patronus	bony fishes	Gulf menhaden
d5d9f29d5b0e5aa7e079efd6bedc06de	gi|1129799464|gb|KX686086.1|	99.487	98	3.02e-93	195	224708	Brevoortia tyrannus	bony fishes	Atlantic menhaden
d5d9f29d5b0e5aa7e079efd6bedc06de	gi|1129799462|gb|KX686084.1|	99.487	98	3.02e-93	195	224708	Brevoortia tyrannus	bony fishes	Atlantic menhaden
d5d9f29d5b0e5aa7e079efd6bedc06de	gi|1129799461|gb|KX686083.1|	99.487	98	3.02e-93	195	224708	Brevoortia tyrannus	bony fishes	Atlantic menhaden
d5d9f29d5b0e5aa7e079efd6bedc06de	gi|2422575726|gb|OQ198733.1|	98.492	100	3.91e-92	199	329022	Brevoortia gunteri	bony fishes	finescale menhaden
d5d9f29d5b0e5aa7e079efd6bedc06de	gi|2422575653|gb|OQ198728.1|	98.492	100	3.91e-92	199	329022	Brevoortia gunteri	bony fishes	finescale menhaden
7500d0dcde126f84de0de6903b3b4cc5	gi|2579851516|gb|OR577203.1|	99.497	100	1.80e-95	199	224707	Brevoortia patronus	bony fishes	Gulf menhaden
7500d0dcde126f84de0de6903b3b4cc5	gi|2282237323|gb|OP154163.1|	99.497	100	1.80e-95	199	224707	Brevoortia patronus	bony fishes	Gulf menhaden
7500d0dcde126f84de0de6903b3b4cc5	gi|299823704|ref|NC_014266.1|	99.497	100	1.80e-95	199	224708	Brevoortia tyrannus	bony fishes	Atlantic menhaden
7500d0dcde126f84de0de6903b3b4cc5	gi|2735072119|gb|PP824515.1|	98.995	100	8.39e-94	199	224707	Brevoortia patronus	bony fishes	Gulf menhaden
7500d0dcde126f84de0de6903b3b4cc5	gi|2329468251|gb|OP057013.1|	98.995	100	8.39e-94	199	224707	Brevoortia patronus	bony fishes	Gulf menhaden
7500d0dcde126f84de0de6903b3b4cc5	gi|1129799464|gb|KX686086.1|	99.487	98	3.02e-93	195	224708	Brevoortia tyrannus	bony fishes	Atlantic menhaden
7500d0dcde126f84de0de6903b3b4cc5	gi|1129799462|gb|KX686084.1|	99.487	98	3.02e-93	195	224708	Brevoortia tyrannus	bony fishes	Atlantic menhaden
7500d0dcde126f84de0de6903b3b4cc5	gi|1129799461|gb|KX686083.1|	99.487	98	3.02e-93	195	224708	Brevoortia tyrannus	bony fishes	Atlantic menhaden
7500d0dcde126f84de0de6903b3b4cc5	gi|2422575726|gb|OQ198733.1|	98.492	100	3.91e-92	199	329022	Brevoortia gunteri	bony fishes	finescale menhaden
7500d0dcde126f84de0de6903b3b4cc5	gi|2422575653|gb|OQ198728.1|	98.492	100	3.91e-92	199	329022	Brevoortia gunteri	bony fishes	finescale menhaden
bbed881a76317a0c4b5f250223f8b0a6	gi|2579851516|gb|OR577203.1|	99.497	100	1.80e-95	199	224707	Brevoortia patronus	bony fishes	Gulf menhaden
bbed881a76317a0c4b5f250223f8b0a6	gi|2282237323|gb|OP154163.1|	99.497	100	1.80e-95	199	224707	Brevoortia patronus	bony fishes	Gulf menhaden
bbed881a76317a0c4b5f250223f8b0a6	gi|299823704|ref|NC_014266.1|	99.497	100	1.80e-95	199	224708	Brevoortia tyrannus	bony fishes	Atlantic menhaden
bbed881a76317a0c4b5f250223f8b0a6	gi|2735072119|gb|PP824515.1|	98.995	100	8.39e-94	199	224707	Brevoortia patronus	bony fishes	Gulf menhaden
bbed881a76317a0c4b5f250223f8b0a6	gi|2329468251|gb|OP057013.1|	98.995	100	8.39e-94	199	224707	Brevoortia patronus	bony fishes	Gulf menhaden
bbed881a76317a0c4b5f250223f8b0a6	gi|1129799464|gb|KX686086.1|	99.487	98	3.02e-93	195	224708	Brevoortia tyrannus	bony fishes	Atlantic menhaden
bbed881a76317a0c4b5f250223f8b0a6	gi|1129799462|gb|KX686084.1|	99.487	98	3.02e-93	195	224708	Brevoortia tyrannus	bony fishes	Atlantic menhaden
bbed881a76317a0c4b5f250223f8b0a6	gi|1129799461|gb|KX686083.1|	99.487	98	3.02e-93	195	224708	Brevoortia tyrannus	bony fishes	Atlantic menhaden
bbed881a76317a0c4b5f250223f8b0a6	gi|2422575726|gb|OQ198733.1|	98.492	100	3.91e-92	199	329022	Brevoortia gunteri	bony fishes	finescale menhaden
bbed881a76317a0c4b5f250223f8b0a6	gi|2422575653|gb|OQ198728.1|	98.492	100	3.91e-92	199	329022	Brevoortia gunteri	bony fishes	finescale menhaden
fd21d965dc8435f284deb210be7bf4d6	gi|2579851516|gb|OR577203.1|	98.995	100	8.39e-94	199	224707	Brevoortia patronus	bony fishes	Gulf menhaden
fd21d965dc8435f284deb210be7bf4d6	gi|2282237323|gb|OP154163.1|	98.995	100	8.39e-94	199	224707	Brevoortia patronus	bony fishes	Gulf menhaden
fd21d965dc8435f284deb210be7bf4d6	gi|299823704|ref|NC_014266.1|	98.995	100	8.39e-94	199	224708	Brevoortia tyrannus	bony fishes	Atlantic menhaden
fd21d965dc8435f284deb210be7bf4d6	gi|2735072119|gb|PP824515.1|	98.492	100	3.91e-92	199	224707	Brevoortia patronus	bony fishes	Gulf menhaden
fd21d965dc8435f284deb210be7bf4d6	gi|2329468251|gb|OP057013.1|	98.492	100	3.91e-92	199	224707	Brevoortia patronus	bony fishes	Gulf menhaden
fd21d965dc8435f284deb210be7bf4d6	gi|1129799464|gb|KX686086.1|	98.974	98	1.40e-91	195	224708	Brevoortia tyrannus	bony fishes	Atlantic menhaden
fd21d965dc8435f284deb210be7bf4d6	gi|1129799462|gb|KX686084.1|	98.974	98	1.40e-91	195	224708	Brevoortia tyrannus	bony fishes	Atlantic menhaden
fd21d965dc8435f284deb210be7bf4d6	gi|1129799461|gb|KX686083.1|	98.974	98	1.40e-91	195	224708	Brevoortia tyrannus	bony fishes	Atlantic menhaden
fd21d965dc8435f284deb210be7bf4d6	gi|2422575726|gb|OQ198733.1|	97.990	100	1.82e-90	199	329022	Brevoortia gunteri	bony fishes	finescale menhaden
fd21d965dc8435f284deb210be7bf4d6	gi|2422575653|gb|OQ198728.1|	97.990	100	1.82e-90	199	329022	Brevoortia gunteri	bony fishes	finescale menhaden
52ef8234ddbbe0873d6c4456ac9982de	gi|2579851516|gb|OR577203.1|	99.497	100	1.80e-95	199	224707	Brevoortia patronus	bony fishes	Gulf menhaden
52ef8234ddbbe0873d6c4456ac9982de	gi|2282237323|gb|OP154163.1|	99.497	100	1.80e-95	199	224707	Brevoortia patronus	bony fishes	Gulf menhaden
52ef8234ddbbe0873d6c4456ac9982de	gi|299823704|ref|NC_014266.1|	99.497	100	1.80e-95	199	224708	Brevoortia tyrannus	bony fishes	Atlantic menhaden
52ef8234ddbbe0873d6c4456ac9982de	gi|2735072119|gb|PP824515.1|	98.995	100	8.39e-94	199	224707	Brevoortia patronus	bony fishes	Gulf menhaden
52ef8234ddbbe0873d6c4456ac9982de	gi|2329468251|gb|OP057013.1|	98.995	100	8.39e-94	199	224707	Brevoortia patronus	bony fishes	Gulf menhaden
52ef8234ddbbe0873d6c4456ac9982de	gi|1129799464|gb|KX686086.1|	99.487	98	3.02e-93	195	224708	Brevoortia tyrannus	bony fishes	Atlantic menhaden
52ef8234ddbbe0873d6c4456ac9982de	gi|1129799462|gb|KX686084.1|	99.487	98	3.02e-93	195	224708	Brevoortia tyrannus	bony fishes	Atlantic menhaden
52ef8234ddbbe0873d6c4456ac9982de	gi|1129799461|gb|KX686083.1|	99.487	98	3.02e-93	195	224708	Brevoortia tyrannus	bony fishes	Atlantic menhaden
52ef8234ddbbe0873d6c4456ac9982de	gi|2422575726|gb|OQ198733.1|	98.492	100	3.91e-92	199	329022	Brevoortia gunteri	bony fishes	finescale menhaden
52ef8234ddbbe0873d6c4456ac9982de	gi|2422575653|gb|OQ198728.1|	98.492	100	3.91e-92	199	329022	Brevoortia gunteri	bony fishes	finescale menhaden
ff7beb7afab1aa81014f0bd0b3ac98fd	gi|2579851516|gb|OR577203.1|	99.497	100	1.80e-95	199	224707	Brevoortia patronus	bony fishes	Gulf menhaden
ff7beb7afab1aa81014f0bd0b3ac98fd	gi|2282237323|gb|OP154163.1|	99.497	100	1.80e-95	199	224707	Brevoortia patronus	bony fishes	Gulf menhaden
ff7beb7afab1aa81014f0bd0b3ac98fd	gi|299823704|ref|NC_014266.1|	99.497	100	1.80e-95	199	224708	Brevoortia tyrannus	bony fishes	Atlantic menhaden
ff7beb7afab1aa81014f0bd0b3ac98fd	gi|2735072119|gb|PP824515.1|	98.995	100	8.39e-94	199	224707	Brevoortia patronus	bony fishes	Gulf menhaden
ff7beb7afab1aa81014f0bd0b3ac98fd	gi|2329468251|gb|OP057013.1|	98.995	100	8.39e-94	199	224707	Brevoortia patronus	bony fishes	Gulf menhaden
ff7beb7afab1aa81014f0bd0b3ac98fd	gi|2422575775|gb|OQ198737.1|	98.995	100	8.39e-94	199	329022	Brevoortia gunteri	bony fishes	finescale menhaden
ff7beb7afab1aa81014f0bd0b3ac98fd	gi|1129799464|gb|KX686086.1|	99.487	98	3.02e-93	195	224708	Brevoortia tyrannus	bony fishes	Atlantic menhaden
ff7beb7afab1aa81014f0bd0b3ac98fd	gi|1129799462|gb|KX686084.1|	99.487	98	3.02e-93	195	224708	Brevoortia tyrannus	bony fishes	Atlantic menhaden
ff7beb7afab1aa81014f0bd0b3ac98fd	gi|1129799461|gb|KX686083.1|	99.487	98	3.02e-93	195	224708	Brevoortia tyrannus	bony fishes	Atlantic menhaden
ff7beb7afab1aa81014f0bd0b3ac98fd	gi|2422575726|gb|OQ198733.1|	98.492	100	3.91e-92	199	329022	Brevoortia gunteri	bony fishes	finescale menhaden
d987851d7c5bdbb6e4e95940d9d7a1ce	gi|2579851516|gb|OR577203.1|	99.497	100	1.80e-95	199	224707	Brevoortia patronus	bony fishes	Gulf menhaden
d987851d7c5bdbb6e4e95940d9d7a1ce	gi|2282237323|gb|OP154163.1|	99.497	100	1.80e-95	199	224707	Brevoortia patronus	bony fishes	Gulf menhaden
d987851d7c5bdbb6e4e95940d9d7a1ce	gi|299823704|ref|NC_014266.1|	99.497	100	1.80e-95	199	224708	Brevoortia tyrannus	bony fishes	Atlantic menhaden
d987851d7c5bdbb6e4e95940d9d7a1ce	gi|2735072119|gb|PP824515.1|	98.995	100	8.39e-94	199	224707	Brevoortia patronus	bony fishes	Gulf menhaden
d987851d7c5bdbb6e4e95940d9d7a1ce	gi|2329468251|gb|OP057013.1|	98.995	100	8.39e-94	199	224707	Brevoortia patronus	bony fishes	Gulf menhaden
d987851d7c5bdbb6e4e95940d9d7a1ce	gi|1129799464|gb|KX686086.1|	99.487	98	3.02e-93	195	224708	Brevoortia tyrannus	bony fishes	Atlantic menhaden
d987851d7c5bdbb6e4e95940d9d7a1ce	gi|1129799462|gb|KX686084.1|	99.487	98	3.02e-93	195	224708	Brevoortia tyrannus	bony fishes	Atlantic menhaden
d987851d7c5bdbb6e4e95940d9d7a1ce	gi|1129799461|gb|KX686083.1|	99.487	98	3.02e-93	195	224708	Brevoortia tyrannus	bony fishes	Atlantic menhaden
d987851d7c5bdbb6e4e95940d9d7a1ce	gi|2422575726|gb|OQ198733.1|	98.492	100	3.91e-92	199	329022	Brevoortia gunteri	bony fishes	finescale menhaden
d987851d7c5bdbb6e4e95940d9d7a1ce	gi|2422575653|gb|OQ198728.1|	98.492	100	3.91e-92	199	329022	Brevoortia gunteri	bony fishes	finescale menhaden
8bda8d4e0453f9c1a1255e014039d4a7	gi|2735072119|gb|PP824515.1|	99.497	100	1.80e-95	199	224707	Brevoortia patronus	bony fishes	Gulf menhaden
8bda8d4e0453f9c1a1255e014039d4a7	gi|2329468251|gb|OP057013.1|	99.497	100	1.80e-95	199	224707	Brevoortia patronus	bony fishes	Gulf menhaden
8bda8d4e0453f9c1a1255e014039d4a7	gi|2579851516|gb|OR577203.1|	98.995	100	8.39e-94	199	224707	Brevoortia patronus	bony fishes	Gulf menhaden
8bda8d4e0453f9c1a1255e014039d4a7	gi|2282237323|gb|OP154163.1|	98.995	100	8.39e-94	199	224707	Brevoortia patronus	bony fishes	Gulf menhaden
8bda8d4e0453f9c1a1255e014039d4a7	gi|299823704|ref|NC_014266.1|	98.995	100	8.39e-94	199	224708	Brevoortia tyrannus	bony fishes	Atlantic menhaden
8bda8d4e0453f9c1a1255e014039d4a7	gi|1129799464|gb|KX686086.1|	98.974	98	1.40e-91	195	224708	Brevoortia tyrannus	bony fishes	Atlantic menhaden
8bda8d4e0453f9c1a1255e014039d4a7	gi|1129799462|gb|KX686084.1|	98.974	98	1.40e-91	195	224708	Brevoortia tyrannus	bony fishes	Atlantic menhaden
8bda8d4e0453f9c1a1255e014039d4a7	gi|1129799461|gb|KX686083.1|	98.974	98	1.40e-91	195	224708	Brevoortia tyrannus	bony fishes	Atlantic menhaden
8bda8d4e0453f9c1a1255e014039d4a7	gi|2422575726|gb|OQ198733.1|	97.990	100	1.82e-90	199	329022	Brevoortia gunteri	bony fishes	finescale menhaden
8bda8d4e0453f9c1a1255e014039d4a7	gi|2422575653|gb|OQ198728.1|	97.990	100	1.82e-90	199	329022	Brevoortia gunteri	bony fishes	finescale menhaden
72f0f189119b63ff478bd17fba885b09	gi|2735072119|gb|PP824515.1|	100.000	100	3.88e-97	199	224707	Brevoortia patronus	bony fishes	Gulf menhaden
72f0f189119b63ff478bd17fba885b09	gi|2329468251|gb|OP057013.1|	100.000	100	3.88e-97	199	224707	Brevoortia patronus	bony fishes	Gulf menhaden
72f0f189119b63ff478bd17fba885b09	gi|2579851516|gb|OR577203.1|	99.497	100	1.80e-95	199	224707	Brevoortia patronus	bony fishes	Gulf menhaden
72f0f189119b63ff478bd17fba885b09	gi|2282237323|gb|OP154163.1|	99.497	100	1.80e-95	199	224707	Brevoortia patronus	bony fishes	Gulf menhaden
72f0f189119b63ff478bd17fba885b09	gi|299823704|ref|NC_014266.1|	99.497	100	1.80e-95	199	224708	Brevoortia tyrannus	bony fishes	Atlantic menhaden
72f0f189119b63ff478bd17fba885b09	gi|1129799464|gb|KX686086.1|	99.487	98	3.02e-93	195	224708	Brevoortia tyrannus	bony fishes	Atlantic menhaden
72f0f189119b63ff478bd17fba885b09	gi|1129799462|gb|KX686084.1|	99.487	98	3.02e-93	195	224708	Brevoortia tyrannus	bony fishes	Atlantic menhaden
72f0f189119b63ff478bd17fba885b09	gi|1129799461|gb|KX686083.1|	99.487	98	3.02e-93	195	224708	Brevoortia tyrannus	bony fishes	Atlantic menhaden
72f0f189119b63ff478bd17fba885b09	gi|2422575726|gb|OQ198733.1|	98.492	100	3.91e-92	199	329022	Brevoortia gunteri	bony fishes	finescale menhaden
72f0f189119b63ff478bd17fba885b09	gi|2422575653|gb|OQ198728.1|	98.492	100	3.91e-92	199	329022	Brevoortia gunteri	bony fishes	finescale menhaden
32f15d78dd240666ca1088c1964d4e58	gi|2735072119|gb|PP824515.1|	100.000	91	4.35e-97	199	224707	Brevoortia patronus	bony fishes	Gulf menhaden
32f15d78dd240666ca1088c1964d4e58	gi|2329468251|gb|OP057013.1|	100.000	91	4.35e-97	199	224707	Brevoortia patronus	bony fishes	Gulf menhaden
32f15d78dd240666ca1088c1964d4e58	gi|2579851516|gb|OR577203.1|	99.497	91	2.03e-95	199	224707	Brevoortia patronus	bony fishes	Gulf menhaden
32f15d78dd240666ca1088c1964d4e58	gi|2282237323|gb|OP154163.1|	99.497	91	2.03e-95	199	224707	Brevoortia patronus	bony fishes	Gulf menhaden
32f15d78dd240666ca1088c1964d4e58	gi|299823704|ref|NC_014266.1|	99.497	91	2.03e-95	199	224708	Brevoortia tyrannus	bony fishes	Atlantic menhaden
32f15d78dd240666ca1088c1964d4e58	gi|2422575726|gb|OQ198733.1|	98.492	91	4.38e-92	199	329022	Brevoortia gunteri	bony fishes	finescale menhaden
32f15d78dd240666ca1088c1964d4e58	gi|2422575653|gb|OQ198728.1|	98.492	91	4.38e-92	199	329022	Brevoortia gunteri	bony fishes	finescale menhaden
32f15d78dd240666ca1088c1964d4e58	gi|2329468243|gb|OP057005.1|	97.990	91	2.04e-90	199	329022	Brevoortia gunteri	bony fishes	finescale menhaden
32f15d78dd240666ca1088c1964d4e58	gi|2329468177|gb|OP056939.1|	97.990	91	2.04e-90	199	329023	Brevoortia smithi	bony fishes	yellowfin menhaden
32f15d78dd240666ca1088c1964d4e58	gi|2422575831|gb|OQ198739.1|	97.990	91	2.04e-90	199	329022	Brevoortia gunteri	bony fishes	finescale menhaden
2a7f8a214e0c2e63f1214200f3d830ee	gi|2579851516|gb|OR577203.1|	99.497	100	1.80e-95	199	224707	Brevoortia patronus	bony fishes	Gulf menhaden
2a7f8a214e0c2e63f1214200f3d830ee	gi|2282237323|gb|OP154163.1|	99.497	100	1.80e-95	199	224707	Brevoortia patronus	bony fishes	Gulf menhaden
2a7f8a214e0c2e63f1214200f3d830ee	gi|299823704|ref|NC_014266.1|	99.497	100	1.80e-95	199	224708	Brevoortia tyrannus	bony fishes	Atlantic menhaden
2a7f8a214e0c2e63f1214200f3d830ee	gi|2735072119|gb|PP824515.1|	98.995	100	8.39e-94	199	224707	Brevoortia patronus	bony fishes	Gulf menhaden
2a7f8a214e0c2e63f1214200f3d830ee	gi|2329468251|gb|OP057013.1|	98.995	100	8.39e-94	199	224707	Brevoortia patronus	bony fishes	Gulf menhaden
2a7f8a214e0c2e63f1214200f3d830ee	gi|1129799464|gb|KX686086.1|	99.487	98	3.02e-93	195	224708	Brevoortia tyrannus	bony fishes	Atlantic menhaden
2a7f8a214e0c2e63f1214200f3d830ee	gi|1129799462|gb|KX686084.1|	99.487	98	3.02e-93	195	224708	Brevoortia tyrannus	bony fishes	Atlantic menhaden
2a7f8a214e0c2e63f1214200f3d830ee	gi|1129799461|gb|KX686083.1|	99.487	98	3.02e-93	195	224708	Brevoortia tyrannus	bony fishes	Atlantic menhaden
2a7f8a214e0c2e63f1214200f3d830ee	gi|2422575726|gb|OQ198733.1|	98.492	100	3.91e-92	199	329022	Brevoortia gunteri	bony fishes	finescale menhaden
2a7f8a214e0c2e63f1214200f3d830ee	gi|2422575653|gb|OQ198728.1|	98.492	100	3.91e-92	199	329022	Brevoortia gunteri	bony fishes	finescale menhaden
e41bc2fd8b863bc5eab5139a7e91bfde	gi|2579851516|gb|OR577203.1|	99.497	100	1.80e-95	199	224707	Brevoortia patronus	bony fishes	Gulf menhaden
e41bc2fd8b863bc5eab5139a7e91bfde	gi|2282237323|gb|OP154163.1|	99.497	100	1.80e-95	199	224707	Brevoortia patronus	bony fishes	Gulf menhaden
e41bc2fd8b863bc5eab5139a7e91bfde	gi|299823704|ref|NC_014266.1|	99.497	100	1.80e-95	199	224708	Brevoortia tyrannus	bony fishes	Atlantic menhaden
e41bc2fd8b863bc5eab5139a7e91bfde	gi|2735072119|gb|PP824515.1|	98.995	100	8.39e-94	199	224707	Brevoortia patronus	bony fishes	Gulf menhaden
e41bc2fd8b863bc5eab5139a7e91bfde	gi|2329468251|gb|OP057013.1|	98.995	100	8.39e-94	199	224707	Brevoortia patronus	bony fishes	Gulf menhaden
e41bc2fd8b863bc5eab5139a7e91bfde	gi|2422575734|gb|OQ198734.1|	98.995	100	8.39e-94	199	329022	Brevoortia gunteri	bony fishes	finescale menhaden
e41bc2fd8b863bc5eab5139a7e91bfde	gi|1129799464|gb|KX686086.1|	99.487	98	3.02e-93	195	224708	Brevoortia tyrannus	bony fishes	Atlantic menhaden
e41bc2fd8b863bc5eab5139a7e91bfde	gi|1129799462|gb|KX686084.1|	99.487	98	3.02e-93	195	224708	Brevoortia tyrannus	bony fishes	Atlantic menhaden
e41bc2fd8b863bc5eab5139a7e91bfde	gi|1129799461|gb|KX686083.1|	99.487	98	3.02e-93	195	224708	Brevoortia tyrannus	bony fishes	Atlantic menhaden
e41bc2fd8b863bc5eab5139a7e91bfde	gi|2422575726|gb|OQ198733.1|	98.492	100	3.91e-92	199	329022	Brevoortia gunteri	bony fishes	finescale menhaden
3a43f2710113f39162c80666b5fde12b	gi|2579851516|gb|OR577203.1|	99.497	100	1.80e-95	199	224707	Brevoortia patronus	bony fishes	Gulf menhaden
3a43f2710113f39162c80666b5fde12b	gi|2282237323|gb|OP154163.1|	99.497	100	1.80e-95	199	224707	Brevoortia patronus	bony fishes	Gulf menhaden
3a43f2710113f39162c80666b5fde12b	gi|299823704|ref|NC_014266.1|	99.497	100	1.80e-95	199	224708	Brevoortia tyrannus	bony fishes	Atlantic menhaden
3a43f2710113f39162c80666b5fde12b	gi|2735072119|gb|PP824515.1|	98.995	100	8.39e-94	199	224707	Brevoortia patronus	bony fishes	Gulf menhaden
3a43f2710113f39162c80666b5fde12b	gi|2329468251|gb|OP057013.1|	98.995	100	8.39e-94	199	224707	Brevoortia patronus	bony fishes	Gulf menhaden
3a43f2710113f39162c80666b5fde12b	gi|1129799464|gb|KX686086.1|	99.487	98	3.02e-93	195	224708	Brevoortia tyrannus	bony fishes	Atlantic menhaden
3a43f2710113f39162c80666b5fde12b	gi|1129799462|gb|KX686084.1|	99.487	98	3.02e-93	195	224708	Brevoortia tyrannus	bony fishes	Atlantic menhaden
3a43f2710113f39162c80666b5fde12b	gi|1129799461|gb|KX686083.1|	99.487	98	3.02e-93	195	224708	Brevoortia tyrannus	bony fishes	Atlantic menhaden
3a43f2710113f39162c80666b5fde12b	gi|2422575726|gb|OQ198733.1|	98.492	100	3.91e-92	199	329022	Brevoortia gunteri	bony fishes	finescale menhaden
3a43f2710113f39162c80666b5fde12b	gi|2422575653|gb|OQ198728.1|	98.492	100	3.91e-92	199	329022	Brevoortia gunteri	bony fishes	finescale menhaden
8deab87a6863ee50650f35b5f0cbe011	gi|2579851516|gb|OR577203.1|	98.995	100	8.39e-94	199	224707	Brevoortia patronus	bony fishes	Gulf menhaden
8deab87a6863ee50650f35b5f0cbe011	gi|2282237323|gb|OP154163.1|	98.995	100	8.39e-94	199	224707	Brevoortia patronus	bony fishes	Gulf menhaden
8deab87a6863ee50650f35b5f0cbe011	gi|299823704|ref|NC_014266.1|	98.995	100	8.39e-94	199	224708	Brevoortia tyrannus	bony fishes	Atlantic menhaden
8deab87a6863ee50650f35b5f0cbe011	gi|2735072119|gb|PP824515.1|	98.492	100	3.91e-92	199	224707	Brevoortia patronus	bony fishes	Gulf menhaden
8deab87a6863ee50650f35b5f0cbe011	gi|2329468251|gb|OP057013.1|	98.492	100	3.91e-92	199	224707	Brevoortia patronus	bony fishes	Gulf menhaden
8deab87a6863ee50650f35b5f0cbe011	gi|1129799464|gb|KX686086.1|	98.974	98	1.40e-91	195	224708	Brevoortia tyrannus	bony fishes	Atlantic menhaden
8deab87a6863ee50650f35b5f0cbe011	gi|1129799462|gb|KX686084.1|	98.974	98	1.40e-91	195	224708	Brevoortia tyrannus	bony fishes	Atlantic menhaden
8deab87a6863ee50650f35b5f0cbe011	gi|1129799461|gb|KX686083.1|	98.974	98	1.40e-91	195	224708	Brevoortia tyrannus	bony fishes	Atlantic menhaden
8deab87a6863ee50650f35b5f0cbe011	gi|2422575726|gb|OQ198733.1|	97.990	100	1.82e-90	199	329022	Brevoortia gunteri	bony fishes	finescale menhaden
8deab87a6863ee50650f35b5f0cbe011	gi|2422575653|gb|OQ198728.1|	97.990	100	1.82e-90	199	329022	Brevoortia gunteri	bony fishes	finescale menhaden
2058556cf7bc323c707c414c9ecd52f6	gi|2579851516|gb|OR577203.1|	99.497	100	1.80e-95	199	224707	Brevoortia patronus	bony fishes	Gulf menhaden
2058556cf7bc323c707c414c9ecd52f6	gi|2282237323|gb|OP154163.1|	99.497	100	1.80e-95	199	224707	Brevoortia patronus	bony fishes	Gulf menhaden
2058556cf7bc323c707c414c9ecd52f6	gi|299823704|ref|NC_014266.1|	99.497	100	1.80e-95	199	224708	Brevoortia tyrannus	bony fishes	Atlantic menhaden
2058556cf7bc323c707c414c9ecd52f6	gi|2735072119|gb|PP824515.1|	98.995	100	8.39e-94	199	224707	Brevoortia patronus	bony fishes	Gulf menhaden
2058556cf7bc323c707c414c9ecd52f6	gi|2329468251|gb|OP057013.1|	98.995	100	8.39e-94	199	224707	Brevoortia patronus	bony fishes	Gulf menhaden
2058556cf7bc323c707c414c9ecd52f6	gi|1129799464|gb|KX686086.1|	99.487	98	3.02e-93	195	224708	Brevoortia tyrannus	bony fishes	Atlantic menhaden
2058556cf7bc323c707c414c9ecd52f6	gi|1129799462|gb|KX686084.1|	99.487	98	3.02e-93	195	224708	Brevoortia tyrannus	bony fishes	Atlantic menhaden
2058556cf7bc323c707c414c9ecd52f6	gi|1129799461|gb|KX686083.1|	99.487	98	3.02e-93	195	224708	Brevoortia tyrannus	bony fishes	Atlantic menhaden
2058556cf7bc323c707c414c9ecd52f6	gi|2422575726|gb|OQ198733.1|	98.492	100	3.91e-92	199	329022	Brevoortia gunteri	bony fishes	finescale menhaden
2058556cf7bc323c707c414c9ecd52f6	gi|2422575653|gb|OQ198728.1|	98.492	100	3.91e-92	199	329022	Brevoortia gunteri	bony fishes	finescale menhaden
1fb9b5c1a0a7253aa7a1ae37d204c94c	gi|2579851516|gb|OR577203.1|	99.497	100	1.80e-95	199	224707	Brevoortia patronus	bony fishes	Gulf menhaden
1fb9b5c1a0a7253aa7a1ae37d204c94c	gi|2282237323|gb|OP154163.1|	99.497	100	1.80e-95	199	224707	Brevoortia patronus	bony fishes	Gulf menhaden
1fb9b5c1a0a7253aa7a1ae37d204c94c	gi|299823704|ref|NC_014266.1|	99.497	100	1.80e-95	199	224708	Brevoortia tyrannus	bony fishes	Atlantic menhaden
1fb9b5c1a0a7253aa7a1ae37d204c94c	gi|2735072119|gb|PP824515.1|	98.995	100	8.39e-94	199	224707	Brevoortia patronus	bony fishes	Gulf menhaden
1fb9b5c1a0a7253aa7a1ae37d204c94c	gi|2329468251|gb|OP057013.1|	98.995	100	8.39e-94	199	224707	Brevoortia patronus	bony fishes	Gulf menhaden
1fb9b5c1a0a7253aa7a1ae37d204c94c	gi|1129799464|gb|KX686086.1|	99.487	98	3.02e-93	195	224708	Brevoortia tyrannus	bony fishes	Atlantic menhaden
1fb9b5c1a0a7253aa7a1ae37d204c94c	gi|1129799462|gb|KX686084.1|	99.487	98	3.02e-93	195	224708	Brevoortia tyrannus	bony fishes	Atlantic menhaden
1fb9b5c1a0a7253aa7a1ae37d204c94c	gi|1129799461|gb|KX686083.1|	99.487	98	3.02e-93	195	224708	Brevoortia tyrannus	bony fishes	Atlantic menhaden
1fb9b5c1a0a7253aa7a1ae37d204c94c	gi|2422575726|gb|OQ198733.1|	98.492	100	3.91e-92	199	329022	Brevoortia gunteri	bony fishes	finescale menhaden
1fb9b5c1a0a7253aa7a1ae37d204c94c	gi|2422575653|gb|OQ198728.1|	98.492	100	3.91e-92	199	329022	Brevoortia gunteri	bony fishes	finescale menhaden
a8601d94151de8da3d96b1909992e3db	gi|2579851516|gb|OR577203.1|	99.497	100	1.80e-95	199	224707	Brevoortia patronus	bony fishes	Gulf menhaden
a8601d94151de8da3d96b1909992e3db	gi|2282237323|gb|OP154163.1|	99.497	100	1.80e-95	199	224707	Brevoortia patronus	bony fishes	Gulf menhaden
a8601d94151de8da3d96b1909992e3db	gi|299823704|ref|NC_014266.1|	99.497	100	1.80e-95	199	224708	Brevoortia tyrannus	bony fishes	Atlantic menhaden
a8601d94151de8da3d96b1909992e3db	gi|2735072119|gb|PP824515.1|	98.995	100	8.39e-94	199	224707	Brevoortia patronus	bony fishes	Gulf menhaden
a8601d94151de8da3d96b1909992e3db	gi|2329468251|gb|OP057013.1|	98.995	100	8.39e-94	199	224707	Brevoortia patronus	bony fishes	Gulf menhaden
a8601d94151de8da3d96b1909992e3db	gi|1129799464|gb|KX686086.1|	99.487	98	3.02e-93	195	224708	Brevoortia tyrannus	bony fishes	Atlantic menhaden
a8601d94151de8da3d96b1909992e3db	gi|1129799462|gb|KX686084.1|	99.487	98	3.02e-93	195	224708	Brevoortia tyrannus	bony fishes	Atlantic menhaden
a8601d94151de8da3d96b1909992e3db	gi|1129799461|gb|KX686083.1|	99.487	98	3.02e-93	195	224708	Brevoortia tyrannus	bony fishes	Atlantic menhaden
a8601d94151de8da3d96b1909992e3db	gi|2422575726|gb|OQ198733.1|	98.492	100	3.91e-92	199	329022	Brevoortia gunteri	bony fishes	finescale menhaden
a8601d94151de8da3d96b1909992e3db	gi|2422575653|gb|OQ198728.1|	98.492	100	3.91e-92	199	329022	Brevoortia gunteri	bony fishes	finescale menhaden
51082fe55c386067a139ebe2c9d6c45e	gi|2579851516|gb|OR577203.1|	100.000	100	3.88e-97	199	224707	Brevoortia patronus	bony fishes	Gulf menhaden
51082fe55c386067a139ebe2c9d6c45e	gi|2282237323|gb|OP154163.1|	100.000	100	3.88e-97	199	224707	Brevoortia patronus	bony fishes	Gulf menhaden
51082fe55c386067a139ebe2c9d6c45e	gi|299823704|ref|NC_014266.1|	100.000	100	3.88e-97	199	224708	Brevoortia tyrannus	bony fishes	Atlantic menhaden
51082fe55c386067a139ebe2c9d6c45e	gi|2735072119|gb|PP824515.1|	99.497	100	1.80e-95	199	224707	Brevoortia patronus	bony fishes	Gulf menhaden
51082fe55c386067a139ebe2c9d6c45e	gi|2329468251|gb|OP057013.1|	99.497	100	1.80e-95	199	224707	Brevoortia patronus	bony fishes	Gulf menhaden
51082fe55c386067a139ebe2c9d6c45e	gi|1129799464|gb|KX686086.1|	100.000	98	6.49e-95	195	224708	Brevoortia tyrannus	bony fishes	Atlantic menhaden
51082fe55c386067a139ebe2c9d6c45e	gi|1129799462|gb|KX686084.1|	100.000	98	6.49e-95	195	224708	Brevoortia tyrannus	bony fishes	Atlantic menhaden
51082fe55c386067a139ebe2c9d6c45e	gi|1129799461|gb|KX686083.1|	100.000	98	6.49e-95	195	224708	Brevoortia tyrannus	bony fishes	Atlantic menhaden
51082fe55c386067a139ebe2c9d6c45e	gi|2422575726|gb|OQ198733.1|	98.995	100	8.39e-94	199	329022	Brevoortia gunteri	bony fishes	finescale menhaden
51082fe55c386067a139ebe2c9d6c45e	gi|2422575653|gb|OQ198728.1|	98.995	100	8.39e-94	199	329022	Brevoortia gunteri	bony fishes	finescale menhaden
1a9c80f5b0a937b3e6aa14e6cd759930	gi|2579851516|gb|OR577203.1|	100.000	90	1.57e-96	198	224707	Brevoortia patronus	bony fishes	Gulf menhaden
1a9c80f5b0a937b3e6aa14e6cd759930	gi|2282237323|gb|OP154163.1|	100.000	90	1.57e-96	198	224707	Brevoortia patronus	bony fishes	Gulf menhaden
1a9c80f5b0a937b3e6aa14e6cd759930	gi|299823704|ref|NC_014266.1|	100.000	90	1.57e-96	198	224708	Brevoortia tyrannus	bony fishes	Atlantic menhaden
1a9c80f5b0a937b3e6aa14e6cd759930	gi|2735072119|gb|PP824515.1|	99.495	90	7.33e-95	198	224707	Brevoortia patronus	bony fishes	Gulf menhaden
1a9c80f5b0a937b3e6aa14e6cd759930	gi|2329468251|gb|OP057013.1|	99.495	90	7.33e-95	198	224707	Brevoortia patronus	bony fishes	Gulf menhaden
1a9c80f5b0a937b3e6aa14e6cd759930	gi|2422575726|gb|OQ198733.1|	98.990	90	3.41e-93	198	329022	Brevoortia gunteri	bony fishes	finescale menhaden
1a9c80f5b0a937b3e6aa14e6cd759930	gi|2422575653|gb|OQ198728.1|	98.990	90	3.41e-93	198	329022	Brevoortia gunteri	bony fishes	finescale menhaden
1a9c80f5b0a937b3e6aa14e6cd759930	gi|2329468243|gb|OP057005.1|	98.485	90	1.59e-91	198	329022	Brevoortia gunteri	bony fishes	finescale menhaden
1a9c80f5b0a937b3e6aa14e6cd759930	gi|2329468177|gb|OP056939.1|	98.485	90	1.59e-91	198	329023	Brevoortia smithi	bony fishes	yellowfin menhaden
1a9c80f5b0a937b3e6aa14e6cd759930	gi|2422575831|gb|OQ198739.1|	98.485	90	1.59e-91	198	329022	Brevoortia gunteri	bony fishes	finescale menhaden
e0a90804b27e3e5c6917b7bbb9fc1ba8	gi|2579851516|gb|OR577203.1|	99.497	100	1.80e-95	199	224707	Brevoortia patronus	bony fishes	Gulf menhaden
e0a90804b27e3e5c6917b7bbb9fc1ba8	gi|2282237323|gb|OP154163.1|	99.497	100	1.80e-95	199	224707	Brevoortia patronus	bony fishes	Gulf menhaden
e0a90804b27e3e5c6917b7bbb9fc1ba8	gi|299823704|ref|NC_014266.1|	99.497	100	1.80e-95	199	224708	Brevoortia tyrannus	bony fishes	Atlantic menhaden
e0a90804b27e3e5c6917b7bbb9fc1ba8	gi|2735072119|gb|PP824515.1|	98.995	100	8.39e-94	199	224707	Brevoortia patronus	bony fishes	Gulf menhaden
e0a90804b27e3e5c6917b7bbb9fc1ba8	gi|2329468251|gb|OP057013.1|	98.995	100	8.39e-94	199	224707	Brevoortia patronus	bony fishes	Gulf menhaden
e0a90804b27e3e5c6917b7bbb9fc1ba8	gi|1129799464|gb|KX686086.1|	99.487	98	3.02e-93	195	224708	Brevoortia tyrannus	bony fishes	Atlantic menhaden
e0a90804b27e3e5c6917b7bbb9fc1ba8	gi|1129799462|gb|KX686084.1|	99.487	98	3.02e-93	195	224708	Brevoortia tyrannus	bony fishes	Atlantic menhaden
e0a90804b27e3e5c6917b7bbb9fc1ba8	gi|1129799461|gb|KX686083.1|	99.487	98	3.02e-93	195	224708	Brevoortia tyrannus	bony fishes	Atlantic menhaden
e0a90804b27e3e5c6917b7bbb9fc1ba8	gi|2422575726|gb|OQ198733.1|	98.492	100	3.91e-92	199	329022	Brevoortia gunteri	bony fishes	finescale menhaden
e0a90804b27e3e5c6917b7bbb9fc1ba8	gi|2422575653|gb|OQ198728.1|	98.492	100	3.91e-92	199	329022	Brevoortia gunteri	bony fishes	finescale menhaden
a9261b0fe8da677ae7aaf7f48446b87e	gi|2579851516|gb|OR577203.1|	99.497	100	1.80e-95	199	224707	Brevoortia patronus	bony fishes	Gulf menhaden
a9261b0fe8da677ae7aaf7f48446b87e	gi|2282237323|gb|OP154163.1|	99.497	100	1.80e-95	199	224707	Brevoortia patronus	bony fishes	Gulf menhaden
a9261b0fe8da677ae7aaf7f48446b87e	gi|299823704|ref|NC_014266.1|	99.497	100	1.80e-95	199	224708	Brevoortia tyrannus	bony fishes	Atlantic menhaden
a9261b0fe8da677ae7aaf7f48446b87e	gi|2735072119|gb|PP824515.1|	98.995	100	8.39e-94	199	224707	Brevoortia patronus	bony fishes	Gulf menhaden
a9261b0fe8da677ae7aaf7f48446b87e	gi|2329468251|gb|OP057013.1|	98.995	100	8.39e-94	199	224707	Brevoortia patronus	bony fishes	Gulf menhaden
a9261b0fe8da677ae7aaf7f48446b87e	gi|1129799464|gb|KX686086.1|	99.487	98	3.02e-93	195	224708	Brevoortia tyrannus	bony fishes	Atlantic menhaden
a9261b0fe8da677ae7aaf7f48446b87e	gi|1129799462|gb|KX686084.1|	99.487	98	3.02e-93	195	224708	Brevoortia tyrannus	bony fishes	Atlantic menhaden
a9261b0fe8da677ae7aaf7f48446b87e	gi|1129799461|gb|KX686083.1|	99.487	98	3.02e-93	195	224708	Brevoortia tyrannus	bony fishes	Atlantic menhaden
a9261b0fe8da677ae7aaf7f48446b87e	gi|2422575726|gb|OQ198733.1|	98.492	100	3.91e-92	199	329022	Brevoortia gunteri	bony fishes	finescale menhaden
a9261b0fe8da677ae7aaf7f48446b87e	gi|2422575653|gb|OQ198728.1|	98.492	100	3.91e-92	199	329022	Brevoortia gunteri	bony fishes	finescale menhaden
61a70adc113738ade9c4587e1612caef	gi|2579851516|gb|OR577203.1|	99.497	100	1.80e-95	199	224707	Brevoortia patronus	bony fishes	Gulf menhaden
61a70adc113738ade9c4587e1612caef	gi|2282237323|gb|OP154163.1|	99.497	100	1.80e-95	199	224707	Brevoortia patronus	bony fishes	Gulf menhaden
61a70adc113738ade9c4587e1612caef	gi|299823704|ref|NC_014266.1|	99.497	100	1.80e-95	199	224708	Brevoortia tyrannus	bony fishes	Atlantic menhaden
61a70adc113738ade9c4587e1612caef	gi|2735072119|gb|PP824515.1|	98.995	100	8.39e-94	199	224707	Brevoortia patronus	bony fishes	Gulf menhaden
61a70adc113738ade9c4587e1612caef	gi|2329468251|gb|OP057013.1|	98.995	100	8.39e-94	199	224707	Brevoortia patronus	bony fishes	Gulf menhaden
61a70adc113738ade9c4587e1612caef	gi|1129799464|gb|KX686086.1|	99.487	98	3.02e-93	195	224708	Brevoortia tyrannus	bony fishes	Atlantic menhaden
61a70adc113738ade9c4587e1612caef	gi|1129799462|gb|KX686084.1|	99.487	98	3.02e-93	195	224708	Brevoortia tyrannus	bony fishes	Atlantic menhaden
61a70adc113738ade9c4587e1612caef	gi|1129799461|gb|KX686083.1|	99.487	98	3.02e-93	195	224708	Brevoortia tyrannus	bony fishes	Atlantic menhaden
61a70adc113738ade9c4587e1612caef	gi|2422575726|gb|OQ198733.1|	98.492	100	3.91e-92	199	329022	Brevoortia gunteri	bony fishes	finescale menhaden
61a70adc113738ade9c4587e1612caef	gi|2422575653|gb|OQ198728.1|	98.492	100	3.91e-92	199	329022	Brevoortia gunteri	bony fishes	finescale menhaden
cab78f9121be52faf335ace9fea0578b	gi|2579851516|gb|OR577203.1|	99.497	100	1.80e-95	199	224707	Brevoortia patronus	bony fishes	Gulf menhaden
cab78f9121be52faf335ace9fea0578b	gi|2282237323|gb|OP154163.1|	99.497	100	1.80e-95	199	224707	Brevoortia patronus	bony fishes	Gulf menhaden
cab78f9121be52faf335ace9fea0578b	gi|299823704|ref|NC_014266.1|	99.497	100	1.80e-95	199	224708	Brevoortia tyrannus	bony fishes	Atlantic menhaden
cab78f9121be52faf335ace9fea0578b	gi|2735072119|gb|PP824515.1|	98.995	100	8.39e-94	199	224707	Brevoortia patronus	bony fishes	Gulf menhaden
cab78f9121be52faf335ace9fea0578b	gi|2329468251|gb|OP057013.1|	98.995	100	8.39e-94	199	224707	Brevoortia patronus	bony fishes	Gulf menhaden
cab78f9121be52faf335ace9fea0578b	gi|1129799464|gb|KX686086.1|	99.487	98	3.02e-93	195	224708	Brevoortia tyrannus	bony fishes	Atlantic menhaden
cab78f9121be52faf335ace9fea0578b	gi|1129799462|gb|KX686084.1|	99.487	98	3.02e-93	195	224708	Brevoortia tyrannus	bony fishes	Atlantic menhaden
cab78f9121be52faf335ace9fea0578b	gi|1129799461|gb|KX686083.1|	99.487	98	3.02e-93	195	224708	Brevoortia tyrannus	bony fishes	Atlantic menhaden
cab78f9121be52faf335ace9fea0578b	gi|2422575726|gb|OQ198733.1|	98.492	100	3.91e-92	199	329022	Brevoortia gunteri	bony fishes	finescale menhaden
cab78f9121be52faf335ace9fea0578b	gi|2422575653|gb|OQ198728.1|	98.492	100	3.91e-92	199	329022	Brevoortia gunteri	bony fishes	finescale menhaden
cc1a2d6d16e472c7fdbf1e1478e9718c	gi|2579851516|gb|OR577203.1|	99.497	100	1.80e-95	199	224707	Brevoortia patronus	bony fishes	Gulf menhaden
cc1a2d6d16e472c7fdbf1e1478e9718c	gi|2282237323|gb|OP154163.1|	99.497	100	1.80e-95	199	224707	Brevoortia patronus	bony fishes	Gulf menhaden
cc1a2d6d16e472c7fdbf1e1478e9718c	gi|299823704|ref|NC_014266.1|	99.497	100	1.80e-95	199	224708	Brevoortia tyrannus	bony fishes	Atlantic menhaden
cc1a2d6d16e472c7fdbf1e1478e9718c	gi|2735072119|gb|PP824515.1|	98.995	100	8.39e-94	199	224707	Brevoortia patronus	bony fishes	Gulf menhaden
cc1a2d6d16e472c7fdbf1e1478e9718c	gi|2329468251|gb|OP057013.1|	98.995	100	8.39e-94	199	224707	Brevoortia patronus	bony fishes	Gulf menhaden
cc1a2d6d16e472c7fdbf1e1478e9718c	gi|1129799464|gb|KX686086.1|	99.487	98	3.02e-93	195	224708	Brevoortia tyrannus	bony fishes	Atlantic menhaden
cc1a2d6d16e472c7fdbf1e1478e9718c	gi|1129799462|gb|KX686084.1|	99.487	98	3.02e-93	195	224708	Brevoortia tyrannus	bony fishes	Atlantic menhaden
cc1a2d6d16e472c7fdbf1e1478e9718c	gi|1129799461|gb|KX686083.1|	99.487	98	3.02e-93	195	224708	Brevoortia tyrannus	bony fishes	Atlantic menhaden
cc1a2d6d16e472c7fdbf1e1478e9718c	gi|2422575726|gb|OQ198733.1|	98.492	100	3.91e-92	199	329022	Brevoortia gunteri	bony fishes	finescale menhaden
cc1a2d6d16e472c7fdbf1e1478e9718c	gi|2422575653|gb|OQ198728.1|	98.492	100	3.91e-92	199	329022	Brevoortia gunteri	bony fishes	finescale menhaden
780bd0d7cc706999470ccf0dae767c98	gi|2579851516|gb|OR577203.1|	99.497	100	1.80e-95	199	224707	Brevoortia patronus	bony fishes	Gulf menhaden
780bd0d7cc706999470ccf0dae767c98	gi|2282237323|gb|OP154163.1|	99.497	100	1.80e-95	199	224707	Brevoortia patronus	bony fishes	Gulf menhaden
780bd0d7cc706999470ccf0dae767c98	gi|299823704|ref|NC_014266.1|	99.497	100	1.80e-95	199	224708	Brevoortia tyrannus	bony fishes	Atlantic menhaden
780bd0d7cc706999470ccf0dae767c98	gi|2735072119|gb|PP824515.1|	98.995	100	8.39e-94	199	224707	Brevoortia patronus	bony fishes	Gulf menhaden
780bd0d7cc706999470ccf0dae767c98	gi|2329468251|gb|OP057013.1|	98.995	100	8.39e-94	199	224707	Brevoortia patronus	bony fishes	Gulf menhaden
780bd0d7cc706999470ccf0dae767c98	gi|1129799464|gb|KX686086.1|	99.487	98	3.02e-93	195	224708	Brevoortia tyrannus	bony fishes	Atlantic menhaden
780bd0d7cc706999470ccf0dae767c98	gi|1129799462|gb|KX686084.1|	99.487	98	3.02e-93	195	224708	Brevoortia tyrannus	bony fishes	Atlantic menhaden
780bd0d7cc706999470ccf0dae767c98	gi|1129799461|gb|KX686083.1|	99.487	98	3.02e-93	195	224708	Brevoortia tyrannus	bony fishes	Atlantic menhaden
780bd0d7cc706999470ccf0dae767c98	gi|2422575726|gb|OQ198733.1|	98.492	100	3.91e-92	199	329022	Brevoortia gunteri	bony fishes	finescale menhaden
780bd0d7cc706999470ccf0dae767c98	gi|2422575653|gb|OQ198728.1|	98.492	100	3.91e-92	199	329022	Brevoortia gunteri	bony fishes	finescale menhaden
d5d0d85ddf58d312390069a20650a827	gi|2579851516|gb|OR577203.1|	99.497	100	1.80e-95	199	224707	Brevoortia patronus	bony fishes	Gulf menhaden
d5d0d85ddf58d312390069a20650a827	gi|2282237323|gb|OP154163.1|	99.497	100	1.80e-95	199	224707	Brevoortia patronus	bony fishes	Gulf menhaden
d5d0d85ddf58d312390069a20650a827	gi|299823704|ref|NC_014266.1|	99.497	100	1.80e-95	199	224708	Brevoortia tyrannus	bony fishes	Atlantic menhaden
d5d0d85ddf58d312390069a20650a827	gi|2735072119|gb|PP824515.1|	98.995	100	8.39e-94	199	224707	Brevoortia patronus	bony fishes	Gulf menhaden
d5d0d85ddf58d312390069a20650a827	gi|2329468251|gb|OP057013.1|	98.995	100	8.39e-94	199	224707	Brevoortia patronus	bony fishes	Gulf menhaden
d5d0d85ddf58d312390069a20650a827	gi|1129799464|gb|KX686086.1|	99.487	98	3.02e-93	195	224708	Brevoortia tyrannus	bony fishes	Atlantic menhaden
d5d0d85ddf58d312390069a20650a827	gi|1129799462|gb|KX686084.1|	99.487	98	3.02e-93	195	224708	Brevoortia tyrannus	bony fishes	Atlantic menhaden
d5d0d85ddf58d312390069a20650a827	gi|1129799461|gb|KX686083.1|	99.487	98	3.02e-93	195	224708	Brevoortia tyrannus	bony fishes	Atlantic menhaden
d5d0d85ddf58d312390069a20650a827	gi|2422575726|gb|OQ198733.1|	98.492	100	3.91e-92	199	329022	Brevoortia gunteri	bony fishes	finescale menhaden
d5d0d85ddf58d312390069a20650a827	gi|2422575653|gb|OQ198728.1|	98.492	100	3.91e-92	199	329022	Brevoortia gunteri	bony fishes	finescale menhaden
0d5b3d216da937a6cf1c6a7f5d5dd1b0	gi|2579851516|gb|OR577203.1|	99.448	100	1.63e-85	181	224707	Brevoortia patronus	bony fishes	Gulf menhaden
0d5b3d216da937a6cf1c6a7f5d5dd1b0	gi|2282237323|gb|OP154163.1|	99.448	100	1.63e-85	181	224707	Brevoortia patronus	bony fishes	Gulf menhaden
0d5b3d216da937a6cf1c6a7f5d5dd1b0	gi|299823704|ref|NC_014266.1|	99.448	100	1.63e-85	181	224708	Brevoortia tyrannus	bony fishes	Atlantic menhaden
0d5b3d216da937a6cf1c6a7f5d5dd1b0	gi|2735072119|gb|PP824515.1|	98.895	100	7.57e-84	181	224707	Brevoortia patronus	bony fishes	Gulf menhaden
0d5b3d216da937a6cf1c6a7f5d5dd1b0	gi|2329468251|gb|OP057013.1|	98.895	100	7.57e-84	181	224707	Brevoortia patronus	bony fishes	Gulf menhaden
0d5b3d216da937a6cf1c6a7f5d5dd1b0	gi|1129799464|gb|KX686086.1|	99.435	98	2.72e-83	177	224708	Brevoortia tyrannus	bony fishes	Atlantic menhaden
0d5b3d216da937a6cf1c6a7f5d5dd1b0	gi|1129799462|gb|KX686084.1|	99.435	98	2.72e-83	177	224708	Brevoortia tyrannus	bony fishes	Atlantic menhaden
0d5b3d216da937a6cf1c6a7f5d5dd1b0	gi|1129799461|gb|KX686083.1|	99.435	98	2.72e-83	177	224708	Brevoortia tyrannus	bony fishes	Atlantic menhaden
0d5b3d216da937a6cf1c6a7f5d5dd1b0	gi|2422575726|gb|OQ198733.1|	98.343	100	3.52e-82	181	329022	Brevoortia gunteri	bony fishes	finescale menhaden
0d5b3d216da937a6cf1c6a7f5d5dd1b0	gi|2422575653|gb|OQ198728.1|	98.343	100	3.52e-82	181	329022	Brevoortia gunteri	bony fishes	finescale menhaden
16e5e47e0f2a23499af6583843d3eeb6	gi|2579851516|gb|OR577203.1|	99.497	100	1.80e-95	199	224707	Brevoortia patronus	bony fishes	Gulf menhaden
16e5e47e0f2a23499af6583843d3eeb6	gi|2282237323|gb|OP154163.1|	99.497	100	1.80e-95	199	224707	Brevoortia patronus	bony fishes	Gulf menhaden
16e5e47e0f2a23499af6583843d3eeb6	gi|299823704|ref|NC_014266.1|	99.497	100	1.80e-95	199	224708	Brevoortia tyrannus	bony fishes	Atlantic menhaden
16e5e47e0f2a23499af6583843d3eeb6	gi|2735072119|gb|PP824515.1|	98.995	100	8.39e-94	199	224707	Brevoortia patronus	bony fishes	Gulf menhaden
16e5e47e0f2a23499af6583843d3eeb6	gi|2329468251|gb|OP057013.1|	98.995	100	8.39e-94	199	224707	Brevoortia patronus	bony fishes	Gulf menhaden
16e5e47e0f2a23499af6583843d3eeb6	gi|1129799464|gb|KX686086.1|	99.487	98	3.02e-93	195	224708	Brevoortia tyrannus	bony fishes	Atlantic menhaden
16e5e47e0f2a23499af6583843d3eeb6	gi|1129799462|gb|KX686084.1|	99.487	98	3.02e-93	195	224708	Brevoortia tyrannus	bony fishes	Atlantic menhaden
16e5e47e0f2a23499af6583843d3eeb6	gi|1129799461|gb|KX686083.1|	99.487	98	3.02e-93	195	224708	Brevoortia tyrannus	bony fishes	Atlantic menhaden
16e5e47e0f2a23499af6583843d3eeb6	gi|2422575726|gb|OQ198733.1|	98.492	100	3.91e-92	199	329022	Brevoortia gunteri	bony fishes	finescale menhaden
16e5e47e0f2a23499af6583843d3eeb6	gi|2422575653|gb|OQ198728.1|	98.492	100	3.91e-92	199	329022	Brevoortia gunteri	bony fishes	finescale menhaden
269cdd88465c748eddc7a065f5204fd6	gi|2579851516|gb|OR577203.1|	98.995	100	8.39e-94	199	224707	Brevoortia patronus	bony fishes	Gulf menhaden
269cdd88465c748eddc7a065f5204fd6	gi|2282237323|gb|OP154163.1|	98.995	100	8.39e-94	199	224707	Brevoortia patronus	bony fishes	Gulf menhaden
269cdd88465c748eddc7a065f5204fd6	gi|299823704|ref|NC_014266.1|	98.995	100	8.39e-94	199	224708	Brevoortia tyrannus	bony fishes	Atlantic menhaden
269cdd88465c748eddc7a065f5204fd6	gi|2735072119|gb|PP824515.1|	98.492	100	3.91e-92	199	224707	Brevoortia patronus	bony fishes	Gulf menhaden
269cdd88465c748eddc7a065f5204fd6	gi|2329468251|gb|OP057013.1|	98.492	100	3.91e-92	199	224707	Brevoortia patronus	bony fishes	Gulf menhaden
269cdd88465c748eddc7a065f5204fd6	gi|1129799464|gb|KX686086.1|	98.974	98	1.40e-91	195	224708	Brevoortia tyrannus	bony fishes	Atlantic menhaden
269cdd88465c748eddc7a065f5204fd6	gi|1129799462|gb|KX686084.1|	98.974	98	1.40e-91	195	224708	Brevoortia tyrannus	bony fishes	Atlantic menhaden
269cdd88465c748eddc7a065f5204fd6	gi|1129799461|gb|KX686083.1|	98.974	98	1.40e-91	195	224708	Brevoortia tyrannus	bony fishes	Atlantic menhaden
269cdd88465c748eddc7a065f5204fd6	gi|2422575726|gb|OQ198733.1|	97.990	100	1.82e-90	199	329022	Brevoortia gunteri	bony fishes	finescale menhaden
269cdd88465c748eddc7a065f5204fd6	gi|2422575653|gb|OQ198728.1|	97.990	100	1.82e-90	199	329022	Brevoortia gunteri	bony fishes	finescale menhaden
f99059500a4b1890d6fc1a833daa03d9	gi|2579851516|gb|OR577203.1|	99.497	100	1.80e-95	199	224707	Brevoortia patronus	bony fishes	Gulf menhaden
f99059500a4b1890d6fc1a833daa03d9	gi|2282237323|gb|OP154163.1|	99.497	100	1.80e-95	199	224707	Brevoortia patronus	bony fishes	Gulf menhaden
f99059500a4b1890d6fc1a833daa03d9	gi|299823704|ref|NC_014266.1|	99.497	100	1.80e-95	199	224708	Brevoortia tyrannus	bony fishes	Atlantic menhaden
f99059500a4b1890d6fc1a833daa03d9	gi|2735072119|gb|PP824515.1|	98.995	100	8.39e-94	199	224707	Brevoortia patronus	bony fishes	Gulf menhaden
f99059500a4b1890d6fc1a833daa03d9	gi|2329468251|gb|OP057013.1|	98.995	100	8.39e-94	199	224707	Brevoortia patronus	bony fishes	Gulf menhaden
f99059500a4b1890d6fc1a833daa03d9	gi|1129799464|gb|KX686086.1|	99.487	98	3.02e-93	195	224708	Brevoortia tyrannus	bony fishes	Atlantic menhaden
f99059500a4b1890d6fc1a833daa03d9	gi|1129799462|gb|KX686084.1|	99.487	98	3.02e-93	195	224708	Brevoortia tyrannus	bony fishes	Atlantic menhaden
f99059500a4b1890d6fc1a833daa03d9	gi|1129799461|gb|KX686083.1|	99.487	98	3.02e-93	195	224708	Brevoortia tyrannus	bony fishes	Atlantic menhaden
f99059500a4b1890d6fc1a833daa03d9	gi|2422575775|gb|OQ198737.1|	98.492	100	3.91e-92	199	329022	Brevoortia gunteri	bony fishes	finescale menhaden
f99059500a4b1890d6fc1a833daa03d9	gi|2422575726|gb|OQ198733.1|	98.492	100	3.91e-92	199	329022	Brevoortia gunteri	bony fishes	finescale menhaden
03c91cbf79e180c5ed49bfa5f6fb2898	gi|2579851516|gb|OR577203.1|	98.995	100	8.39e-94	199	224707	Brevoortia patronus	bony fishes	Gulf menhaden
03c91cbf79e180c5ed49bfa5f6fb2898	gi|2282237323|gb|OP154163.1|	98.995	100	8.39e-94	199	224707	Brevoortia patronus	bony fishes	Gulf menhaden
03c91cbf79e180c5ed49bfa5f6fb2898	gi|299823704|ref|NC_014266.1|	98.995	100	8.39e-94	199	224708	Brevoortia tyrannus	bony fishes	Atlantic menhaden
03c91cbf79e180c5ed49bfa5f6fb2898	gi|2735072119|gb|PP824515.1|	98.492	100	3.91e-92	199	224707	Brevoortia patronus	bony fishes	Gulf menhaden
03c91cbf79e180c5ed49bfa5f6fb2898	gi|2329468251|gb|OP057013.1|	98.492	100	3.91e-92	199	224707	Brevoortia patronus	bony fishes	Gulf menhaden
03c91cbf79e180c5ed49bfa5f6fb2898	gi|1129799464|gb|KX686086.1|	98.974	98	1.40e-91	195	224708	Brevoortia tyrannus	bony fishes	Atlantic menhaden
03c91cbf79e180c5ed49bfa5f6fb2898	gi|1129799462|gb|KX686084.1|	98.974	98	1.40e-91	195	224708	Brevoortia tyrannus	bony fishes	Atlantic menhaden
03c91cbf79e180c5ed49bfa5f6fb2898	gi|1129799461|gb|KX686083.1|	98.974	98	1.40e-91	195	224708	Brevoortia tyrannus	bony fishes	Atlantic menhaden
03c91cbf79e180c5ed49bfa5f6fb2898	gi|2422575775|gb|OQ198737.1|	97.990	100	1.82e-90	199	329022	Brevoortia gunteri	bony fishes	finescale menhaden
03c91cbf79e180c5ed49bfa5f6fb2898	gi|2422575726|gb|OQ198733.1|	97.990	100	1.82e-90	199	329022	Brevoortia gunteri	bony fishes	finescale menhaden
6a73eece07338f66d26cd08b4962a0e3	gi|2579851516|gb|OR577203.1|	99.497	100	1.80e-95	199	224707	Brevoortia patronus	bony fishes	Gulf menhaden
6a73eece07338f66d26cd08b4962a0e3	gi|2282237323|gb|OP154163.1|	99.497	100	1.80e-95	199	224707	Brevoortia patronus	bony fishes	Gulf menhaden
6a73eece07338f66d26cd08b4962a0e3	gi|299823704|ref|NC_014266.1|	99.497	100	1.80e-95	199	224708	Brevoortia tyrannus	bony fishes	Atlantic menhaden
6a73eece07338f66d26cd08b4962a0e3	gi|2735072119|gb|PP824515.1|	98.995	100	8.39e-94	199	224707	Brevoortia patronus	bony fishes	Gulf menhaden
6a73eece07338f66d26cd08b4962a0e3	gi|2329468251|gb|OP057013.1|	98.995	100	8.39e-94	199	224707	Brevoortia patronus	bony fishes	Gulf menhaden
6a73eece07338f66d26cd08b4962a0e3	gi|1129799464|gb|KX686086.1|	99.487	98	3.02e-93	195	224708	Brevoortia tyrannus	bony fishes	Atlantic menhaden
6a73eece07338f66d26cd08b4962a0e3	gi|1129799462|gb|KX686084.1|	99.487	98	3.02e-93	195	224708	Brevoortia tyrannus	bony fishes	Atlantic menhaden
6a73eece07338f66d26cd08b4962a0e3	gi|1129799461|gb|KX686083.1|	99.487	98	3.02e-93	195	224708	Brevoortia tyrannus	bony fishes	Atlantic menhaden
6a73eece07338f66d26cd08b4962a0e3	gi|2422575726|gb|OQ198733.1|	98.492	100	3.91e-92	199	329022	Brevoortia gunteri	bony fishes	finescale menhaden
6a73eece07338f66d26cd08b4962a0e3	gi|2422575653|gb|OQ198728.1|	98.492	100	3.91e-92	199	329022	Brevoortia gunteri	bony fishes	finescale menhaden
83c3aeb8ee5a2572da2379f2c2b2d436	gi|2579851516|gb|OR577203.1|	99.497	100	1.80e-95	199	224707	Brevoortia patronus	bony fishes	Gulf menhaden
83c3aeb8ee5a2572da2379f2c2b2d436	gi|2282237323|gb|OP154163.1|	99.497	100	1.80e-95	199	224707	Brevoortia patronus	bony fishes	Gulf menhaden
83c3aeb8ee5a2572da2379f2c2b2d436	gi|299823704|ref|NC_014266.1|	99.497	100	1.80e-95	199	224708	Brevoortia tyrannus	bony fishes	Atlantic menhaden
83c3aeb8ee5a2572da2379f2c2b2d436	gi|2735072119|gb|PP824515.1|	98.995	100	8.39e-94	199	224707	Brevoortia patronus	bony fishes	Gulf menhaden
83c3aeb8ee5a2572da2379f2c2b2d436	gi|2329468251|gb|OP057013.1|	98.995	100	8.39e-94	199	224707	Brevoortia patronus	bony fishes	Gulf menhaden
83c3aeb8ee5a2572da2379f2c2b2d436	gi|1129799464|gb|KX686086.1|	99.487	98	3.02e-93	195	224708	Brevoortia tyrannus	bony fishes	Atlantic menhaden
83c3aeb8ee5a2572da2379f2c2b2d436	gi|1129799462|gb|KX686084.1|	99.487	98	3.02e-93	195	224708	Brevoortia tyrannus	bony fishes	Atlantic menhaden
83c3aeb8ee5a2572da2379f2c2b2d436	gi|1129799461|gb|KX686083.1|	99.487	98	3.02e-93	195	224708	Brevoortia tyrannus	bony fishes	Atlantic menhaden
83c3aeb8ee5a2572da2379f2c2b2d436	gi|2422575726|gb|OQ198733.1|	98.492	100	3.91e-92	199	329022	Brevoortia gunteri	bony fishes	finescale menhaden
83c3aeb8ee5a2572da2379f2c2b2d436	gi|2422575653|gb|OQ198728.1|	98.492	100	3.91e-92	199	329022	Brevoortia gunteri	bony fishes	finescale menhaden
be58dc74ba1125ae068973c06e382bce	gi|2579851516|gb|OR577203.1|	99.497	100	1.80e-95	199	224707	Brevoortia patronus	bony fishes	Gulf menhaden
be58dc74ba1125ae068973c06e382bce	gi|2282237323|gb|OP154163.1|	99.497	100	1.80e-95	199	224707	Brevoortia patronus	bony fishes	Gulf menhaden
be58dc74ba1125ae068973c06e382bce	gi|299823704|ref|NC_014266.1|	99.497	100	1.80e-95	199	224708	Brevoortia tyrannus	bony fishes	Atlantic menhaden
be58dc74ba1125ae068973c06e382bce	gi|2735072119|gb|PP824515.1|	98.995	100	8.39e-94	199	224707	Brevoortia patronus	bony fishes	Gulf menhaden
be58dc74ba1125ae068973c06e382bce	gi|2329468251|gb|OP057013.1|	98.995	100	8.39e-94	199	224707	Brevoortia patronus	bony fishes	Gulf menhaden
be58dc74ba1125ae068973c06e382bce	gi|1129799464|gb|KX686086.1|	99.487	98	3.02e-93	195	224708	Brevoortia tyrannus	bony fishes	Atlantic menhaden
be58dc74ba1125ae068973c06e382bce	gi|1129799462|gb|KX686084.1|	99.487	98	3.02e-93	195	224708	Brevoortia tyrannus	bony fishes	Atlantic menhaden
be58dc74ba1125ae068973c06e382bce	gi|1129799461|gb|KX686083.1|	99.487	98	3.02e-93	195	224708	Brevoortia tyrannus	bony fishes	Atlantic menhaden
be58dc74ba1125ae068973c06e382bce	gi|2422575726|gb|OQ198733.1|	98.492	100	3.91e-92	199	329022	Brevoortia gunteri	bony fishes	finescale menhaden
be58dc74ba1125ae068973c06e382bce	gi|2422575653|gb|OQ198728.1|	98.492	100	3.91e-92	199	329022	Brevoortia gunteri	bony fishes	finescale menhaden
8e0db2a7df4890015ee4ecc9b369d4c9	gi|2579851516|gb|OR577203.1|	99.497	100	1.80e-95	199	224707	Brevoortia patronus	bony fishes	Gulf menhaden
8e0db2a7df4890015ee4ecc9b369d4c9	gi|2282237323|gb|OP154163.1|	99.497	100	1.80e-95	199	224707	Brevoortia patronus	bony fishes	Gulf menhaden
8e0db2a7df4890015ee4ecc9b369d4c9	gi|299823704|ref|NC_014266.1|	99.497	100	1.80e-95	199	224708	Brevoortia tyrannus	bony fishes	Atlantic menhaden
8e0db2a7df4890015ee4ecc9b369d4c9	gi|2735072119|gb|PP824515.1|	98.995	100	8.39e-94	199	224707	Brevoortia patronus	bony fishes	Gulf menhaden
8e0db2a7df4890015ee4ecc9b369d4c9	gi|2329468251|gb|OP057013.1|	98.995	100	8.39e-94	199	224707	Brevoortia patronus	bony fishes	Gulf menhaden
8e0db2a7df4890015ee4ecc9b369d4c9	gi|1129799464|gb|KX686086.1|	99.487	98	3.02e-93	195	224708	Brevoortia tyrannus	bony fishes	Atlantic menhaden
8e0db2a7df4890015ee4ecc9b369d4c9	gi|1129799462|gb|KX686084.1|	99.487	98	3.02e-93	195	224708	Brevoortia tyrannus	bony fishes	Atlantic menhaden
8e0db2a7df4890015ee4ecc9b369d4c9	gi|1129799461|gb|KX686083.1|	99.487	98	3.02e-93	195	224708	Brevoortia tyrannus	bony fishes	Atlantic menhaden
8e0db2a7df4890015ee4ecc9b369d4c9	gi|2422575726|gb|OQ198733.1|	98.492	100	3.91e-92	199	329022	Brevoortia gunteri	bony fishes	finescale menhaden
8e0db2a7df4890015ee4ecc9b369d4c9	gi|2422575653|gb|OQ198728.1|	98.492	100	3.91e-92	199	329022	Brevoortia gunteri	bony fishes	finescale menhaden
a6b792864041d30f78a388c23dbcf212	gi|2579851516|gb|OR577203.1|	99.497	100	1.80e-95	199	224707	Brevoortia patronus	bony fishes	Gulf menhaden
a6b792864041d30f78a388c23dbcf212	gi|2282237323|gb|OP154163.1|	99.497	100	1.80e-95	199	224707	Brevoortia patronus	bony fishes	Gulf menhaden
a6b792864041d30f78a388c23dbcf212	gi|299823704|ref|NC_014266.1|	99.497	100	1.80e-95	199	224708	Brevoortia tyrannus	bony fishes	Atlantic menhaden
a6b792864041d30f78a388c23dbcf212	gi|2735072119|gb|PP824515.1|	98.995	100	8.39e-94	199	224707	Brevoortia patronus	bony fishes	Gulf menhaden
a6b792864041d30f78a388c23dbcf212	gi|2329468251|gb|OP057013.1|	98.995	100	8.39e-94	199	224707	Brevoortia patronus	bony fishes	Gulf menhaden
a6b792864041d30f78a388c23dbcf212	gi|1129799464|gb|KX686086.1|	99.487	98	3.02e-93	195	224708	Brevoortia tyrannus	bony fishes	Atlantic menhaden
a6b792864041d30f78a388c23dbcf212	gi|1129799462|gb|KX686084.1|	99.487	98	3.02e-93	195	224708	Brevoortia tyrannus	bony fishes	Atlantic menhaden
a6b792864041d30f78a388c23dbcf212	gi|1129799461|gb|KX686083.1|	99.487	98	3.02e-93	195	224708	Brevoortia tyrannus	bony fishes	Atlantic menhaden
a6b792864041d30f78a388c23dbcf212	gi|2422575726|gb|OQ198733.1|	98.492	100	3.91e-92	199	329022	Brevoortia gunteri	bony fishes	finescale menhaden
a6b792864041d30f78a388c23dbcf212	gi|2422575653|gb|OQ198728.1|	98.492	100	3.91e-92	199	329022	Brevoortia gunteri	bony fishes	finescale menhaden
f2622618c040a9e8f8ff3cc5cf4c3e02	gi|2579851516|gb|OR577203.1|	99.497	100	1.80e-95	199	224707	Brevoortia patronus	bony fishes	Gulf menhaden
f2622618c040a9e8f8ff3cc5cf4c3e02	gi|2282237323|gb|OP154163.1|	99.497	100	1.80e-95	199	224707	Brevoortia patronus	bony fishes	Gulf menhaden
f2622618c040a9e8f8ff3cc5cf4c3e02	gi|299823704|ref|NC_014266.1|	99.497	100	1.80e-95	199	224708	Brevoortia tyrannus	bony fishes	Atlantic menhaden
f2622618c040a9e8f8ff3cc5cf4c3e02	gi|2735072119|gb|PP824515.1|	98.995	100	8.39e-94	199	224707	Brevoortia patronus	bony fishes	Gulf menhaden
f2622618c040a9e8f8ff3cc5cf4c3e02	gi|2329468251|gb|OP057013.1|	98.995	100	8.39e-94	199	224707	Brevoortia patronus	bony fishes	Gulf menhaden
f2622618c040a9e8f8ff3cc5cf4c3e02	gi|1129799464|gb|KX686086.1|	99.487	98	3.02e-93	195	224708	Brevoortia tyrannus	bony fishes	Atlantic menhaden
f2622618c040a9e8f8ff3cc5cf4c3e02	gi|1129799462|gb|KX686084.1|	99.487	98	3.02e-93	195	224708	Brevoortia tyrannus	bony fishes	Atlantic menhaden
f2622618c040a9e8f8ff3cc5cf4c3e02	gi|1129799461|gb|KX686083.1|	99.487	98	3.02e-93	195	224708	Brevoortia tyrannus	bony fishes	Atlantic menhaden
f2622618c040a9e8f8ff3cc5cf4c3e02	gi|2422575726|gb|OQ198733.1|	98.492	100	3.91e-92	199	329022	Brevoortia gunteri	bony fishes	finescale menhaden
f2622618c040a9e8f8ff3cc5cf4c3e02	gi|2422575653|gb|OQ198728.1|	98.492	100	3.91e-92	199	329022	Brevoortia gunteri	bony fishes	finescale menhaden
3e7b851f80f86b495a0d7ec3556888da	gi|2735072119|gb|PP824515.1|	99.497	100	1.80e-95	199	224707	Brevoortia patronus	bony fishes	Gulf menhaden
3e7b851f80f86b495a0d7ec3556888da	gi|2329468251|gb|OP057013.1|	99.497	100	1.80e-95	199	224707	Brevoortia patronus	bony fishes	Gulf menhaden
3e7b851f80f86b495a0d7ec3556888da	gi|2579851516|gb|OR577203.1|	98.995	100	8.39e-94	199	224707	Brevoortia patronus	bony fishes	Gulf menhaden
3e7b851f80f86b495a0d7ec3556888da	gi|2282237323|gb|OP154163.1|	98.995	100	8.39e-94	199	224707	Brevoortia patronus	bony fishes	Gulf menhaden
3e7b851f80f86b495a0d7ec3556888da	gi|299823704|ref|NC_014266.1|	98.995	100	8.39e-94	199	224708	Brevoortia tyrannus	bony fishes	Atlantic menhaden
3e7b851f80f86b495a0d7ec3556888da	gi|1129799464|gb|KX686086.1|	98.974	98	1.40e-91	195	224708	Brevoortia tyrannus	bony fishes	Atlantic menhaden
3e7b851f80f86b495a0d7ec3556888da	gi|1129799462|gb|KX686084.1|	98.974	98	1.40e-91	195	224708	Brevoortia tyrannus	bony fishes	Atlantic menhaden
3e7b851f80f86b495a0d7ec3556888da	gi|1129799461|gb|KX686083.1|	98.974	98	1.40e-91	195	224708	Brevoortia tyrannus	bony fishes	Atlantic menhaden
3e7b851f80f86b495a0d7ec3556888da	gi|2422575726|gb|OQ198733.1|	97.990	100	1.82e-90	199	329022	Brevoortia gunteri	bony fishes	finescale menhaden
3e7b851f80f86b495a0d7ec3556888da	gi|2422575653|gb|OQ198728.1|	97.990	100	1.82e-90	199	329022	Brevoortia gunteri	bony fishes	finescale menhaden
f9e54d3f6ce32915d454f9462d06d2ef	gi|2579851516|gb|OR577203.1|	98.492	100	3.91e-92	199	224707	Brevoortia patronus	bony fishes	Gulf menhaden
f9e54d3f6ce32915d454f9462d06d2ef	gi|2282237323|gb|OP154163.1|	98.492	100	3.91e-92	199	224707	Brevoortia patronus	bony fishes	Gulf menhaden
f9e54d3f6ce32915d454f9462d06d2ef	gi|299823704|ref|NC_014266.1|	98.492	100	3.91e-92	199	224708	Brevoortia tyrannus	bony fishes	Atlantic menhaden
f9e54d3f6ce32915d454f9462d06d2ef	gi|2735072119|gb|PP824515.1|	97.990	100	1.82e-90	199	224707	Brevoortia patronus	bony fishes	Gulf menhaden
f9e54d3f6ce32915d454f9462d06d2ef	gi|2329468251|gb|OP057013.1|	97.990	100	1.82e-90	199	224707	Brevoortia patronus	bony fishes	Gulf menhaden
f9e54d3f6ce32915d454f9462d06d2ef	gi|1129799464|gb|KX686086.1|	98.462	98	6.54e-90	195	224708	Brevoortia tyrannus	bony fishes	Atlantic menhaden
f9e54d3f6ce32915d454f9462d06d2ef	gi|1129799462|gb|KX686084.1|	98.462	98	6.54e-90	195	224708	Brevoortia tyrannus	bony fishes	Atlantic menhaden
f9e54d3f6ce32915d454f9462d06d2ef	gi|1129799461|gb|KX686083.1|	98.462	98	6.54e-90	195	224708	Brevoortia tyrannus	bony fishes	Atlantic menhaden
f9e54d3f6ce32915d454f9462d06d2ef	gi|2422575726|gb|OQ198733.1|	97.487	100	8.45e-89	199	329022	Brevoortia gunteri	bony fishes	finescale menhaden
f9e54d3f6ce32915d454f9462d06d2ef	gi|2422575653|gb|OQ198728.1|	97.487	100	8.45e-89	199	329022	Brevoortia gunteri	bony fishes	finescale menhaden
a791bec4e7ce56769c2b65ebab906bda	gi|2579851516|gb|OR577203.1|	99.497	100	1.80e-95	199	224707	Brevoortia patronus	bony fishes	Gulf menhaden
a791bec4e7ce56769c2b65ebab906bda	gi|2422575726|gb|OQ198733.1|	99.497	100	1.80e-95	199	329022	Brevoortia gunteri	bony fishes	finescale menhaden
a791bec4e7ce56769c2b65ebab906bda	gi|2282237323|gb|OP154163.1|	99.497	100	1.80e-95	199	224707	Brevoortia patronus	bony fishes	Gulf menhaden
a791bec4e7ce56769c2b65ebab906bda	gi|299823704|ref|NC_014266.1|	99.497	100	1.80e-95	199	224708	Brevoortia tyrannus	bony fishes	Atlantic menhaden
a791bec4e7ce56769c2b65ebab906bda	gi|1129799463|gb|KX686085.1|	100.000	98	6.49e-95	195	224708	Brevoortia tyrannus	bony fishes	Atlantic menhaden
a791bec4e7ce56769c2b65ebab906bda	gi|2735072119|gb|PP824515.1|	98.995	100	8.39e-94	199	224707	Brevoortia patronus	bony fishes	Gulf menhaden
a791bec4e7ce56769c2b65ebab906bda	gi|2329468251|gb|OP057013.1|	98.995	100	8.39e-94	199	224707	Brevoortia patronus	bony fishes	Gulf menhaden
a791bec4e7ce56769c2b65ebab906bda	gi|2329468243|gb|OP057005.1|	98.995	100	8.39e-94	199	329022	Brevoortia gunteri	bony fishes	finescale menhaden
a791bec4e7ce56769c2b65ebab906bda	gi|2329468177|gb|OP056939.1|	98.995	100	8.39e-94	199	329023	Brevoortia smithi	bony fishes	yellowfin menhaden
a791bec4e7ce56769c2b65ebab906bda	gi|2422575831|gb|OQ198739.1|	98.995	100	8.39e-94	199	329022	Brevoortia gunteri	bony fishes	finescale menhaden
9cc395376aad315bc43a82cb3cce89ca	gi|1337993116|gb|MG570440.1|	99.497	100	1.80e-95	199	34774	Alosa pseudoharengus	bony fishes	alewife
9cc395376aad315bc43a82cb3cce89ca	gi|1337993102|gb|MG570439.1|	99.497	100	1.80e-95	199	34774	Alosa pseudoharengus	bony fishes	alewife
9cc395376aad315bc43a82cb3cce89ca	gi|1337992850|gb|MG570421.1|	99.497	100	1.80e-95	199	34774	Alosa pseudoharengus	bony fishes	alewife
9cc395376aad315bc43a82cb3cce89ca	gi|2514521491|gb|OR094922.1|	99.497	100	1.80e-95	199	34774	Alosa pseudoharengus	bony fishes	alewife
9cc395376aad315bc43a82cb3cce89ca	gi|2514521488|gb|OR094921.1|	99.497	100	1.80e-95	199	34774	Alosa pseudoharengus	bony fishes	alewife
9cc395376aad315bc43a82cb3cce89ca	gi|2514521486|gb|OR094920.1|	99.497	100	1.80e-95	199	34774	Alosa pseudoharengus	bony fishes	alewife
9cc395376aad315bc43a82cb3cce89ca	gi|2514521484|gb|OR094919.1|	99.497	100	1.80e-95	199	34774	Alosa pseudoharengus	bony fishes	alewife
9cc395376aad315bc43a82cb3cce89ca	gi|2514521482|gb|OR094918.1|	99.497	100	1.80e-95	199	34774	Alosa pseudoharengus	bony fishes	alewife
9cc395376aad315bc43a82cb3cce89ca	gi|2514521479|gb|OR094917.1|	99.497	100	1.80e-95	199	34774	Alosa pseudoharengus	bony fishes	alewife
9cc395376aad315bc43a82cb3cce89ca	gi|2514521311|gb|OR094996.1|	99.497	100	1.80e-95	199	34774	Alosa pseudoharengus	bony fishes	alewife
793a08c957b05237f0d0da8fa2eeb6be	gi|1337993116|gb|MG570440.1|	99.497	100	1.80e-95	199	34774	Alosa pseudoharengus	bony fishes	alewife
793a08c957b05237f0d0da8fa2eeb6be	gi|1337993102|gb|MG570439.1|	99.497	100	1.80e-95	199	34774	Alosa pseudoharengus	bony fishes	alewife
793a08c957b05237f0d0da8fa2eeb6be	gi|1337992850|gb|MG570421.1|	99.497	100	1.80e-95	199	34774	Alosa pseudoharengus	bony fishes	alewife
793a08c957b05237f0d0da8fa2eeb6be	gi|2514521491|gb|OR094922.1|	99.497	100	1.80e-95	199	34774	Alosa pseudoharengus	bony fishes	alewife
793a08c957b05237f0d0da8fa2eeb6be	gi|2514521488|gb|OR094921.1|	99.497	100	1.80e-95	199	34774	Alosa pseudoharengus	bony fishes	alewife
793a08c957b05237f0d0da8fa2eeb6be	gi|2514521486|gb|OR094920.1|	99.497	100	1.80e-95	199	34774	Alosa pseudoharengus	bony fishes	alewife
793a08c957b05237f0d0da8fa2eeb6be	gi|2514521484|gb|OR094919.1|	99.497	100	1.80e-95	199	34774	Alosa pseudoharengus	bony fishes	alewife
793a08c957b05237f0d0da8fa2eeb6be	gi|2514521482|gb|OR094918.1|	99.497	100	1.80e-95	199	34774	Alosa pseudoharengus	bony fishes	alewife
793a08c957b05237f0d0da8fa2eeb6be	gi|2514521479|gb|OR094917.1|	99.497	100	1.80e-95	199	34774	Alosa pseudoharengus	bony fishes	alewife
793a08c957b05237f0d0da8fa2eeb6be	gi|2514521311|gb|OR094996.1|	99.497	100	1.80e-95	199	34774	Alosa pseudoharengus	bony fishes	alewife
d9d4f7aa2966283461b07ff051718308	gi|1337993116|gb|MG570440.1|	99.497	100	1.80e-95	199	34774	Alosa pseudoharengus	bony fishes	alewife
d9d4f7aa2966283461b07ff051718308	gi|1337993102|gb|MG570439.1|	99.497	100	1.80e-95	199	34774	Alosa pseudoharengus	bony fishes	alewife
d9d4f7aa2966283461b07ff051718308	gi|1337992850|gb|MG570421.1|	99.497	100	1.80e-95	199	34774	Alosa pseudoharengus	bony fishes	alewife
d9d4f7aa2966283461b07ff051718308	gi|2514521491|gb|OR094922.1|	99.497	100	1.80e-95	199	34774	Alosa pseudoharengus	bony fishes	alewife
d9d4f7aa2966283461b07ff051718308	gi|2514521488|gb|OR094921.1|	99.497	100	1.80e-95	199	34774	Alosa pseudoharengus	bony fishes	alewife
d9d4f7aa2966283461b07ff051718308	gi|2514521486|gb|OR094920.1|	99.497	100	1.80e-95	199	34774	Alosa pseudoharengus	bony fishes	alewife
d9d4f7aa2966283461b07ff051718308	gi|2514521484|gb|OR094919.1|	99.497	100	1.80e-95	199	34774	Alosa pseudoharengus	bony fishes	alewife
d9d4f7aa2966283461b07ff051718308	gi|2514521482|gb|OR094918.1|	99.497	100	1.80e-95	199	34774	Alosa pseudoharengus	bony fishes	alewife
d9d4f7aa2966283461b07ff051718308	gi|2514521479|gb|OR094917.1|	99.497	100	1.80e-95	199	34774	Alosa pseudoharengus	bony fishes	alewife
d9d4f7aa2966283461b07ff051718308	gi|2514521311|gb|OR094996.1|	99.497	100	1.80e-95	199	34774	Alosa pseudoharengus	bony fishes	alewife
832f3fae631843dbb32d30f8555275a7	gi|1337993116|gb|MG570440.1|	100.000	100	3.88e-97	199	34774	Alosa pseudoharengus	bony fishes	alewife
832f3fae631843dbb32d30f8555275a7	gi|1337993102|gb|MG570439.1|	100.000	100	3.88e-97	199	34774	Alosa pseudoharengus	bony fishes	alewife
832f3fae631843dbb32d30f8555275a7	gi|1337992850|gb|MG570421.1|	100.000	100	3.88e-97	199	34774	Alosa pseudoharengus	bony fishes	alewife
832f3fae631843dbb32d30f8555275a7	gi|2514521491|gb|OR094922.1|	100.000	100	3.88e-97	199	34774	Alosa pseudoharengus	bony fishes	alewife
832f3fae631843dbb32d30f8555275a7	gi|2514521488|gb|OR094921.1|	100.000	100	3.88e-97	199	34774	Alosa pseudoharengus	bony fishes	alewife
832f3fae631843dbb32d30f8555275a7	gi|2514521486|gb|OR094920.1|	100.000	100	3.88e-97	199	34774	Alosa pseudoharengus	bony fishes	alewife
832f3fae631843dbb32d30f8555275a7	gi|2514521484|gb|OR094919.1|	100.000	100	3.88e-97	199	34774	Alosa pseudoharengus	bony fishes	alewife
832f3fae631843dbb32d30f8555275a7	gi|2514521482|gb|OR094918.1|	100.000	100	3.88e-97	199	34774	Alosa pseudoharengus	bony fishes	alewife
832f3fae631843dbb32d30f8555275a7	gi|2514521479|gb|OR094917.1|	100.000	100	3.88e-97	199	34774	Alosa pseudoharengus	bony fishes	alewife
832f3fae631843dbb32d30f8555275a7	gi|2514521311|gb|OR094996.1|	100.000	100	3.88e-97	199	34774	Alosa pseudoharengus	bony fishes	alewife
7bac9b1e526c0f28360e930ec1a93856	gi|1337993116|gb|MG570440.1|	99.497	100	1.80e-95	199	34774	Alosa pseudoharengus	bony fishes	alewife
7bac9b1e526c0f28360e930ec1a93856	gi|1337993102|gb|MG570439.1|	99.497	100	1.80e-95	199	34774	Alosa pseudoharengus	bony fishes	alewife
7bac9b1e526c0f28360e930ec1a93856	gi|1337992850|gb|MG570421.1|	99.497	100	1.80e-95	199	34774	Alosa pseudoharengus	bony fishes	alewife
7bac9b1e526c0f28360e930ec1a93856	gi|2514521491|gb|OR094922.1|	99.497	100	1.80e-95	199	34774	Alosa pseudoharengus	bony fishes	alewife
7bac9b1e526c0f28360e930ec1a93856	gi|2514521488|gb|OR094921.1|	99.497	100	1.80e-95	199	34774	Alosa pseudoharengus	bony fishes	alewife
7bac9b1e526c0f28360e930ec1a93856	gi|2514521486|gb|OR094920.1|	99.497	100	1.80e-95	199	34774	Alosa pseudoharengus	bony fishes	alewife
7bac9b1e526c0f28360e930ec1a93856	gi|2514521484|gb|OR094919.1|	99.497	100	1.80e-95	199	34774	Alosa pseudoharengus	bony fishes	alewife
7bac9b1e526c0f28360e930ec1a93856	gi|2514521482|gb|OR094918.1|	99.497	100	1.80e-95	199	34774	Alosa pseudoharengus	bony fishes	alewife
7bac9b1e526c0f28360e930ec1a93856	gi|2514521479|gb|OR094917.1|	99.497	100	1.80e-95	199	34774	Alosa pseudoharengus	bony fishes	alewife
7bac9b1e526c0f28360e930ec1a93856	gi|2514521311|gb|OR094996.1|	99.497	100	1.80e-95	199	34774	Alosa pseudoharengus	bony fishes	alewife
a7f35f8c6c0b25fc4ff4871f76e9d528	gi|1337993116|gb|MG570440.1|	99.497	100	1.80e-95	199	34774	Alosa pseudoharengus	bony fishes	alewife
a7f35f8c6c0b25fc4ff4871f76e9d528	gi|1337993102|gb|MG570439.1|	99.497	100	1.80e-95	199	34774	Alosa pseudoharengus	bony fishes	alewife
a7f35f8c6c0b25fc4ff4871f76e9d528	gi|1337992850|gb|MG570421.1|	99.497	100	1.80e-95	199	34774	Alosa pseudoharengus	bony fishes	alewife
a7f35f8c6c0b25fc4ff4871f76e9d528	gi|2514521491|gb|OR094922.1|	99.497	100	1.80e-95	199	34774	Alosa pseudoharengus	bony fishes	alewife
a7f35f8c6c0b25fc4ff4871f76e9d528	gi|2514521488|gb|OR094921.1|	99.497	100	1.80e-95	199	34774	Alosa pseudoharengus	bony fishes	alewife
a7f35f8c6c0b25fc4ff4871f76e9d528	gi|2514521486|gb|OR094920.1|	99.497	100	1.80e-95	199	34774	Alosa pseudoharengus	bony fishes	alewife
a7f35f8c6c0b25fc4ff4871f76e9d528	gi|2514521484|gb|OR094919.1|	99.497	100	1.80e-95	199	34774	Alosa pseudoharengus	bony fishes	alewife
a7f35f8c6c0b25fc4ff4871f76e9d528	gi|2514521482|gb|OR094918.1|	99.497	100	1.80e-95	199	34774	Alosa pseudoharengus	bony fishes	alewife
a7f35f8c6c0b25fc4ff4871f76e9d528	gi|2514521479|gb|OR094917.1|	99.497	100	1.80e-95	199	34774	Alosa pseudoharengus	bony fishes	alewife
a7f35f8c6c0b25fc4ff4871f76e9d528	gi|2514521311|gb|OR094996.1|	99.497	100	1.80e-95	199	34774	Alosa pseudoharengus	bony fishes	alewife
6d1ae9e4fe32263abf28a558a419cba4	gi|1337993116|gb|MG570440.1|	99.497	100	1.80e-95	199	34774	Alosa pseudoharengus	bony fishes	alewife
6d1ae9e4fe32263abf28a558a419cba4	gi|1337993102|gb|MG570439.1|	99.497	100	1.80e-95	199	34774	Alosa pseudoharengus	bony fishes	alewife
6d1ae9e4fe32263abf28a558a419cba4	gi|1337992850|gb|MG570421.1|	99.497	100	1.80e-95	199	34774	Alosa pseudoharengus	bony fishes	alewife
6d1ae9e4fe32263abf28a558a419cba4	gi|2514521491|gb|OR094922.1|	99.497	100	1.80e-95	199	34774	Alosa pseudoharengus	bony fishes	alewife
6d1ae9e4fe32263abf28a558a419cba4	gi|2514521488|gb|OR094921.1|	99.497	100	1.80e-95	199	34774	Alosa pseudoharengus	bony fishes	alewife
6d1ae9e4fe32263abf28a558a419cba4	gi|2514521486|gb|OR094920.1|	99.497	100	1.80e-95	199	34774	Alosa pseudoharengus	bony fishes	alewife
6d1ae9e4fe32263abf28a558a419cba4	gi|2514521484|gb|OR094919.1|	99.497	100	1.80e-95	199	34774	Alosa pseudoharengus	bony fishes	alewife
6d1ae9e4fe32263abf28a558a419cba4	gi|2514521482|gb|OR094918.1|	99.497	100	1.80e-95	199	34774	Alosa pseudoharengus	bony fishes	alewife
6d1ae9e4fe32263abf28a558a419cba4	gi|2514521479|gb|OR094917.1|	99.497	100	1.80e-95	199	34774	Alosa pseudoharengus	bony fishes	alewife
6d1ae9e4fe32263abf28a558a419cba4	gi|2514521311|gb|OR094996.1|	99.497	100	1.80e-95	199	34774	Alosa pseudoharengus	bony fishes	alewife
0bf683e754c28ff5cee38346fd1bfe35	gi|1337993116|gb|MG570440.1|	99.497	100	1.80e-95	199	34774	Alosa pseudoharengus	bony fishes	alewife
0bf683e754c28ff5cee38346fd1bfe35	gi|1337993102|gb|MG570439.1|	99.497	100	1.80e-95	199	34774	Alosa pseudoharengus	bony fishes	alewife
0bf683e754c28ff5cee38346fd1bfe35	gi|1337992850|gb|MG570421.1|	99.497	100	1.80e-95	199	34774	Alosa pseudoharengus	bony fishes	alewife
0bf683e754c28ff5cee38346fd1bfe35	gi|2514521491|gb|OR094922.1|	99.497	100	1.80e-95	199	34774	Alosa pseudoharengus	bony fishes	alewife
0bf683e754c28ff5cee38346fd1bfe35	gi|2514521488|gb|OR094921.1|	99.497	100	1.80e-95	199	34774	Alosa pseudoharengus	bony fishes	alewife
0bf683e754c28ff5cee38346fd1bfe35	gi|2514521486|gb|OR094920.1|	99.497	100	1.80e-95	199	34774	Alosa pseudoharengus	bony fishes	alewife
0bf683e754c28ff5cee38346fd1bfe35	gi|2514521484|gb|OR094919.1|	99.497	100	1.80e-95	199	34774	Alosa pseudoharengus	bony fishes	alewife
0bf683e754c28ff5cee38346fd1bfe35	gi|2514521482|gb|OR094918.1|	99.497	100	1.80e-95	199	34774	Alosa pseudoharengus	bony fishes	alewife
0bf683e754c28ff5cee38346fd1bfe35	gi|2514521479|gb|OR094917.1|	99.497	100	1.80e-95	199	34774	Alosa pseudoharengus	bony fishes	alewife
0bf683e754c28ff5cee38346fd1bfe35	gi|2514521311|gb|OR094996.1|	99.497	100	1.80e-95	199	34774	Alosa pseudoharengus	bony fishes	alewife
2e7b7adabe8550249c6d2116b3bbe276	gi|1337993116|gb|MG570440.1|	99.497	100	1.80e-95	199	34774	Alosa pseudoharengus	bony fishes	alewife
2e7b7adabe8550249c6d2116b3bbe276	gi|1337993102|gb|MG570439.1|	99.497	100	1.80e-95	199	34774	Alosa pseudoharengus	bony fishes	alewife
2e7b7adabe8550249c6d2116b3bbe276	gi|1337992850|gb|MG570421.1|	99.497	100	1.80e-95	199	34774	Alosa pseudoharengus	bony fishes	alewife
2e7b7adabe8550249c6d2116b3bbe276	gi|2514521491|gb|OR094922.1|	99.497	100	1.80e-95	199	34774	Alosa pseudoharengus	bony fishes	alewife
2e7b7adabe8550249c6d2116b3bbe276	gi|2514521488|gb|OR094921.1|	99.497	100	1.80e-95	199	34774	Alosa pseudoharengus	bony fishes	alewife
2e7b7adabe8550249c6d2116b3bbe276	gi|2514521486|gb|OR094920.1|	99.497	100	1.80e-95	199	34774	Alosa pseudoharengus	bony fishes	alewife
2e7b7adabe8550249c6d2116b3bbe276	gi|2514521484|gb|OR094919.1|	99.497	100	1.80e-95	199	34774	Alosa pseudoharengus	bony fishes	alewife
2e7b7adabe8550249c6d2116b3bbe276	gi|2514521482|gb|OR094918.1|	99.497	100	1.80e-95	199	34774	Alosa pseudoharengus	bony fishes	alewife
2e7b7adabe8550249c6d2116b3bbe276	gi|2514521479|gb|OR094917.1|	99.497	100	1.80e-95	199	34774	Alosa pseudoharengus	bony fishes	alewife
2e7b7adabe8550249c6d2116b3bbe276	gi|2514521311|gb|OR094996.1|	99.497	100	1.80e-95	199	34774	Alosa pseudoharengus	bony fishes	alewife
75cf065a0a49c1a0e51e610331a9d56a	gi|1802790973|gb|MN122939.1|	100.000	100	3.88e-97	199	278165	Alosa fallax	bony fishes	twaite shad
75cf065a0a49c1a0e51e610331a9d56a	gi|1337993032|gb|MG570434.1|	100.000	100	3.88e-97	199	34773	Alosa sapidissima	bony fishes	American shad
75cf065a0a49c1a0e51e610331a9d56a	gi|1337992864|gb|MG570422.1|	100.000	100	3.88e-97	199	34773	Alosa sapidissima	bony fishes	American shad
75cf065a0a49c1a0e51e610331a9d56a	gi|2745579684|gb|PP928730.1|	100.000	100	3.88e-97	199	278165	Alosa fallax	bony fishes	twaite shad
75cf065a0a49c1a0e51e610331a9d56a	gi|1215348343|gb|KY769128.1|	100.000	100	3.88e-97	199	34773	Alosa sapidissima	bony fishes	American shad
75cf065a0a49c1a0e51e610331a9d56a	gi|2714808861|gb|PP620795.1|	100.000	100	3.88e-97	199	34773	Alosa sapidissima	bony fishes	American shad
75cf065a0a49c1a0e51e610331a9d56a	gi|2305125914|gb|OL471032.1|	100.000	100	3.88e-97	199	34773	Alosa sapidissima	bony fishes	American shad
75cf065a0a49c1a0e51e610331a9d56a	gi|2305125889|gb|OL457430.1|	100.000	100	3.88e-97	199	34773	Alosa sapidissima	bony fishes	American shad
75cf065a0a49c1a0e51e610331a9d56a	gi|2187163222|emb|OV522637.1|	100.000	100	3.88e-97	199	278165	Alosa fallax	bony fishes	twaite shad
75cf065a0a49c1a0e51e610331a9d56a	gi|1896499027|gb|MT410940.1|	100.000	100	3.88e-97	199	278165	Alosa fallax	bony fishes	twaite shad
ab6884de8f3a432b1f8628b60b474cf2	gi|1337993116|gb|MG570440.1|	99.497	100	1.80e-95	199	34774	Alosa pseudoharengus	bony fishes	alewife
ab6884de8f3a432b1f8628b60b474cf2	gi|1337993102|gb|MG570439.1|	99.497	100	1.80e-95	199	34774	Alosa pseudoharengus	bony fishes	alewife
ab6884de8f3a432b1f8628b60b474cf2	gi|1337992850|gb|MG570421.1|	99.497	100	1.80e-95	199	34774	Alosa pseudoharengus	bony fishes	alewife
ab6884de8f3a432b1f8628b60b474cf2	gi|2514521491|gb|OR094922.1|	99.497	100	1.80e-95	199	34774	Alosa pseudoharengus	bony fishes	alewife
ab6884de8f3a432b1f8628b60b474cf2	gi|2514521488|gb|OR094921.1|	99.497	100	1.80e-95	199	34774	Alosa pseudoharengus	bony fishes	alewife
ab6884de8f3a432b1f8628b60b474cf2	gi|2514521486|gb|OR094920.1|	99.497	100	1.80e-95	199	34774	Alosa pseudoharengus	bony fishes	alewife
ab6884de8f3a432b1f8628b60b474cf2	gi|2514521484|gb|OR094919.1|	99.497	100	1.80e-95	199	34774	Alosa pseudoharengus	bony fishes	alewife
ab6884de8f3a432b1f8628b60b474cf2	gi|2514521482|gb|OR094918.1|	99.497	100	1.80e-95	199	34774	Alosa pseudoharengus	bony fishes	alewife
ab6884de8f3a432b1f8628b60b474cf2	gi|2514521479|gb|OR094917.1|	99.497	100	1.80e-95	199	34774	Alosa pseudoharengus	bony fishes	alewife
ab6884de8f3a432b1f8628b60b474cf2	gi|2514521311|gb|OR094996.1|	99.497	100	1.80e-95	199	34774	Alosa pseudoharengus	bony fishes	alewife
b462857d9ed51b029e4dba35a1c69683	gi|1337993116|gb|MG570440.1|	99.497	100	1.80e-95	199	34774	Alosa pseudoharengus	bony fishes	alewife
b462857d9ed51b029e4dba35a1c69683	gi|1337993102|gb|MG570439.1|	99.497	100	1.80e-95	199	34774	Alosa pseudoharengus	bony fishes	alewife
b462857d9ed51b029e4dba35a1c69683	gi|1337992850|gb|MG570421.1|	99.497	100	1.80e-95	199	34774	Alosa pseudoharengus	bony fishes	alewife
b462857d9ed51b029e4dba35a1c69683	gi|2514521491|gb|OR094922.1|	99.497	100	1.80e-95	199	34774	Alosa pseudoharengus	bony fishes	alewife
b462857d9ed51b029e4dba35a1c69683	gi|2514521488|gb|OR094921.1|	99.497	100	1.80e-95	199	34774	Alosa pseudoharengus	bony fishes	alewife
b462857d9ed51b029e4dba35a1c69683	gi|2514521486|gb|OR094920.1|	99.497	100	1.80e-95	199	34774	Alosa pseudoharengus	bony fishes	alewife
b462857d9ed51b029e4dba35a1c69683	gi|2514521484|gb|OR094919.1|	99.497	100	1.80e-95	199	34774	Alosa pseudoharengus	bony fishes	alewife
b462857d9ed51b029e4dba35a1c69683	gi|2514521482|gb|OR094918.1|	99.497	100	1.80e-95	199	34774	Alosa pseudoharengus	bony fishes	alewife
b462857d9ed51b029e4dba35a1c69683	gi|2514521479|gb|OR094917.1|	99.497	100	1.80e-95	199	34774	Alosa pseudoharengus	bony fishes	alewife
b462857d9ed51b029e4dba35a1c69683	gi|2514521311|gb|OR094996.1|	99.497	100	1.80e-95	199	34774	Alosa pseudoharengus	bony fishes	alewife
7d3560b4cd4af421caf8d7b8cd7db9d2	gi|1802790973|gb|MN122939.1|	99.497	100	1.80e-95	199	278165	Alosa fallax	bony fishes	twaite shad
7d3560b4cd4af421caf8d7b8cd7db9d2	gi|1337993032|gb|MG570434.1|	99.497	100	1.80e-95	199	34773	Alosa sapidissima	bony fishes	American shad
7d3560b4cd4af421caf8d7b8cd7db9d2	gi|1337992864|gb|MG570422.1|	99.497	100	1.80e-95	199	34773	Alosa sapidissima	bony fishes	American shad
7d3560b4cd4af421caf8d7b8cd7db9d2	gi|2745579684|gb|PP928730.1|	99.497	100	1.80e-95	199	278165	Alosa fallax	bony fishes	twaite shad
7d3560b4cd4af421caf8d7b8cd7db9d2	gi|1215348343|gb|KY769128.1|	99.497	100	1.80e-95	199	34773	Alosa sapidissima	bony fishes	American shad
7d3560b4cd4af421caf8d7b8cd7db9d2	gi|2714808861|gb|PP620795.1|	99.497	100	1.80e-95	199	34773	Alosa sapidissima	bony fishes	American shad
7d3560b4cd4af421caf8d7b8cd7db9d2	gi|2305125914|gb|OL471032.1|	99.497	100	1.80e-95	199	34773	Alosa sapidissima	bony fishes	American shad
7d3560b4cd4af421caf8d7b8cd7db9d2	gi|2305125889|gb|OL457430.1|	99.497	100	1.80e-95	199	34773	Alosa sapidissima	bony fishes	American shad
7d3560b4cd4af421caf8d7b8cd7db9d2	gi|2187163222|emb|OV522637.1|	99.497	100	1.80e-95	199	278165	Alosa fallax	bony fishes	twaite shad
7d3560b4cd4af421caf8d7b8cd7db9d2	gi|1896499027|gb|MT410940.1|	99.497	100	1.80e-95	199	278165	Alosa fallax	bony fishes	twaite shad
16ecf20da8c80d088ba4c1800881da8d	gi|1802790973|gb|MN122939.1|	99.497	100	1.80e-95	199	278165	Alosa fallax	bony fishes	twaite shad
16ecf20da8c80d088ba4c1800881da8d	gi|1337993032|gb|MG570434.1|	99.497	100	1.80e-95	199	34773	Alosa sapidissima	bony fishes	American shad
16ecf20da8c80d088ba4c1800881da8d	gi|1337992864|gb|MG570422.1|	99.497	100	1.80e-95	199	34773	Alosa sapidissima	bony fishes	American shad
16ecf20da8c80d088ba4c1800881da8d	gi|2745579684|gb|PP928730.1|	99.497	100	1.80e-95	199	278165	Alosa fallax	bony fishes	twaite shad
16ecf20da8c80d088ba4c1800881da8d	gi|1215348343|gb|KY769128.1|	99.497	100	1.80e-95	199	34773	Alosa sapidissima	bony fishes	American shad
16ecf20da8c80d088ba4c1800881da8d	gi|2714808861|gb|PP620795.1|	99.497	100	1.80e-95	199	34773	Alosa sapidissima	bony fishes	American shad
16ecf20da8c80d088ba4c1800881da8d	gi|2305125914|gb|OL471032.1|	99.497	100	1.80e-95	199	34773	Alosa sapidissima	bony fishes	American shad
16ecf20da8c80d088ba4c1800881da8d	gi|2305125889|gb|OL457430.1|	99.497	100	1.80e-95	199	34773	Alosa sapidissima	bony fishes	American shad
16ecf20da8c80d088ba4c1800881da8d	gi|2187163222|emb|OV522637.1|	99.497	100	1.80e-95	199	278165	Alosa fallax	bony fishes	twaite shad
16ecf20da8c80d088ba4c1800881da8d	gi|1896499027|gb|MT410940.1|	99.497	100	1.80e-95	199	278165	Alosa fallax	bony fishes	twaite shad
2e282247b9f556294244bf26b1c2df6b	gi|1337993116|gb|MG570440.1|	99.497	100	1.80e-95	199	34774	Alosa pseudoharengus	bony fishes	alewife
2e282247b9f556294244bf26b1c2df6b	gi|1337993102|gb|MG570439.1|	99.497	100	1.80e-95	199	34774	Alosa pseudoharengus	bony fishes	alewife
2e282247b9f556294244bf26b1c2df6b	gi|1337992850|gb|MG570421.1|	99.497	100	1.80e-95	199	34774	Alosa pseudoharengus	bony fishes	alewife
2e282247b9f556294244bf26b1c2df6b	gi|2514521491|gb|OR094922.1|	99.497	100	1.80e-95	199	34774	Alosa pseudoharengus	bony fishes	alewife
2e282247b9f556294244bf26b1c2df6b	gi|2514521488|gb|OR094921.1|	99.497	100	1.80e-95	199	34774	Alosa pseudoharengus	bony fishes	alewife
2e282247b9f556294244bf26b1c2df6b	gi|2514521486|gb|OR094920.1|	99.497	100	1.80e-95	199	34774	Alosa pseudoharengus	bony fishes	alewife
2e282247b9f556294244bf26b1c2df6b	gi|2514521484|gb|OR094919.1|	99.497	100	1.80e-95	199	34774	Alosa pseudoharengus	bony fishes	alewife
2e282247b9f556294244bf26b1c2df6b	gi|2514521482|gb|OR094918.1|	99.497	100	1.80e-95	199	34774	Alosa pseudoharengus	bony fishes	alewife
2e282247b9f556294244bf26b1c2df6b	gi|2514521479|gb|OR094917.1|	99.497	100	1.80e-95	199	34774	Alosa pseudoharengus	bony fishes	alewife
2e282247b9f556294244bf26b1c2df6b	gi|2514521311|gb|OR094996.1|	99.497	100	1.80e-95	199	34774	Alosa pseudoharengus	bony fishes	alewife
e83794a2f2e25f023513ca893ac88e4f	gi|1337993116|gb|MG570440.1|	99.497	100	1.80e-95	199	34774	Alosa pseudoharengus	bony fishes	alewife
e83794a2f2e25f023513ca893ac88e4f	gi|1337993102|gb|MG570439.1|	99.497	100	1.80e-95	199	34774	Alosa pseudoharengus	bony fishes	alewife
e83794a2f2e25f023513ca893ac88e4f	gi|1337992850|gb|MG570421.1|	99.497	100	1.80e-95	199	34774	Alosa pseudoharengus	bony fishes	alewife
e83794a2f2e25f023513ca893ac88e4f	gi|2514521491|gb|OR094922.1|	99.497	100	1.80e-95	199	34774	Alosa pseudoharengus	bony fishes	alewife
e83794a2f2e25f023513ca893ac88e4f	gi|2514521488|gb|OR094921.1|	99.497	100	1.80e-95	199	34774	Alosa pseudoharengus	bony fishes	alewife
e83794a2f2e25f023513ca893ac88e4f	gi|2514521486|gb|OR094920.1|	99.497	100	1.80e-95	199	34774	Alosa pseudoharengus	bony fishes	alewife
e83794a2f2e25f023513ca893ac88e4f	gi|2514521484|gb|OR094919.1|	99.497	100	1.80e-95	199	34774	Alosa pseudoharengus	bony fishes	alewife
e83794a2f2e25f023513ca893ac88e4f	gi|2514521482|gb|OR094918.1|	99.497	100	1.80e-95	199	34774	Alosa pseudoharengus	bony fishes	alewife
e83794a2f2e25f023513ca893ac88e4f	gi|2514521479|gb|OR094917.1|	99.497	100	1.80e-95	199	34774	Alosa pseudoharengus	bony fishes	alewife
e83794a2f2e25f023513ca893ac88e4f	gi|2514521311|gb|OR094996.1|	99.497	100	1.80e-95	199	34774	Alosa pseudoharengus	bony fishes	alewife
ec15e92c6b2a154b02c1e32226c6ecd8	gi|2579851516|gb|OR577203.1|	98.995	100	8.39e-94	199	224707	Brevoortia patronus	bony fishes	Gulf menhaden
ec15e92c6b2a154b02c1e32226c6ecd8	gi|2282237323|gb|OP154163.1|	98.995	100	8.39e-94	199	224707	Brevoortia patronus	bony fishes	Gulf menhaden
ec15e92c6b2a154b02c1e32226c6ecd8	gi|299823704|ref|NC_014266.1|	98.995	100	8.39e-94	199	224708	Brevoortia tyrannus	bony fishes	Atlantic menhaden
ec15e92c6b2a154b02c1e32226c6ecd8	gi|2735072119|gb|PP824515.1|	98.492	100	3.91e-92	199	224707	Brevoortia patronus	bony fishes	Gulf menhaden
ec15e92c6b2a154b02c1e32226c6ecd8	gi|2329468251|gb|OP057013.1|	98.492	100	3.91e-92	199	224707	Brevoortia patronus	bony fishes	Gulf menhaden
ec15e92c6b2a154b02c1e32226c6ecd8	gi|1129799464|gb|KX686086.1|	98.974	98	1.40e-91	195	224708	Brevoortia tyrannus	bony fishes	Atlantic menhaden
ec15e92c6b2a154b02c1e32226c6ecd8	gi|1129799462|gb|KX686084.1|	98.974	98	1.40e-91	195	224708	Brevoortia tyrannus	bony fishes	Atlantic menhaden
ec15e92c6b2a154b02c1e32226c6ecd8	gi|1129799461|gb|KX686083.1|	98.974	98	1.40e-91	195	224708	Brevoortia tyrannus	bony fishes	Atlantic menhaden
ec15e92c6b2a154b02c1e32226c6ecd8	gi|2422575726|gb|OQ198733.1|	97.990	100	1.82e-90	199	329022	Brevoortia gunteri	bony fishes	finescale menhaden
ec15e92c6b2a154b02c1e32226c6ecd8	gi|2422575653|gb|OQ198728.1|	97.990	100	1.82e-90	199	329022	Brevoortia gunteri	bony fishes	finescale menhaden
297ab42672183dede0f5f88a20c3c13b	gi|2579851516|gb|OR577203.1|	99.497	100	1.80e-95	199	224707	Brevoortia patronus	bony fishes	Gulf menhaden
297ab42672183dede0f5f88a20c3c13b	gi|2282237323|gb|OP154163.1|	99.497	100	1.80e-95	199	224707	Brevoortia patronus	bony fishes	Gulf menhaden
297ab42672183dede0f5f88a20c3c13b	gi|299823704|ref|NC_014266.1|	99.497	100	1.80e-95	199	224708	Brevoortia tyrannus	bony fishes	Atlantic menhaden
297ab42672183dede0f5f88a20c3c13b	gi|2735072119|gb|PP824515.1|	98.995	100	8.39e-94	199	224707	Brevoortia patronus	bony fishes	Gulf menhaden
297ab42672183dede0f5f88a20c3c13b	gi|2329468251|gb|OP057013.1|	98.995	100	8.39e-94	199	224707	Brevoortia patronus	bony fishes	Gulf menhaden
297ab42672183dede0f5f88a20c3c13b	gi|1129799464|gb|KX686086.1|	99.487	98	3.02e-93	195	224708	Brevoortia tyrannus	bony fishes	Atlantic menhaden
297ab42672183dede0f5f88a20c3c13b	gi|1129799462|gb|KX686084.1|	99.487	98	3.02e-93	195	224708	Brevoortia tyrannus	bony fishes	Atlantic menhaden
297ab42672183dede0f5f88a20c3c13b	gi|1129799461|gb|KX686083.1|	99.487	98	3.02e-93	195	224708	Brevoortia tyrannus	bony fishes	Atlantic menhaden
297ab42672183dede0f5f88a20c3c13b	gi|2422575726|gb|OQ198733.1|	98.492	100	3.91e-92	199	329022	Brevoortia gunteri	bony fishes	finescale menhaden
297ab42672183dede0f5f88a20c3c13b	gi|2422575653|gb|OQ198728.1|	98.492	100	3.91e-92	199	329022	Brevoortia gunteri	bony fishes	finescale menhaden
a81691d8aefbd53fd6866a7a93950383	gi|1337993116|gb|MG570440.1|	99.497	100	1.80e-95	199	34774	Alosa pseudoharengus	bony fishes	alewife
a81691d8aefbd53fd6866a7a93950383	gi|1337993102|gb|MG570439.1|	99.497	100	1.80e-95	199	34774	Alosa pseudoharengus	bony fishes	alewife
a81691d8aefbd53fd6866a7a93950383	gi|1337992850|gb|MG570421.1|	99.497	100	1.80e-95	199	34774	Alosa pseudoharengus	bony fishes	alewife
a81691d8aefbd53fd6866a7a93950383	gi|2514521491|gb|OR094922.1|	99.497	100	1.80e-95	199	34774	Alosa pseudoharengus	bony fishes	alewife
a81691d8aefbd53fd6866a7a93950383	gi|2514521488|gb|OR094921.1|	99.497	100	1.80e-95	199	34774	Alosa pseudoharengus	bony fishes	alewife
a81691d8aefbd53fd6866a7a93950383	gi|2514521486|gb|OR094920.1|	99.497	100	1.80e-95	199	34774	Alosa pseudoharengus	bony fishes	alewife
a81691d8aefbd53fd6866a7a93950383	gi|2514521484|gb|OR094919.1|	99.497	100	1.80e-95	199	34774	Alosa pseudoharengus	bony fishes	alewife
a81691d8aefbd53fd6866a7a93950383	gi|2514521482|gb|OR094918.1|	99.497	100	1.80e-95	199	34774	Alosa pseudoharengus	bony fishes	alewife
a81691d8aefbd53fd6866a7a93950383	gi|2514521479|gb|OR094917.1|	99.497	100	1.80e-95	199	34774	Alosa pseudoharengus	bony fishes	alewife
a81691d8aefbd53fd6866a7a93950383	gi|2514521311|gb|OR094996.1|	99.497	100	1.80e-95	199	34774	Alosa pseudoharengus	bony fishes	alewife
dc2c040fa8a06513c754d82b8f149158	gi|2579851516|gb|OR577203.1|	98.995	100	8.39e-94	199	224707	Brevoortia patronus	bony fishes	Gulf menhaden
dc2c040fa8a06513c754d82b8f149158	gi|2282237323|gb|OP154163.1|	98.995	100	8.39e-94	199	224707	Brevoortia patronus	bony fishes	Gulf menhaden
dc2c040fa8a06513c754d82b8f149158	gi|299823704|ref|NC_014266.1|	98.995	100	8.39e-94	199	224708	Brevoortia tyrannus	bony fishes	Atlantic menhaden
dc2c040fa8a06513c754d82b8f149158	gi|2735072119|gb|PP824515.1|	98.492	100	3.91e-92	199	224707	Brevoortia patronus	bony fishes	Gulf menhaden
dc2c040fa8a06513c754d82b8f149158	gi|2329468251|gb|OP057013.1|	98.492	100	3.91e-92	199	224707	Brevoortia patronus	bony fishes	Gulf menhaden
dc2c040fa8a06513c754d82b8f149158	gi|1129799464|gb|KX686086.1|	98.974	98	1.40e-91	195	224708	Brevoortia tyrannus	bony fishes	Atlantic menhaden
dc2c040fa8a06513c754d82b8f149158	gi|1129799462|gb|KX686084.1|	98.974	98	1.40e-91	195	224708	Brevoortia tyrannus	bony fishes	Atlantic menhaden
dc2c040fa8a06513c754d82b8f149158	gi|1129799461|gb|KX686083.1|	98.974	98	1.40e-91	195	224708	Brevoortia tyrannus	bony fishes	Atlantic menhaden
dc2c040fa8a06513c754d82b8f149158	gi|2422575726|gb|OQ198733.1|	97.990	100	1.82e-90	199	329022	Brevoortia gunteri	bony fishes	finescale menhaden
dc2c040fa8a06513c754d82b8f149158	gi|2422575653|gb|OQ198728.1|	97.990	100	1.82e-90	199	329022	Brevoortia gunteri	bony fishes	finescale menhaden
f693ec79d54e8933b7b4e573dd0c5eca	gi|2579851516|gb|OR577203.1|	99.497	100	1.80e-95	199	224707	Brevoortia patronus	bony fishes	Gulf menhaden
f693ec79d54e8933b7b4e573dd0c5eca	gi|2282237323|gb|OP154163.1|	99.497	100	1.80e-95	199	224707	Brevoortia patronus	bony fishes	Gulf menhaden
f693ec79d54e8933b7b4e573dd0c5eca	gi|299823704|ref|NC_014266.1|	99.497	100	1.80e-95	199	224708	Brevoortia tyrannus	bony fishes	Atlantic menhaden
f693ec79d54e8933b7b4e573dd0c5eca	gi|2735072119|gb|PP824515.1|	98.995	100	8.39e-94	199	224707	Brevoortia patronus	bony fishes	Gulf menhaden
f693ec79d54e8933b7b4e573dd0c5eca	gi|2329468251|gb|OP057013.1|	98.995	100	8.39e-94	199	224707	Brevoortia patronus	bony fishes	Gulf menhaden
f693ec79d54e8933b7b4e573dd0c5eca	gi|1129799464|gb|KX686086.1|	99.487	98	3.02e-93	195	224708	Brevoortia tyrannus	bony fishes	Atlantic menhaden
f693ec79d54e8933b7b4e573dd0c5eca	gi|1129799462|gb|KX686084.1|	99.487	98	3.02e-93	195	224708	Brevoortia tyrannus	bony fishes	Atlantic menhaden
f693ec79d54e8933b7b4e573dd0c5eca	gi|1129799461|gb|KX686083.1|	99.487	98	3.02e-93	195	224708	Brevoortia tyrannus	bony fishes	Atlantic menhaden
f693ec79d54e8933b7b4e573dd0c5eca	gi|2422575726|gb|OQ198733.1|	98.492	100	3.91e-92	199	329022	Brevoortia gunteri	bony fishes	finescale menhaden
f693ec79d54e8933b7b4e573dd0c5eca	gi|2422575653|gb|OQ198728.1|	98.492	100	3.91e-92	199	329022	Brevoortia gunteri	bony fishes	finescale menhaden
e1678b837f851515be7e1d5dd00d4b27	gi|1337993116|gb|MG570440.1|	98.995	100	8.39e-94	199	34774	Alosa pseudoharengus	bony fishes	alewife
e1678b837f851515be7e1d5dd00d4b27	gi|1337993102|gb|MG570439.1|	98.995	100	8.39e-94	199	34774	Alosa pseudoharengus	bony fishes	alewife
e1678b837f851515be7e1d5dd00d4b27	gi|1337992850|gb|MG570421.1|	98.995	100	8.39e-94	199	34774	Alosa pseudoharengus	bony fishes	alewife
e1678b837f851515be7e1d5dd00d4b27	gi|2514521491|gb|OR094922.1|	98.995	100	8.39e-94	199	34774	Alosa pseudoharengus	bony fishes	alewife
e1678b837f851515be7e1d5dd00d4b27	gi|2514521488|gb|OR094921.1|	98.995	100	8.39e-94	199	34774	Alosa pseudoharengus	bony fishes	alewife
e1678b837f851515be7e1d5dd00d4b27	gi|2514521486|gb|OR094920.1|	98.995	100	8.39e-94	199	34774	Alosa pseudoharengus	bony fishes	alewife
e1678b837f851515be7e1d5dd00d4b27	gi|2514521484|gb|OR094919.1|	98.995	100	8.39e-94	199	34774	Alosa pseudoharengus	bony fishes	alewife
e1678b837f851515be7e1d5dd00d4b27	gi|2514521482|gb|OR094918.1|	98.995	100	8.39e-94	199	34774	Alosa pseudoharengus	bony fishes	alewife
e1678b837f851515be7e1d5dd00d4b27	gi|2514521479|gb|OR094917.1|	98.995	100	8.39e-94	199	34774	Alosa pseudoharengus	bony fishes	alewife
e1678b837f851515be7e1d5dd00d4b27	gi|2514521311|gb|OR094996.1|	98.995	100	8.39e-94	199	34774	Alosa pseudoharengus	bony fishes	alewife
11f27e1d615306f986a6d0da896f782e	gi|1337993116|gb|MG570440.1|	99.497	100	1.80e-95	199	34774	Alosa pseudoharengus	bony fishes	alewife
11f27e1d615306f986a6d0da896f782e	gi|1337993102|gb|MG570439.1|	99.497	100	1.80e-95	199	34774	Alosa pseudoharengus	bony fishes	alewife
11f27e1d615306f986a6d0da896f782e	gi|1337992850|gb|MG570421.1|	99.497	100	1.80e-95	199	34774	Alosa pseudoharengus	bony fishes	alewife
11f27e1d615306f986a6d0da896f782e	gi|2514521491|gb|OR094922.1|	99.497	100	1.80e-95	199	34774	Alosa pseudoharengus	bony fishes	alewife
11f27e1d615306f986a6d0da896f782e	gi|2514521488|gb|OR094921.1|	99.497	100	1.80e-95	199	34774	Alosa pseudoharengus	bony fishes	alewife
11f27e1d615306f986a6d0da896f782e	gi|2514521486|gb|OR094920.1|	99.497	100	1.80e-95	199	34774	Alosa pseudoharengus	bony fishes	alewife
11f27e1d615306f986a6d0da896f782e	gi|2514521484|gb|OR094919.1|	99.497	100	1.80e-95	199	34774	Alosa pseudoharengus	bony fishes	alewife
11f27e1d615306f986a6d0da896f782e	gi|2514521482|gb|OR094918.1|	99.497	100	1.80e-95	199	34774	Alosa pseudoharengus	bony fishes	alewife
11f27e1d615306f986a6d0da896f782e	gi|2514521479|gb|OR094917.1|	99.497	100	1.80e-95	199	34774	Alosa pseudoharengus	bony fishes	alewife
11f27e1d615306f986a6d0da896f782e	gi|2514521311|gb|OR094996.1|	99.497	100	1.80e-95	199	34774	Alosa pseudoharengus	bony fishes	alewife
3e0536345b6df5393fdae9170e39b9ff	gi|1337993116|gb|MG570440.1|	99.497	100	1.80e-95	199	34774	Alosa pseudoharengus	bony fishes	alewife
3e0536345b6df5393fdae9170e39b9ff	gi|1337993102|gb|MG570439.1|	99.497	100	1.80e-95	199	34774	Alosa pseudoharengus	bony fishes	alewife
3e0536345b6df5393fdae9170e39b9ff	gi|1337992850|gb|MG570421.1|	99.497	100	1.80e-95	199	34774	Alosa pseudoharengus	bony fishes	alewife
3e0536345b6df5393fdae9170e39b9ff	gi|2514521491|gb|OR094922.1|	99.497	100	1.80e-95	199	34774	Alosa pseudoharengus	bony fishes	alewife
3e0536345b6df5393fdae9170e39b9ff	gi|2514521488|gb|OR094921.1|	99.497	100	1.80e-95	199	34774	Alosa pseudoharengus	bony fishes	alewife
3e0536345b6df5393fdae9170e39b9ff	gi|2514521486|gb|OR094920.1|	99.497	100	1.80e-95	199	34774	Alosa pseudoharengus	bony fishes	alewife
3e0536345b6df5393fdae9170e39b9ff	gi|2514521484|gb|OR094919.1|	99.497	100	1.80e-95	199	34774	Alosa pseudoharengus	bony fishes	alewife
3e0536345b6df5393fdae9170e39b9ff	gi|2514521482|gb|OR094918.1|	99.497	100	1.80e-95	199	34774	Alosa pseudoharengus	bony fishes	alewife
3e0536345b6df5393fdae9170e39b9ff	gi|2514521479|gb|OR094917.1|	99.497	100	1.80e-95	199	34774	Alosa pseudoharengus	bony fishes	alewife
3e0536345b6df5393fdae9170e39b9ff	gi|2514521311|gb|OR094996.1|	99.497	100	1.80e-95	199	34774	Alosa pseudoharengus	bony fishes	alewife
015302e8f78914240ea20d4cf4e2653c	gi|2579851516|gb|OR577203.1|	94.975	100	1.84e-80	199	224707	Brevoortia patronus	bony fishes	Gulf menhaden
015302e8f78914240ea20d4cf4e2653c	gi|2282237323|gb|OP154163.1|	94.975	100	1.84e-80	199	224707	Brevoortia patronus	bony fishes	Gulf menhaden
015302e8f78914240ea20d4cf4e2653c	gi|299823704|ref|NC_014266.1|	94.975	100	1.84e-80	199	224708	Brevoortia tyrannus	bony fishes	Atlantic menhaden
015302e8f78914240ea20d4cf4e2653c	gi|2735072119|gb|PP824515.1|	94.472	100	8.57e-79	199	224707	Brevoortia patronus	bony fishes	Gulf menhaden
015302e8f78914240ea20d4cf4e2653c	gi|2329468251|gb|OP057013.1|	94.472	100	8.57e-79	199	224707	Brevoortia patronus	bony fishes	Gulf menhaden
015302e8f78914240ea20d4cf4e2653c	gi|2422575726|gb|OQ198733.1|	94.472	100	8.57e-79	199	329022	Brevoortia gunteri	bony fishes	finescale menhaden
015302e8f78914240ea20d4cf4e2653c	gi|1129799464|gb|KX686086.1|	94.872	98	3.08e-78	195	224708	Brevoortia tyrannus	bony fishes	Atlantic menhaden
015302e8f78914240ea20d4cf4e2653c	gi|1129799463|gb|KX686085.1|	94.872	98	3.08e-78	195	224708	Brevoortia tyrannus	bony fishes	Atlantic menhaden
015302e8f78914240ea20d4cf4e2653c	gi|1129799462|gb|KX686084.1|	94.872	98	3.08e-78	195	224708	Brevoortia tyrannus	bony fishes	Atlantic menhaden
015302e8f78914240ea20d4cf4e2653c	gi|1129799461|gb|KX686083.1|	94.872	98	3.08e-78	195	224708	Brevoortia tyrannus	bony fishes	Atlantic menhaden
4c18302632ee9251e9d498e808a480a4	gi|2579851516|gb|OR577203.1|	99.497	100	1.80e-95	199	224707	Brevoortia patronus	bony fishes	Gulf menhaden
4c18302632ee9251e9d498e808a480a4	gi|2282237323|gb|OP154163.1|	99.497	100	1.80e-95	199	224707	Brevoortia patronus	bony fishes	Gulf menhaden
4c18302632ee9251e9d498e808a480a4	gi|299823704|ref|NC_014266.1|	99.497	100	1.80e-95	199	224708	Brevoortia tyrannus	bony fishes	Atlantic menhaden
4c18302632ee9251e9d498e808a480a4	gi|2735072119|gb|PP824515.1|	98.995	100	8.39e-94	199	224707	Brevoortia patronus	bony fishes	Gulf menhaden
4c18302632ee9251e9d498e808a480a4	gi|2329468251|gb|OP057013.1|	98.995	100	8.39e-94	199	224707	Brevoortia patronus	bony fishes	Gulf menhaden
4c18302632ee9251e9d498e808a480a4	gi|1129799464|gb|KX686086.1|	99.487	98	3.02e-93	195	224708	Brevoortia tyrannus	bony fishes	Atlantic menhaden
4c18302632ee9251e9d498e808a480a4	gi|1129799462|gb|KX686084.1|	99.487	98	3.02e-93	195	224708	Brevoortia tyrannus	bony fishes	Atlantic menhaden
4c18302632ee9251e9d498e808a480a4	gi|1129799461|gb|KX686083.1|	99.487	98	3.02e-93	195	224708	Brevoortia tyrannus	bony fishes	Atlantic menhaden
4c18302632ee9251e9d498e808a480a4	gi|2422575726|gb|OQ198733.1|	98.492	100	3.91e-92	199	329022	Brevoortia gunteri	bony fishes	finescale menhaden
4c18302632ee9251e9d498e808a480a4	gi|2422575653|gb|OQ198728.1|	98.492	100	3.91e-92	199	329022	Brevoortia gunteri	bony fishes	finescale menhaden
7c85615c363665b61fdb1ed014337488	gi|2735072119|gb|PP824515.1|	99.497	100	1.80e-95	199	224707	Brevoortia patronus	bony fishes	Gulf menhaden
7c85615c363665b61fdb1ed014337488	gi|2329468251|gb|OP057013.1|	99.497	100	1.80e-95	199	224707	Brevoortia patronus	bony fishes	Gulf menhaden
7c85615c363665b61fdb1ed014337488	gi|2579851516|gb|OR577203.1|	98.995	100	8.39e-94	199	224707	Brevoortia patronus	bony fishes	Gulf menhaden
7c85615c363665b61fdb1ed014337488	gi|2282237323|gb|OP154163.1|	98.995	100	8.39e-94	199	224707	Brevoortia patronus	bony fishes	Gulf menhaden
7c85615c363665b61fdb1ed014337488	gi|299823704|ref|NC_014266.1|	98.995	100	8.39e-94	199	224708	Brevoortia tyrannus	bony fishes	Atlantic menhaden
7c85615c363665b61fdb1ed014337488	gi|1129799464|gb|KX686086.1|	98.974	98	1.40e-91	195	224708	Brevoortia tyrannus	bony fishes	Atlantic menhaden
7c85615c363665b61fdb1ed014337488	gi|1129799462|gb|KX686084.1|	98.974	98	1.40e-91	195	224708	Brevoortia tyrannus	bony fishes	Atlantic menhaden
7c85615c363665b61fdb1ed014337488	gi|1129799461|gb|KX686083.1|	98.974	98	1.40e-91	195	224708	Brevoortia tyrannus	bony fishes	Atlantic menhaden
7c85615c363665b61fdb1ed014337488	gi|2422575726|gb|OQ198733.1|	97.990	100	1.82e-90	199	329022	Brevoortia gunteri	bony fishes	finescale menhaden
7c85615c363665b61fdb1ed014337488	gi|2422575653|gb|OQ198728.1|	97.990	100	1.82e-90	199	329022	Brevoortia gunteri	bony fishes	finescale menhaden
fb5eeae37ca3b186987ef0ffa72f5b17	gi|2579851516|gb|OR577203.1|	99.497	100	1.80e-95	199	224707	Brevoortia patronus	bony fishes	Gulf menhaden
fb5eeae37ca3b186987ef0ffa72f5b17	gi|2282237323|gb|OP154163.1|	99.497	100	1.80e-95	199	224707	Brevoortia patronus	bony fishes	Gulf menhaden
fb5eeae37ca3b186987ef0ffa72f5b17	gi|299823704|ref|NC_014266.1|	99.497	100	1.80e-95	199	224708	Brevoortia tyrannus	bony fishes	Atlantic menhaden
fb5eeae37ca3b186987ef0ffa72f5b17	gi|2735072119|gb|PP824515.1|	98.995	100	8.39e-94	199	224707	Brevoortia patronus	bony fishes	Gulf menhaden
fb5eeae37ca3b186987ef0ffa72f5b17	gi|2329468251|gb|OP057013.1|	98.995	100	8.39e-94	199	224707	Brevoortia patronus	bony fishes	Gulf menhaden
fb5eeae37ca3b186987ef0ffa72f5b17	gi|1129799464|gb|KX686086.1|	99.487	98	3.02e-93	195	224708	Brevoortia tyrannus	bony fishes	Atlantic menhaden
fb5eeae37ca3b186987ef0ffa72f5b17	gi|1129799462|gb|KX686084.1|	99.487	98	3.02e-93	195	224708	Brevoortia tyrannus	bony fishes	Atlantic menhaden
fb5eeae37ca3b186987ef0ffa72f5b17	gi|1129799461|gb|KX686083.1|	99.487	98	3.02e-93	195	224708	Brevoortia tyrannus	bony fishes	Atlantic menhaden
fb5eeae37ca3b186987ef0ffa72f5b17	gi|2422575726|gb|OQ198733.1|	98.492	100	3.91e-92	199	329022	Brevoortia gunteri	bony fishes	finescale menhaden
fb5eeae37ca3b186987ef0ffa72f5b17	gi|2422575653|gb|OQ198728.1|	98.492	100	3.91e-92	199	329022	Brevoortia gunteri	bony fishes	finescale menhaden
db0fd6732a7cbcfc77515cf605d587a3	gi|1337993116|gb|MG570440.1|	98.995	100	8.39e-94	199	34774	Alosa pseudoharengus	bony fishes	alewife
db0fd6732a7cbcfc77515cf605d587a3	gi|1337993102|gb|MG570439.1|	98.995	100	8.39e-94	199	34774	Alosa pseudoharengus	bony fishes	alewife
db0fd6732a7cbcfc77515cf605d587a3	gi|1337992850|gb|MG570421.1|	98.995	100	8.39e-94	199	34774	Alosa pseudoharengus	bony fishes	alewife
db0fd6732a7cbcfc77515cf605d587a3	gi|2514521491|gb|OR094922.1|	98.995	100	8.39e-94	199	34774	Alosa pseudoharengus	bony fishes	alewife
db0fd6732a7cbcfc77515cf605d587a3	gi|2514521488|gb|OR094921.1|	98.995	100	8.39e-94	199	34774	Alosa pseudoharengus	bony fishes	alewife
db0fd6732a7cbcfc77515cf605d587a3	gi|2514521486|gb|OR094920.1|	98.995	100	8.39e-94	199	34774	Alosa pseudoharengus	bony fishes	alewife
db0fd6732a7cbcfc77515cf605d587a3	gi|2514521484|gb|OR094919.1|	98.995	100	8.39e-94	199	34774	Alosa pseudoharengus	bony fishes	alewife
db0fd6732a7cbcfc77515cf605d587a3	gi|2514521482|gb|OR094918.1|	98.995	100	8.39e-94	199	34774	Alosa pseudoharengus	bony fishes	alewife
db0fd6732a7cbcfc77515cf605d587a3	gi|2514521479|gb|OR094917.1|	98.995	100	8.39e-94	199	34774	Alosa pseudoharengus	bony fishes	alewife
db0fd6732a7cbcfc77515cf605d587a3	gi|2514521311|gb|OR094996.1|	98.995	100	8.39e-94	199	34774	Alosa pseudoharengus	bony fishes	alewife
06335cc3a4490cdfeff747a83285424b	gi|2579851516|gb|OR577203.1|	98.492	100	3.91e-92	199	224707	Brevoortia patronus	bony fishes	Gulf menhaden
06335cc3a4490cdfeff747a83285424b	gi|2282237323|gb|OP154163.1|	98.492	100	3.91e-92	199	224707	Brevoortia patronus	bony fishes	Gulf menhaden
06335cc3a4490cdfeff747a83285424b	gi|299823704|ref|NC_014266.1|	98.492	100	3.91e-92	199	224708	Brevoortia tyrannus	bony fishes	Atlantic menhaden
06335cc3a4490cdfeff747a83285424b	gi|2735072119|gb|PP824515.1|	97.990	100	1.82e-90	199	224707	Brevoortia patronus	bony fishes	Gulf menhaden
06335cc3a4490cdfeff747a83285424b	gi|2329468251|gb|OP057013.1|	97.990	100	1.82e-90	199	224707	Brevoortia patronus	bony fishes	Gulf menhaden
06335cc3a4490cdfeff747a83285424b	gi|1129799464|gb|KX686086.1|	98.462	98	6.54e-90	195	224708	Brevoortia tyrannus	bony fishes	Atlantic menhaden
06335cc3a4490cdfeff747a83285424b	gi|1129799462|gb|KX686084.1|	98.462	98	6.54e-90	195	224708	Brevoortia tyrannus	bony fishes	Atlantic menhaden
06335cc3a4490cdfeff747a83285424b	gi|1129799461|gb|KX686083.1|	98.462	98	6.54e-90	195	224708	Brevoortia tyrannus	bony fishes	Atlantic menhaden
06335cc3a4490cdfeff747a83285424b	gi|2422575726|gb|OQ198733.1|	97.487	100	8.45e-89	199	329022	Brevoortia gunteri	bony fishes	finescale menhaden
06335cc3a4490cdfeff747a83285424b	gi|2422575653|gb|OQ198728.1|	97.487	100	8.45e-89	199	329022	Brevoortia gunteri	bony fishes	finescale menhaden
b64d39773f6adc3d95dae74e653ae9c0	gi|2579851516|gb|OR577203.1|	99.497	100	1.80e-95	199	224707	Brevoortia patronus	bony fishes	Gulf menhaden
b64d39773f6adc3d95dae74e653ae9c0	gi|2282237323|gb|OP154163.1|	99.497	100	1.80e-95	199	224707	Brevoortia patronus	bony fishes	Gulf menhaden
b64d39773f6adc3d95dae74e653ae9c0	gi|299823704|ref|NC_014266.1|	99.497	100	1.80e-95	199	224708	Brevoortia tyrannus	bony fishes	Atlantic menhaden
b64d39773f6adc3d95dae74e653ae9c0	gi|2735072119|gb|PP824515.1|	98.995	100	8.39e-94	199	224707	Brevoortia patronus	bony fishes	Gulf menhaden
b64d39773f6adc3d95dae74e653ae9c0	gi|2329468251|gb|OP057013.1|	98.995	100	8.39e-94	199	224707	Brevoortia patronus	bony fishes	Gulf menhaden
b64d39773f6adc3d95dae74e653ae9c0	gi|1129799464|gb|KX686086.1|	99.487	98	3.02e-93	195	224708	Brevoortia tyrannus	bony fishes	Atlantic menhaden
b64d39773f6adc3d95dae74e653ae9c0	gi|1129799462|gb|KX686084.1|	99.487	98	3.02e-93	195	224708	Brevoortia tyrannus	bony fishes	Atlantic menhaden
b64d39773f6adc3d95dae74e653ae9c0	gi|1129799461|gb|KX686083.1|	99.487	98	3.02e-93	195	224708	Brevoortia tyrannus	bony fishes	Atlantic menhaden
b64d39773f6adc3d95dae74e653ae9c0	gi|2422575726|gb|OQ198733.1|	98.492	100	3.91e-92	199	329022	Brevoortia gunteri	bony fishes	finescale menhaden
b64d39773f6adc3d95dae74e653ae9c0	gi|2422575653|gb|OQ198728.1|	98.492	100	3.91e-92	199	329022	Brevoortia gunteri	bony fishes	finescale menhaden
99ff1a3f7280120479bf8f18ca7a7e46	gi|2579851516|gb|OR577203.1|	98.995	100	8.39e-94	199	224707	Brevoortia patronus	bony fishes	Gulf menhaden
99ff1a3f7280120479bf8f18ca7a7e46	gi|2282237323|gb|OP154163.1|	98.995	100	8.39e-94	199	224707	Brevoortia patronus	bony fishes	Gulf menhaden
99ff1a3f7280120479bf8f18ca7a7e46	gi|299823704|ref|NC_014266.1|	98.995	100	8.39e-94	199	224708	Brevoortia tyrannus	bony fishes	Atlantic menhaden
99ff1a3f7280120479bf8f18ca7a7e46	gi|2735072119|gb|PP824515.1|	98.492	100	3.91e-92	199	224707	Brevoortia patronus	bony fishes	Gulf menhaden
99ff1a3f7280120479bf8f18ca7a7e46	gi|2329468251|gb|OP057013.1|	98.492	100	3.91e-92	199	224707	Brevoortia patronus	bony fishes	Gulf menhaden
99ff1a3f7280120479bf8f18ca7a7e46	gi|1129799464|gb|KX686086.1|	98.974	98	1.40e-91	195	224708	Brevoortia tyrannus	bony fishes	Atlantic menhaden
99ff1a3f7280120479bf8f18ca7a7e46	gi|1129799462|gb|KX686084.1|	98.974	98	1.40e-91	195	224708	Brevoortia tyrannus	bony fishes	Atlantic menhaden
99ff1a3f7280120479bf8f18ca7a7e46	gi|1129799461|gb|KX686083.1|	98.974	98	1.40e-91	195	224708	Brevoortia tyrannus	bony fishes	Atlantic menhaden
99ff1a3f7280120479bf8f18ca7a7e46	gi|2422575726|gb|OQ198733.1|	97.990	100	1.82e-90	199	329022	Brevoortia gunteri	bony fishes	finescale menhaden
99ff1a3f7280120479bf8f18ca7a7e46	gi|2422575653|gb|OQ198728.1|	97.990	100	1.82e-90	199	329022	Brevoortia gunteri	bony fishes	finescale menhaden
7426588d1eccff2a1c6bd96fb45834e3	gi|1825511897|gb|MT103924.1|	99.487	100	2.95e-93	195	8265	Pseudopleuronectes americanus	bony fishes	winter flounder
7426588d1eccff2a1c6bd96fb45834e3	gi|2579699234|ref|NC_082555.1|	99.487	100	2.95e-93	195	8265	Pseudopleuronectes americanus	bony fishes	winter flounder
7426588d1eccff2a1c6bd96fb45834e3	gi|2811296573|dbj|LC843979.1|	98.974	100	1.37e-91	195	245875	Pseudopleuronectes yokohamae	bony fishes	marbled flounder
7426588d1eccff2a1c6bd96fb45834e3	gi|1028336207|gb|KT943413.1|	98.974	100	1.37e-91	195	245875	Pseudopleuronectes yokohamae	bony fishes	marbled flounder
7426588d1eccff2a1c6bd96fb45834e3	gi|2532681282|dbj|LC773527.1|	98.974	100	1.37e-91	195	245875	Pseudopleuronectes yokohamae	bony fishes	marbled flounder
7426588d1eccff2a1c6bd96fb45834e3	gi|953516008|gb|KT878309.1|	98.974	100	1.37e-91	195	245875	Pseudopleuronectes yokohamae	bony fishes	marbled flounder
7426588d1eccff2a1c6bd96fb45834e3	gi|937546965|ref|NC_028014.1|	98.974	100	1.37e-91	195	245875	Pseudopleuronectes yokohamae	bony fishes	marbled flounder
7426588d1eccff2a1c6bd96fb45834e3	gi|2281569608|gb|MW713061.1|	98.974	100	1.37e-91	195	244452	Pseudopleuronectes herzensteini	bony fishes	littlemouth flounder
7426588d1eccff2a1c6bd96fb45834e3	gi|2248507340|ref|NC_063673.1|	98.974	100	1.37e-91	195	244452	Pseudopleuronectes herzensteini	bony fishes	littlemouth flounder
7426588d1eccff2a1c6bd96fb45834e3	gi|2038422308|dbj|LC630813.1|	98.974	100	1.37e-91	195	245875	Pseudopleuronectes yokohamae	bony fishes	marbled flounder
a3d8c6b64fa604f27d3dd699be97fefc	gi|2579851516|gb|OR577203.1|	98.995	100	8.39e-94	199	224707	Brevoortia patronus	bony fishes	Gulf menhaden
a3d8c6b64fa604f27d3dd699be97fefc	gi|2282237323|gb|OP154163.1|	98.995	100	8.39e-94	199	224707	Brevoortia patronus	bony fishes	Gulf menhaden
a3d8c6b64fa604f27d3dd699be97fefc	gi|299823704|ref|NC_014266.1|	98.995	100	8.39e-94	199	224708	Brevoortia tyrannus	bony fishes	Atlantic menhaden
a3d8c6b64fa604f27d3dd699be97fefc	gi|2735072119|gb|PP824515.1|	98.492	100	3.91e-92	199	224707	Brevoortia patronus	bony fishes	Gulf menhaden
a3d8c6b64fa604f27d3dd699be97fefc	gi|2329468251|gb|OP057013.1|	98.492	100	3.91e-92	199	224707	Brevoortia patronus	bony fishes	Gulf menhaden
a3d8c6b64fa604f27d3dd699be97fefc	gi|1129799464|gb|KX686086.1|	98.974	98	1.40e-91	195	224708	Brevoortia tyrannus	bony fishes	Atlantic menhaden
a3d8c6b64fa604f27d3dd699be97fefc	gi|1129799462|gb|KX686084.1|	98.974	98	1.40e-91	195	224708	Brevoortia tyrannus	bony fishes	Atlantic menhaden
a3d8c6b64fa604f27d3dd699be97fefc	gi|1129799461|gb|KX686083.1|	98.974	98	1.40e-91	195	224708	Brevoortia tyrannus	bony fishes	Atlantic menhaden
a3d8c6b64fa604f27d3dd699be97fefc	gi|2422575726|gb|OQ198733.1|	97.990	100	1.82e-90	199	329022	Brevoortia gunteri	bony fishes	finescale menhaden
a3d8c6b64fa604f27d3dd699be97fefc	gi|2422575653|gb|OQ198728.1|	97.990	100	1.82e-90	199	329022	Brevoortia gunteri	bony fishes	finescale menhaden
9b47eb65e4b7faa5f35ac773fcb6a12c	gi|821091563|gb|KP644349.1|	98.980	100	3.83e-92	196	8060	Pollachius virens	bony fishes	saithe
9b47eb65e4b7faa5f35ac773fcb6a12c	gi|322422606|ref|NC_015094.1|	98.980	100	3.83e-92	196	8060	Pollachius virens	bony fishes	saithe
9b47eb65e4b7faa5f35ac773fcb6a12c	gi|94481762|gb|DQ356945.1|	98.980	100	3.83e-92	196	8060	Pollachius virens	bony fishes	saithe
9b47eb65e4b7faa5f35ac773fcb6a12c	gi|2891888016|gb|PP467773.1|	98.469	100	1.78e-90	196	185739	Pollachius pollachius	bony fishes	pollack
9b47eb65e4b7faa5f35ac773fcb6a12c	gi|2500156171|emb|OX465144.1|	98.469	100	1.78e-90	196	185739	Pollachius pollachius	bony fishes	pollack
9b47eb65e4b7faa5f35ac773fcb6a12c	gi|821091565|gb|KP644351.1|	98.469	100	1.78e-90	196	185739	Pollachius pollachius	bony fishes	pollack
9b47eb65e4b7faa5f35ac773fcb6a12c	gi|2018537086|gb|MW818247.1|	98.469	100	1.78e-90	196	185739	Pollachius pollachius	bony fishes	pollack
9b47eb65e4b7faa5f35ac773fcb6a12c	gi|2018537074|gb|MW818235.1|	98.469	100	1.78e-90	196	185739	Pollachius pollachius	bony fishes	pollack
9b47eb65e4b7faa5f35ac773fcb6a12c	gi|322422647|ref|NC_015097.1|	98.469	100	1.78e-90	196	185739	Pollachius pollachius	bony fishes	pollack
9b47eb65e4b7faa5f35ac773fcb6a12c	gi|821091566|gb|KP644352.1|	97.959	100	8.30e-89	196	185739	Pollachius pollachius	bony fishes	pollack
2adac4df3c4e489acd7c81a914d6c261	gi|821091563|gb|KP644349.1|	100.000	100	1.77e-95	196	8060	Pollachius virens	bony fishes	saithe
2adac4df3c4e489acd7c81a914d6c261	gi|322422606|ref|NC_015094.1|	100.000	100	1.77e-95	196	8060	Pollachius virens	bony fishes	saithe
2adac4df3c4e489acd7c81a914d6c261	gi|94481762|gb|DQ356945.1|	100.000	100	1.77e-95	196	8060	Pollachius virens	bony fishes	saithe
2adac4df3c4e489acd7c81a914d6c261	gi|2891888016|gb|PP467773.1|	99.490	100	8.24e-94	196	185739	Pollachius pollachius	bony fishes	pollack
2adac4df3c4e489acd7c81a914d6c261	gi|2500156171|emb|OX465144.1|	99.490	100	8.24e-94	196	185739	Pollachius pollachius	bony fishes	pollack
2adac4df3c4e489acd7c81a914d6c261	gi|821091565|gb|KP644351.1|	99.490	100	8.24e-94	196	185739	Pollachius pollachius	bony fishes	pollack
2adac4df3c4e489acd7c81a914d6c261	gi|2018537086|gb|MW818247.1|	99.490	100	8.24e-94	196	185739	Pollachius pollachius	bony fishes	pollack
2adac4df3c4e489acd7c81a914d6c261	gi|2018537074|gb|MW818235.1|	99.490	100	8.24e-94	196	185739	Pollachius pollachius	bony fishes	pollack
2adac4df3c4e489acd7c81a914d6c261	gi|322422647|ref|NC_015097.1|	99.490	100	8.24e-94	196	185739	Pollachius pollachius	bony fishes	pollack
2adac4df3c4e489acd7c81a914d6c261	gi|821091566|gb|KP644352.1|	98.980	100	3.83e-92	196	185739	Pollachius pollachius	bony fishes	pollack
e4bb315cb7a62900f2ece239586e8e93	gi|821091582|gb|KP644368.1|	99.490	100	8.24e-94	196	34823	Microgadus tomcod	bony fishes	Atlantic tomcod
e4bb315cb7a62900f2ece239586e8e93	gi|2095925524|gb|OK172579.1|	98.980	100	3.83e-92	196	34823	Microgadus tomcod	bony fishes	Atlantic tomcod
e4bb315cb7a62900f2ece239586e8e93	gi|1772510469|gb|MH061100.1|	97.970	100	8.30e-89	197	8047	Eleginus gracilis	bony fishes	saffron cod
e4bb315cb7a62900f2ece239586e8e93	gi|1772510455|gb|MH061099.1|	97.970	100	8.30e-89	197	8047	Eleginus gracilis	bony fishes	saffron cod
e4bb315cb7a62900f2ece239586e8e93	gi|1772510441|gb|MH061098.1|	97.970	100	8.30e-89	197	8047	Eleginus gracilis	bony fishes	saffron cod
e4bb315cb7a62900f2ece239586e8e93	gi|1772510427|gb|MH061097.1|	97.970	100	8.30e-89	197	8047	Eleginus gracilis	bony fishes	saffron cod
e4bb315cb7a62900f2ece239586e8e93	gi|1772510413|gb|MH061096.1|	97.970	100	8.30e-89	197	8047	Eleginus gracilis	bony fishes	saffron cod
e4bb315cb7a62900f2ece239586e8e93	gi|1772510399|gb|MH061095.1|	97.970	100	8.30e-89	197	8047	Eleginus gracilis	bony fishes	saffron cod
e4bb315cb7a62900f2ece239586e8e93	gi|1772510385|gb|MH061094.1|	97.970	100	8.30e-89	197	8047	Eleginus gracilis	bony fishes	saffron cod
e4bb315cb7a62900f2ece239586e8e93	gi|1772510371|gb|MH061093.1|	97.970	100	8.30e-89	197	8047	Eleginus gracilis	bony fishes	saffron cod
ade9eb6073274772ac76c60e1d869640	gi|821091582|gb|KP644368.1|	99.490	100	8.24e-94	196	34823	Microgadus tomcod	bony fishes	Atlantic tomcod
ade9eb6073274772ac76c60e1d869640	gi|2095925524|gb|OK172579.1|	98.980	100	3.83e-92	196	34823	Microgadus tomcod	bony fishes	Atlantic tomcod
ade9eb6073274772ac76c60e1d869640	gi|1772510469|gb|MH061100.1|	97.970	100	8.30e-89	197	8047	Eleginus gracilis	bony fishes	saffron cod
ade9eb6073274772ac76c60e1d869640	gi|1772510455|gb|MH061099.1|	97.970	100	8.30e-89	197	8047	Eleginus gracilis	bony fishes	saffron cod
ade9eb6073274772ac76c60e1d869640	gi|1772510441|gb|MH061098.1|	97.970	100	8.30e-89	197	8047	Eleginus gracilis	bony fishes	saffron cod
ade9eb6073274772ac76c60e1d869640	gi|1772510427|gb|MH061097.1|	97.970	100	8.30e-89	197	8047	Eleginus gracilis	bony fishes	saffron cod
ade9eb6073274772ac76c60e1d869640	gi|1772510413|gb|MH061096.1|	97.970	100	8.30e-89	197	8047	Eleginus gracilis	bony fishes	saffron cod
ade9eb6073274772ac76c60e1d869640	gi|1772510399|gb|MH061095.1|	97.970	100	8.30e-89	197	8047	Eleginus gracilis	bony fishes	saffron cod
ade9eb6073274772ac76c60e1d869640	gi|1772510385|gb|MH061094.1|	97.970	100	8.30e-89	197	8047	Eleginus gracilis	bony fishes	saffron cod
ade9eb6073274772ac76c60e1d869640	gi|1772510371|gb|MH061093.1|	97.970	100	8.30e-89	197	8047	Eleginus gracilis	bony fishes	saffron cod
21913a3517130e130fd423e34af67f1e	gi|2571476436|gb|OR499725.1|	99.490	100	8.24e-94	196	79698	Merluccius bilinearis	bony fishes	silver hake
21913a3517130e130fd423e34af67f1e	gi|1515576548|gb|MH377833.1|	99.482	98	3.83e-92	193	79698	Merluccius bilinearis	bony fishes	silver hake
21913a3517130e130fd423e34af67f1e	gi|2580316395|gb|OR575596.1|	94.898	100	8.42e-79	196	247647	Merluccius angustimanus	bony fishes	Panama hake
21913a3517130e130fd423e34af67f1e	gi|2329041608|gb|ON005615.1|	94.388	100	3.92e-77	196	89952	Merluccius productus	bony fishes	North Pacific hake
21913a3517130e130fd423e34af67f1e	gi|2329041594|gb|ON005614.1|	94.388	100	3.92e-77	196	89952	Merluccius productus	bony fishes	North Pacific hake
21913a3517130e130fd423e34af67f1e	gi|1897352085|gb|MT410897.1|	94.388	100	3.92e-77	196	8063	Merluccius merluccius	bony fishes	European hake
21913a3517130e130fd423e34af67f1e	gi|2580316367|gb|OR575594.1|	94.388	100	1.41e-76	196	247647	Merluccius angustimanus	bony fishes	Panama hake
21913a3517130e130fd423e34af67f1e	gi|2386968474|ref|NC_068842.1|	94.388	100	1.41e-76	196	89952	Merluccius productus	bony fishes	North Pacific hake
21913a3517130e130fd423e34af67f1e	gi|2571476450|gb|OR499726.1|	93.878	100	1.82e-75	196	89945	Merluccius albidus	bony fishes	offshore hake
21913a3517130e130fd423e34af67f1e	gi|2018537145|gb|MW818306.1|	93.878	100	6.55e-75	196	8063	Merluccius merluccius	bony fishes	European hake
f9576fd0abe97c391b2778fef7c6f14e	gi|2571476436|gb|OR499725.1|	100.000	100	1.77e-95	196	79698	Merluccius bilinearis	bony fishes	silver hake
f9576fd0abe97c391b2778fef7c6f14e	gi|1515576548|gb|MH377833.1|	100.000	98	8.24e-94	193	79698	Merluccius bilinearis	bony fishes	silver hake
f9576fd0abe97c391b2778fef7c6f14e	gi|2580316395|gb|OR575596.1|	95.408	100	1.81e-80	196	247647	Merluccius angustimanus	bony fishes	Panama hake
f9576fd0abe97c391b2778fef7c6f14e	gi|2329041608|gb|ON005615.1|	94.898	100	8.42e-79	196	89952	Merluccius productus	bony fishes	North Pacific hake
f9576fd0abe97c391b2778fef7c6f14e	gi|2329041594|gb|ON005614.1|	94.898	100	8.42e-79	196	89952	Merluccius productus	bony fishes	North Pacific hake
f9576fd0abe97c391b2778fef7c6f14e	gi|1897352085|gb|MT410897.1|	94.898	100	8.42e-79	196	8063	Merluccius merluccius	bony fishes	European hake
f9576fd0abe97c391b2778fef7c6f14e	gi|2580316367|gb|OR575594.1|	94.898	100	3.03e-78	196	247647	Merluccius angustimanus	bony fishes	Panama hake
f9576fd0abe97c391b2778fef7c6f14e	gi|2386968474|ref|NC_068842.1|	94.898	100	3.03e-78	196	89952	Merluccius productus	bony fishes	North Pacific hake
f9576fd0abe97c391b2778fef7c6f14e	gi|2571476450|gb|OR499726.1|	94.388	100	3.92e-77	196	89945	Merluccius albidus	bony fishes	offshore hake
f9576fd0abe97c391b2778fef7c6f14e	gi|2018537145|gb|MW818306.1|	94.388	100	1.41e-76	196	8063	Merluccius merluccius	bony fishes	European hake
45c2ffa3f2a06e3092ba08b6c604e2c0	gi|1799624616|gb|MN122931.1|	98.990	100	3.00e-93	198	7950	Clupea harengus	bony fishes	Atlantic herring
45c2ffa3f2a06e3092ba08b6c604e2c0	gi|1517391475|gb|MH194498.2|	98.990	100	3.00e-93	198	7950	Clupea harengus	bony fishes	Atlantic herring
45c2ffa3f2a06e3092ba08b6c604e2c0	gi|2018537065|gb|MW818226.1|	98.990	100	3.00e-93	198	7950	Clupea harengus	bony fishes	Atlantic herring
45c2ffa3f2a06e3092ba08b6c604e2c0	gi|2018537050|gb|MW818211.1|	98.990	100	3.00e-93	198	7950	Clupea harengus	bony fishes	Atlantic herring
45c2ffa3f2a06e3092ba08b6c604e2c0	gi|426260619|gb|KC193777.1|	98.990	100	3.00e-93	198	7950	Clupea harengus	bony fishes	Atlantic herring
45c2ffa3f2a06e3092ba08b6c604e2c0	gi|426260605|gb|KC193776.1|	98.990	100	3.00e-93	198	7950	Clupea harengus	bony fishes	Atlantic herring
45c2ffa3f2a06e3092ba08b6c604e2c0	gi|426260591|gb|KC193775.1|	98.990	100	3.00e-93	198	7950	Clupea harengus	bony fishes	Atlantic herring
45c2ffa3f2a06e3092ba08b6c604e2c0	gi|426260577|gb|KC193774.1|	98.990	100	3.00e-93	198	7950	Clupea harengus	bony fishes	Atlantic herring
45c2ffa3f2a06e3092ba08b6c604e2c0	gi|426260549|gb|KC193772.1|	98.990	100	3.00e-93	198	7950	Clupea harengus	bony fishes	Atlantic herring
45c2ffa3f2a06e3092ba08b6c604e2c0	gi|426260535|gb|KC193771.1|	98.990	100	3.00e-93	198	7950	Clupea harengus	bony fishes	Atlantic herring
4c952fbb6a8afc6c8729f7534d6bb44b	gi|821091582|gb|KP644368.1|	99.490	100	8.24e-94	196	34823	Microgadus tomcod	bony fishes	Atlantic tomcod
4c952fbb6a8afc6c8729f7534d6bb44b	gi|2095925524|gb|OK172579.1|	98.980	100	3.83e-92	196	34823	Microgadus tomcod	bony fishes	Atlantic tomcod
4c952fbb6a8afc6c8729f7534d6bb44b	gi|1772510469|gb|MH061100.1|	97.970	100	8.30e-89	197	8047	Eleginus gracilis	bony fishes	saffron cod
4c952fbb6a8afc6c8729f7534d6bb44b	gi|1772510455|gb|MH061099.1|	97.970	100	8.30e-89	197	8047	Eleginus gracilis	bony fishes	saffron cod
4c952fbb6a8afc6c8729f7534d6bb44b	gi|1772510441|gb|MH061098.1|	97.970	100	8.30e-89	197	8047	Eleginus gracilis	bony fishes	saffron cod
4c952fbb6a8afc6c8729f7534d6bb44b	gi|1772510427|gb|MH061097.1|	97.970	100	8.30e-89	197	8047	Eleginus gracilis	bony fishes	saffron cod
4c952fbb6a8afc6c8729f7534d6bb44b	gi|1772510413|gb|MH061096.1|	97.970	100	8.30e-89	197	8047	Eleginus gracilis	bony fishes	saffron cod
4c952fbb6a8afc6c8729f7534d6bb44b	gi|1772510399|gb|MH061095.1|	97.970	100	8.30e-89	197	8047	Eleginus gracilis	bony fishes	saffron cod
4c952fbb6a8afc6c8729f7534d6bb44b	gi|1772510385|gb|MH061094.1|	97.970	100	8.30e-89	197	8047	Eleginus gracilis	bony fishes	saffron cod
4c952fbb6a8afc6c8729f7534d6bb44b	gi|1772510371|gb|MH061093.1|	97.970	100	8.30e-89	197	8047	Eleginus gracilis	bony fishes	saffron cod
8f4cb61b99b66c2b5a0fbda3a24e9324	gi|2329468156|gb|OP056918.1|	99.487	100	2.95e-93	195	1266866	Cryptacanthodes maculatus	bony fishes	wrymouth
8f4cb61b99b66c2b5a0fbda3a24e9324	gi|2216790317|gb|MT621236.1|	97.949	100	2.97e-88	195	1317004	Kasatkia memorabilis	bony fishes	Kasatkia memorabilis
8f4cb61b99b66c2b5a0fbda3a24e9324	gi|2228970500|ref|NC_062698.1|	97.949	100	2.97e-88	195	1317004	Kasatkia memorabilis	bony fishes	Kasatkia memorabilis
8f4cb61b99b66c2b5a0fbda3a24e9324	gi|2216790233|gb|MT627596.1|	97.949	100	2.97e-88	195	986104	Askoldia variegata	bony fishes	Askoldia variegata
8f4cb61b99b66c2b5a0fbda3a24e9324	gi|2228970367|ref|NC_062695.1|	97.949	100	2.97e-88	195	986104	Askoldia variegata	bony fishes	Askoldia variegata
8f4cb61b99b66c2b5a0fbda3a24e9324	gi|2005592608|dbj|LC327134.2|	97.949	100	2.97e-88	195	1638156	Stichaeopsis nana	bony fishes	Stichaeopsis nana
8f4cb61b99b66c2b5a0fbda3a24e9324	gi|1825511880|gb|MT103910.1|	97.436	100	1.38e-86	195	980387	Eumesogrammus praecisus	bony fishes	fourline snakeblenny
8f4cb61b99b66c2b5a0fbda3a24e9324	gi|1812094577|ref|NC_045921.1|	97.436	100	1.38e-86	195	476928	Opisthocentrus ocellatus	bony fishes	Opisthocentrus ocellatus
8f4cb61b99b66c2b5a0fbda3a24e9324	gi|1790179848|dbj|LC495485.1|	97.436	100	1.38e-86	195	980387	Eumesogrammus praecisus	bony fishes	fourline snakeblenny
8f4cb61b99b66c2b5a0fbda3a24e9324	gi|1275605613|dbj|AP018419.1|	97.436	100	1.38e-86	195	980387	Eumesogrammus praecisus	bony fishes	fourline snakeblenny
abc8fbbf73804619e4795f9cc9f939ad	gi|669175214|gb|KM057961.1|	98.974	100	1.37e-91	195	8094	Hemitripterus americanus	bony fishes	sea raven
abc8fbbf73804619e4795f9cc9f939ad	gi|1824663664|ref|NC_046471.1|	97.949	100	2.97e-88	195	255551	Hemitripterus villosus	bony fishes	Hemitripterus villosus
abc8fbbf73804619e4795f9cc9f939ad	gi|2044965885|gb|MW836107.1|	97.949	100	2.97e-88	195	255551	Hemitripterus villosus	bony fishes	Hemitripterus villosus
abc8fbbf73804619e4795f9cc9f939ad	gi|2587926494|ref|NC_082784.1|	95.385	100	6.47e-80	195	470227	Hemitripterus bolini	bony fishes	bigmouth sculpin
abc8fbbf73804619e4795f9cc9f939ad	gi|1825511886|gb|MT103915.1|	95.385	100	2.33e-79	195	1266873	Leptagonus decagonus	bony fishes	Atlantic poacher
abc8fbbf73804619e4795f9cc9f939ad	gi|1790179252|dbj|LC493901.1|	95.385	100	2.33e-79	195	1266873	Leptagonus decagonus	bony fishes	Atlantic poacher
abc8fbbf73804619e4795f9cc9f939ad	gi|669175239|gb|KM057986.1|	95.385	100	2.33e-79	195	274777	Sarritor frenatus	bony fishes	sawback poacher
abc8fbbf73804619e4795f9cc9f939ad	gi|1195856085|gb|KY563344.1|	94.872	100	3.01e-78	195	369910	Cottus volki	bony fishes	Cottus volki
abc8fbbf73804619e4795f9cc9f939ad	gi|2587926564|ref|NC_082789.1|	94.872	100	3.01e-78	195	274770	Triglops scepticus	bony fishes	spectacled sculpin
abc8fbbf73804619e4795f9cc9f939ad	gi|2587926438|ref|NC_082780.1|	94.872	100	3.01e-78	195	573213	Blepsias cirrhosus	bony fishes	silverspotted sculpin
08b06fad9285caa529e19e187153e474	gi|2714808865|gb|PP620799.1|	100.000	100	6.33e-95	195	7938	Anguilla rostrata	bony fishes	American eel
08b06fad9285caa529e19e187153e474	gi|2309725953|gb|OP537865.1|	100.000	100	6.33e-95	195	7938	Anguilla rostrata	bony fishes	American eel
08b06fad9285caa529e19e187153e474	gi|597440352|gb|KJ564217.1|	100.000	100	6.33e-95	195	7938	Anguilla rostrata	bony fishes	American eel
08b06fad9285caa529e19e187153e474	gi|597440338|gb|KJ564216.1|	100.000	100	6.33e-95	195	7938	Anguilla rostrata	bony fishes	American eel
08b06fad9285caa529e19e187153e474	gi|597440324|gb|KJ564215.1|	100.000	100	6.33e-95	195	7938	Anguilla rostrata	bony fishes	American eel
08b06fad9285caa529e19e187153e474	gi|597440296|gb|KJ564213.1|	100.000	100	6.33e-95	195	7938	Anguilla rostrata	bony fishes	American eel
08b06fad9285caa529e19e187153e474	gi|597440268|gb|KJ564211.1|	100.000	100	6.33e-95	195	7938	Anguilla rostrata	bony fishes	American eel
08b06fad9285caa529e19e187153e474	gi|597440254|gb|KJ564210.1|	100.000	100	6.33e-95	195	7938	Anguilla rostrata	bony fishes	American eel
08b06fad9285caa529e19e187153e474	gi|597440226|gb|KJ564208.1|	100.000	100	6.33e-95	195	7938	Anguilla rostrata	bony fishes	American eel
08b06fad9285caa529e19e187153e474	gi|597440212|gb|KJ564207.1|	100.000	100	6.33e-95	195	7938	Anguilla rostrata	bony fishes	American eel
884a68781001be32628141a954276e95	gi|2714808865|gb|PP620799.1|	98.974	100	1.37e-91	195	7938	Anguilla rostrata	bony fishes	American eel
884a68781001be32628141a954276e95	gi|2309725953|gb|OP537865.1|	98.974	100	1.37e-91	195	7938	Anguilla rostrata	bony fishes	American eel
884a68781001be32628141a954276e95	gi|597440352|gb|KJ564217.1|	98.974	100	1.37e-91	195	7938	Anguilla rostrata	bony fishes	American eel
884a68781001be32628141a954276e95	gi|597440338|gb|KJ564216.1|	98.974	100	1.37e-91	195	7938	Anguilla rostrata	bony fishes	American eel
884a68781001be32628141a954276e95	gi|597440324|gb|KJ564215.1|	98.974	100	1.37e-91	195	7938	Anguilla rostrata	bony fishes	American eel
884a68781001be32628141a954276e95	gi|597440296|gb|KJ564213.1|	98.974	100	1.37e-91	195	7938	Anguilla rostrata	bony fishes	American eel
884a68781001be32628141a954276e95	gi|597440268|gb|KJ564211.1|	98.974	100	1.37e-91	195	7938	Anguilla rostrata	bony fishes	American eel
884a68781001be32628141a954276e95	gi|597440254|gb|KJ564210.1|	98.974	100	1.37e-91	195	7938	Anguilla rostrata	bony fishes	American eel
884a68781001be32628141a954276e95	gi|597440226|gb|KJ564208.1|	98.974	100	1.37e-91	195	7938	Anguilla rostrata	bony fishes	American eel
884a68781001be32628141a954276e95	gi|597440212|gb|KJ564207.1|	98.974	100	1.37e-91	195	7938	Anguilla rostrata	bony fishes	American eel
4e814ca95bbc88b5a49c2f4a8a057725	gi|359422108|ref|NC_016429.1|	99.024	99	4.07e-97	205	7782	Leucoraja erinaceus	sharks & rays	little skate
4e814ca95bbc88b5a49c2f4a8a057725	gi|1878349338|ref|NC_049882.1|	98.049	99	8.81e-94	205	2719090	Rajella lintea	sharks & rays	sailray
4e814ca95bbc88b5a49c2f4a8a057725	gi|1515576478|gb|MH377763.1|	98.020	98	4.10e-92	202	173042	Leucoraja ocellata	sharks & rays	winter skate
4e814ca95bbc88b5a49c2f4a8a057725	gi|1515576476|gb|MH377761.1|	98.020	98	4.10e-92	202	173042	Leucoraja ocellata	sharks & rays	winter skate
4e814ca95bbc88b5a49c2f4a8a057725	gi|2689257009|gb|OR813000.1|	97.561	99	4.10e-92	205	386614	Amblyraja radiata	sharks & rays	thorny skate
4e814ca95bbc88b5a49c2f4a8a057725	gi|2689256995|gb|OR812999.1|	97.561	99	4.10e-92	205	386614	Amblyraja radiata	sharks & rays	thorny skate
4e814ca95bbc88b5a49c2f4a8a057725	gi|2689250975|gb|OR812569.1|	97.561	99	4.10e-92	205	386614	Amblyraja radiata	sharks & rays	thorny skate
4e814ca95bbc88b5a49c2f4a8a057725	gi|2088244563|ref|NC_057047.1|	97.561	99	4.10e-92	205	762856	Neoraja iberica	sharks & rays	Iberian pygmy skate
4e814ca95bbc88b5a49c2f4a8a057725	gi|126095396|gb|EF081262.1|	97.561	99	4.10e-92	205	420457	Malacoraja kreffti	sharks & rays	Krefft's ray
4e814ca95bbc88b5a49c2f4a8a057725	gi|129279358|gb|EF100182.1|	97.561	99	4.10e-92	205	417956	Rajella fyllae	sharks & rays	round ray
81a0e7fbbb15135207b0a034817c3fd2	gi|1515576478|gb|MH377763.1|	99.505	98	4.07e-97	202	173042	Leucoraja ocellata	sharks & rays	winter skate
81a0e7fbbb15135207b0a034817c3fd2	gi|1515576476|gb|MH377761.1|	99.505	98	4.07e-97	202	173042	Leucoraja ocellata	sharks & rays	winter skate
81a0e7fbbb15135207b0a034817c3fd2	gi|359422108|ref|NC_016429.1|	98.537	99	1.89e-95	205	7782	Leucoraja erinaceus	sharks & rays	little skate
81a0e7fbbb15135207b0a034817c3fd2	gi|2088244563|ref|NC_057047.1|	98.049	99	8.81e-94	205	762856	Neoraja iberica	sharks & rays	Iberian pygmy skate
81a0e7fbbb15135207b0a034817c3fd2	gi|126095396|gb|EF081262.1|	98.049	99	8.81e-94	205	420457	Malacoraja kreffti	sharks & rays	Krefft's ray
81a0e7fbbb15135207b0a034817c3fd2	gi|129279354|gb|EF100178.1|	98.049	99	8.81e-94	205	417954	Neoraja caerulea	sharks & rays	blue ray
81a0e7fbbb15135207b0a034817c3fd2	gi|1878349338|ref|NC_049882.1|	97.561	99	4.10e-92	205	2719090	Rajella lintea	sharks & rays	sailray
81a0e7fbbb15135207b0a034817c3fd2	gi|126095395|gb|EF081261.1|	97.561	99	4.10e-92	205	420456	Rostroraja alba	sharks & rays	bottlenosed skate
81a0e7fbbb15135207b0a034817c3fd2	gi|2891888006|gb|PP467761.1|	97.073	99	1.91e-90	205	223888	Leucoraja naevus	sharks & rays	cuckoo ray
81a0e7fbbb15135207b0a034817c3fd2	gi|1418585934|ref|NC_037971.1|	97.073	99	1.91e-90	205	223861	Raja polystigma	sharks & rays	speckled ray
72b622434189c14bc4c33f0755181198	gi|359422108|ref|NC_016429.1|	99.512	99	8.74e-99	205	7782	Leucoraja erinaceus	sharks & rays	little skate
72b622434189c14bc4c33f0755181198	gi|1878349338|ref|NC_049882.1|	98.537	99	1.89e-95	205	2719090	Rajella lintea	sharks & rays	sailray
72b622434189c14bc4c33f0755181198	gi|1515576478|gb|MH377763.1|	98.515	98	8.81e-94	202	173042	Leucoraja ocellata	sharks & rays	winter skate
72b622434189c14bc4c33f0755181198	gi|1515576476|gb|MH377761.1|	98.515	98	8.81e-94	202	173042	Leucoraja ocellata	sharks & rays	winter skate
72b622434189c14bc4c33f0755181198	gi|2689257009|gb|OR813000.1|	98.049	99	8.81e-94	205	386614	Amblyraja radiata	sharks & rays	thorny skate
72b622434189c14bc4c33f0755181198	gi|2689256995|gb|OR812999.1|	98.049	99	8.81e-94	205	386614	Amblyraja radiata	sharks & rays	thorny skate
72b622434189c14bc4c33f0755181198	gi|2689250975|gb|OR812569.1|	98.049	99	8.81e-94	205	386614	Amblyraja radiata	sharks & rays	thorny skate
72b622434189c14bc4c33f0755181198	gi|2088244563|ref|NC_057047.1|	98.049	99	8.81e-94	205	762856	Neoraja iberica	sharks & rays	Iberian pygmy skate
72b622434189c14bc4c33f0755181198	gi|126095396|gb|EF081262.1|	98.049	99	8.81e-94	205	420457	Malacoraja kreffti	sharks & rays	Krefft's ray
72b622434189c14bc4c33f0755181198	gi|129279358|gb|EF100182.1|	98.049	99	8.81e-94	205	417956	Rajella fyllae	sharks & rays	round ray
7846ff43f2fd1bc8789ce1581564406d	gi|359422108|ref|NC_016429.1|	98.049	99	8.81e-94	205	7782	Leucoraja erinaceus	sharks & rays	little skate
7846ff43f2fd1bc8789ce1581564406d	gi|1878349338|ref|NC_049882.1|	97.073	99	1.91e-90	205	2719090	Rajella lintea	sharks & rays	sailray
7846ff43f2fd1bc8789ce1581564406d	gi|1515576478|gb|MH377763.1|	97.030	98	8.87e-89	202	173042	Leucoraja ocellata	sharks & rays	winter skate
7846ff43f2fd1bc8789ce1581564406d	gi|1515576476|gb|MH377761.1|	97.030	98	8.87e-89	202	173042	Leucoraja ocellata	sharks & rays	winter skate
7846ff43f2fd1bc8789ce1581564406d	gi|2689257009|gb|OR813000.1|	96.585	99	8.87e-89	205	386614	Amblyraja radiata	sharks & rays	thorny skate
7846ff43f2fd1bc8789ce1581564406d	gi|2689256995|gb|OR812999.1|	96.585	99	8.87e-89	205	386614	Amblyraja radiata	sharks & rays	thorny skate
7846ff43f2fd1bc8789ce1581564406d	gi|2689250975|gb|OR812569.1|	96.585	99	8.87e-89	205	386614	Amblyraja radiata	sharks & rays	thorny skate
7846ff43f2fd1bc8789ce1581564406d	gi|2088244563|ref|NC_057047.1|	96.585	99	8.87e-89	205	762856	Neoraja iberica	sharks & rays	Iberian pygmy skate
7846ff43f2fd1bc8789ce1581564406d	gi|126095396|gb|EF081262.1|	96.585	99	8.87e-89	205	420457	Malacoraja kreffti	sharks & rays	Krefft's ray
7846ff43f2fd1bc8789ce1581564406d	gi|129279358|gb|EF100182.1|	96.585	99	8.87e-89	205	417956	Rajella fyllae	sharks & rays	round ray
57eff267884eb0869e1e4d077bb9163c	gi|1188238172|gb|KY067590.1|	99.515	99	2.45e-99	206	13397	Carcharodon carcharias	sharks & rays	great white shark
57eff267884eb0869e1e4d077bb9163c	gi|1188238158|gb|KY067589.1|	99.515	99	2.45e-99	206	13397	Carcharodon carcharias	sharks & rays	great white shark
57eff267884eb0869e1e4d077bb9163c	gi|1188238144|gb|KY067588.1|	99.515	99	2.45e-99	206	13397	Carcharodon carcharias	sharks & rays	great white shark
57eff267884eb0869e1e4d077bb9163c	gi|1188238130|gb|KY067587.1|	99.515	99	2.45e-99	206	13397	Carcharodon carcharias	sharks & rays	great white shark
57eff267884eb0869e1e4d077bb9163c	gi|1188238116|gb|KY067586.1|	99.515	99	2.45e-99	206	13397	Carcharodon carcharias	sharks & rays	great white shark
57eff267884eb0869e1e4d077bb9163c	gi|1188238102|gb|KY067585.1|	99.515	99	2.45e-99	206	13397	Carcharodon carcharias	sharks & rays	great white shark
57eff267884eb0869e1e4d077bb9163c	gi|1188238088|gb|KY067584.1|	99.515	99	2.45e-99	206	13397	Carcharodon carcharias	sharks & rays	great white shark
57eff267884eb0869e1e4d077bb9163c	gi|1188238074|gb|KY067583.1|	99.515	99	2.45e-99	206	13397	Carcharodon carcharias	sharks & rays	great white shark
57eff267884eb0869e1e4d077bb9163c	gi|1188238060|gb|KY067582.1|	99.515	99	2.45e-99	206	13397	Carcharodon carcharias	sharks & rays	great white shark
57eff267884eb0869e1e4d077bb9163c	gi|1188238046|gb|KY067581.1|	99.515	99	2.45e-99	206	13397	Carcharodon carcharias	sharks & rays	great white shark
7dff4326f52f0ec83897890fb1af1835	gi|37722030|gb|AY147892.1|	99.515	99	2.45e-99	206	7852	Alopias vulpinus	sharks & rays	thresher shark
7dff4326f52f0ec83897890fb1af1835	gi|1324620353|gb|MF374733.1|	99.029	99	1.14e-97	206	7852	Alopias vulpinus	sharks & rays	thresher shark
7dff4326f52f0ec83897890fb1af1835	gi|2580278510|gb|OP057080.2|	99.029	99	1.14e-97	206	7852	Alopias vulpinus	sharks & rays	thresher shark
7dff4326f52f0ec83897890fb1af1835	gi|2119742918|gb|MF125278.1|	99.029	99	1.14e-97	206	7852	Alopias vulpinus	sharks & rays	thresher shark
7dff4326f52f0ec83897890fb1af1835	gi|1878348473|ref|NC_049866.1|	99.029	99	1.14e-97	206	7852	Alopias vulpinus	sharks & rays	thresher shark
7dff4326f52f0ec83897890fb1af1835	gi|511348799|ref|NC_021443.1|	95.146	99	2.50e-84	206	57980	Alopias superciliosus	sharks & rays	bigeye thresher
7dff4326f52f0ec83897890fb1af1835	gi|2304349730|gb|OP454388.1|	94.975	96	1.94e-80	199	57980	Alopias superciliosus	sharks & rays	bigeye thresher
7dff4326f52f0ec83897890fb1af1835	gi|523500894|gb|KF020876.1|	93.689	99	2.52e-79	206	57979	Alopias pelagicus	sharks & rays	pelagic thresher
7dff4326f52f0ec83897890fb1af1835	gi|558603253|ref|NC_022822.1|	93.689	99	2.52e-79	206	57979	Alopias pelagicus	sharks & rays	pelagic thresher
7dff4326f52f0ec83897890fb1af1835	gi|2873083515|dbj|LC856682.1|	92.233	99	2.53e-74	206	57989	Odontaspis ferox	sharks & rays	smalltooth sand tiger
c2fdbb6bc6e5670ccd12f9c4b9d031b1	gi|37722030|gb|AY147892.1|	99.029	99	1.14e-97	206	7852	Alopias vulpinus	sharks & rays	thresher shark
c2fdbb6bc6e5670ccd12f9c4b9d031b1	gi|1324620353|gb|MF374733.1|	98.544	99	5.29e-96	206	7852	Alopias vulpinus	sharks & rays	thresher shark
c2fdbb6bc6e5670ccd12f9c4b9d031b1	gi|2580278510|gb|OP057080.2|	98.544	99	5.29e-96	206	7852	Alopias vulpinus	sharks & rays	thresher shark
c2fdbb6bc6e5670ccd12f9c4b9d031b1	gi|2119742918|gb|MF125278.1|	98.544	99	5.29e-96	206	7852	Alopias vulpinus	sharks & rays	thresher shark
c2fdbb6bc6e5670ccd12f9c4b9d031b1	gi|1878348473|ref|NC_049866.1|	98.544	99	5.29e-96	206	7852	Alopias vulpinus	sharks & rays	thresher shark
c2fdbb6bc6e5670ccd12f9c4b9d031b1	gi|511348799|ref|NC_021443.1|	94.660	99	1.16e-82	206	57980	Alopias superciliosus	sharks & rays	bigeye thresher
c2fdbb6bc6e5670ccd12f9c4b9d031b1	gi|2304349730|gb|OP454388.1|	94.472	96	9.05e-79	199	57980	Alopias superciliosus	sharks & rays	bigeye thresher
c2fdbb6bc6e5670ccd12f9c4b9d031b1	gi|523500894|gb|KF020876.1|	93.204	99	1.17e-77	206	57979	Alopias pelagicus	sharks & rays	pelagic thresher
c2fdbb6bc6e5670ccd12f9c4b9d031b1	gi|558603253|ref|NC_022822.1|	93.204	99	1.17e-77	206	57979	Alopias pelagicus	sharks & rays	pelagic thresher
c2fdbb6bc6e5670ccd12f9c4b9d031b1	gi|2873083515|dbj|LC856682.1|	91.748	99	1.18e-72	206	57989	Odontaspis ferox	sharks & rays	smalltooth sand tiger
d3f5f4f88afed835be0a10a019c65113	gi|1150149431|ref|NC_033911.1|	98.551	99	1.48e-96	207	7849	Lamna nasus	sharks & rays	Lamna nasus
d3f5f4f88afed835be0a10a019c65113	gi|2119742818|gb|MF150045.1|	98.551	99	1.48e-96	207	7849	Lamna nasus	sharks & rays	Lamna nasus
d3f5f4f88afed835be0a10a019c65113	gi|1871283157|gb|MT410902.1|	98.551	99	1.48e-96	207	7849	Lamna nasus	sharks & rays	Lamna nasus
d3f5f4f88afed835be0a10a019c65113	gi|37722034|gb|AY147896.1|	98.551	99	1.48e-96	207	7849	Lamna nasus	sharks & rays	Lamna nasus
d3f5f4f88afed835be0a10a019c65113	gi|651424421|ref|NC_024269.1|	96.618	99	6.94e-90	207	38578	Lamna ditropis	sharks & rays	Lamna ditropis
d3f5f4f88afed835be0a10a019c65113	gi|1188238172|gb|KY067590.1|	92.754	99	5.48e-76	207	13397	Carcharodon carcharias	sharks & rays	great white shark
d3f5f4f88afed835be0a10a019c65113	gi|1188238158|gb|KY067589.1|	92.754	99	5.48e-76	207	13397	Carcharodon carcharias	sharks & rays	great white shark
d3f5f4f88afed835be0a10a019c65113	gi|1188238144|gb|KY067588.1|	92.754	99	5.48e-76	207	13397	Carcharodon carcharias	sharks & rays	great white shark
d3f5f4f88afed835be0a10a019c65113	gi|1188238130|gb|KY067587.1|	92.754	99	5.48e-76	207	13397	Carcharodon carcharias	sharks & rays	great white shark
d3f5f4f88afed835be0a10a019c65113	gi|1188238116|gb|KY067586.1|	92.754	99	5.48e-76	207	13397	Carcharodon carcharias	sharks & rays	great white shark
39cd843a0fa9669e0acf070e715eb67d	gi|5835708|ref|NC_002012.1|	99.024	99	4.07e-97	205	7797	Squalus acanthias	sharks & rays	spiny dogfish
39cd843a0fa9669e0acf070e715eb67d	gi|1515576520|gb|MH377805.1|	98.985	95	1.14e-92	197	7797	Squalus acanthias	sharks & rays	spiny dogfish
39cd843a0fa9669e0acf070e715eb67d	gi|2222752024|dbj|LC649805.1|	96.585	99	8.87e-89	205	134996	Squalus mitsukurii	sharks & rays	Squalus mitsukurii
39cd843a0fa9669e0acf070e715eb67d	gi|2052160790|dbj|LC635111.1|	96.585	99	8.87e-89	205	134996	Squalus mitsukurii	sharks & rays	Squalus mitsukurii
39cd843a0fa9669e0acf070e715eb67d	gi|2052160788|dbj|LC635110.1|	96.585	99	8.87e-89	205	42864;3361152	Squalus japonicus	sharks & rays	Squalus japonicus
39cd843a0fa9669e0acf070e715eb67d	gi|300676992|gb|GU130625.1|	96.585	99	8.87e-89	205	335062	Squalus megalops	sharks & rays	Squalus megalops
39cd843a0fa9669e0acf070e715eb67d	gi|1197511934|ref|NC_034748.1|	96.098	99	4.13e-87	205	436290	Squalus brevirostris	sharks & rays	Squalus brevirostris
39cd843a0fa9669e0acf070e715eb67d	gi|2329468114|gb|OP056876.1|	96.098	99	4.13e-87	205	134995	Squalus cubensis	sharks & rays	Squalus cubensis
39cd843a0fa9669e0acf070e715eb67d	gi|2071593070|gb|MN873044.1|	96.098	99	4.13e-87	205	934694	Squalus blainville	sharks & rays	longnose spurdog
39cd843a0fa9669e0acf070e715eb67d	gi|2172621024|ref|NC_059940.1|	96.098	99	4.13e-87	205	934694	Squalus blainville	sharks & rays	longnose spurdog
6c4dd63c89620043ee42e66fca55b7d9	gi|5835708|ref|NC_002012.1|	99.024	99	4.07e-97	205	7797	Squalus acanthias	sharks & rays	spiny dogfish
6c4dd63c89620043ee42e66fca55b7d9	gi|1515576520|gb|MH377805.1|	98.985	95	1.14e-92	197	7797	Squalus acanthias	sharks & rays	spiny dogfish
6c4dd63c89620043ee42e66fca55b7d9	gi|2222752024|dbj|LC649805.1|	96.585	99	8.87e-89	205	134996	Squalus mitsukurii	sharks & rays	Squalus mitsukurii
6c4dd63c89620043ee42e66fca55b7d9	gi|2052160790|dbj|LC635111.1|	96.585	99	8.87e-89	205	134996	Squalus mitsukurii	sharks & rays	Squalus mitsukurii
6c4dd63c89620043ee42e66fca55b7d9	gi|2052160788|dbj|LC635110.1|	96.585	99	8.87e-89	205	42864;3361152	Squalus japonicus	sharks & rays	Squalus japonicus
6c4dd63c89620043ee42e66fca55b7d9	gi|300676992|gb|GU130625.1|	96.585	99	8.87e-89	205	335062	Squalus megalops	sharks & rays	Squalus megalops
6c4dd63c89620043ee42e66fca55b7d9	gi|1197511934|ref|NC_034748.1|	96.098	99	4.13e-87	205	436290	Squalus brevirostris	sharks & rays	Squalus brevirostris
6c4dd63c89620043ee42e66fca55b7d9	gi|2329468114|gb|OP056876.1|	96.098	99	4.13e-87	205	134995	Squalus cubensis	sharks & rays	Squalus cubensis
6c4dd63c89620043ee42e66fca55b7d9	gi|2071593070|gb|MN873044.1|	96.098	99	4.13e-87	205	934694	Squalus blainville	sharks & rays	longnose spurdog
6c4dd63c89620043ee42e66fca55b7d9	gi|2172621024|ref|NC_059940.1|	96.098	99	4.13e-87	205	934694	Squalus blainville	sharks & rays	longnose spurdog
9d558d7ab18baeff8cfec744279b0c4b	gi|5835708|ref|NC_002012.1|	99.512	99	8.74e-99	205	7797	Squalus acanthias	sharks & rays	spiny dogfish
9d558d7ab18baeff8cfec744279b0c4b	gi|1515576520|gb|MH377805.1|	99.492	95	2.45e-94	197	7797	Squalus acanthias	sharks & rays	spiny dogfish
9d558d7ab18baeff8cfec744279b0c4b	gi|2222752024|dbj|LC649805.1|	97.073	99	1.91e-90	205	134996	Squalus mitsukurii	sharks & rays	Squalus mitsukurii
9d558d7ab18baeff8cfec744279b0c4b	gi|2052160790|dbj|LC635111.1|	97.073	99	1.91e-90	205	134996	Squalus mitsukurii	sharks & rays	Squalus mitsukurii
9d558d7ab18baeff8cfec744279b0c4b	gi|2052160788|dbj|LC635110.1|	97.073	99	1.91e-90	205	42864;3361152	Squalus japonicus	sharks & rays	Squalus japonicus
9d558d7ab18baeff8cfec744279b0c4b	gi|300676992|gb|GU130625.1|	97.073	99	1.91e-90	205	335062	Squalus megalops	sharks & rays	Squalus megalops
9d558d7ab18baeff8cfec744279b0c4b	gi|1197511934|ref|NC_034748.1|	96.585	99	8.87e-89	205	436290	Squalus brevirostris	sharks & rays	Squalus brevirostris
9d558d7ab18baeff8cfec744279b0c4b	gi|2329468114|gb|OP056876.1|	96.585	99	8.87e-89	205	134995	Squalus cubensis	sharks & rays	Squalus cubensis
9d558d7ab18baeff8cfec744279b0c4b	gi|2071593070|gb|MN873044.1|	96.585	99	8.87e-89	205	934694	Squalus blainville	sharks & rays	longnose spurdog
9d558d7ab18baeff8cfec744279b0c4b	gi|2172621024|ref|NC_059940.1|	96.585	99	8.87e-89	205	934694	Squalus blainville	sharks & rays	longnose spurdog
8c5437061314f89bc72b505fd2652843	gi|2325477952|gb|OM736824.1|	99.485	100	1.05e-92	194	8014	Osmerus mordax	bony fishes	rainbow smelt
8c5437061314f89bc72b505fd2652843	gi|2048073843|gb|MW856916.1|	99.485	100	1.05e-92	194	8014	Osmerus mordax	bony fishes	rainbow smelt
8c5437061314f89bc72b505fd2652843	gi|2048073396|gb|MW856884.1|	99.485	100	1.05e-92	194	8014	Osmerus mordax	bony fishes	rainbow smelt
8c5437061314f89bc72b505fd2652843	gi|2048072724|gb|MW856836.1|	99.485	100	1.05e-92	194	8014	Osmerus mordax	bony fishes	rainbow smelt
8c5437061314f89bc72b505fd2652843	gi|2048072696|gb|MW856834.1|	99.485	100	1.05e-92	194	8014	Osmerus mordax	bony fishes	rainbow smelt
8c5437061314f89bc72b505fd2652843	gi|326536062|ref|NC_015246.1|	99.485	100	1.05e-92	194	8014	Osmerus mordax	bony fishes	rainbow smelt
8c5437061314f89bc72b505fd2652843	gi|1530725254|gb|MH238074.1|	98.454	100	2.28e-89	194	29151	Osmerus eperlanus	bony fishes	European smelt
8c5437061314f89bc72b505fd2652843	gi|1530725240|gb|MH238073.1|	98.454	100	2.28e-89	194	29151	Osmerus eperlanus	bony fishes	European smelt
8c5437061314f89bc72b505fd2652843	gi|2626246587|emb|OY830042.1|	98.454	100	2.28e-89	194	29151	Osmerus eperlanus	bony fishes	European smelt
8c5437061314f89bc72b505fd2652843	gi|1980526549|ref|NC_052758.1|	98.454	100	2.28e-89	194	29151	Osmerus eperlanus	bony fishes	European smelt
37f7244dbdd597bbbe3485edd5f052a2	gi|2325477952|gb|OM736824.1|	99.485	100	1.05e-92	194	8014	Osmerus mordax	bony fishes	rainbow smelt
37f7244dbdd597bbbe3485edd5f052a2	gi|2048073843|gb|MW856916.1|	99.485	100	1.05e-92	194	8014	Osmerus mordax	bony fishes	rainbow smelt
37f7244dbdd597bbbe3485edd5f052a2	gi|2048073396|gb|MW856884.1|	99.485	100	1.05e-92	194	8014	Osmerus mordax	bony fishes	rainbow smelt
37f7244dbdd597bbbe3485edd5f052a2	gi|2048072724|gb|MW856836.1|	99.485	100	1.05e-92	194	8014	Osmerus mordax	bony fishes	rainbow smelt
37f7244dbdd597bbbe3485edd5f052a2	gi|2048072696|gb|MW856834.1|	99.485	100	1.05e-92	194	8014	Osmerus mordax	bony fishes	rainbow smelt
37f7244dbdd597bbbe3485edd5f052a2	gi|326536062|ref|NC_015246.1|	99.485	100	1.05e-92	194	8014	Osmerus mordax	bony fishes	rainbow smelt
37f7244dbdd597bbbe3485edd5f052a2	gi|1530725254|gb|MH238074.1|	98.454	100	2.28e-89	194	29151	Osmerus eperlanus	bony fishes	European smelt
37f7244dbdd597bbbe3485edd5f052a2	gi|1530725240|gb|MH238073.1|	98.454	100	2.28e-89	194	29151	Osmerus eperlanus	bony fishes	European smelt
37f7244dbdd597bbbe3485edd5f052a2	gi|2626246587|emb|OY830042.1|	98.454	100	2.28e-89	194	29151	Osmerus eperlanus	bony fishes	European smelt
37f7244dbdd597bbbe3485edd5f052a2	gi|1980526549|ref|NC_052758.1|	98.454	100	2.28e-89	194	29151	Osmerus eperlanus	bony fishes	European smelt
2224b14ad4c2a08a27f860c0f8b24635	gi|2325477952|gb|OM736824.1|	99.485	100	1.05e-92	194	8014	Osmerus mordax	bony fishes	rainbow smelt
2224b14ad4c2a08a27f860c0f8b24635	gi|2048073843|gb|MW856916.1|	99.485	100	1.05e-92	194	8014	Osmerus mordax	bony fishes	rainbow smelt
2224b14ad4c2a08a27f860c0f8b24635	gi|2048073396|gb|MW856884.1|	99.485	100	1.05e-92	194	8014	Osmerus mordax	bony fishes	rainbow smelt
2224b14ad4c2a08a27f860c0f8b24635	gi|2048072724|gb|MW856836.1|	99.485	100	1.05e-92	194	8014	Osmerus mordax	bony fishes	rainbow smelt
2224b14ad4c2a08a27f860c0f8b24635	gi|2048072696|gb|MW856834.1|	99.485	100	1.05e-92	194	8014	Osmerus mordax	bony fishes	rainbow smelt
2224b14ad4c2a08a27f860c0f8b24635	gi|326536062|ref|NC_015246.1|	99.485	100	1.05e-92	194	8014	Osmerus mordax	bony fishes	rainbow smelt
2224b14ad4c2a08a27f860c0f8b24635	gi|1530725254|gb|MH238074.1|	98.454	100	2.28e-89	194	29151	Osmerus eperlanus	bony fishes	European smelt
2224b14ad4c2a08a27f860c0f8b24635	gi|1530725240|gb|MH238073.1|	98.454	100	2.28e-89	194	29151	Osmerus eperlanus	bony fishes	European smelt
2224b14ad4c2a08a27f860c0f8b24635	gi|2626246587|emb|OY830042.1|	98.454	100	2.28e-89	194	29151	Osmerus eperlanus	bony fishes	European smelt
2224b14ad4c2a08a27f860c0f8b24635	gi|1980526549|ref|NC_052758.1|	98.454	100	2.28e-89	194	29151	Osmerus eperlanus	bony fishes	European smelt
eddc67e4ea000dbb5571201ed1f77581	gi|2325477952|gb|OM736824.1|	99.485	100	1.05e-92	194	8014	Osmerus mordax	bony fishes	rainbow smelt
eddc67e4ea000dbb5571201ed1f77581	gi|2048073843|gb|MW856916.1|	99.485	100	1.05e-92	194	8014	Osmerus mordax	bony fishes	rainbow smelt
eddc67e4ea000dbb5571201ed1f77581	gi|2048073396|gb|MW856884.1|	99.485	100	1.05e-92	194	8014	Osmerus mordax	bony fishes	rainbow smelt
eddc67e4ea000dbb5571201ed1f77581	gi|2048072724|gb|MW856836.1|	99.485	100	1.05e-92	194	8014	Osmerus mordax	bony fishes	rainbow smelt
eddc67e4ea000dbb5571201ed1f77581	gi|2048072696|gb|MW856834.1|	99.485	100	1.05e-92	194	8014	Osmerus mordax	bony fishes	rainbow smelt
eddc67e4ea000dbb5571201ed1f77581	gi|326536062|ref|NC_015246.1|	99.485	100	1.05e-92	194	8014	Osmerus mordax	bony fishes	rainbow smelt
eddc67e4ea000dbb5571201ed1f77581	gi|1530725254|gb|MH238074.1|	98.454	100	2.28e-89	194	29151	Osmerus eperlanus	bony fishes	European smelt
eddc67e4ea000dbb5571201ed1f77581	gi|1530725240|gb|MH238073.1|	98.454	100	2.28e-89	194	29151	Osmerus eperlanus	bony fishes	European smelt
eddc67e4ea000dbb5571201ed1f77581	gi|2626246587|emb|OY830042.1|	98.454	100	2.28e-89	194	29151	Osmerus eperlanus	bony fishes	European smelt
eddc67e4ea000dbb5571201ed1f77581	gi|1980526549|ref|NC_052758.1|	98.454	100	2.28e-89	194	29151	Osmerus eperlanus	bony fishes	European smelt
5f3d80aea8a54f3be9c7402da0cdda4d	gi|2325477952|gb|OM736824.1|	99.485	100	1.05e-92	194	8014	Osmerus mordax	bony fishes	rainbow smelt
5f3d80aea8a54f3be9c7402da0cdda4d	gi|2048073843|gb|MW856916.1|	99.485	100	1.05e-92	194	8014	Osmerus mordax	bony fishes	rainbow smelt
5f3d80aea8a54f3be9c7402da0cdda4d	gi|2048073396|gb|MW856884.1|	99.485	100	1.05e-92	194	8014	Osmerus mordax	bony fishes	rainbow smelt
5f3d80aea8a54f3be9c7402da0cdda4d	gi|2048072724|gb|MW856836.1|	99.485	100	1.05e-92	194	8014	Osmerus mordax	bony fishes	rainbow smelt
5f3d80aea8a54f3be9c7402da0cdda4d	gi|2048072696|gb|MW856834.1|	99.485	100	1.05e-92	194	8014	Osmerus mordax	bony fishes	rainbow smelt
5f3d80aea8a54f3be9c7402da0cdda4d	gi|326536062|ref|NC_015246.1|	99.485	100	1.05e-92	194	8014	Osmerus mordax	bony fishes	rainbow smelt
5f3d80aea8a54f3be9c7402da0cdda4d	gi|1530725254|gb|MH238074.1|	98.454	100	2.28e-89	194	29151	Osmerus eperlanus	bony fishes	European smelt
5f3d80aea8a54f3be9c7402da0cdda4d	gi|1530725240|gb|MH238073.1|	98.454	100	2.28e-89	194	29151	Osmerus eperlanus	bony fishes	European smelt
5f3d80aea8a54f3be9c7402da0cdda4d	gi|2626246587|emb|OY830042.1|	98.454	100	2.28e-89	194	29151	Osmerus eperlanus	bony fishes	European smelt
5f3d80aea8a54f3be9c7402da0cdda4d	gi|1980526549|ref|NC_052758.1|	98.454	100	2.28e-89	194	29151	Osmerus eperlanus	bony fishes	European smelt
960296bf4f7d015644440945cd216a60	gi|2325477952|gb|OM736824.1|	99.485	100	1.05e-92	194	8014	Osmerus mordax	bony fishes	rainbow smelt
960296bf4f7d015644440945cd216a60	gi|2048073843|gb|MW856916.1|	99.485	100	1.05e-92	194	8014	Osmerus mordax	bony fishes	rainbow smelt
960296bf4f7d015644440945cd216a60	gi|2048073396|gb|MW856884.1|	99.485	100	1.05e-92	194	8014	Osmerus mordax	bony fishes	rainbow smelt
960296bf4f7d015644440945cd216a60	gi|2048072724|gb|MW856836.1|	99.485	100	1.05e-92	194	8014	Osmerus mordax	bony fishes	rainbow smelt
960296bf4f7d015644440945cd216a60	gi|2048072696|gb|MW856834.1|	99.485	100	1.05e-92	194	8014	Osmerus mordax	bony fishes	rainbow smelt
960296bf4f7d015644440945cd216a60	gi|326536062|ref|NC_015246.1|	99.485	100	1.05e-92	194	8014	Osmerus mordax	bony fishes	rainbow smelt
960296bf4f7d015644440945cd216a60	gi|1530725254|gb|MH238074.1|	98.454	100	2.28e-89	194	29151	Osmerus eperlanus	bony fishes	European smelt
960296bf4f7d015644440945cd216a60	gi|1530725240|gb|MH238073.1|	98.454	100	2.28e-89	194	29151	Osmerus eperlanus	bony fishes	European smelt
960296bf4f7d015644440945cd216a60	gi|2626246587|emb|OY830042.1|	98.454	100	2.28e-89	194	29151	Osmerus eperlanus	bony fishes	European smelt
960296bf4f7d015644440945cd216a60	gi|1980526549|ref|NC_052758.1|	98.454	100	2.28e-89	194	29151	Osmerus eperlanus	bony fishes	European smelt
41ea2d353e4573117fbe6619b1933c54	gi|2325477952|gb|OM736824.1|	100.000	100	2.26e-94	194	8014	Osmerus mordax	bony fishes	rainbow smelt
41ea2d353e4573117fbe6619b1933c54	gi|2048073843|gb|MW856916.1|	100.000	100	2.26e-94	194	8014	Osmerus mordax	bony fishes	rainbow smelt
41ea2d353e4573117fbe6619b1933c54	gi|2048073396|gb|MW856884.1|	100.000	100	2.26e-94	194	8014	Osmerus mordax	bony fishes	rainbow smelt
41ea2d353e4573117fbe6619b1933c54	gi|2048072724|gb|MW856836.1|	100.000	100	2.26e-94	194	8014	Osmerus mordax	bony fishes	rainbow smelt
41ea2d353e4573117fbe6619b1933c54	gi|2048072696|gb|MW856834.1|	100.000	100	2.26e-94	194	8014	Osmerus mordax	bony fishes	rainbow smelt
41ea2d353e4573117fbe6619b1933c54	gi|326536062|ref|NC_015246.1|	100.000	100	2.26e-94	194	8014	Osmerus mordax	bony fishes	rainbow smelt
41ea2d353e4573117fbe6619b1933c54	gi|1530725254|gb|MH238074.1|	98.969	100	4.90e-91	194	29151	Osmerus eperlanus	bony fishes	European smelt
41ea2d353e4573117fbe6619b1933c54	gi|1530725240|gb|MH238073.1|	98.969	100	4.90e-91	194	29151	Osmerus eperlanus	bony fishes	European smelt
41ea2d353e4573117fbe6619b1933c54	gi|2626246587|emb|OY830042.1|	98.969	100	4.90e-91	194	29151	Osmerus eperlanus	bony fishes	European smelt
41ea2d353e4573117fbe6619b1933c54	gi|1980526549|ref|NC_052758.1|	98.969	100	4.90e-91	194	29151	Osmerus eperlanus	bony fishes	European smelt
bc87bc33f003cc8c8614801ab0749d05	gi|2325477952|gb|OM736824.1|	100.000	99	2.93e-93	192	8014	Osmerus mordax	bony fishes	rainbow smelt
bc87bc33f003cc8c8614801ab0749d05	gi|2048073843|gb|MW856916.1|	100.000	99	2.93e-93	192	8014	Osmerus mordax	bony fishes	rainbow smelt
bc87bc33f003cc8c8614801ab0749d05	gi|2048073396|gb|MW856884.1|	100.000	99	2.93e-93	192	8014	Osmerus mordax	bony fishes	rainbow smelt
bc87bc33f003cc8c8614801ab0749d05	gi|2048072724|gb|MW856836.1|	100.000	99	2.93e-93	192	8014	Osmerus mordax	bony fishes	rainbow smelt
bc87bc33f003cc8c8614801ab0749d05	gi|2048072696|gb|MW856834.1|	100.000	99	2.93e-93	192	8014	Osmerus mordax	bony fishes	rainbow smelt
bc87bc33f003cc8c8614801ab0749d05	gi|326536062|ref|NC_015246.1|	100.000	99	2.93e-93	192	8014	Osmerus mordax	bony fishes	rainbow smelt
bc87bc33f003cc8c8614801ab0749d05	gi|1530725254|gb|MH238074.1|	98.958	99	6.34e-90	192	29151	Osmerus eperlanus	bony fishes	European smelt
bc87bc33f003cc8c8614801ab0749d05	gi|1530725240|gb|MH238073.1|	98.958	99	6.34e-90	192	29151	Osmerus eperlanus	bony fishes	European smelt
bc87bc33f003cc8c8614801ab0749d05	gi|2626246587|emb|OY830042.1|	98.958	99	6.34e-90	192	29151	Osmerus eperlanus	bony fishes	European smelt
bc87bc33f003cc8c8614801ab0749d05	gi|1980526549|ref|NC_052758.1|	98.958	99	6.34e-90	192	29151	Osmerus eperlanus	bony fishes	European smelt
ae969006ed6f1e193f0e3e1c4a5c1c3b	gi|2325477952|gb|OM736824.1|	99.485	100	1.05e-92	194	8014	Osmerus mordax	bony fishes	rainbow smelt
ae969006ed6f1e193f0e3e1c4a5c1c3b	gi|2048073843|gb|MW856916.1|	99.485	100	1.05e-92	194	8014	Osmerus mordax	bony fishes	rainbow smelt
ae969006ed6f1e193f0e3e1c4a5c1c3b	gi|2048073396|gb|MW856884.1|	99.485	100	1.05e-92	194	8014	Osmerus mordax	bony fishes	rainbow smelt
ae969006ed6f1e193f0e3e1c4a5c1c3b	gi|2048072724|gb|MW856836.1|	99.485	100	1.05e-92	194	8014	Osmerus mordax	bony fishes	rainbow smelt
ae969006ed6f1e193f0e3e1c4a5c1c3b	gi|2048072696|gb|MW856834.1|	99.485	100	1.05e-92	194	8014	Osmerus mordax	bony fishes	rainbow smelt
ae969006ed6f1e193f0e3e1c4a5c1c3b	gi|326536062|ref|NC_015246.1|	99.485	100	1.05e-92	194	8014	Osmerus mordax	bony fishes	rainbow smelt
ae969006ed6f1e193f0e3e1c4a5c1c3b	gi|1530725254|gb|MH238074.1|	98.454	100	2.28e-89	194	29151	Osmerus eperlanus	bony fishes	European smelt
ae969006ed6f1e193f0e3e1c4a5c1c3b	gi|1530725240|gb|MH238073.1|	98.454	100	2.28e-89	194	29151	Osmerus eperlanus	bony fishes	European smelt
ae969006ed6f1e193f0e3e1c4a5c1c3b	gi|2626246587|emb|OY830042.1|	98.454	100	2.28e-89	194	29151	Osmerus eperlanus	bony fishes	European smelt
ae969006ed6f1e193f0e3e1c4a5c1c3b	gi|1980526549|ref|NC_052758.1|	98.454	100	2.28e-89	194	29151	Osmerus eperlanus	bony fishes	European smelt
7d40286d8e58e9b80fc39e54a92f7ddc	gi|2325477952|gb|OM736824.1|	99.485	100	1.05e-92	194	8014	Osmerus mordax	bony fishes	rainbow smelt
7d40286d8e58e9b80fc39e54a92f7ddc	gi|2048073843|gb|MW856916.1|	99.485	100	1.05e-92	194	8014	Osmerus mordax	bony fishes	rainbow smelt
7d40286d8e58e9b80fc39e54a92f7ddc	gi|2048073396|gb|MW856884.1|	99.485	100	1.05e-92	194	8014	Osmerus mordax	bony fishes	rainbow smelt
7d40286d8e58e9b80fc39e54a92f7ddc	gi|2048072724|gb|MW856836.1|	99.485	100	1.05e-92	194	8014	Osmerus mordax	bony fishes	rainbow smelt
7d40286d8e58e9b80fc39e54a92f7ddc	gi|2048072696|gb|MW856834.1|	99.485	100	1.05e-92	194	8014	Osmerus mordax	bony fishes	rainbow smelt
7d40286d8e58e9b80fc39e54a92f7ddc	gi|326536062|ref|NC_015246.1|	99.485	100	1.05e-92	194	8014	Osmerus mordax	bony fishes	rainbow smelt
7d40286d8e58e9b80fc39e54a92f7ddc	gi|2569353095|gb|OR482559.1|	98.969	100	4.90e-91	194	240832	Thaleichthys pacificus	bony fishes	eulachon
7d40286d8e58e9b80fc39e54a92f7ddc	gi|2329041664|gb|ON005619.1|	98.969	100	4.90e-91	194	240832	Thaleichthys pacificus	bony fishes	eulachon
7d40286d8e58e9b80fc39e54a92f7ddc	gi|2314981658|ref|NC_066906.1|	98.969	100	4.90e-91	194	240832	Thaleichthys pacificus	bony fishes	eulachon
7d40286d8e58e9b80fc39e54a92f7ddc	gi|1530725254|gb|MH238074.1|	98.454	100	2.28e-89	194	29151	Osmerus eperlanus	bony fishes	European smelt
8983bc4b5e5fb31923ae65e33a9be157	gi|2325477952|gb|OM736824.1|	99.485	100	1.05e-92	194	8014	Osmerus mordax	bony fishes	rainbow smelt
8983bc4b5e5fb31923ae65e33a9be157	gi|2048073843|gb|MW856916.1|	99.485	100	1.05e-92	194	8014	Osmerus mordax	bony fishes	rainbow smelt
8983bc4b5e5fb31923ae65e33a9be157	gi|2048073396|gb|MW856884.1|	99.485	100	1.05e-92	194	8014	Osmerus mordax	bony fishes	rainbow smelt
8983bc4b5e5fb31923ae65e33a9be157	gi|2048072724|gb|MW856836.1|	99.485	100	1.05e-92	194	8014	Osmerus mordax	bony fishes	rainbow smelt
8983bc4b5e5fb31923ae65e33a9be157	gi|2048072696|gb|MW856834.1|	99.485	100	1.05e-92	194	8014	Osmerus mordax	bony fishes	rainbow smelt
8983bc4b5e5fb31923ae65e33a9be157	gi|326536062|ref|NC_015246.1|	99.485	100	1.05e-92	194	8014	Osmerus mordax	bony fishes	rainbow smelt
8983bc4b5e5fb31923ae65e33a9be157	gi|1530725254|gb|MH238074.1|	98.454	100	2.28e-89	194	29151	Osmerus eperlanus	bony fishes	European smelt
8983bc4b5e5fb31923ae65e33a9be157	gi|1530725240|gb|MH238073.1|	98.454	100	2.28e-89	194	29151	Osmerus eperlanus	bony fishes	European smelt
8983bc4b5e5fb31923ae65e33a9be157	gi|2626246587|emb|OY830042.1|	98.454	100	2.28e-89	194	29151	Osmerus eperlanus	bony fishes	European smelt
8983bc4b5e5fb31923ae65e33a9be157	gi|1980526549|ref|NC_052758.1|	98.454	100	2.28e-89	194	29151	Osmerus eperlanus	bony fishes	European smelt
50869e49ff77d2b5c35e8d9ed0a1d3e6	gi|2325477952|gb|OM736824.1|	99.485	100	1.05e-92	194	8014	Osmerus mordax	bony fishes	rainbow smelt
50869e49ff77d2b5c35e8d9ed0a1d3e6	gi|2048073843|gb|MW856916.1|	99.485	100	1.05e-92	194	8014	Osmerus mordax	bony fishes	rainbow smelt
50869e49ff77d2b5c35e8d9ed0a1d3e6	gi|2048073396|gb|MW856884.1|	99.485	100	1.05e-92	194	8014	Osmerus mordax	bony fishes	rainbow smelt
50869e49ff77d2b5c35e8d9ed0a1d3e6	gi|2048072724|gb|MW856836.1|	99.485	100	1.05e-92	194	8014	Osmerus mordax	bony fishes	rainbow smelt
50869e49ff77d2b5c35e8d9ed0a1d3e6	gi|2048072696|gb|MW856834.1|	99.485	100	1.05e-92	194	8014	Osmerus mordax	bony fishes	rainbow smelt
50869e49ff77d2b5c35e8d9ed0a1d3e6	gi|326536062|ref|NC_015246.1|	99.485	100	1.05e-92	194	8014	Osmerus mordax	bony fishes	rainbow smelt
50869e49ff77d2b5c35e8d9ed0a1d3e6	gi|1530725254|gb|MH238074.1|	98.454	100	2.28e-89	194	29151	Osmerus eperlanus	bony fishes	European smelt
50869e49ff77d2b5c35e8d9ed0a1d3e6	gi|1530725240|gb|MH238073.1|	98.454	100	2.28e-89	194	29151	Osmerus eperlanus	bony fishes	European smelt
50869e49ff77d2b5c35e8d9ed0a1d3e6	gi|2626246587|emb|OY830042.1|	98.454	100	2.28e-89	194	29151	Osmerus eperlanus	bony fishes	European smelt
50869e49ff77d2b5c35e8d9ed0a1d3e6	gi|1980526549|ref|NC_052758.1|	98.454	100	2.28e-89	194	29151	Osmerus eperlanus	bony fishes	European smelt
3475b3081773d8bda16805623e8b9a74	gi|2325477952|gb|OM736824.1|	99.485	100	1.05e-92	194	8014	Osmerus mordax	bony fishes	rainbow smelt
3475b3081773d8bda16805623e8b9a74	gi|2048073843|gb|MW856916.1|	99.485	100	1.05e-92	194	8014	Osmerus mordax	bony fishes	rainbow smelt
3475b3081773d8bda16805623e8b9a74	gi|2048073396|gb|MW856884.1|	99.485	100	1.05e-92	194	8014	Osmerus mordax	bony fishes	rainbow smelt
3475b3081773d8bda16805623e8b9a74	gi|2048072724|gb|MW856836.1|	99.485	100	1.05e-92	194	8014	Osmerus mordax	bony fishes	rainbow smelt
3475b3081773d8bda16805623e8b9a74	gi|2048072696|gb|MW856834.1|	99.485	100	1.05e-92	194	8014	Osmerus mordax	bony fishes	rainbow smelt
3475b3081773d8bda16805623e8b9a74	gi|326536062|ref|NC_015246.1|	99.485	100	1.05e-92	194	8014	Osmerus mordax	bony fishes	rainbow smelt
3475b3081773d8bda16805623e8b9a74	gi|1530725254|gb|MH238074.1|	98.454	100	2.28e-89	194	29151	Osmerus eperlanus	bony fishes	European smelt
3475b3081773d8bda16805623e8b9a74	gi|1530725240|gb|MH238073.1|	98.454	100	2.28e-89	194	29151	Osmerus eperlanus	bony fishes	European smelt
3475b3081773d8bda16805623e8b9a74	gi|2626246587|emb|OY830042.1|	98.454	100	2.28e-89	194	29151	Osmerus eperlanus	bony fishes	European smelt
3475b3081773d8bda16805623e8b9a74	gi|1980526549|ref|NC_052758.1|	98.454	100	2.28e-89	194	29151	Osmerus eperlanus	bony fishes	European smelt
2af9afcadd99c49e4b1cbd320191d416	gi|2325477952|gb|OM736824.1|	99.485	100	1.05e-92	194	8014	Osmerus mordax	bony fishes	rainbow smelt
2af9afcadd99c49e4b1cbd320191d416	gi|2048073843|gb|MW856916.1|	99.485	100	1.05e-92	194	8014	Osmerus mordax	bony fishes	rainbow smelt
2af9afcadd99c49e4b1cbd320191d416	gi|2048073396|gb|MW856884.1|	99.485	100	1.05e-92	194	8014	Osmerus mordax	bony fishes	rainbow smelt
2af9afcadd99c49e4b1cbd320191d416	gi|2048072724|gb|MW856836.1|	99.485	100	1.05e-92	194	8014	Osmerus mordax	bony fishes	rainbow smelt
2af9afcadd99c49e4b1cbd320191d416	gi|2048072696|gb|MW856834.1|	99.485	100	1.05e-92	194	8014	Osmerus mordax	bony fishes	rainbow smelt
2af9afcadd99c49e4b1cbd320191d416	gi|326536062|ref|NC_015246.1|	99.485	100	1.05e-92	194	8014	Osmerus mordax	bony fishes	rainbow smelt
2af9afcadd99c49e4b1cbd320191d416	gi|1530725254|gb|MH238074.1|	98.454	100	2.28e-89	194	29151	Osmerus eperlanus	bony fishes	European smelt
2af9afcadd99c49e4b1cbd320191d416	gi|1530725240|gb|MH238073.1|	98.454	100	2.28e-89	194	29151	Osmerus eperlanus	bony fishes	European smelt
2af9afcadd99c49e4b1cbd320191d416	gi|2626246587|emb|OY830042.1|	98.454	100	2.28e-89	194	29151	Osmerus eperlanus	bony fishes	European smelt
2af9afcadd99c49e4b1cbd320191d416	gi|1980526549|ref|NC_052758.1|	98.454	100	2.28e-89	194	29151	Osmerus eperlanus	bony fishes	European smelt
ad527c1c95ed694d2e4aa4a9f09a6790	gi|2325477952|gb|OM736824.1|	99.485	100	1.05e-92	194	8014	Osmerus mordax	bony fishes	rainbow smelt
ad527c1c95ed694d2e4aa4a9f09a6790	gi|2048073843|gb|MW856916.1|	99.485	100	1.05e-92	194	8014	Osmerus mordax	bony fishes	rainbow smelt
ad527c1c95ed694d2e4aa4a9f09a6790	gi|2048073396|gb|MW856884.1|	99.485	100	1.05e-92	194	8014	Osmerus mordax	bony fishes	rainbow smelt
ad527c1c95ed694d2e4aa4a9f09a6790	gi|2048072724|gb|MW856836.1|	99.485	100	1.05e-92	194	8014	Osmerus mordax	bony fishes	rainbow smelt
ad527c1c95ed694d2e4aa4a9f09a6790	gi|2048072696|gb|MW856834.1|	99.485	100	1.05e-92	194	8014	Osmerus mordax	bony fishes	rainbow smelt
ad527c1c95ed694d2e4aa4a9f09a6790	gi|326536062|ref|NC_015246.1|	99.485	100	1.05e-92	194	8014	Osmerus mordax	bony fishes	rainbow smelt
ad527c1c95ed694d2e4aa4a9f09a6790	gi|1530725254|gb|MH238074.1|	98.454	100	2.28e-89	194	29151	Osmerus eperlanus	bony fishes	European smelt
ad527c1c95ed694d2e4aa4a9f09a6790	gi|1530725240|gb|MH238073.1|	98.454	100	2.28e-89	194	29151	Osmerus eperlanus	bony fishes	European smelt
ad527c1c95ed694d2e4aa4a9f09a6790	gi|2626246587|emb|OY830042.1|	98.454	100	2.28e-89	194	29151	Osmerus eperlanus	bony fishes	European smelt
ad527c1c95ed694d2e4aa4a9f09a6790	gi|1980526549|ref|NC_052758.1|	98.454	100	2.28e-89	194	29151	Osmerus eperlanus	bony fishes	European smelt
9ce05949fe525878310298da27376a26	gi|2325477952|gb|OM736824.1|	99.485	100	1.05e-92	194	8014	Osmerus mordax	bony fishes	rainbow smelt
9ce05949fe525878310298da27376a26	gi|2048073843|gb|MW856916.1|	99.485	100	1.05e-92	194	8014	Osmerus mordax	bony fishes	rainbow smelt
9ce05949fe525878310298da27376a26	gi|2048073396|gb|MW856884.1|	99.485	100	1.05e-92	194	8014	Osmerus mordax	bony fishes	rainbow smelt
9ce05949fe525878310298da27376a26	gi|2048072724|gb|MW856836.1|	99.485	100	1.05e-92	194	8014	Osmerus mordax	bony fishes	rainbow smelt
9ce05949fe525878310298da27376a26	gi|2048072696|gb|MW856834.1|	99.485	100	1.05e-92	194	8014	Osmerus mordax	bony fishes	rainbow smelt
9ce05949fe525878310298da27376a26	gi|326536062|ref|NC_015246.1|	99.485	100	1.05e-92	194	8014	Osmerus mordax	bony fishes	rainbow smelt
9ce05949fe525878310298da27376a26	gi|1530725254|gb|MH238074.1|	98.454	100	2.28e-89	194	29151	Osmerus eperlanus	bony fishes	European smelt
9ce05949fe525878310298da27376a26	gi|1530725240|gb|MH238073.1|	98.454	100	2.28e-89	194	29151	Osmerus eperlanus	bony fishes	European smelt
9ce05949fe525878310298da27376a26	gi|2626246587|emb|OY830042.1|	98.454	100	2.28e-89	194	29151	Osmerus eperlanus	bony fishes	European smelt
9ce05949fe525878310298da27376a26	gi|1980526549|ref|NC_052758.1|	98.454	100	2.28e-89	194	29151	Osmerus eperlanus	bony fishes	European smelt
b95b8d1f6615107558a570a8d39a4c28	gi|2325477952|gb|OM736824.1|	98.454	100	2.28e-89	194	8014	Osmerus mordax	bony fishes	rainbow smelt
b95b8d1f6615107558a570a8d39a4c28	gi|2048073843|gb|MW856916.1|	98.454	100	2.28e-89	194	8014	Osmerus mordax	bony fishes	rainbow smelt
b95b8d1f6615107558a570a8d39a4c28	gi|2048073396|gb|MW856884.1|	98.454	100	2.28e-89	194	8014	Osmerus mordax	bony fishes	rainbow smelt
b95b8d1f6615107558a570a8d39a4c28	gi|2048072724|gb|MW856836.1|	98.454	100	2.28e-89	194	8014	Osmerus mordax	bony fishes	rainbow smelt
b95b8d1f6615107558a570a8d39a4c28	gi|2048072696|gb|MW856834.1|	98.454	100	2.28e-89	194	8014	Osmerus mordax	bony fishes	rainbow smelt
b95b8d1f6615107558a570a8d39a4c28	gi|326536062|ref|NC_015246.1|	98.454	100	2.28e-89	194	8014	Osmerus mordax	bony fishes	rainbow smelt
b95b8d1f6615107558a570a8d39a4c28	gi|1530725254|gb|MH238074.1|	97.423	100	4.93e-86	194	29151	Osmerus eperlanus	bony fishes	European smelt
b95b8d1f6615107558a570a8d39a4c28	gi|1530725240|gb|MH238073.1|	97.423	100	4.93e-86	194	29151	Osmerus eperlanus	bony fishes	European smelt
b95b8d1f6615107558a570a8d39a4c28	gi|2626246587|emb|OY830042.1|	97.423	100	4.93e-86	194	29151	Osmerus eperlanus	bony fishes	European smelt
b95b8d1f6615107558a570a8d39a4c28	gi|1980526549|ref|NC_052758.1|	97.423	100	4.93e-86	194	29151	Osmerus eperlanus	bony fishes	European smelt
dfca3f77bdf1347a148f9fe0072d7e33	gi|2325477952|gb|OM736824.1|	99.485	100	1.05e-92	194	8014	Osmerus mordax	bony fishes	rainbow smelt
dfca3f77bdf1347a148f9fe0072d7e33	gi|2048073843|gb|MW856916.1|	99.485	100	1.05e-92	194	8014	Osmerus mordax	bony fishes	rainbow smelt
dfca3f77bdf1347a148f9fe0072d7e33	gi|2048073396|gb|MW856884.1|	99.485	100	1.05e-92	194	8014	Osmerus mordax	bony fishes	rainbow smelt
dfca3f77bdf1347a148f9fe0072d7e33	gi|2048072724|gb|MW856836.1|	99.485	100	1.05e-92	194	8014	Osmerus mordax	bony fishes	rainbow smelt
dfca3f77bdf1347a148f9fe0072d7e33	gi|2048072696|gb|MW856834.1|	99.485	100	1.05e-92	194	8014	Osmerus mordax	bony fishes	rainbow smelt
dfca3f77bdf1347a148f9fe0072d7e33	gi|326536062|ref|NC_015246.1|	99.485	100	1.05e-92	194	8014	Osmerus mordax	bony fishes	rainbow smelt
dfca3f77bdf1347a148f9fe0072d7e33	gi|1530725254|gb|MH238074.1|	98.454	100	2.28e-89	194	29151	Osmerus eperlanus	bony fishes	European smelt
dfca3f77bdf1347a148f9fe0072d7e33	gi|1530725240|gb|MH238073.1|	98.454	100	2.28e-89	194	29151	Osmerus eperlanus	bony fishes	European smelt
dfca3f77bdf1347a148f9fe0072d7e33	gi|2626246587|emb|OY830042.1|	98.454	100	2.28e-89	194	29151	Osmerus eperlanus	bony fishes	European smelt
dfca3f77bdf1347a148f9fe0072d7e33	gi|1980526549|ref|NC_052758.1|	98.454	100	2.28e-89	194	29151	Osmerus eperlanus	bony fishes	European smelt
5f08b64a457c18951316bfc8969edc9a	gi|2325477952|gb|OM736824.1|	99.485	100	1.05e-92	194	8014	Osmerus mordax	bony fishes	rainbow smelt
5f08b64a457c18951316bfc8969edc9a	gi|2048073843|gb|MW856916.1|	99.485	100	1.05e-92	194	8014	Osmerus mordax	bony fishes	rainbow smelt
5f08b64a457c18951316bfc8969edc9a	gi|2048073396|gb|MW856884.1|	99.485	100	1.05e-92	194	8014	Osmerus mordax	bony fishes	rainbow smelt
5f08b64a457c18951316bfc8969edc9a	gi|2048072724|gb|MW856836.1|	99.485	100	1.05e-92	194	8014	Osmerus mordax	bony fishes	rainbow smelt
5f08b64a457c18951316bfc8969edc9a	gi|2048072696|gb|MW856834.1|	99.485	100	1.05e-92	194	8014	Osmerus mordax	bony fishes	rainbow smelt
5f08b64a457c18951316bfc8969edc9a	gi|326536062|ref|NC_015246.1|	99.485	100	1.05e-92	194	8014	Osmerus mordax	bony fishes	rainbow smelt
5f08b64a457c18951316bfc8969edc9a	gi|1530725254|gb|MH238074.1|	98.454	100	2.28e-89	194	29151	Osmerus eperlanus	bony fishes	European smelt
5f08b64a457c18951316bfc8969edc9a	gi|1530725240|gb|MH238073.1|	98.454	100	2.28e-89	194	29151	Osmerus eperlanus	bony fishes	European smelt
5f08b64a457c18951316bfc8969edc9a	gi|2626246587|emb|OY830042.1|	98.454	100	2.28e-89	194	29151	Osmerus eperlanus	bony fishes	European smelt
5f08b64a457c18951316bfc8969edc9a	gi|1980526549|ref|NC_052758.1|	98.454	100	2.28e-89	194	29151	Osmerus eperlanus	bony fishes	European smelt
1ac7393de06f249b732a8b8fdaa7120b	gi|1139416980|gb|KY321562.1|	98.995	100	8.39e-94	199	51338	Castor canadensis	rodents	American beaver
1ac7393de06f249b732a8b8fdaa7120b	gi|1150149449|ref|NC_033912.1|	98.995	100	8.39e-94	199	51338	Castor canadensis	rodents	American beaver
1ac7393de06f249b732a8b8fdaa7120b	gi|321398231|emb|FR691684.1|	98.995	100	8.39e-94	199	51338	Castor canadensis	rodents	American beaver
1ac7393de06f249b732a8b8fdaa7120b	gi|12700618|gb|AY012111.1|	98.995	100	8.39e-94	199	51338	Castor canadensis	rodents	American beaver
1ac7393de06f249b732a8b8fdaa7120b	gi|1527151|gb|U67297.1|CCU67297	98.995	100	8.39e-94	199	51338	Castor canadensis	rodents	American beaver
1ac7393de06f249b732a8b8fdaa7120b	gi|2812968181|gb|PQ325572.1|	90.452	100	2.44e-64	199	297337	Castor fiber subsp. birulai	rodents	Castor fiber subsp. birulai
1ac7393de06f249b732a8b8fdaa7120b	gi|2499651481|gb|OQ731787.1|	90.452	100	2.44e-64	199	297337	Castor fiber subsp. birulai	rodents	Castor fiber subsp. birulai
1ac7393de06f249b732a8b8fdaa7120b	gi|2452618648|gb|OQ076901.1|	90.452	100	2.44e-64	199	297337	Castor fiber subsp. birulai	rodents	Castor fiber subsp. birulai
1ac7393de06f249b732a8b8fdaa7120b	gi|321398314|emb|FR691689.1|	90.452	100	2.44e-64	199	10185	Castor fiber	rodents	Eurasian beaver
1ac7393de06f249b732a8b8fdaa7120b	gi|321398301|emb|FR691688.1|	90.452	100	2.44e-64	199	10185	Castor fiber	rodents	Eurasian beaver
61c544ed9856b4654d1eb859d76d632f	gi|1139416980|gb|KY321562.1|	98.492	100	3.91e-92	199	51338	Castor canadensis	rodents	American beaver
61c544ed9856b4654d1eb859d76d632f	gi|1150149449|ref|NC_033912.1|	98.492	100	3.91e-92	199	51338	Castor canadensis	rodents	American beaver
61c544ed9856b4654d1eb859d76d632f	gi|321398231|emb|FR691684.1|	98.492	100	3.91e-92	199	51338	Castor canadensis	rodents	American beaver
61c544ed9856b4654d1eb859d76d632f	gi|12700618|gb|AY012111.1|	98.492	100	3.91e-92	199	51338	Castor canadensis	rodents	American beaver
61c544ed9856b4654d1eb859d76d632f	gi|1527151|gb|U67297.1|CCU67297	98.492	100	3.91e-92	199	51338	Castor canadensis	rodents	American beaver
f792c884bbadc9253949284e29d790aa	gi|1799624491|gb|MN122853.1|	99.487	100	2.95e-93	195	13677	Scomber scombrus	bony fishes	Atlantic mackerel
f792c884bbadc9253949284e29d790aa	gi|2626245879|emb|OY829942.1|	99.487	100	2.95e-93	195	13677	Scomber scombrus	bony fishes	Atlantic mackerel
f792c884bbadc9253949284e29d790aa	gi|2018537119|gb|MW818280.1|	99.487	100	2.95e-93	195	13677	Scomber scombrus	bony fishes	Atlantic mackerel
f792c884bbadc9253949284e29d790aa	gi|2018537108|gb|MW818269.1|	99.487	100	2.95e-93	195	13677	Scomber scombrus	bony fishes	Atlantic mackerel
f792c884bbadc9253949284e29d790aa	gi|55376093|ref|NC_006398.1|	99.487	100	2.95e-93	195	13677	Scomber scombrus	bony fishes	Atlantic mackerel
f792c884bbadc9253949284e29d790aa	gi|4494770|gb|AF055594.1|AF055594	98.974	100	1.37e-91	195	13677	Scomber scombrus	bony fishes	Atlantic mackerel
f792c884bbadc9253949284e29d790aa	gi|1139379242|dbj|AP012948.1|	94.872	100	3.01e-78	195	70446	Rastrelliger kanagurta	bony fishes	Indian mackerel
f792c884bbadc9253949284e29d790aa	gi|2569351499|gb|OR482445.1|	94.872	100	3.01e-78	195	13676	Scomber japonicus	bony fishes	chub mackerel
f792c884bbadc9253949284e29d790aa	gi|2257785674|gb|OM460829.1|	94.872	100	3.01e-78	195	70446	Rastrelliger kanagurta	bony fishes	Indian mackerel
f792c884bbadc9253949284e29d790aa	gi|2177162181|gb|OK501307.1|	94.872	100	3.01e-78	195	338315	Scomber colias	bony fishes	Atlantic chub mackerel
218b3811d33237d54c3916eeb9c5d215	gi|1799624491|gb|MN122853.1|	98.974	100	1.37e-91	195	13677	Scomber scombrus	bony fishes	Atlantic mackerel
218b3811d33237d54c3916eeb9c5d215	gi|2626245879|emb|OY829942.1|	98.974	100	1.37e-91	195	13677	Scomber scombrus	bony fishes	Atlantic mackerel
218b3811d33237d54c3916eeb9c5d215	gi|2018537119|gb|MW818280.1|	98.974	100	1.37e-91	195	13677	Scomber scombrus	bony fishes	Atlantic mackerel
218b3811d33237d54c3916eeb9c5d215	gi|2018537108|gb|MW818269.1|	98.974	100	1.37e-91	195	13677	Scomber scombrus	bony fishes	Atlantic mackerel
218b3811d33237d54c3916eeb9c5d215	gi|55376093|ref|NC_006398.1|	98.974	100	1.37e-91	195	13677	Scomber scombrus	bony fishes	Atlantic mackerel
218b3811d33237d54c3916eeb9c5d215	gi|4494770|gb|AF055594.1|AF055594	98.462	100	6.38e-90	195	13677	Scomber scombrus	bony fishes	Atlantic mackerel
218b3811d33237d54c3916eeb9c5d215	gi|1139379242|dbj|AP012948.1|	94.359	100	1.40e-76	195	70446	Rastrelliger kanagurta	bony fishes	Indian mackerel
218b3811d33237d54c3916eeb9c5d215	gi|2569351499|gb|OR482445.1|	94.359	100	1.40e-76	195	13676	Scomber japonicus	bony fishes	chub mackerel
218b3811d33237d54c3916eeb9c5d215	gi|2257785674|gb|OM460829.1|	94.359	100	1.40e-76	195	70446	Rastrelliger kanagurta	bony fishes	Indian mackerel
218b3811d33237d54c3916eeb9c5d215	gi|2177162181|gb|OK501307.1|	94.359	100	1.40e-76	195	338315	Scomber colias	bony fishes	Atlantic chub mackerel
89b57744ce27fc2fe8690e645cbd28ed	gi|1799624491|gb|MN122853.1|	100.000	100	6.33e-95	195	13677	Scomber scombrus	bony fishes	Atlantic mackerel
89b57744ce27fc2fe8690e645cbd28ed	gi|2626245879|emb|OY829942.1|	100.000	100	6.33e-95	195	13677	Scomber scombrus	bony fishes	Atlantic mackerel
89b57744ce27fc2fe8690e645cbd28ed	gi|2018537119|gb|MW818280.1|	100.000	100	6.33e-95	195	13677	Scomber scombrus	bony fishes	Atlantic mackerel
89b57744ce27fc2fe8690e645cbd28ed	gi|2018537108|gb|MW818269.1|	100.000	100	6.33e-95	195	13677	Scomber scombrus	bony fishes	Atlantic mackerel
89b57744ce27fc2fe8690e645cbd28ed	gi|55376093|ref|NC_006398.1|	100.000	100	6.33e-95	195	13677	Scomber scombrus	bony fishes	Atlantic mackerel
89b57744ce27fc2fe8690e645cbd28ed	gi|4494770|gb|AF055594.1|AF055594	99.487	100	2.95e-93	195	13677	Scomber scombrus	bony fishes	Atlantic mackerel
89b57744ce27fc2fe8690e645cbd28ed	gi|1139379242|dbj|AP012948.1|	95.385	100	6.47e-80	195	70446	Rastrelliger kanagurta	bony fishes	Indian mackerel
89b57744ce27fc2fe8690e645cbd28ed	gi|2569351499|gb|OR482445.1|	95.385	100	6.47e-80	195	13676	Scomber japonicus	bony fishes	chub mackerel
89b57744ce27fc2fe8690e645cbd28ed	gi|2257785674|gb|OM460829.1|	95.385	100	6.47e-80	195	70446	Rastrelliger kanagurta	bony fishes	Indian mackerel
89b57744ce27fc2fe8690e645cbd28ed	gi|2177162181|gb|OK501307.1|	95.385	100	6.47e-80	195	338315	Scomber colias	bony fishes	Atlantic chub mackerel
ea12cf57e4441d03e2f469828db5c520	gi|1031876933|gb|KU985073.1|	99.034	100	1.13e-97	207	40147	Acipenser oxyrinchus oxyrinchus	bony fishes	Acipenser oxyrinchus oxyrinchus
ea12cf57e4441d03e2f469828db5c520	gi|948298645|ref|NC_028290.1|	99.034	100	1.13e-97	207	36177	Acipenser oxyrinchus	bony fishes	Atlantic sturgeon
ea12cf57e4441d03e2f469828db5c520	gi|835387623|gb|KP997218.1|	99.034	100	1.13e-97	207	40146	Acipenser oxyrinchus desotoi	bony fishes	Gulf sturgeon
ea12cf57e4441d03e2f469828db5c520	gi|835387609|gb|KP997217.1|	99.034	100	1.13e-97	207	40147	Acipenser oxyrinchus oxyrinchus	bony fishes	Acipenser oxyrinchus oxyrinchus
ea12cf57e4441d03e2f469828db5c520	gi|1898139936|gb|MT410938.1|	99.034	100	1.13e-97	207	36177	Acipenser oxyrinchus	bony fishes	Atlantic sturgeon
ea12cf57e4441d03e2f469828db5c520	gi|84181688|gb|AF125600.2|	99.034	100	1.13e-97	207	40146	Acipenser oxyrinchus desotoi	bony fishes	Gulf sturgeon
ea12cf57e4441d03e2f469828db5c520	gi|84181687|gb|AF125599.2|	99.034	100	1.13e-97	207	40147	Acipenser oxyrinchus oxyrinchus	bony fishes	Acipenser oxyrinchus oxyrinchus
ea12cf57e4441d03e2f469828db5c520	gi|849123606|ref|NC_027417.1|	97.101	100	5.30e-91	207	61674	Acipenser sturio	bony fishes	sturgeon
ea12cf57e4441d03e2f469828db5c520	gi|47118042|gb|AY544145.1|	97.101	100	5.30e-91	207	61674	Acipenser sturio	bony fishes	sturgeon
ea12cf57e4441d03e2f469828db5c520	gi|725542185|gb|KM282391.1|	99.462	90	3.19e-88	186	36177	Acipenser oxyrinchus	bony fishes	Atlantic sturgeon
5b1b8274da6d6806d412aa806ca73fd1	gi|1031876933|gb|KU985073.1|	99.517	100	2.43e-99	207	40147	Acipenser oxyrinchus oxyrinchus	bony fishes	Acipenser oxyrinchus oxyrinchus
5b1b8274da6d6806d412aa806ca73fd1	gi|948298645|ref|NC_028290.1|	99.517	100	2.43e-99	207	36177	Acipenser oxyrinchus	bony fishes	Atlantic sturgeon
5b1b8274da6d6806d412aa806ca73fd1	gi|835387623|gb|KP997218.1|	99.517	100	2.43e-99	207	40146	Acipenser oxyrinchus desotoi	bony fishes	Gulf sturgeon
5b1b8274da6d6806d412aa806ca73fd1	gi|835387609|gb|KP997217.1|	99.517	100	2.43e-99	207	40147	Acipenser oxyrinchus oxyrinchus	bony fishes	Acipenser oxyrinchus oxyrinchus
5b1b8274da6d6806d412aa806ca73fd1	gi|1898139936|gb|MT410938.1|	99.517	100	2.43e-99	207	36177	Acipenser oxyrinchus	bony fishes	Atlantic sturgeon
5b1b8274da6d6806d412aa806ca73fd1	gi|84181688|gb|AF125600.2|	99.517	100	2.43e-99	207	40146	Acipenser oxyrinchus desotoi	bony fishes	Gulf sturgeon
5b1b8274da6d6806d412aa806ca73fd1	gi|84181687|gb|AF125599.2|	99.517	100	2.43e-99	207	40147	Acipenser oxyrinchus oxyrinchus	bony fishes	Acipenser oxyrinchus oxyrinchus
5b1b8274da6d6806d412aa806ca73fd1	gi|849123606|ref|NC_027417.1|	97.585	100	1.14e-92	207	61674	Acipenser sturio	bony fishes	sturgeon
5b1b8274da6d6806d412aa806ca73fd1	gi|47118042|gb|AY544145.1|	97.585	100	1.14e-92	207	61674	Acipenser sturio	bony fishes	sturgeon
5b1b8274da6d6806d412aa806ca73fd1	gi|725542185|gb|KM282391.1|	100.000	90	6.86e-90	186	36177	Acipenser oxyrinchus	bony fishes	Atlantic sturgeon
76245bb45292bbdf55f31d94a10fbf00	gi|2869907778|emb|OZ210076.1|	98.969	100	4.90e-91	194	9711	Halichoerus grypus	carnivores	gray seal
76245bb45292bbdf55f31d94a10fbf00	gi|1079707560|gb|KU963302.1|	98.969	100	4.90e-91	194	1908284	Halichoerus grypus grypus	carnivores	Baltic gray seal
76245bb45292bbdf55f31d94a10fbf00	gi|1878254262|gb|MT410910.1|	98.969	100	4.90e-91	194	9711	Halichoerus grypus	carnivores	gray seal
76245bb45292bbdf55f31d94a10fbf00	gi|282722772|gb|GU174594.1|	98.969	100	4.90e-91	194	9711	Halichoerus grypus	carnivores	gray seal
76245bb45292bbdf55f31d94a10fbf00	gi|5835009|ref|NC_001602.1|	98.969	100	4.90e-91	194	9711	Halichoerus grypus	carnivores	gray seal
76245bb45292bbdf55f31d94a10fbf00	gi|2875989892|gb|PQ827084.1|	97.938	100	1.06e-87	194	39089	Phoca groenlandica	carnivores	harp seal
76245bb45292bbdf55f31d94a10fbf00	gi|2875989878|gb|PQ827083.1|	97.938	100	1.06e-87	194	39089	Phoca groenlandica	carnivores	harp seal
76245bb45292bbdf55f31d94a10fbf00	gi|2875989864|gb|PQ827082.1|	97.938	100	1.06e-87	194	39089	Phoca groenlandica	carnivores	harp seal
76245bb45292bbdf55f31d94a10fbf00	gi|2875989850|gb|PQ827081.1|	97.938	100	1.06e-87	194	39089	Phoca groenlandica	carnivores	harp seal
76245bb45292bbdf55f31d94a10fbf00	gi|2875989836|gb|PQ827080.1|	97.938	100	1.06e-87	194	39089	Phoca groenlandica	carnivores	harp seal
26b6b4f81e1d8648bc5db7dd79e3b984	gi|1878254150|gb|MT410883.1|	99.485	100	1.05e-92	194	9720	Phoca vitulina	carnivores	harbor seal
26b6b4f81e1d8648bc5db7dd79e3b984	gi|115345039|emb|AM181032.1|	99.485	100	1.05e-92	194	9720	Phoca vitulina	carnivores	harbor seal
26b6b4f81e1d8648bc5db7dd79e3b984	gi|5834857|ref|NC_001325.1|	99.485	100	1.05e-92	194	9720	Phoca vitulina	carnivores	harbor seal
26b6b4f81e1d8648bc5db7dd79e3b984	gi|2721953768|gb|OR865383.1|	98.969	100	4.90e-91	194	39090	Phoca largha	carnivores	spotted seal
26b6b4f81e1d8648bc5db7dd79e3b984	gi|966798617|gb|KT901456.1|	98.969	100	4.90e-91	194	39090	Phoca largha	carnivores	spotted seal
26b6b4f81e1d8648bc5db7dd79e3b984	gi|946725904|gb|KT818831.1|	98.969	100	4.90e-91	194	39090	Phoca largha	carnivores	spotted seal
26b6b4f81e1d8648bc5db7dd79e3b984	gi|2132868150|gb|MW183359.1|	98.969	100	4.90e-91	194	39090	Phoca largha	carnivores	spotted seal
26b6b4f81e1d8648bc5db7dd79e3b984	gi|282722771|gb|GU174593.1|	98.969	100	4.90e-91	194	9718	Pusa hispida	carnivores	ringed seal
26b6b4f81e1d8648bc5db7dd79e3b984	gi|282722769|gb|GU174591.1|	98.969	100	4.90e-91	194	39090	Phoca largha	carnivores	spotted seal
26b6b4f81e1d8648bc5db7dd79e3b984	gi|227002021|gb|FJ895151.1|	98.969	100	4.90e-91	194	39090	Phoca largha	carnivores	spotted seal
2af841b1a56ae9c52c07fc30266cf7b0	gi|1832296267|gb|MN181403.1|	99.487	100	2.95e-93	195	9615	Canis lupus familiaris	carnivores	dog
2af841b1a56ae9c52c07fc30266cf7b0	gi|1480117475|gb|MH105047.1|	99.487	100	2.95e-93	195	9615	Canis lupus familiaris	carnivores	dog
2af841b1a56ae9c52c07fc30266cf7b0	gi|1406948051|gb|KY798513.1|	99.487	100	2.95e-93	195	9615	Canis lupus familiaris	carnivores	dog
2af841b1a56ae9c52c07fc30266cf7b0	gi|1028335929|gb|KU291082.1|	99.487	100	2.95e-93	195	9615	Canis lupus familiaris	carnivores	dog
2af841b1a56ae9c52c07fc30266cf7b0	gi|1028335873|gb|KU291078.1|	99.487	100	2.95e-93	195	9615	Canis lupus familiaris	carnivores	dog
2af841b1a56ae9c52c07fc30266cf7b0	gi|1028335705|gb|KU291066.1|	99.487	100	2.95e-93	195	9615	Canis lupus familiaris	carnivores	dog
2af841b1a56ae9c52c07fc30266cf7b0	gi|1028335649|gb|KU291062.1|	99.487	100	2.95e-93	195	9615	Canis lupus familiaris	carnivores	dog
2af841b1a56ae9c52c07fc30266cf7b0	gi|1028335495|gb|KU291051.1|	99.487	100	2.95e-93	195	9615	Canis lupus familiaris	carnivores	dog
2af841b1a56ae9c52c07fc30266cf7b0	gi|1028335299|gb|KU291037.1|	99.487	100	2.95e-93	195	9615	Canis lupus familiaris	carnivores	dog
2af841b1a56ae9c52c07fc30266cf7b0	gi|1028335131|gb|KU291025.1|	99.487	100	2.95e-93	195	9615	Canis lupus familiaris	carnivores	dog
5adb21bf0f2e70e6fc051f9f06700153	gi|1832296295|gb|MN181405.1|	99.487	100	2.95e-93	195	9615	Canis lupus familiaris	carnivores	dog
5adb21bf0f2e70e6fc051f9f06700153	gi|1832296281|gb|MN181404.1|	99.487	100	2.95e-93	195	9615	Canis lupus familiaris	carnivores	dog
5adb21bf0f2e70e6fc051f9f06700153	gi|1827515233|gb|MN699631.1|	99.487	100	2.95e-93	195	9615	Canis lupus familiaris	carnivores	dog
5adb21bf0f2e70e6fc051f9f06700153	gi|1827515191|gb|MN699628.1|	99.487	100	2.95e-93	195	9615	Canis lupus familiaris	carnivores	dog
5adb21bf0f2e70e6fc051f9f06700153	gi|1827515163|gb|MN699626.1|	99.487	100	2.95e-93	195	9615	Canis lupus familiaris	carnivores	dog
5adb21bf0f2e70e6fc051f9f06700153	gi|1827515135|gb|MN699624.1|	99.487	100	2.95e-93	195	9615	Canis lupus familiaris	carnivores	dog
5adb21bf0f2e70e6fc051f9f06700153	gi|1827515093|gb|MN699621.1|	99.487	100	2.95e-93	195	9615	Canis lupus familiaris	carnivores	dog
5adb21bf0f2e70e6fc051f9f06700153	gi|1827515079|gb|MN699620.1|	99.487	100	2.95e-93	195	9615	Canis lupus familiaris	carnivores	dog
5adb21bf0f2e70e6fc051f9f06700153	gi|1827515065|gb|MN699619.1|	99.487	100	2.95e-93	195	9615	Canis lupus familiaris	carnivores	dog
5adb21bf0f2e70e6fc051f9f06700153	gi|1827515051|gb|MN699618.1|	99.487	100	2.95e-93	195	9615	Canis lupus familiaris	carnivores	dog
fdf14ddb34250d27c722283355399fa6	gi|2159368623|gb|MT492450.1|	99.482	100	3.76e-92	193	364155	Synaptomys cooperi	rodents	Southern bog lemming
fdf14ddb34250d27c722283355399fa6	gi|109944616|emb|AJ972919.1|	94.845	100	3.84e-77	194	184258	Microtus lusitanicus	rodents	Microtus lusitanicus
fdf14ddb34250d27c722283355399fa6	gi|2449204260|gb|OM809914.1|	94.330	100	1.79e-75	194	3029580	Lasiopodomys anglicus	rodents	Lasiopodomys anglicus
fdf14ddb34250d27c722283355399fa6	gi|2282749012|gb|MZ661207.1|	94.330	100	1.79e-75	194	137711	Microtus multiplex	rodents	Microtus multiplex
fdf14ddb34250d27c722283355399fa6	gi|2159368421|gb|MT381935.1|	94.330	100	1.79e-75	194	269655	Microtus guentheri	rodents	Microtus guentheri
fdf14ddb34250d27c722283355399fa6	gi|2159368337|gb|MT381929.1|	94.330	100	1.79e-75	194	3371161	Stenocranius raddei	rodents	Stenocranius raddei
fdf14ddb34250d27c722283355399fa6	gi|109944615|emb|AJ972918.1|	94.330	100	1.79e-75	194	137711	Microtus multiplex	rodents	Microtus multiplex
fdf14ddb34250d27c722283355399fa6	gi|109944613|emb|AJ972916.1|	94.330	100	1.79e-75	194	269654	Microtus pyrenaicus	rodents	Gerbe's vole
fdf14ddb34250d27c722283355399fa6	gi|1779934863|gb|MN199180.1|	93.814	100	8.32e-74	194	3371160	Stenocranius gregalis	rodents	narrow-headed vole
fdf14ddb34250d27c722283355399fa6	gi|1779934849|gb|MN199179.1|	93.814	100	8.32e-74	194	3371160	Stenocranius gregalis	rodents	narrow-headed vole
1e597fb59a108c4d8f80bfbe25a9af4a	gi|1833333236|gb|MT084805.1|	99.482	100	3.76e-92	193	10060	Ondatra zibethicus	rodents	muskrat
1e597fb59a108c4d8f80bfbe25a9af4a	gi|1802791261|gb|MN485774.1|	99.482	100	3.76e-92	193	10060	Ondatra zibethicus	rodents	muskrat
1e597fb59a108c4d8f80bfbe25a9af4a	gi|1197014606|gb|KX377613.1|	99.482	100	3.76e-92	193	10060	Ondatra zibethicus	rodents	muskrat
1e597fb59a108c4d8f80bfbe25a9af4a	gi|1267170112|ref|NC_036035.1|	99.482	100	3.76e-92	193	10060	Ondatra zibethicus	rodents	muskrat
1e597fb59a108c4d8f80bfbe25a9af4a	gi|2227918482|gb|MT874477.1|	99.482	100	3.76e-92	193	452646	Neogale vison	carnivores	American mink
1e597fb59a108c4d8f80bfbe25a9af4a	gi|2282749018|gb|MZ661210.1|	95.361	100	8.26e-79	194	1047088	Arvicola amphibius	rodents	Eurasian water vole
1e597fb59a108c4d8f80bfbe25a9af4a	gi|2159368225|gb|MT381921.1|	95.361	100	8.26e-79	194	1047088	Arvicola amphibius	rodents	Eurasian water vole
1e597fb59a108c4d8f80bfbe25a9af4a	gi|1799624351|gb|MN122834.1|	94.845	100	3.84e-77	194	1047088	Arvicola amphibius	rodents	Eurasian water vole
1e597fb59a108c4d8f80bfbe25a9af4a	gi|1799624337|gb|MN122828.1|	94.845	100	3.84e-77	194	1047088	Arvicola amphibius	rodents	Eurasian water vole
1e597fb59a108c4d8f80bfbe25a9af4a	gi|109944616|emb|AJ972919.1|	94.359	100	1.79e-75	195	184258	Microtus lusitanicus	rodents	Microtus lusitanicus
21240e8327e9462d73d557f81396a87a	gi|1828350089|gb|CP050580.1|	98.974	100	1.37e-91	195	9615	Canis lupus familiaris	carnivores	dog
21240e8327e9462d73d557f81396a87a	gi|1828349964|gb|CP050629.1|	98.974	100	1.37e-91	195	9615	Canis lupus familiaris	carnivores	dog
21240e8327e9462d73d557f81396a87a	gi|1997759097|emb|HG994412.1|	98.974	100	1.37e-91	195	9612	Canis lupus	carnivores	gray wolf
21240e8327e9462d73d557f81396a87a	gi|13365537|dbj|AB048588.1|	98.974	100	1.37e-91	195	9615	Canis lupus familiaris	carnivores	dog
21240e8327e9462d73d557f81396a87a	gi|1828350117|gb|CP050601.1|	96.410	100	2.99e-83	195	9615	Canis lupus familiaris	carnivores	dog
21240e8327e9462d73d557f81396a87a	gi|1828349959|gb|CP050624.1|	96.410	100	2.99e-83	195	9615	Canis lupus familiaris	carnivores	dog
21240e8327e9462d73d557f81396a87a	gi|13365536|dbj|AB048587.1|	96.410	100	2.99e-83	195	9615	Canis lupus familiaris	carnivores	dog
21240e8327e9462d73d557f81396a87a	gi|1997759086|emb|HG994405.1|	95.897	100	1.39e-81	195	9612	Canis lupus	carnivores	gray wolf
21240e8327e9462d73d557f81396a87a	gi|1731506935|gb|MN122913.1|	95.385	100	6.47e-80	195	9627	Vulpes vulpes	carnivores	red fox
21240e8327e9462d73d557f81396a87a	gi|1730250032|dbj|LC424763.1|	95.385	100	6.47e-80	195	36721	Martes melampus	carnivores	Japanese marten
db5c7261ba961d3df8403bebde29d0d7	gi|1777435045|gb|MK248682.1|	99.487	100	2.95e-93	195	9823	Sus scrofa	even-toed ungulates & whales	pig
db5c7261ba961d3df8403bebde29d0d7	gi|1777435031|gb|MK248681.1|	99.487	100	2.95e-93	195	9823	Sus scrofa	even-toed ungulates & whales	pig
db5c7261ba961d3df8403bebde29d0d7	gi|2727911206|gb|PP763977.1|	99.487	100	2.95e-93	195	9823	Sus scrofa	even-toed ungulates & whales	pig
db5c7261ba961d3df8403bebde29d0d7	gi|2727911192|gb|PP763976.1|	99.487	100	2.95e-93	195	9823	Sus scrofa	even-toed ungulates & whales	pig
db5c7261ba961d3df8403bebde29d0d7	gi|2727910534|gb|PP763929.1|	99.487	100	2.95e-93	195	9823	Sus scrofa	even-toed ungulates & whales	pig
db5c7261ba961d3df8403bebde29d0d7	gi|2727910492|gb|PP763926.1|	99.487	100	2.95e-93	195	9823	Sus scrofa	even-toed ungulates & whales	pig
db5c7261ba961d3df8403bebde29d0d7	gi|982189145|gb|KT279760.1|	99.487	100	2.95e-93	195	9823	Sus scrofa	even-toed ungulates & whales	pig
db5c7261ba961d3df8403bebde29d0d7	gi|2321859529|gb|OM236539.1|	99.487	100	2.95e-93	195	9825	Sus scrofa domesticus	even-toed ungulates & whales	domestic pig
db5c7261ba961d3df8403bebde29d0d7	gi|704366787|gb|KM224340.1|	99.487	100	2.95e-93	195	9825	Sus scrofa domesticus	even-toed ungulates & whales	domestic pig
db5c7261ba961d3df8403bebde29d0d7	gi|704366782|gb|KM224339.1|	99.487	100	2.95e-93	195	9825	Sus scrofa domesticus	even-toed ungulates & whales	domestic pig
1ead135d22c50ae170fcda9e90c962da	gi|173892|gb|M95110.1|BLIMTRR12S	98.469	100	1.78e-90	196	9387	Blarina brevicauda	insectivores	short-tailed shrew
1ead135d22c50ae170fcda9e90c962da	gi|1693289925|ref|NC_042734.1|	97.959	100	8.30e-89	196	9387	Blarina brevicauda	insectivores	short-tailed shrew
1ead135d22c50ae170fcda9e90c962da	gi|1693287109|ref|NC_042694.1|	96.429	100	8.36e-84	196	183659	Blarina hylophaga	insectivores	Elliot's short-tailed shrew
1ead135d22c50ae170fcda9e90c962da	gi|2160511095|gb|MZ457415.1|	93.878	100	6.55e-75	196	1743241	Cryptotis lacertosus	insectivores	Cryptotis lacertosus
1ead135d22c50ae170fcda9e90c962da	gi|2160511053|gb|MZ457412.1|	93.878	100	6.55e-75	196	1003236	Cryptotis nigrescens	insectivores	Blackish small-eared shrew
1ead135d22c50ae170fcda9e90c962da	gi|2160511165|gb|MZ457420.1|	93.367	100	3.05e-73	196	1743238	Cryptotis merriami	insectivores	Merriam's small-eared shrew
1ead135d22c50ae170fcda9e90c962da	gi|2160511011|gb|MZ457409.1|	93.367	100	3.05e-73	196	1425349	Cryptotis mayensis	insectivores	Yucatan small-eared shrew
1ead135d22c50ae170fcda9e90c962da	gi|2160511179|gb|MZ457421.1|	92.857	100	1.42e-71	196	1743240	Cryptotis mam	insectivores	Cryptotis mam
1ead135d22c50ae170fcda9e90c962da	gi|2160511123|gb|MZ457417.1|	92.857	100	1.42e-71	196	1743238	Cryptotis merriami	insectivores	Merriam's small-eared shrew
1ead135d22c50ae170fcda9e90c962da	gi|2160511109|gb|MZ457416.1|	92.857	100	1.42e-71	196	1743243	Cryptotis oreoryctes	insectivores	Cryptotis oreoryctes
8f05a9fa57c0d716bee8909927d66b64	gi|1802566577|gb|MN714194.1|	98.969	100	4.90e-91	194	9913	Bos taurus	even-toed ungulates & whales	domestic cattle
8f05a9fa57c0d716bee8909927d66b64	gi|1802566563|gb|MN714193.1|	98.969	100	4.90e-91	194	9913	Bos taurus	even-toed ungulates & whales	domestic cattle
8f05a9fa57c0d716bee8909927d66b64	gi|1802566521|gb|MN714190.1|	98.969	100	4.90e-91	194	9913	Bos taurus	even-toed ungulates & whales	domestic cattle
8f05a9fa57c0d716bee8909927d66b64	gi|1802566437|gb|MN714184.1|	98.969	100	4.90e-91	194	9913	Bos taurus	even-toed ungulates & whales	domestic cattle
8f05a9fa57c0d716bee8909927d66b64	gi|1802566423|gb|MN714183.1|	98.969	100	4.90e-91	194	9913	Bos taurus	even-toed ungulates & whales	domestic cattle
8f05a9fa57c0d716bee8909927d66b64	gi|1802566409|gb|MN714182.1|	98.969	100	4.90e-91	194	9913	Bos taurus	even-toed ungulates & whales	domestic cattle
8f05a9fa57c0d716bee8909927d66b64	gi|1802566339|gb|MN714177.1|	98.969	100	4.90e-91	194	9913	Bos taurus	even-toed ungulates & whales	domestic cattle
8f05a9fa57c0d716bee8909927d66b64	gi|1783244666|gb|MN510465.1|	98.969	100	4.90e-91	194	9913	Bos taurus	even-toed ungulates & whales	domestic cattle
8f05a9fa57c0d716bee8909927d66b64	gi|1736209571|gb|MN200938.1|	98.969	100	4.90e-91	194	9913	Bos taurus	even-toed ungulates & whales	domestic cattle
8f05a9fa57c0d716bee8909927d66b64	gi|1736209445|gb|MN200929.1|	98.969	100	4.90e-91	194	9913	Bos taurus	even-toed ungulates & whales	domestic cattle
9dbbf9e44bd4e8f5c6270c7f377a9f68	gi|1802566577|gb|MN714194.1|	99.485	100	1.05e-92	194	9913	Bos taurus	even-toed ungulates & whales	domestic cattle
9dbbf9e44bd4e8f5c6270c7f377a9f68	gi|1802566563|gb|MN714193.1|	99.485	100	1.05e-92	194	9913	Bos taurus	even-toed ungulates & whales	domestic cattle
9dbbf9e44bd4e8f5c6270c7f377a9f68	gi|1802566521|gb|MN714190.1|	99.485	100	1.05e-92	194	9913	Bos taurus	even-toed ungulates & whales	domestic cattle
9dbbf9e44bd4e8f5c6270c7f377a9f68	gi|1802566437|gb|MN714184.1|	99.485	100	1.05e-92	194	9913	Bos taurus	even-toed ungulates & whales	domestic cattle
9dbbf9e44bd4e8f5c6270c7f377a9f68	gi|1802566423|gb|MN714183.1|	99.485	100	1.05e-92	194	9913	Bos taurus	even-toed ungulates & whales	domestic cattle
9dbbf9e44bd4e8f5c6270c7f377a9f68	gi|1802566409|gb|MN714182.1|	99.485	100	1.05e-92	194	9913	Bos taurus	even-toed ungulates & whales	domestic cattle
9dbbf9e44bd4e8f5c6270c7f377a9f68	gi|1802566339|gb|MN714177.1|	99.485	100	1.05e-92	194	9913	Bos taurus	even-toed ungulates & whales	domestic cattle
9dbbf9e44bd4e8f5c6270c7f377a9f68	gi|1783244666|gb|MN510465.1|	99.485	100	1.05e-92	194	9913	Bos taurus	even-toed ungulates & whales	domestic cattle
9dbbf9e44bd4e8f5c6270c7f377a9f68	gi|1736209571|gb|MN200938.1|	99.485	100	1.05e-92	194	9913	Bos taurus	even-toed ungulates & whales	domestic cattle
9dbbf9e44bd4e8f5c6270c7f377a9f68	gi|1736209445|gb|MN200929.1|	99.485	100	1.05e-92	194	9913	Bos taurus	even-toed ungulates & whales	domestic cattle
6cdb9532e322584a5fba5eda50c93f39	gi|1802566577|gb|MN714194.1|	98.969	100	4.90e-91	194	9913	Bos taurus	even-toed ungulates & whales	domestic cattle
6cdb9532e322584a5fba5eda50c93f39	gi|1802566563|gb|MN714193.1|	98.969	100	4.90e-91	194	9913	Bos taurus	even-toed ungulates & whales	domestic cattle
6cdb9532e322584a5fba5eda50c93f39	gi|1802566521|gb|MN714190.1|	98.969	100	4.90e-91	194	9913	Bos taurus	even-toed ungulates & whales	domestic cattle
6cdb9532e322584a5fba5eda50c93f39	gi|1802566437|gb|MN714184.1|	98.969	100	4.90e-91	194	9913	Bos taurus	even-toed ungulates & whales	domestic cattle
6cdb9532e322584a5fba5eda50c93f39	gi|1802566423|gb|MN714183.1|	98.969	100	4.90e-91	194	9913	Bos taurus	even-toed ungulates & whales	domestic cattle
6cdb9532e322584a5fba5eda50c93f39	gi|1802566409|gb|MN714182.1|	98.969	100	4.90e-91	194	9913	Bos taurus	even-toed ungulates & whales	domestic cattle
6cdb9532e322584a5fba5eda50c93f39	gi|1802566339|gb|MN714177.1|	98.969	100	4.90e-91	194	9913	Bos taurus	even-toed ungulates & whales	domestic cattle
6cdb9532e322584a5fba5eda50c93f39	gi|1783244666|gb|MN510465.1|	98.969	100	4.90e-91	194	9913	Bos taurus	even-toed ungulates & whales	domestic cattle
6cdb9532e322584a5fba5eda50c93f39	gi|1736209571|gb|MN200938.1|	98.969	100	4.90e-91	194	9913	Bos taurus	even-toed ungulates & whales	domestic cattle
6cdb9532e322584a5fba5eda50c93f39	gi|1736209445|gb|MN200929.1|	98.969	100	4.90e-91	194	9913	Bos taurus	even-toed ungulates & whales	domestic cattle
665ab9933d22216275adaba9ad6de6fc	gi|1802566577|gb|MN714194.1|	98.454	100	2.28e-89	194	9913	Bos taurus	even-toed ungulates & whales	domestic cattle
665ab9933d22216275adaba9ad6de6fc	gi|1802566563|gb|MN714193.1|	98.454	100	2.28e-89	194	9913	Bos taurus	even-toed ungulates & whales	domestic cattle
665ab9933d22216275adaba9ad6de6fc	gi|1802566521|gb|MN714190.1|	98.454	100	2.28e-89	194	9913	Bos taurus	even-toed ungulates & whales	domestic cattle
665ab9933d22216275adaba9ad6de6fc	gi|1802566437|gb|MN714184.1|	98.454	100	2.28e-89	194	9913	Bos taurus	even-toed ungulates & whales	domestic cattle
665ab9933d22216275adaba9ad6de6fc	gi|1802566423|gb|MN714183.1|	98.454	100	2.28e-89	194	9913	Bos taurus	even-toed ungulates & whales	domestic cattle
665ab9933d22216275adaba9ad6de6fc	gi|1802566409|gb|MN714182.1|	98.454	100	2.28e-89	194	9913	Bos taurus	even-toed ungulates & whales	domestic cattle
665ab9933d22216275adaba9ad6de6fc	gi|1802566339|gb|MN714177.1|	98.454	100	2.28e-89	194	9913	Bos taurus	even-toed ungulates & whales	domestic cattle
665ab9933d22216275adaba9ad6de6fc	gi|1783244666|gb|MN510465.1|	98.454	100	2.28e-89	194	9913	Bos taurus	even-toed ungulates & whales	domestic cattle
665ab9933d22216275adaba9ad6de6fc	gi|1736209571|gb|MN200938.1|	98.454	100	2.28e-89	194	9913	Bos taurus	even-toed ungulates & whales	domestic cattle
665ab9933d22216275adaba9ad6de6fc	gi|1736209445|gb|MN200929.1|	98.454	100	2.28e-89	194	9913	Bos taurus	even-toed ungulates & whales	domestic cattle
918ed1f0e9ccef8939285e169e97a2f4	gi|1802566577|gb|MN714194.1|	98.969	100	4.90e-91	194	9913	Bos taurus	even-toed ungulates & whales	domestic cattle
918ed1f0e9ccef8939285e169e97a2f4	gi|1802566563|gb|MN714193.1|	98.969	100	4.90e-91	194	9913	Bos taurus	even-toed ungulates & whales	domestic cattle
918ed1f0e9ccef8939285e169e97a2f4	gi|1802566521|gb|MN714190.1|	98.969	100	4.90e-91	194	9913	Bos taurus	even-toed ungulates & whales	domestic cattle
918ed1f0e9ccef8939285e169e97a2f4	gi|1802566437|gb|MN714184.1|	98.969	100	4.90e-91	194	9913	Bos taurus	even-toed ungulates & whales	domestic cattle
918ed1f0e9ccef8939285e169e97a2f4	gi|1802566423|gb|MN714183.1|	98.969	100	4.90e-91	194	9913	Bos taurus	even-toed ungulates & whales	domestic cattle
918ed1f0e9ccef8939285e169e97a2f4	gi|1802566409|gb|MN714182.1|	98.969	100	4.90e-91	194	9913	Bos taurus	even-toed ungulates & whales	domestic cattle
918ed1f0e9ccef8939285e169e97a2f4	gi|1802566339|gb|MN714177.1|	98.969	100	4.90e-91	194	9913	Bos taurus	even-toed ungulates & whales	domestic cattle
918ed1f0e9ccef8939285e169e97a2f4	gi|1783244666|gb|MN510465.1|	98.969	100	4.90e-91	194	9913	Bos taurus	even-toed ungulates & whales	domestic cattle
918ed1f0e9ccef8939285e169e97a2f4	gi|1736209571|gb|MN200938.1|	98.969	100	4.90e-91	194	9913	Bos taurus	even-toed ungulates & whales	domestic cattle
918ed1f0e9ccef8939285e169e97a2f4	gi|1736209445|gb|MN200929.1|	98.969	100	4.90e-91	194	9913	Bos taurus	even-toed ungulates & whales	domestic cattle
f8bb16550789e5de42f204635fa97132	gi|1777435045|gb|MK248682.1|	98.462	100	6.38e-90	195	9823	Sus scrofa	even-toed ungulates & whales	pig
f8bb16550789e5de42f204635fa97132	gi|1777435031|gb|MK248681.1|	98.462	100	6.38e-90	195	9823	Sus scrofa	even-toed ungulates & whales	pig
f8bb16550789e5de42f204635fa97132	gi|2727911206|gb|PP763977.1|	98.462	100	6.38e-90	195	9823	Sus scrofa	even-toed ungulates & whales	pig
f8bb16550789e5de42f204635fa97132	gi|2727911192|gb|PP763976.1|	98.462	100	6.38e-90	195	9823	Sus scrofa	even-toed ungulates & whales	pig
f8bb16550789e5de42f204635fa97132	gi|2727910534|gb|PP763929.1|	98.462	100	6.38e-90	195	9823	Sus scrofa	even-toed ungulates & whales	pig
f8bb16550789e5de42f204635fa97132	gi|2727910492|gb|PP763926.1|	98.462	100	6.38e-90	195	9823	Sus scrofa	even-toed ungulates & whales	pig
f8bb16550789e5de42f204635fa97132	gi|982189145|gb|KT279760.1|	98.462	100	6.38e-90	195	9823	Sus scrofa	even-toed ungulates & whales	pig
f8bb16550789e5de42f204635fa97132	gi|2321859529|gb|OM236539.1|	98.462	100	6.38e-90	195	9825	Sus scrofa domesticus	even-toed ungulates & whales	domestic pig
f8bb16550789e5de42f204635fa97132	gi|704366787|gb|KM224340.1|	98.462	100	6.38e-90	195	9825	Sus scrofa domesticus	even-toed ungulates & whales	domestic pig
f8bb16550789e5de42f204635fa97132	gi|704366782|gb|KM224339.1|	98.462	100	6.38e-90	195	9825	Sus scrofa domesticus	even-toed ungulates & whales	domestic pig
e605bbe4f44f122fa1521fb43ccf9fe7	gi|751871235|gb|KM612278.1|	99.485	100	1.05e-92	194	9874	Odocoileus virginianus	even-toed ungulates & whales	white-tailed deer
e605bbe4f44f122fa1521fb43ccf9fe7	gi|751871207|gb|KM612276.1|	99.485	100	1.05e-92	194	9874	Odocoileus virginianus	even-toed ungulates & whales	white-tailed deer
e605bbe4f44f122fa1521fb43ccf9fe7	gi|347802205|gb|JN632672.1|	99.485	100	1.05e-92	194	9874	Odocoileus virginianus	even-toed ungulates & whales	white-tailed deer
e605bbe4f44f122fa1521fb43ccf9fe7	gi|751871249|gb|KM612279.1|	98.969	100	4.90e-91	194	9874	Odocoileus virginianus	even-toed ungulates & whales	white-tailed deer
e605bbe4f44f122fa1521fb43ccf9fe7	gi|751871221|gb|KM612277.1|	98.969	100	4.90e-91	194	9874	Odocoileus virginianus	even-toed ungulates & whales	white-tailed deer
e605bbe4f44f122fa1521fb43ccf9fe7	gi|751871179|gb|KM612274.1|	98.969	100	4.90e-91	194	9874	Odocoileus virginianus	even-toed ungulates & whales	white-tailed deer
e605bbe4f44f122fa1521fb43ccf9fe7	gi|751871165|gb|KM612273.1|	98.969	100	4.90e-91	194	9874	Odocoileus virginianus	even-toed ungulates & whales	white-tailed deer
e605bbe4f44f122fa1521fb43ccf9fe7	gi|751871151|gb|KM612272.1|	98.969	100	4.90e-91	194	9874	Odocoileus virginianus	even-toed ungulates & whales	white-tailed deer
e605bbe4f44f122fa1521fb43ccf9fe7	gi|751871137|gb|KM612271.1|	98.969	100	4.90e-91	194	9874	Odocoileus virginianus	even-toed ungulates & whales	white-tailed deer
e605bbe4f44f122fa1521fb43ccf9fe7	gi|347802191|gb|JN632671.1|	98.969	100	4.90e-91	194	9874	Odocoileus virginianus	even-toed ungulates & whales	white-tailed deer
56e80b7c6fa4dcd6590956c712964160	gi|1833333236|gb|MT084805.1|	98.964	100	1.75e-90	193	10060	Ondatra zibethicus	rodents	muskrat
56e80b7c6fa4dcd6590956c712964160	gi|1802791261|gb|MN485774.1|	98.964	100	1.75e-90	193	10060	Ondatra zibethicus	rodents	muskrat
56e80b7c6fa4dcd6590956c712964160	gi|1197014606|gb|KX377613.1|	98.964	100	1.75e-90	193	10060	Ondatra zibethicus	rodents	muskrat
56e80b7c6fa4dcd6590956c712964160	gi|1267170112|ref|NC_036035.1|	98.964	100	1.75e-90	193	10060	Ondatra zibethicus	rodents	muskrat
56e80b7c6fa4dcd6590956c712964160	gi|2227918482|gb|MT874477.1|	98.964	100	1.75e-90	193	452646	Neogale vison	carnivores	American mink
56e80b7c6fa4dcd6590956c712964160	gi|2282749018|gb|MZ661210.1|	94.845	100	3.84e-77	194	1047088	Arvicola amphibius	rodents	Eurasian water vole
56e80b7c6fa4dcd6590956c712964160	gi|2159368225|gb|MT381921.1|	94.845	100	3.84e-77	194	1047088	Arvicola amphibius	rodents	Eurasian water vole
56e80b7c6fa4dcd6590956c712964160	gi|1799624351|gb|MN122834.1|	94.330	100	1.79e-75	194	1047088	Arvicola amphibius	rodents	Eurasian water vole
56e80b7c6fa4dcd6590956c712964160	gi|1799624337|gb|MN122828.1|	94.330	100	1.79e-75	194	1047088	Arvicola amphibius	rodents	Eurasian water vole
56e80b7c6fa4dcd6590956c712964160	gi|109944616|emb|AJ972919.1|	93.846	100	8.32e-74	195	184258	Microtus lusitanicus	rodents	Microtus lusitanicus
aa66f87fd17506864f40ee373391794f	gi|1828350092|gb|CP050582.1|	98.958	99	2.28e-89	192	9615	Canis lupus familiaris	carnivores	dog
aa66f87fd17506864f40ee373391794f	gi|1828349975|gb|CP050640.1|	98.958	99	2.28e-89	192	9615	Canis lupus familiaris	carnivores	dog
aa66f87fd17506864f40ee373391794f	gi|1997759090|emb|HG994408.1|	98.958	99	2.28e-89	192	9612	Canis lupus	carnivores	gray wolf
aa66f87fd17506864f40ee373391794f	gi|162418045|gb|AC187326.11|	92.268	100	2.34e-69	194	9615	Canis lupus familiaris	carnivores	dog
aa66f87fd17506864f40ee373391794f	gi|926460004|gb|KT448284.1|	91.837	100	1.09e-67	196	68739	Lycalopex sechurae	carnivores	Sechura desert fox
aa66f87fd17506864f40ee373391794f	gi|1832296309|gb|MN181406.1|	91.327	100	1.41e-66	196	2726995	Lycalopex sp. CAN003	carnivores	Lycalopex sp. CAN003
aa66f87fd17506864f40ee373391794f	gi|1828350117|gb|CP050601.1|	91.282	100	5.07e-66	195	9615	Canis lupus familiaris	carnivores	dog
aa66f87fd17506864f40ee373391794f	gi|1828349959|gb|CP050624.1|	91.282	100	5.07e-66	195	9615	Canis lupus familiaris	carnivores	dog
aa66f87fd17506864f40ee373391794f	gi|1731506935|gb|MN122913.1|	91.282	100	5.07e-66	195	9627	Vulpes vulpes	carnivores	red fox
aa66f87fd17506864f40ee373391794f	gi|1730250032|dbj|LC424763.1|	91.282	100	5.07e-66	195	36721	Martes melampus	carnivores	Japanese marten
02a46086eab1e8e373f89a73466948fd	gi|2663409612|emb|OZ004779.1|	99.490	100	8.24e-94	196	9742	Phocoena phocoena	whales & dolphins	harbor porpoise
02a46086eab1e8e373f89a73466948fd	gi|2227918468|gb|MT874476.1|	99.490	100	8.24e-94	196	9742	Phocoena phocoena	whales & dolphins	harbor porpoise
02a46086eab1e8e373f89a73466948fd	gi|38707464|ref|NC_005280.1|	99.490	100	8.24e-94	196	9742	Phocoena phocoena	whales & dolphins	harbor porpoise
02a46086eab1e8e373f89a73466948fd	gi|1278209018|gb|MF669494.1|	98.980	100	3.83e-92	196	9742	Phocoena phocoena	whales & dolphins	harbor porpoise
02a46086eab1e8e373f89a73466948fd	gi|1278209004|gb|MF669493.1|	98.980	100	3.83e-92	196	9742	Phocoena phocoena	whales & dolphins	harbor porpoise
02a46086eab1e8e373f89a73466948fd	gi|1278208977|gb|MF669491.1|	98.980	100	3.83e-92	196	9742	Phocoena phocoena	whales & dolphins	harbor porpoise
02a46086eab1e8e373f89a73466948fd	gi|1278208949|gb|MF669489.1|	98.980	100	3.83e-92	196	9742	Phocoena phocoena	whales & dolphins	harbor porpoise
02a46086eab1e8e373f89a73466948fd	gi|1278208935|gb|MF669488.1|	98.980	100	3.83e-92	196	9742	Phocoena phocoena	whales & dolphins	harbor porpoise
02a46086eab1e8e373f89a73466948fd	gi|2154998921|gb|MZ772957.1|	98.980	100	3.83e-92	196	9742	Phocoena phocoena	whales & dolphins	harbor porpoise
02a46086eab1e8e373f89a73466948fd	gi|2154998907|gb|MZ772956.1|	98.980	100	3.83e-92	196	9742	Phocoena phocoena	whales & dolphins	harbor porpoise
16cc6200a5b0ff9b5095fee7a011db7b	gi|2154998921|gb|MZ772957.1|	98.980	100	3.83e-92	196	9742	Phocoena phocoena	whales & dolphins	harbor porpoise
16cc6200a5b0ff9b5095fee7a011db7b	gi|2154998907|gb|MZ772956.1|	98.980	100	3.83e-92	196	9742	Phocoena phocoena	whales & dolphins	harbor porpoise
16cc6200a5b0ff9b5095fee7a011db7b	gi|2154998893|gb|MZ772955.1|	98.980	100	3.83e-92	196	9742	Phocoena phocoena	whales & dolphins	harbor porpoise
16cc6200a5b0ff9b5095fee7a011db7b	gi|2154998879|gb|MZ772954.1|	98.980	100	3.83e-92	196	9742	Phocoena phocoena	whales & dolphins	harbor porpoise
16cc6200a5b0ff9b5095fee7a011db7b	gi|2154998865|gb|MZ772953.1|	98.980	100	3.83e-92	196	9742	Phocoena phocoena	whales & dolphins	harbor porpoise
16cc6200a5b0ff9b5095fee7a011db7b	gi|2154998851|gb|MZ772952.1|	98.980	100	3.83e-92	196	9742	Phocoena phocoena	whales & dolphins	harbor porpoise
16cc6200a5b0ff9b5095fee7a011db7b	gi|2154998683|gb|MZ772940.1|	98.980	100	3.83e-92	196	9742	Phocoena phocoena	whales & dolphins	harbor porpoise
16cc6200a5b0ff9b5095fee7a011db7b	gi|2154998669|gb|MZ772939.1|	98.980	100	3.83e-92	196	9742	Phocoena phocoena	whales & dolphins	harbor porpoise
16cc6200a5b0ff9b5095fee7a011db7b	gi|2154998655|gb|MZ772938.1|	98.980	100	3.83e-92	196	9742	Phocoena phocoena	whales & dolphins	harbor porpoise
16cc6200a5b0ff9b5095fee7a011db7b	gi|2663409612|emb|OZ004779.1|	98.469	100	1.78e-90	196	9742	Phocoena phocoena	whales & dolphins	harbor porpoise
9c93c522afbc6506ba3b190d81f7e7c3	gi|821091582|gb|KP644368.1|	99.490	100	8.24e-94	196	34823	Microgadus tomcod	bony fishes	Atlantic tomcod
9c93c522afbc6506ba3b190d81f7e7c3	gi|2095925524|gb|OK172579.1|	98.980	100	3.83e-92	196	34823	Microgadus tomcod	bony fishes	Atlantic tomcod
9c93c522afbc6506ba3b190d81f7e7c3	gi|1772510469|gb|MH061100.1|	97.970	100	8.30e-89	197	8047	Eleginus gracilis	bony fishes	saffron cod
9c93c522afbc6506ba3b190d81f7e7c3	gi|1772510455|gb|MH061099.1|	97.970	100	8.30e-89	197	8047	Eleginus gracilis	bony fishes	saffron cod
9c93c522afbc6506ba3b190d81f7e7c3	gi|1772510441|gb|MH061098.1|	97.970	100	8.30e-89	197	8047	Eleginus gracilis	bony fishes	saffron cod
9c93c522afbc6506ba3b190d81f7e7c3	gi|1772510427|gb|MH061097.1|	97.970	100	8.30e-89	197	8047	Eleginus gracilis	bony fishes	saffron cod
9c93c522afbc6506ba3b190d81f7e7c3	gi|1772510413|gb|MH061096.1|	97.970	100	8.30e-89	197	8047	Eleginus gracilis	bony fishes	saffron cod
9c93c522afbc6506ba3b190d81f7e7c3	gi|1772510399|gb|MH061095.1|	97.970	100	8.30e-89	197	8047	Eleginus gracilis	bony fishes	saffron cod
9c93c522afbc6506ba3b190d81f7e7c3	gi|1772510385|gb|MH061094.1|	97.970	100	8.30e-89	197	8047	Eleginus gracilis	bony fishes	saffron cod
9c93c522afbc6506ba3b190d81f7e7c3	gi|1772510371|gb|MH061093.1|	97.970	100	8.30e-89	197	8047	Eleginus gracilis	bony fishes	saffron cod
10d58d92e30f465074fb94d00d1c8415	gi|1517363219|gb|MH538898.1|	98.974	100	1.37e-91	195	238744	Menidia menidia	bony fishes	Atlantic silverside
10d58d92e30f465074fb94d00d1c8415	gi|1517363206|gb|MH538897.1|	98.974	100	1.37e-91	195	238744	Menidia menidia	bony fishes	Atlantic silverside
10d58d92e30f465074fb94d00d1c8415	gi|1517363193|gb|MH538896.1|	98.974	100	1.37e-91	195	238744	Menidia menidia	bony fishes	Atlantic silverside
10d58d92e30f465074fb94d00d1c8415	gi|1517363179|gb|MH538895.1|	98.974	100	1.37e-91	195	238744	Menidia menidia	bony fishes	Atlantic silverside
10d58d92e30f465074fb94d00d1c8415	gi|1517363166|gb|MH538894.1|	98.974	100	1.37e-91	195	238744	Menidia menidia	bony fishes	Atlantic silverside
10d58d92e30f465074fb94d00d1c8415	gi|1517363152|gb|MH538893.1|	98.974	100	1.37e-91	195	238744	Menidia menidia	bony fishes	Atlantic silverside
10d58d92e30f465074fb94d00d1c8415	gi|1517363138|gb|MH538892.1|	98.974	100	1.37e-91	195	238744	Menidia menidia	bony fishes	Atlantic silverside
10d58d92e30f465074fb94d00d1c8415	gi|1517363124|gb|MH538891.1|	98.974	100	1.37e-91	195	238744	Menidia menidia	bony fishes	Atlantic silverside
10d58d92e30f465074fb94d00d1c8415	gi|1517363111|gb|MH538890.1|	98.974	100	1.37e-91	195	238744	Menidia menidia	bony fishes	Atlantic silverside
10d58d92e30f465074fb94d00d1c8415	gi|1517363097|gb|MH538889.1|	98.974	100	1.37e-91	195	238744	Menidia menidia	bony fishes	Atlantic silverside
db4b79f837b57614b0b8b3f6ef8fe2f3	gi|1517363219|gb|MH538898.1|	99.487	100	2.95e-93	195	238744	Menidia menidia	bony fishes	Atlantic silverside
db4b79f837b57614b0b8b3f6ef8fe2f3	gi|1517363206|gb|MH538897.1|	99.487	100	2.95e-93	195	238744	Menidia menidia	bony fishes	Atlantic silverside
db4b79f837b57614b0b8b3f6ef8fe2f3	gi|1517363193|gb|MH538896.1|	99.487	100	2.95e-93	195	238744	Menidia menidia	bony fishes	Atlantic silverside
db4b79f837b57614b0b8b3f6ef8fe2f3	gi|1517363179|gb|MH538895.1|	99.487	100	2.95e-93	195	238744	Menidia menidia	bony fishes	Atlantic silverside
db4b79f837b57614b0b8b3f6ef8fe2f3	gi|1517363166|gb|MH538894.1|	99.487	100	2.95e-93	195	238744	Menidia menidia	bony fishes	Atlantic silverside
db4b79f837b57614b0b8b3f6ef8fe2f3	gi|1517363152|gb|MH538893.1|	99.487	100	2.95e-93	195	238744	Menidia menidia	bony fishes	Atlantic silverside
db4b79f837b57614b0b8b3f6ef8fe2f3	gi|1517363138|gb|MH538892.1|	99.487	100	2.95e-93	195	238744	Menidia menidia	bony fishes	Atlantic silverside
db4b79f837b57614b0b8b3f6ef8fe2f3	gi|1517363124|gb|MH538891.1|	99.487	100	2.95e-93	195	238744	Menidia menidia	bony fishes	Atlantic silverside
db4b79f837b57614b0b8b3f6ef8fe2f3	gi|1517363111|gb|MH538890.1|	99.487	100	2.95e-93	195	238744	Menidia menidia	bony fishes	Atlantic silverside
db4b79f837b57614b0b8b3f6ef8fe2f3	gi|1517363097|gb|MH538889.1|	99.487	100	2.95e-93	195	238744	Menidia menidia	bony fishes	Atlantic silverside
c2776804e2e2b87023ea053693dfa06e	gi|1798174185|gb|MN122882.1|	98.974	100	1.37e-91	195	8103	Cyclopterus lumpus	bony fishes	lumpfish
c2776804e2e2b87023ea053693dfa06e	gi|2578658267|emb|OY735173.1|	98.974	100	1.37e-91	195	8103	Cyclopterus lumpus	bony fishes	lumpfish
c2776804e2e2b87023ea053693dfa06e	gi|2424877622|ref|NC_069208.1|	98.974	100	1.37e-91	195	8103	Cyclopterus lumpus	bony fishes	lumpfish
c2776804e2e2b87023ea053693dfa06e	gi|669175207|gb|KM057954.1|	98.974	100	1.37e-91	195	8103	Cyclopterus lumpus	bony fishes	lumpfish
c2776804e2e2b87023ea053693dfa06e	gi|669175195|gb|KM057942.1|	97.436	100	1.38e-86	195	181459	Aptocyclus ventricosus	bony fishes	smooth lumpsucker
c2776804e2e2b87023ea053693dfa06e	gi|108793476|ref|NC_008129.1|	97.436	100	1.38e-86	195	181459	Aptocyclus ventricosus	bony fishes	smooth lumpsucker
c2776804e2e2b87023ea053693dfa06e	gi|1825511884|gb|MT103913.1|	96.410	100	2.99e-83	195	430040	Eumicrotremus spinosus	bony fishes	Atlantic spiny lumpsucker
c2776804e2e2b87023ea053693dfa06e	gi|1825511883|gb|MT103912.1|	96.410	100	2.99e-83	195	430040	Eumicrotremus spinosus	bony fishes	Atlantic spiny lumpsucker
c2776804e2e2b87023ea053693dfa06e	gi|1790179668|dbj|LC493931.1|	96.410	100	2.99e-83	195	1302273	Eumicrotremus asperrimus	bony fishes	Siberian lumpsucker
c2776804e2e2b87023ea053693dfa06e	gi|2429801341|ref|NC_069584.1|	96.410	100	2.99e-83	195	430040	Eumicrotremus spinosus	bony fishes	Atlantic spiny lumpsucker
6c8f54244439abb93ef921ef97003b62	gi|2845740229|emb|OZ114594.1|	98.958	100	6.25e-90	192	9606	Homo sapiens	primates	human
6c8f54244439abb93ef921ef97003b62	gi|2845364773|emb|OZ110828.1|	98.958	100	6.25e-90	192	9606	Homo sapiens	primates	human
6c8f54244439abb93ef921ef97003b62	gi|2845119279|emb|OZ110755.1|	98.958	100	6.25e-90	192	9606	Homo sapiens	primates	human
6c8f54244439abb93ef921ef97003b62	gi|2845079718|emb|OZ110267.1|	98.958	100	6.25e-90	192	9606	Homo sapiens	primates	human
6c8f54244439abb93ef921ef97003b62	gi|2844839394|emb|OZ110050.1|	98.958	100	6.25e-90	192	9606	Homo sapiens	primates	human
6c8f54244439abb93ef921ef97003b62	gi|2844839352|emb|OZ109706.1|	98.958	100	6.25e-90	192	9606	Homo sapiens	primates	human
6c8f54244439abb93ef921ef97003b62	gi|2844838775|emb|OZ109530.1|	98.958	100	6.25e-90	192	9606	Homo sapiens	primates	human
6c8f54244439abb93ef921ef97003b62	gi|2844838048|emb|OZ108893.1|	98.958	100	6.25e-90	192	9606	Homo sapiens	primates	human
6c8f54244439abb93ef921ef97003b62	gi|2844837703|emb|OZ109002.1|	98.958	100	6.25e-90	192	9606	Homo sapiens	primates	human
6c8f54244439abb93ef921ef97003b62	gi|2844836991|emb|OZ107923.1|	98.958	100	6.25e-90	192	9606	Homo sapiens	primates	human
2f99e1ea78128626b326e474f38fe9ff	gi|1799624477|gb|MN122852.1|	99.487	100	2.95e-93	195	8049	Gadus morhua	bony fishes	Atlantic cod
2f99e1ea78128626b326e474f38fe9ff	gi|1783586359|gb|MH035595.1|	99.487	100	2.95e-93	195	1042646	Gadus chalcogrammus	bony fishes	walleye pollock
2f99e1ea78128626b326e474f38fe9ff	gi|1783586345|gb|MH035594.1|	99.487	100	2.95e-93	195	1042646	Gadus chalcogrammus	bony fishes	walleye pollock
2f99e1ea78128626b326e474f38fe9ff	gi|2891888019|gb|PP467776.1|	99.487	100	2.95e-93	195	8049	Gadus morhua	bony fishes	Atlantic cod
2f99e1ea78128626b326e474f38fe9ff	gi|1593084251|emb|LS999407.1|	99.487	100	2.95e-93	195	8049	Gadus morhua	bony fishes	Atlantic cod
2f99e1ea78128626b326e474f38fe9ff	gi|1593084237|emb|LS999106.1|	99.487	100	2.95e-93	195	8049	Gadus morhua	bony fishes	Atlantic cod
2f99e1ea78128626b326e474f38fe9ff	gi|1593084223|emb|LS999105.1|	99.487	100	2.95e-93	195	8049	Gadus morhua	bony fishes	Atlantic cod
2f99e1ea78128626b326e474f38fe9ff	gi|1593084181|emb|LS999102.1|	99.487	100	2.95e-93	195	8049	Gadus morhua	bony fishes	Atlantic cod
2f99e1ea78128626b326e474f38fe9ff	gi|1593084167|emb|LS999101.1|	99.487	100	2.95e-93	195	8049	Gadus morhua	bony fishes	Atlantic cod
2f99e1ea78128626b326e474f38fe9ff	gi|1593084153|emb|LS999100.1|	99.487	100	2.95e-93	195	8049	Gadus morhua	bony fishes	Atlantic cod
7427945dca61eb4add31b08f162ab4ff	gi|821091582|gb|KP644368.1|	99.490	100	8.24e-94	196	34823	Microgadus tomcod	bony fishes	Atlantic tomcod
7427945dca61eb4add31b08f162ab4ff	gi|2095925524|gb|OK172579.1|	98.980	100	3.83e-92	196	34823	Microgadus tomcod	bony fishes	Atlantic tomcod
7427945dca61eb4add31b08f162ab4ff	gi|1772510469|gb|MH061100.1|	97.970	100	8.30e-89	197	8047	Eleginus gracilis	bony fishes	saffron cod
7427945dca61eb4add31b08f162ab4ff	gi|1772510455|gb|MH061099.1|	97.970	100	8.30e-89	197	8047	Eleginus gracilis	bony fishes	saffron cod
7427945dca61eb4add31b08f162ab4ff	gi|1772510441|gb|MH061098.1|	97.970	100	8.30e-89	197	8047	Eleginus gracilis	bony fishes	saffron cod
7427945dca61eb4add31b08f162ab4ff	gi|1772510427|gb|MH061097.1|	97.970	100	8.30e-89	197	8047	Eleginus gracilis	bony fishes	saffron cod
7427945dca61eb4add31b08f162ab4ff	gi|1772510413|gb|MH061096.1|	97.970	100	8.30e-89	197	8047	Eleginus gracilis	bony fishes	saffron cod
7427945dca61eb4add31b08f162ab4ff	gi|1772510399|gb|MH061095.1|	97.970	100	8.30e-89	197	8047	Eleginus gracilis	bony fishes	saffron cod
7427945dca61eb4add31b08f162ab4ff	gi|1772510385|gb|MH061094.1|	97.970	100	8.30e-89	197	8047	Eleginus gracilis	bony fishes	saffron cod
7427945dca61eb4add31b08f162ab4ff	gi|1772510371|gb|MH061093.1|	97.970	100	8.30e-89	197	8047	Eleginus gracilis	bony fishes	saffron cod
01629f7b7f9e4a0983f09210783578bf	gi|821091582|gb|KP644368.1|	99.490	100	8.24e-94	196	34823	Microgadus tomcod	bony fishes	Atlantic tomcod
01629f7b7f9e4a0983f09210783578bf	gi|2095925524|gb|OK172579.1|	98.980	100	3.83e-92	196	34823	Microgadus tomcod	bony fishes	Atlantic tomcod
01629f7b7f9e4a0983f09210783578bf	gi|1772510469|gb|MH061100.1|	97.970	100	8.30e-89	197	8047	Eleginus gracilis	bony fishes	saffron cod
01629f7b7f9e4a0983f09210783578bf	gi|1772510455|gb|MH061099.1|	97.970	100	8.30e-89	197	8047	Eleginus gracilis	bony fishes	saffron cod
01629f7b7f9e4a0983f09210783578bf	gi|1772510441|gb|MH061098.1|	97.970	100	8.30e-89	197	8047	Eleginus gracilis	bony fishes	saffron cod
01629f7b7f9e4a0983f09210783578bf	gi|1772510427|gb|MH061097.1|	97.970	100	8.30e-89	197	8047	Eleginus gracilis	bony fishes	saffron cod
01629f7b7f9e4a0983f09210783578bf	gi|1772510413|gb|MH061096.1|	97.970	100	8.30e-89	197	8047	Eleginus gracilis	bony fishes	saffron cod
01629f7b7f9e4a0983f09210783578bf	gi|1772510399|gb|MH061095.1|	97.970	100	8.30e-89	197	8047	Eleginus gracilis	bony fishes	saffron cod
01629f7b7f9e4a0983f09210783578bf	gi|1772510385|gb|MH061094.1|	97.970	100	8.30e-89	197	8047	Eleginus gracilis	bony fishes	saffron cod
01629f7b7f9e4a0983f09210783578bf	gi|1772510371|gb|MH061093.1|	97.970	100	8.30e-89	197	8047	Eleginus gracilis	bony fishes	saffron cod
08521c783dc80dc502d12a8ebc6500da	gi|1337993116|gb|MG570440.1|	99.497	100	1.80e-95	199	34774	Alosa pseudoharengus	bony fishes	alewife
08521c783dc80dc502d12a8ebc6500da	gi|1337993102|gb|MG570439.1|	99.497	100	1.80e-95	199	34774	Alosa pseudoharengus	bony fishes	alewife
08521c783dc80dc502d12a8ebc6500da	gi|1337992850|gb|MG570421.1|	99.497	100	1.80e-95	199	34774	Alosa pseudoharengus	bony fishes	alewife
08521c783dc80dc502d12a8ebc6500da	gi|2514521491|gb|OR094922.1|	99.497	100	1.80e-95	199	34774	Alosa pseudoharengus	bony fishes	alewife
08521c783dc80dc502d12a8ebc6500da	gi|2514521488|gb|OR094921.1|	99.497	100	1.80e-95	199	34774	Alosa pseudoharengus	bony fishes	alewife
08521c783dc80dc502d12a8ebc6500da	gi|2514521486|gb|OR094920.1|	99.497	100	1.80e-95	199	34774	Alosa pseudoharengus	bony fishes	alewife
08521c783dc80dc502d12a8ebc6500da	gi|2514521484|gb|OR094919.1|	99.497	100	1.80e-95	199	34774	Alosa pseudoharengus	bony fishes	alewife
08521c783dc80dc502d12a8ebc6500da	gi|2514521482|gb|OR094918.1|	99.497	100	1.80e-95	199	34774	Alosa pseudoharengus	bony fishes	alewife
08521c783dc80dc502d12a8ebc6500da	gi|2514521479|gb|OR094917.1|	99.497	100	1.80e-95	199	34774	Alosa pseudoharengus	bony fishes	alewife
08521c783dc80dc502d12a8ebc6500da	gi|2514521311|gb|OR094996.1|	99.497	100	1.80e-95	199	34774	Alosa pseudoharengus	bony fishes	alewife
97d36df1975f71a8c7dc99adb1f44ab8	gi|2095925523|gb|OK172578.1|	99.490	100	8.24e-94	196	34787	Tautogolabrus adspersus	bony fishes	cunner
97d36df1975f71a8c7dc99adb1f44ab8	gi|2030285394|gb|MW630161.1|	99.490	100	8.24e-94	196	34787	Tautogolabrus adspersus	bony fishes	cunner
97d36df1975f71a8c7dc99adb1f44ab8	gi|33569528|gb|AY279649.1|	99.490	100	8.24e-94	196	34787	Tautogolabrus adspersus	bony fishes	cunner
97d36df1975f71a8c7dc99adb1f44ab8	gi|2281899859|dbj|LC545442.1|	95.918	100	3.89e-82	196	171735	Ctenolabrus rupestris	bony fishes	goldsinny wrasse
97d36df1975f71a8c7dc99adb1f44ab8	gi|2018537071|gb|MW818232.1|	95.918	100	3.89e-82	196	171735	Ctenolabrus rupestris	bony fishes	goldsinny wrasse
97d36df1975f71a8c7dc99adb1f44ab8	gi|99642101|emb|AJ810131.1|	95.918	100	3.89e-82	196	171735	Ctenolabrus rupestris	bony fishes	goldsinny wrasse
97d36df1975f71a8c7dc99adb1f44ab8	gi|1189408079|gb|KY815274.1|	95.408	100	1.81e-80	196	171735	Ctenolabrus rupestris	bony fishes	goldsinny wrasse
97d36df1975f71a8c7dc99adb1f44ab8	gi|2018537106|gb|MW818267.1|	95.408	100	1.81e-80	196	171735	Ctenolabrus rupestris	bony fishes	goldsinny wrasse
97d36df1975f71a8c7dc99adb1f44ab8	gi|1980526633|ref|NC_052762.1|	95.408	100	1.81e-80	196	171735	Ctenolabrus rupestris	bony fishes	goldsinny wrasse
97d36df1975f71a8c7dc99adb1f44ab8	gi|1189408039|gb|KY815234.1|	94.898	100	8.42e-79	196	202583	Acantholabrus palloni	bony fishes	scale-rayed wrasse
8763cb3ad962671e4e4a4122fa501b99	gi|1517363219|gb|MH538898.1|	99.487	100	2.95e-93	195	238744	Menidia menidia	bony fishes	Atlantic silverside
8763cb3ad962671e4e4a4122fa501b99	gi|1517363206|gb|MH538897.1|	99.487	100	2.95e-93	195	238744	Menidia menidia	bony fishes	Atlantic silverside
8763cb3ad962671e4e4a4122fa501b99	gi|1517363193|gb|MH538896.1|	99.487	100	2.95e-93	195	238744	Menidia menidia	bony fishes	Atlantic silverside
8763cb3ad962671e4e4a4122fa501b99	gi|1517363179|gb|MH538895.1|	99.487	100	2.95e-93	195	238744	Menidia menidia	bony fishes	Atlantic silverside
8763cb3ad962671e4e4a4122fa501b99	gi|1517363166|gb|MH538894.1|	99.487	100	2.95e-93	195	238744	Menidia menidia	bony fishes	Atlantic silverside
8763cb3ad962671e4e4a4122fa501b99	gi|1517363152|gb|MH538893.1|	99.487	100	2.95e-93	195	238744	Menidia menidia	bony fishes	Atlantic silverside
8763cb3ad962671e4e4a4122fa501b99	gi|1517363138|gb|MH538892.1|	99.487	100	2.95e-93	195	238744	Menidia menidia	bony fishes	Atlantic silverside
8763cb3ad962671e4e4a4122fa501b99	gi|1517363124|gb|MH538891.1|	99.487	100	2.95e-93	195	238744	Menidia menidia	bony fishes	Atlantic silverside
8763cb3ad962671e4e4a4122fa501b99	gi|1517363111|gb|MH538890.1|	99.487	100	2.95e-93	195	238744	Menidia menidia	bony fishes	Atlantic silverside
8763cb3ad962671e4e4a4122fa501b99	gi|1517363097|gb|MH538889.1|	99.487	100	2.95e-93	195	238744	Menidia menidia	bony fishes	Atlantic silverside
b0baddb380a99aa4755c3d5d70d32de8	gi|2579851516|gb|OR577203.1|	99.497	100	1.80e-95	199	224707	Brevoortia patronus	bony fishes	Gulf menhaden
b0baddb380a99aa4755c3d5d70d32de8	gi|2282237323|gb|OP154163.1|	99.497	100	1.80e-95	199	224707	Brevoortia patronus	bony fishes	Gulf menhaden
b0baddb380a99aa4755c3d5d70d32de8	gi|299823704|ref|NC_014266.1|	99.497	100	1.80e-95	199	224708	Brevoortia tyrannus	bony fishes	Atlantic menhaden
b0baddb380a99aa4755c3d5d70d32de8	gi|2735072119|gb|PP824515.1|	98.995	100	8.39e-94	199	224707	Brevoortia patronus	bony fishes	Gulf menhaden
b0baddb380a99aa4755c3d5d70d32de8	gi|2329468251|gb|OP057013.1|	98.995	100	8.39e-94	199	224707	Brevoortia patronus	bony fishes	Gulf menhaden
b0baddb380a99aa4755c3d5d70d32de8	gi|1129799464|gb|KX686086.1|	99.487	98	3.02e-93	195	224708	Brevoortia tyrannus	bony fishes	Atlantic menhaden
b0baddb380a99aa4755c3d5d70d32de8	gi|1129799462|gb|KX686084.1|	99.487	98	3.02e-93	195	224708	Brevoortia tyrannus	bony fishes	Atlantic menhaden
b0baddb380a99aa4755c3d5d70d32de8	gi|1129799461|gb|KX686083.1|	99.487	98	3.02e-93	195	224708	Brevoortia tyrannus	bony fishes	Atlantic menhaden
b0baddb380a99aa4755c3d5d70d32de8	gi|2422575726|gb|OQ198733.1|	98.492	100	3.91e-92	199	329022	Brevoortia gunteri	bony fishes	finescale menhaden
b0baddb380a99aa4755c3d5d70d32de8	gi|2422575653|gb|OQ198728.1|	98.492	100	3.91e-92	199	329022	Brevoortia gunteri	bony fishes	finescale menhaden
f7cdb1527fbd54cf3e82a365919e5435	gi|2095925524|gb|OK172579.1|	99.502	91	1.59e-96	201	34823	Microgadus tomcod	bony fishes	Atlantic tomcod
f7cdb1527fbd54cf3e82a365919e5435	gi|1772510469|gb|MH061100.1|	98.515	91	3.45e-93	202	8047	Eleginus gracilis	bony fishes	saffron cod
f7cdb1527fbd54cf3e82a365919e5435	gi|1772510455|gb|MH061099.1|	98.515	91	3.45e-93	202	8047	Eleginus gracilis	bony fishes	saffron cod
f7cdb1527fbd54cf3e82a365919e5435	gi|1772510441|gb|MH061098.1|	98.515	91	3.45e-93	202	8047	Eleginus gracilis	bony fishes	saffron cod
f7cdb1527fbd54cf3e82a365919e5435	gi|1772510427|gb|MH061097.1|	98.515	91	3.45e-93	202	8047	Eleginus gracilis	bony fishes	saffron cod
f7cdb1527fbd54cf3e82a365919e5435	gi|1772510413|gb|MH061096.1|	98.515	91	3.45e-93	202	8047	Eleginus gracilis	bony fishes	saffron cod
f7cdb1527fbd54cf3e82a365919e5435	gi|1772510399|gb|MH061095.1|	98.515	91	3.45e-93	202	8047	Eleginus gracilis	bony fishes	saffron cod
f7cdb1527fbd54cf3e82a365919e5435	gi|1772510385|gb|MH061094.1|	98.515	91	3.45e-93	202	8047	Eleginus gracilis	bony fishes	saffron cod
f7cdb1527fbd54cf3e82a365919e5435	gi|1772510371|gb|MH061093.1|	98.515	91	3.45e-93	202	8047	Eleginus gracilis	bony fishes	saffron cod
f7cdb1527fbd54cf3e82a365919e5435	gi|1772510357|gb|MH061092.1|	98.515	91	3.45e-93	202	8047	Eleginus gracilis	bony fishes	saffron cod
007652282658a38b249c7f5ab40ad6b2	gi|972385447|gb|KT869378.1|	100.000	91	4.35e-97	199	8078	Fundulus heteroclitus	bony fishes	mummichog
007652282658a38b249c7f5ab40ad6b2	gi|215511576|gb|FJ445403.1|	100.000	91	4.35e-97	199	8078	Fundulus heteroclitus	bony fishes	mummichog
007652282658a38b249c7f5ab40ad6b2	gi|215511520|gb|FJ445399.1|	100.000	91	4.35e-97	199	8078	Fundulus heteroclitus	bony fishes	mummichog
007652282658a38b249c7f5ab40ad6b2	gi|215511506|gb|FJ445398.1|	100.000	91	4.35e-97	199	8078	Fundulus heteroclitus	bony fishes	mummichog
007652282658a38b249c7f5ab40ad6b2	gi|225622209|ref|NC_012312.1|	99.497	91	2.03e-95	199	8078	Fundulus heteroclitus	bony fishes	mummichog
007652282658a38b249c7f5ab40ad6b2	gi|215511534|gb|FJ445400.1|	99.497	91	2.03e-95	199	8078	Fundulus heteroclitus	bony fishes	mummichog
007652282658a38b249c7f5ab40ad6b2	gi|215511548|gb|FJ445401.1|	98.995	91	9.42e-94	199	8078	Fundulus heteroclitus	bony fishes	mummichog
007652282658a38b249c7f5ab40ad6b2	gi|2309725955|gb|OP537867.1|	96.985	91	4.42e-87	199	76054	Fundulus pulvereus	bony fishes	bayou killifish
007652282658a38b249c7f5ab40ad6b2	gi|2373974624|gb|OP035105.1|	96.482	91	2.05e-85	199	151022	Fundulus confluentus	bony fishes	marsh killifish
007652282658a38b249c7f5ab40ad6b2	gi|2309725957|gb|OP537869.1|	96.482	91	2.05e-85	199	34779	Fundulus grandis	bony fishes	Gulf killifish
6643f12a50af9ae1e5133c5f98261f20	gi|1799624616|gb|MN122931.1|	99.507	94	1.18e-97	203	7950	Clupea harengus	bony fishes	Atlantic herring
6643f12a50af9ae1e5133c5f98261f20	gi|1517391475|gb|MH194498.2|	99.507	94	1.18e-97	203	7950	Clupea harengus	bony fishes	Atlantic herring
6643f12a50af9ae1e5133c5f98261f20	gi|2018537065|gb|MW818226.1|	99.507	94	1.18e-97	203	7950	Clupea harengus	bony fishes	Atlantic herring
6643f12a50af9ae1e5133c5f98261f20	gi|2018537050|gb|MW818211.1|	99.507	94	1.18e-97	203	7950	Clupea harengus	bony fishes	Atlantic herring
6643f12a50af9ae1e5133c5f98261f20	gi|426260619|gb|KC193777.1|	99.507	94	1.18e-97	203	7950	Clupea harengus	bony fishes	Atlantic herring
6643f12a50af9ae1e5133c5f98261f20	gi|426260605|gb|KC193776.1|	99.507	94	1.18e-97	203	7950	Clupea harengus	bony fishes	Atlantic herring
6643f12a50af9ae1e5133c5f98261f20	gi|426260591|gb|KC193775.1|	99.507	94	1.18e-97	203	7950	Clupea harengus	bony fishes	Atlantic herring
6643f12a50af9ae1e5133c5f98261f20	gi|426260577|gb|KC193774.1|	99.507	94	1.18e-97	203	7950	Clupea harengus	bony fishes	Atlantic herring
6643f12a50af9ae1e5133c5f98261f20	gi|426260549|gb|KC193772.1|	99.507	94	1.18e-97	203	7950	Clupea harengus	bony fishes	Atlantic herring
6643f12a50af9ae1e5133c5f98261f20	gi|426260535|gb|KC193771.1|	99.507	94	1.18e-97	203	7950	Clupea harengus	bony fishes	Atlantic herring
159e7e47870d46c3f50020be2a8d460c	gi|1858626016|gb|MN849868.1|	99.505	91	4.45e-97	202	9606	Homo sapiens	primates	human
159e7e47870d46c3f50020be2a8d460c	gi|1858626002|gb|MN849867.1|	99.505	91	4.45e-97	202	9606	Homo sapiens	primates	human
159e7e47870d46c3f50020be2a8d460c	gi|1858625988|gb|MN849866.1|	99.505	91	4.45e-97	202	9606	Homo sapiens	primates	human
159e7e47870d46c3f50020be2a8d460c	gi|1858625974|gb|MN849865.1|	99.505	91	4.45e-97	202	9606	Homo sapiens	primates	human
159e7e47870d46c3f50020be2a8d460c	gi|1858625960|gb|MN849864.1|	99.505	91	4.45e-97	202	9606	Homo sapiens	primates	human
159e7e47870d46c3f50020be2a8d460c	gi|1858625918|gb|MN849861.1|	99.505	91	4.45e-97	202	9606	Homo sapiens	primates	human
159e7e47870d46c3f50020be2a8d460c	gi|1858625904|gb|MN849860.1|	99.505	91	4.45e-97	202	9606	Homo sapiens	primates	human
159e7e47870d46c3f50020be2a8d460c	gi|1858625890|gb|MN849859.1|	99.505	91	4.45e-97	202	9606	Homo sapiens	primates	human
159e7e47870d46c3f50020be2a8d460c	gi|1858625876|gb|MN849858.1|	99.505	91	4.45e-97	202	9606	Homo sapiens	primates	human
159e7e47870d46c3f50020be2a8d460c	gi|1858625862|gb|MN849857.1|	99.505	91	4.45e-97	202	9606	Homo sapiens	primates	human
0c6b31d97eff551cbb0adcf3acb1e0e2	gi|972385447|gb|KT869378.1|	90.625	99	3.05e-63	192	8078	Fundulus heteroclitus	bony fishes	mummichog
0c6b31d97eff551cbb0adcf3acb1e0e2	gi|215511576|gb|FJ445403.1|	90.625	99	3.05e-63	192	8078	Fundulus heteroclitus	bony fishes	mummichog
0c6b31d97eff551cbb0adcf3acb1e0e2	gi|215511520|gb|FJ445399.1|	90.625	99	3.05e-63	192	8078	Fundulus heteroclitus	bony fishes	mummichog
0c6b31d97eff551cbb0adcf3acb1e0e2	gi|215511506|gb|FJ445398.1|	90.625	99	3.05e-63	192	8078	Fundulus heteroclitus	bony fishes	mummichog
0c6b31d97eff551cbb0adcf3acb1e0e2	gi|1129799469|gb|KX686091.1|	90.526	98	3.95e-62	190	8078	Fundulus heteroclitus	bony fishes	mummichog
0c6b31d97eff551cbb0adcf3acb1e0e2	gi|1129799455|gb|KX686077.1|	90.526	98	3.95e-62	190	8078	Fundulus heteroclitus	bony fishes	mummichog
0c6b31d97eff551cbb0adcf3acb1e0e2	gi|225622209|ref|NC_012312.1|	90.104	99	1.42e-61	192	8078	Fundulus heteroclitus	bony fishes	mummichog
0c6b31d97eff551cbb0adcf3acb1e0e2	gi|215511534|gb|FJ445400.1|	90.104	99	1.42e-61	192	8078	Fundulus heteroclitus	bony fishes	mummichog
0c6b31d97eff551cbb0adcf3acb1e0e2	gi|1129799470|gb|KX686092.1|	90.000	98	1.84e-60	190	8078	Fundulus heteroclitus	bony fishes	mummichog
4801bbb1b360435b59b65fb5d5ea80ef	gi|1799624616|gb|MN122931.1|	90.306	99	8.71e-64	196	7950	Clupea harengus	bony fishes	Atlantic herring
4801bbb1b360435b59b65fb5d5ea80ef	gi|1517391475|gb|MH194498.2|	90.306	99	8.71e-64	196	7950	Clupea harengus	bony fishes	Atlantic herring
4801bbb1b360435b59b65fb5d5ea80ef	gi|2018537065|gb|MW818226.1|	90.306	99	8.71e-64	196	7950	Clupea harengus	bony fishes	Atlantic herring
4801bbb1b360435b59b65fb5d5ea80ef	gi|2018537050|gb|MW818211.1|	90.306	99	8.71e-64	196	7950	Clupea harengus	bony fishes	Atlantic herring
4801bbb1b360435b59b65fb5d5ea80ef	gi|426260619|gb|KC193777.1|	90.306	99	8.71e-64	196	7950	Clupea harengus	bony fishes	Atlantic herring
4801bbb1b360435b59b65fb5d5ea80ef	gi|426260605|gb|KC193776.1|	90.306	99	8.71e-64	196	7950	Clupea harengus	bony fishes	Atlantic herring
4801bbb1b360435b59b65fb5d5ea80ef	gi|426260591|gb|KC193775.1|	90.306	99	8.71e-64	196	7950	Clupea harengus	bony fishes	Atlantic herring
4801bbb1b360435b59b65fb5d5ea80ef	gi|426260577|gb|KC193774.1|	90.306	99	8.71e-64	196	7950	Clupea harengus	bony fishes	Atlantic herring
4801bbb1b360435b59b65fb5d5ea80ef	gi|426260549|gb|KC193772.1|	90.306	99	8.71e-64	196	7950	Clupea harengus	bony fishes	Atlantic herring
4801bbb1b360435b59b65fb5d5ea80ef	gi|426260535|gb|KC193771.1|	90.306	99	8.71e-64	196	7950	Clupea harengus	bony fishes	Atlantic herring
85803f8d8c2a2a243df57869f18d7213	gi|2018537049|gb|MW818210.1|	90.306	99	8.71e-64	196	7950	Clupea harengus	bony fishes	Atlantic herring
85803f8d8c2a2a243df57869f18d7213	gi|426260451|gb|KC193765.1|	90.306	99	8.71e-64	196	7950	Clupea harengus	bony fishes	Atlantic herring
85803f8d8c2a2a243df57869f18d7213	gi|426260367|gb|KC193759.1|	90.306	99	8.71e-64	196	7950	Clupea harengus	bony fishes	Atlantic herring
85803f8d8c2a2a243df57869f18d7213	gi|426260199|gb|KC193747.1|	90.306	99	8.71e-64	196	7950	Clupea harengus	bony fishes	Atlantic herring
85803f8d8c2a2a243df57869f18d7213	gi|426260059|gb|KC193737.1|	90.306	99	8.71e-64	196	7950	Clupea harengus	bony fishes	Atlantic herring
85803f8d8c2a2a243df57869f18d7213	gi|426260003|gb|KC193733.1|	90.306	99	8.71e-64	196	7950	Clupea harengus	bony fishes	Atlantic herring
85803f8d8c2a2a243df57869f18d7213	gi|426259709|gb|KC193712.1|	90.306	99	8.71e-64	196	7950	Clupea harengus	bony fishes	Atlantic herring
85803f8d8c2a2a243df57869f18d7213	gi|426259527|gb|KC193699.1|	90.306	99	8.71e-64	196	7950	Clupea harengus	bony fishes	Atlantic herring
85803f8d8c2a2a243df57869f18d7213	gi|426259275|gb|KC193681.1|	90.306	99	8.71e-64	196	7950	Clupea harengus	bony fishes	Atlantic herring
6f41e92754336baea32e022f2fc6526a	gi|1825511897|gb|MT103924.1|	90.155	99	3.98e-62	193	8265	Pseudopleuronectes americanus	bony fishes	winter flounder
6f41e92754336baea32e022f2fc6526a	gi|2579699234|ref|NC_082555.1|	90.155	99	3.98e-62	193	8265	Pseudopleuronectes americanus	bony fishes	winter flounder
6f41e92754336baea32e022f2fc6526a	gi|1129799452|gb|KX686074.1|	90.052	98	5.14e-61	191	8265	Pseudopleuronectes americanus	bony fishes	winter flounder
6596d61fd342c138edc60f42721c9c00	gi|1642520750|ref|NC_042186.1|	90.674	99	8.54e-64	193	8097	Myoxocephalus scorpius	bony fishes	shorthorn sculpin
6596d61fd342c138edc60f42721c9c00	gi|1512459169|gb|MG924481.1|	90.674	99	8.54e-64	193	200680	Myoxocephalus quadricornis	bony fishes	Myoxocephalus quadricornis
6596d61fd342c138edc60f42721c9c00	gi|1512459168|gb|MG924480.1|	90.674	99	8.54e-64	193	200680	Myoxocephalus quadricornis	bony fishes	Myoxocephalus quadricornis
6596d61fd342c138edc60f42721c9c00	gi|1512459167|gb|MG924479.1|	90.674	99	8.54e-64	193	200680	Myoxocephalus quadricornis	bony fishes	Myoxocephalus quadricornis
6596d61fd342c138edc60f42721c9c00	gi|2621112018|gb|OR818174.1|	90.674	99	8.54e-64	193	304292	Myoxocephalus thompsonii	bony fishes	deepwater sculpin
6596d61fd342c138edc60f42721c9c00	gi|669175225|gb|KM057972.1|	90.674	99	8.54e-64	193	274766	Microcottus sellaris	bony fishes	Microcottus sellaris
6596d61fd342c138edc60f42721c9c00	gi|1979358083|gb|MT303953.1|	90.674	99	8.54e-64	193	200680	Myoxocephalus quadricornis	bony fishes	Myoxocephalus quadricornis
6596d61fd342c138edc60f42721c9c00	gi|1999117704|ref|NC_053359.1|	90.674	99	8.54e-64	193	200680	Myoxocephalus quadricornis	bony fishes	Myoxocephalus quadricornis
6596d61fd342c138edc60f42721c9c00	gi|1896498863|gb|MT410889.1|	90.674	99	8.54e-64	193	8097	Myoxocephalus scorpius	bony fishes	shorthorn sculpin
6596d61fd342c138edc60f42721c9c00	gi|1515576536|gb|MH377821.1|	90.625	98	3.07e-63	192	8097	Myoxocephalus scorpius	bony fishes	shorthorn sculpin
022655b205d4b1633e43a32256fc85f2	gi|2329468156|gb|OP056918.1|	90.674	99	8.54e-64	193	1266866	Cryptacanthodes maculatus	bony fishes	wrymouth
022655b205d4b1633e43a32256fc85f2	gi|2235262310|ref|NC_063111.1|	90.155	99	3.98e-62	193	1317009	Xenolumpenus longipterus	bony fishes	Xenolumpenus longipterus
022655b205d4b1633e43a32256fc85f2	gi|2216790317|gb|MT621236.1|	90.155	99	3.98e-62	193	1317004	Kasatkia memorabilis	bony fishes	Kasatkia memorabilis
022655b205d4b1633e43a32256fc85f2	gi|2228970500|ref|NC_062698.1|	90.155	99	3.98e-62	193	1317004	Kasatkia memorabilis	bony fishes	Kasatkia memorabilis
022655b205d4b1633e43a32256fc85f2	gi|2216790233|gb|MT627596.1|	90.155	99	3.98e-62	193	986104	Askoldia variegata	bony fishes	Askoldia variegata
022655b205d4b1633e43a32256fc85f2	gi|2228970367|ref|NC_062695.1|	90.155	99	3.98e-62	193	986104	Askoldia variegata	bony fishes	Askoldia variegata
022655b205d4b1633e43a32256fc85f2	gi|2216790191|gb|MT561269.1|	90.155	99	3.98e-62	193	470928	Pholidapus dybowskii	bony fishes	Pholidapus dybowskii
022655b205d4b1633e43a32256fc85f2	gi|2228970333|ref|NC_062694.1|	90.155	99	3.98e-62	193	470928	Pholidapus dybowskii	bony fishes	Pholidapus dybowskii
022655b205d4b1633e43a32256fc85f2	gi|2005592608|dbj|LC327134.2|	90.155	99	3.98e-62	193	1638156	Stichaeopsis nana	bony fishes	Stichaeopsis nana
7013e2e8391ed2bd561621382a0ace7a	gi|1517363219|gb|MH538898.1|	90.674	99	8.54e-64	193	238744	Menidia menidia	bony fishes	Atlantic silverside
7013e2e8391ed2bd561621382a0ace7a	gi|1517363206|gb|MH538897.1|	90.674	99	8.54e-64	193	238744	Menidia menidia	bony fishes	Atlantic silverside
7013e2e8391ed2bd561621382a0ace7a	gi|1517363193|gb|MH538896.1|	90.674	99	8.54e-64	193	238744	Menidia menidia	bony fishes	Atlantic silverside
7013e2e8391ed2bd561621382a0ace7a	gi|1517363179|gb|MH538895.1|	90.674	99	8.54e-64	193	238744	Menidia menidia	bony fishes	Atlantic silverside
7013e2e8391ed2bd561621382a0ace7a	gi|1517363166|gb|MH538894.1|	90.674	99	8.54e-64	193	238744	Menidia menidia	bony fishes	Atlantic silverside
7013e2e8391ed2bd561621382a0ace7a	gi|1517363152|gb|MH538893.1|	90.674	99	8.54e-64	193	238744	Menidia menidia	bony fishes	Atlantic silverside
7013e2e8391ed2bd561621382a0ace7a	gi|1517363138|gb|MH538892.1|	90.674	99	8.54e-64	193	238744	Menidia menidia	bony fishes	Atlantic silverside
7013e2e8391ed2bd561621382a0ace7a	gi|1517363124|gb|MH538891.1|	90.674	99	8.54e-64	193	238744	Menidia menidia	bony fishes	Atlantic silverside
7013e2e8391ed2bd561621382a0ace7a	gi|1517363111|gb|MH538890.1|	90.674	99	8.54e-64	193	238744	Menidia menidia	bony fishes	Atlantic silverside
7013e2e8391ed2bd561621382a0ace7a	gi|1517363097|gb|MH538889.1|	90.674	99	8.54e-64	193	238744	Menidia menidia	bony fishes	Atlantic silverside
3e97ab80fc02c8dcea7716d3629fb864	gi|2735072119|gb|PP824515.1|	91.878	99	2.42e-69	197	224707	Brevoortia patronus	bony fishes	Gulf menhaden
3e97ab80fc02c8dcea7716d3629fb864	gi|2329468251|gb|OP057013.1|	91.878	99	2.42e-69	197	224707	Brevoortia patronus	bony fishes	Gulf menhaden
3e97ab80fc02c8dcea7716d3629fb864	gi|2579851516|gb|OR577203.1|	91.371	99	1.13e-67	197	224707	Brevoortia patronus	bony fishes	Gulf menhaden
3e97ab80fc02c8dcea7716d3629fb864	gi|2282237323|gb|OP154163.1|	91.371	99	1.13e-67	197	224707	Brevoortia patronus	bony fishes	Gulf menhaden
3e97ab80fc02c8dcea7716d3629fb864	gi|299823704|ref|NC_014266.1|	91.371	99	1.13e-67	197	224708	Brevoortia tyrannus	bony fishes	Atlantic menhaden
3e97ab80fc02c8dcea7716d3629fb864	gi|1129799464|gb|KX686086.1|	91.282	98	1.46e-66	195	224708	Brevoortia tyrannus	bony fishes	Atlantic menhaden
3e97ab80fc02c8dcea7716d3629fb864	gi|1129799463|gb|KX686085.1|	91.282	98	1.46e-66	195	224708	Brevoortia tyrannus	bony fishes	Atlantic menhaden
3e97ab80fc02c8dcea7716d3629fb864	gi|1129799462|gb|KX686084.1|	91.282	98	1.46e-66	195	224708	Brevoortia tyrannus	bony fishes	Atlantic menhaden
3e97ab80fc02c8dcea7716d3629fb864	gi|1129799461|gb|KX686083.1|	91.282	98	1.46e-66	195	224708	Brevoortia tyrannus	bony fishes	Atlantic menhaden
3e97ab80fc02c8dcea7716d3629fb864	gi|2422575726|gb|OQ198733.1|	90.863	99	5.23e-66	197	329022	Brevoortia gunteri	bony fishes	finescale menhaden
a237ba7b838b7732087c62a7e12eca91	gi|2579851516|gb|OR577203.1|	91.371	99	1.13e-67	197	224707	Brevoortia patronus	bony fishes	Gulf menhaden
a237ba7b838b7732087c62a7e12eca91	gi|2282237323|gb|OP154163.1|	91.371	99	1.13e-67	197	224707	Brevoortia patronus	bony fishes	Gulf menhaden
a237ba7b838b7732087c62a7e12eca91	gi|299823704|ref|NC_014266.1|	91.371	99	1.13e-67	197	224708	Brevoortia tyrannus	bony fishes	Atlantic menhaden
a237ba7b838b7732087c62a7e12eca91	gi|1129799464|gb|KX686086.1|	91.282	98	1.46e-66	195	224708	Brevoortia tyrannus	bony fishes	Atlantic menhaden
a237ba7b838b7732087c62a7e12eca91	gi|1129799463|gb|KX686085.1|	91.282	98	1.46e-66	195	224708	Brevoortia tyrannus	bony fishes	Atlantic menhaden
a237ba7b838b7732087c62a7e12eca91	gi|1129799462|gb|KX686084.1|	91.282	98	1.46e-66	195	224708	Brevoortia tyrannus	bony fishes	Atlantic menhaden
a237ba7b838b7732087c62a7e12eca91	gi|1129799461|gb|KX686083.1|	91.282	98	1.46e-66	195	224708	Brevoortia tyrannus	bony fishes	Atlantic menhaden
a237ba7b838b7732087c62a7e12eca91	gi|2735072119|gb|PP824515.1|	90.863	99	5.23e-66	197	224707	Brevoortia patronus	bony fishes	Gulf menhaden
a237ba7b838b7732087c62a7e12eca91	gi|2329468251|gb|OP057013.1|	90.863	99	5.23e-66	197	224707	Brevoortia patronus	bony fishes	Gulf menhaden
a237ba7b838b7732087c62a7e12eca91	gi|2422575726|gb|OQ198733.1|	90.863	99	5.23e-66	197	329022	Brevoortia gunteri	bony fishes	finescale menhaden
ec959e991ecc6549c7d45d7c2493e051	gi|2579851516|gb|OR577203.1|	90.863	99	5.23e-66	197	224707	Brevoortia patronus	bony fishes	Gulf menhaden
ec959e991ecc6549c7d45d7c2493e051	gi|2282237323|gb|OP154163.1|	90.863	99	5.23e-66	197	224707	Brevoortia patronus	bony fishes	Gulf menhaden
ec959e991ecc6549c7d45d7c2493e051	gi|299823704|ref|NC_014266.1|	90.863	99	5.23e-66	197	224708	Brevoortia tyrannus	bony fishes	Atlantic menhaden
ec959e991ecc6549c7d45d7c2493e051	gi|1129799464|gb|KX686086.1|	90.769	98	6.77e-65	195	224708	Brevoortia tyrannus	bony fishes	Atlantic menhaden
ec959e991ecc6549c7d45d7c2493e051	gi|1129799463|gb|KX686085.1|	90.769	98	6.77e-65	195	224708	Brevoortia tyrannus	bony fishes	Atlantic menhaden
ec959e991ecc6549c7d45d7c2493e051	gi|1129799462|gb|KX686084.1|	90.769	98	6.77e-65	195	224708	Brevoortia tyrannus	bony fishes	Atlantic menhaden
ec959e991ecc6549c7d45d7c2493e051	gi|1129799461|gb|KX686083.1|	90.769	98	6.77e-65	195	224708	Brevoortia tyrannus	bony fishes	Atlantic menhaden
ec959e991ecc6549c7d45d7c2493e051	gi|2735072119|gb|PP824515.1|	90.355	99	2.44e-64	197	224707	Brevoortia patronus	bony fishes	Gulf menhaden
ec959e991ecc6549c7d45d7c2493e051	gi|2329468251|gb|OP057013.1|	90.355	99	2.44e-64	197	224707	Brevoortia patronus	bony fishes	Gulf menhaden
ec959e991ecc6549c7d45d7c2493e051	gi|2422575726|gb|OQ198733.1|	90.355	99	2.44e-64	197	329022	Brevoortia gunteri	bony fishes	finescale menhaden
63be0df3dc5cda2faec52c42c9b0de7f	gi|2579851516|gb|OR577203.1|	91.878	99	2.42e-69	197	224707	Brevoortia patronus	bony fishes	Gulf menhaden
63be0df3dc5cda2faec52c42c9b0de7f	gi|2282237323|gb|OP154163.1|	91.878	99	2.42e-69	197	224707	Brevoortia patronus	bony fishes	Gulf menhaden
63be0df3dc5cda2faec52c42c9b0de7f	gi|299823704|ref|NC_014266.1|	91.878	99	2.42e-69	197	224708	Brevoortia tyrannus	bony fishes	Atlantic menhaden
63be0df3dc5cda2faec52c42c9b0de7f	gi|1129799464|gb|KX686086.1|	91.795	98	3.13e-68	195	224708	Brevoortia tyrannus	bony fishes	Atlantic menhaden
63be0df3dc5cda2faec52c42c9b0de7f	gi|1129799463|gb|KX686085.1|	91.795	98	3.13e-68	195	224708	Brevoortia tyrannus	bony fishes	Atlantic menhaden
63be0df3dc5cda2faec52c42c9b0de7f	gi|1129799462|gb|KX686084.1|	91.795	98	3.13e-68	195	224708	Brevoortia tyrannus	bony fishes	Atlantic menhaden
63be0df3dc5cda2faec52c42c9b0de7f	gi|1129799461|gb|KX686083.1|	91.795	98	3.13e-68	195	224708	Brevoortia tyrannus	bony fishes	Atlantic menhaden
63be0df3dc5cda2faec52c42c9b0de7f	gi|2735072119|gb|PP824515.1|	91.371	99	1.13e-67	197	224707	Brevoortia patronus	bony fishes	Gulf menhaden
63be0df3dc5cda2faec52c42c9b0de7f	gi|2329468251|gb|OP057013.1|	91.371	99	1.13e-67	197	224707	Brevoortia patronus	bony fishes	Gulf menhaden
63be0df3dc5cda2faec52c42c9b0de7f	gi|2422575726|gb|OQ198733.1|	91.371	99	1.13e-67	197	329022	Brevoortia gunteri	bony fishes	finescale menhaden
58bdb921a73c380f662ccf6d6275630c	gi|1337993116|gb|MG570440.1|	91.371	99	1.13e-67	197	34774	Alosa pseudoharengus	bony fishes	alewife
58bdb921a73c380f662ccf6d6275630c	gi|1337993102|gb|MG570439.1|	91.371	99	1.13e-67	197	34774	Alosa pseudoharengus	bony fishes	alewife
58bdb921a73c380f662ccf6d6275630c	gi|1337992850|gb|MG570421.1|	91.371	99	1.13e-67	197	34774	Alosa pseudoharengus	bony fishes	alewife
58bdb921a73c380f662ccf6d6275630c	gi|2514521491|gb|OR094922.1|	91.371	99	1.13e-67	197	34774	Alosa pseudoharengus	bony fishes	alewife
58bdb921a73c380f662ccf6d6275630c	gi|2514521488|gb|OR094921.1|	91.371	99	1.13e-67	197	34774	Alosa pseudoharengus	bony fishes	alewife
58bdb921a73c380f662ccf6d6275630c	gi|2514521486|gb|OR094920.1|	91.371	99	1.13e-67	197	34774	Alosa pseudoharengus	bony fishes	alewife
58bdb921a73c380f662ccf6d6275630c	gi|2514521484|gb|OR094919.1|	91.371	99	1.13e-67	197	34774	Alosa pseudoharengus	bony fishes	alewife
58bdb921a73c380f662ccf6d6275630c	gi|2514521482|gb|OR094918.1|	91.371	99	1.13e-67	197	34774	Alosa pseudoharengus	bony fishes	alewife
58bdb921a73c380f662ccf6d6275630c	gi|2514521479|gb|OR094917.1|	91.371	99	1.13e-67	197	34774	Alosa pseudoharengus	bony fishes	alewife
58bdb921a73c380f662ccf6d6275630c	gi|2514521311|gb|OR094996.1|	91.371	99	1.13e-67	197	34774	Alosa pseudoharengus	bony fishes	alewife
a28a3d6c59542c59acb4d02a1b28298c	gi|2325477952|gb|OM736824.1|	90.625	99	3.05e-63	192	8014	Osmerus mordax	bony fishes	rainbow smelt
a28a3d6c59542c59acb4d02a1b28298c	gi|2048073843|gb|MW856916.1|	90.625	99	3.05e-63	192	8014	Osmerus mordax	bony fishes	rainbow smelt
a28a3d6c59542c59acb4d02a1b28298c	gi|2048073396|gb|MW856884.1|	90.625	99	3.05e-63	192	8014	Osmerus mordax	bony fishes	rainbow smelt
a28a3d6c59542c59acb4d02a1b28298c	gi|2048072724|gb|MW856836.1|	90.625	99	3.05e-63	192	8014	Osmerus mordax	bony fishes	rainbow smelt
a28a3d6c59542c59acb4d02a1b28298c	gi|2048072696|gb|MW856834.1|	90.625	99	3.05e-63	192	8014	Osmerus mordax	bony fishes	rainbow smelt
a28a3d6c59542c59acb4d02a1b28298c	gi|326536062|ref|NC_015246.1|	90.625	99	3.05e-63	192	8014	Osmerus mordax	bony fishes	rainbow smelt
eb8ab1505d3c4d476ea021dea53f4f43	gi|1799624616|gb|MN122931.1|	94.872	98	3.07e-78	195	7950	Clupea harengus	bony fishes	Atlantic herring
eb8ab1505d3c4d476ea021dea53f4f43	gi|1517391475|gb|MH194498.2|	94.872	98	3.07e-78	195	7950	Clupea harengus	bony fishes	Atlantic herring
eb8ab1505d3c4d476ea021dea53f4f43	gi|2018537065|gb|MW818226.1|	94.872	98	3.07e-78	195	7950	Clupea harengus	bony fishes	Atlantic herring
eb8ab1505d3c4d476ea021dea53f4f43	gi|2018537050|gb|MW818211.1|	94.872	98	3.07e-78	195	7950	Clupea harengus	bony fishes	Atlantic herring
eb8ab1505d3c4d476ea021dea53f4f43	gi|426260619|gb|KC193777.1|	94.872	98	3.07e-78	195	7950	Clupea harengus	bony fishes	Atlantic herring
eb8ab1505d3c4d476ea021dea53f4f43	gi|426260605|gb|KC193776.1|	94.872	98	3.07e-78	195	7950	Clupea harengus	bony fishes	Atlantic herring
eb8ab1505d3c4d476ea021dea53f4f43	gi|426260591|gb|KC193775.1|	94.872	98	3.07e-78	195	7950	Clupea harengus	bony fishes	Atlantic herring
eb8ab1505d3c4d476ea021dea53f4f43	gi|426260577|gb|KC193774.1|	94.872	98	3.07e-78	195	7950	Clupea harengus	bony fishes	Atlantic herring
eb8ab1505d3c4d476ea021dea53f4f43	gi|426260549|gb|KC193772.1|	94.872	98	3.07e-78	195	7950	Clupea harengus	bony fishes	Atlantic herring
eb8ab1505d3c4d476ea021dea53f4f43	gi|426260535|gb|KC193771.1|	94.872	98	3.07e-78	195	7950	Clupea harengus	bony fishes	Atlantic herring
e8123a2025460845d407aafd0b167839	gi|821091582|gb|KP644368.1|	93.782	98	8.48e-74	193	34823	Microgadus tomcod	bony fishes	Atlantic tomcod
e8123a2025460845d407aafd0b167839	gi|2095925524|gb|OK172579.1|	93.264	98	3.94e-72	193	34823	Microgadus tomcod	bony fishes	Atlantic tomcod
e8123a2025460845d407aafd0b167839	gi|1772510469|gb|MH061100.1|	92.268	98	8.54e-69	194	8047	Eleginus gracilis	bony fishes	saffron cod
e8123a2025460845d407aafd0b167839	gi|1772510455|gb|MH061099.1|	92.268	98	8.54e-69	194	8047	Eleginus gracilis	bony fishes	saffron cod
e8123a2025460845d407aafd0b167839	gi|1772510441|gb|MH061098.1|	92.268	98	8.54e-69	194	8047	Eleginus gracilis	bony fishes	saffron cod
e8123a2025460845d407aafd0b167839	gi|1772510427|gb|MH061097.1|	92.268	98	8.54e-69	194	8047	Eleginus gracilis	bony fishes	saffron cod
e8123a2025460845d407aafd0b167839	gi|1772510413|gb|MH061096.1|	92.268	98	8.54e-69	194	8047	Eleginus gracilis	bony fishes	saffron cod
e8123a2025460845d407aafd0b167839	gi|1772510399|gb|MH061095.1|	92.268	98	8.54e-69	194	8047	Eleginus gracilis	bony fishes	saffron cod
e8123a2025460845d407aafd0b167839	gi|1772510385|gb|MH061094.1|	92.268	98	8.54e-69	194	8047	Eleginus gracilis	bony fishes	saffron cod
e8123a2025460845d407aafd0b167839	gi|1772510371|gb|MH061093.1|	92.268	98	8.54e-69	194	8047	Eleginus gracilis	bony fishes	saffron cod
