c0eb58ca5d76632244c71bd691d812e2	AB462045.1.71.1033###root_1;Eukaryota_2759;Chordata_7711;Mammalia_40674;Carnivora_33554;Procyonidae_9647;Procyon_9653;Procyon_lotor_9654	99.474	98	9.80e-95	190	0	N/A	N/A	N/A
c0eb58ca5d76632244c71bd691d812e2	AB462165.1.1.963###root_1;Eukaryota_2759;Chordata_7711;Mammalia_40674;Carnivora_33554;Procyonidae_9647;Procyon_9653;Procyon_lotor_9654	99.474	98	9.80e-95	190	0	N/A	N/A	N/A
c0eb58ca5d76632244c71bd691d812e2	AB462046.1.71.1033###root_1;Eukaryota_2759;Chordata_7711;Mammalia_40674;Carnivora_33554;Procyonidae_9647;Procyon_9653;Procyon_lotor_9654	99.474	98	9.80e-95	190	0	N/A	N/A	N/A
c0eb58ca5d76632244c71bd691d812e2	AM711899.1.71.1033###root_1;Eukaryota_2759;Chordata_7711;Mammalia_40674;Carnivora_33554;Procyonidae_9647;Procyon_9653;Procyon_lotor_9654	98.947	98	4.56e-93	190	0	N/A	N/A	N/A
c0eb58ca5d76632244c71bd691d812e2	AB462203.1.1.964###root_1;Eukaryota_2759;Chordata_7711;Mammalia_40674;Carnivora_33554;Procyonidae_9647;Procyon_9653;Procyon_lotor_9654	98.947	98	4.56e-93	190	0	N/A	N/A	N/A
c0eb58ca5d76632244c71bd691d812e2	MT410951.1.516.1478###root_1;Eukaryota_2759;Chordata_7711;Mammalia_40674;Carnivora_33554;Procyonidae_9647;Procyon_9653;Procyon_lotor_9654	98.947	98	4.56e-93	190	0	N/A	N/A	N/A
c0eb58ca5d76632244c71bd691d812e2	AB462048.1.71.1032###root_1;Eukaryota_2759;Chordata_7711;Mammalia_40674;Carnivora_33554;Procyonidae_9647;Procyon_9653;Procyon_lotor_9654	98.947	98	1.64e-92	190	0	N/A	N/A	N/A
c0eb58ca5d76632244c71bd691d812e2	AB462049.1.71.1031###root_1;Eukaryota_2759;Chordata_7711;Mammalia_40674;Carnivora_33554;Procyonidae_9647;Procyon_9653;Procyon_lotor_9654	98.947	98	1.64e-92	190	0	N/A	N/A	N/A
c0eb58ca5d76632244c71bd691d812e2	AB291073.1.71.1032###root_1;Eukaryota_2759;Chordata_7711;Mammalia_40674;Carnivora_33554;Procyonidae_9647;Procyon_9653;Procyon_lotor_9654	98.947	98	1.64e-92	190	0	N/A	N/A	N/A
c0eb58ca5d76632244c71bd691d812e2	AB297804.1.2510.3472###root_1;Eukaryota_2759;Chordata_7711;Mammalia_40674;Carnivora_33554;Procyonidae_9647;Procyon_9653;Procyon_lotor_9654	98.421	98	5.90e-92	190	0	N/A	N/A	N/A
06da7468a4820c704ee8c4e3f280f1bd	MT874477.1.67.1021###root_1;Eukaryota_2759;Chordata_7711;Mammalia_40674;Carnivora_33554;Mustelidae_9655;Neogale_2902005;Neogale_vison_452646	100.000	98	2.09e-96	190	0	N/A	N/A	N/A
06da7468a4820c704ee8c4e3f280f1bd	KX377613.1.66.1020###root_1;Eukaryota_2759;Chordata_7711;Mammalia_40674;Rodentia_9989;Cricetidae_337677;Ondatra_10059;Ondatra_zibethicus_10060	100.000	98	2.09e-96	190	0	N/A	N/A	N/A
06da7468a4820c704ee8c4e3f280f1bd	MN485774.1.8683.9639###root_1;Eukaryota_2759;Chordata_7711;Mammalia_40674;Rodentia_9989;Cricetidae_337677;Ondatra_10059;Ondatra_zibethicus_10060	100.000	98	2.09e-96	190	0	N/A	N/A	N/A
06da7468a4820c704ee8c4e3f280f1bd	MT084805.1.67.1021###root_1;Eukaryota_2759;Chordata_7711;Mammalia_40674;Rodentia_9989;Cricetidae_337677;Ondatra_10059;Ondatra_zibethicus_10060	100.000	98	2.09e-96	190	0	N/A	N/A	N/A
06da7468a4820c704ee8c4e3f280f1bd	MZ661210.1.<1.>1000###root_1;Eukaryota_2759;Chordata_7711;Mammalia_40674;Rodentia_9989;Cricetidae_337677;Arvicola_10049;Arvicola_amphibius_1047088	95.812	98	4.60e-83	191	0	N/A	N/A	N/A
06da7468a4820c704ee8c4e3f280f1bd	MT381921.1.69.1017###root_1;Eukaryota_2759;Chordata_7711;Mammalia_40674;Rodentia_9989;Cricetidae_337677;Arvicola_10049;Arvicola_amphibius_1047088	95.812	98	4.60e-83	191	0	N/A	N/A	N/A
06da7468a4820c704ee8c4e3f280f1bd	MN122828.1.68.1017###root_1;Eukaryota_2759;Chordata_7711;Mammalia_40674;Rodentia_9989;Cricetidae_337677;Arvicola_10049;Arvicola_amphibius_1047088	95.288	98	2.14e-81	191	0	N/A	N/A	N/A
06da7468a4820c704ee8c4e3f280f1bd	AJ972919.1.1.951###root_1;Eukaryota_2759;Chordata_7711;Mammalia_40674;Rodentia_9989;Cricetidae_337677;Microtus_10053;Microtus_lusitanicus_184258	94.792	98	9.95e-80	192	0	N/A	N/A	N/A
06da7468a4820c704ee8c4e3f280f1bd	MT118740.1.69.1017###root_1;Eukaryota_2759;Chordata_7711;Mammalia_40674;Rodentia_9989;Cricetidae_337677;Prometheomys_399231;Prometheomys_schaposchnikovi_2678872	94.211	98	4.63e-78	190	0	N/A	N/A	N/A
06da7468a4820c704ee8c4e3f280f1bd	KU891252.1.69.1016###root_1;Eukaryota_2759;Chordata_7711;Mammalia_40674;Rodentia_9989;Cricetidae_337677;Neodon_465452;Neodon_sikimensis_798169	94.271	98	4.63e-78	192	0	N/A	N/A	N/A
21a67de5929894fb15eba6affbe32684	MH377765.1.<1.>692###root_1;Eukaryota_2759;Chordata_7711;Chondrichthyes_7777;Rajiformes_7858;Rajidae_30475;Leucoraja_117861;Leucoraja_ocellata_173042	100.000	100	2.50e-90	179	0	N/A	N/A	N/A
21a67de5929894fb15eba6affbe32684	MH377762.1.<1.>692###root_1;Eukaryota_2759;Chordata_7711;Chondrichthyes_7777;Rajiformes_7858;Rajidae_30475;Leucoraja_117861;Leucoraja_ocellata_173042	100.000	100	2.50e-90	179	0	N/A	N/A	N/A
21a67de5929894fb15eba6affbe32684	OR380334.1.<1.>181###root_1;Eukaryota_2759;Chordata_7711;Chondrichthyes_7777;Rajiformes_7858;Rajidae_30475;Leucoraja_117861;Leucoraja_ocellata_173042	100.000	100	2.50e-90	179	0	N/A	N/A	N/A
21a67de5929894fb15eba6affbe32684	OP863178.1.<1.>181###root_1;Eukaryota_2759;Chordata_7711;Chondrichthyes_7777;Rajiformes_7858;Rajidae_30475;Malacoraja_117862;Malacoraja_spinacidermis_1090676	98.883	100	5.42e-87	179	0	N/A	N/A	N/A
21a67de5929894fb15eba6affbe32684	JQ034406.1.70.1036###root_1;Eukaryota_2759;Chordata_7711;Chondrichthyes_7777;Rajiformes_7858;Rajidae_30475;Leucoraja_117861;Leucoraja_erinaceus_7782	98.883	100	5.42e-87	179	0	N/A	N/A	N/A
21a67de5929894fb15eba6affbe32684	OR380319.1.<1.>181###root_1;Eukaryota_2759;Chordata_7711;Chondrichthyes_7777;Rajiformes_7858;Rajidae_30475;Leucoraja_117861;Leucoraja_erinaceus_7782	98.883	100	5.42e-87	179	0	N/A	N/A	N/A
21a67de5929894fb15eba6affbe32684	LC458374.1.<1.>181###root_1;Eukaryota_2759;Chordata_7711;Chondrichthyes_7777;Rajiformes_7858;Rajidae_30475;Rajella_117865;Rajella_bigelowi_473382	98.324	100	2.52e-85	179	0	N/A	N/A	N/A
21a67de5929894fb15eba6affbe32684	MW377218.1.227.1191###root_1;Eukaryota_2759;Chordata_7711;Chondrichthyes_7777;Rajiformes_7858;Rajidae_30475;Neoraja_117863;Neoraja_iberica_762856	98.324	100	2.52e-85	179	0	N/A	N/A	N/A
21a67de5929894fb15eba6affbe32684	EF100178.1.29.994###root_1;Eukaryota_2759;Chordata_7711;Chondrichthyes_7777;Rajiformes_7858;Rajidae_30475;Neoraja_117863;Neoraja_caerulea_417954	98.324	100	2.52e-85	179	0	N/A	N/A	N/A
21a67de5929894fb15eba6affbe32684	EF081262.1.29.996###root_1;Eukaryota_2759;Chordata_7711;Chondrichthyes_7777;Rajiformes_7858;Rajidae_30475;Malacoraja_117862;Malacoraja_kreffti_420457	98.324	100	2.52e-85	179	0	N/A	N/A	N/A
3d0041cd68ad6afbda23f25a2629a551	MK421414.1.<1.>1407###root_1;Eukaryota_2759;Arthropoda_6656;Malacostraca_6681;Decapoda_6683;Palaemonidae_6695;Macrobrachium_6696;Macrobrachium_nipponense_159736	90.404	97	1.77e-67	198	0	N/A	N/A	N/A
5b4fc361e82355a8ed68a55cc91201d3	FJ445403.1.69.1011###root_1;Eukaryota_2759;Chordata_7711;Actinopteri_186623;Cyprinodontiformes_28738;Fundulidae_28756;Fundulus_8077;Fundulus_heteroclitus_8078	99.479	100	7.49e-96	192	0	N/A	N/A	N/A
5b4fc361e82355a8ed68a55cc91201d3	FJ445398.1.69.1011###root_1;Eukaryota_2759;Chordata_7711;Actinopteri_186623;Cyprinodontiformes_28738;Fundulidae_28756;Fundulus_8077;Fundulus_heteroclitus_8078	99.479	100	7.49e-96	192	0	N/A	N/A	N/A
5b4fc361e82355a8ed68a55cc91201d3	KT869378.1.69.1011###root_1;Eukaryota_2759;Chordata_7711;Actinopteri_186623;Cyprinodontiformes_28738;Fundulidae_28756;Fundulus_8077;Fundulus_heteroclitus_8078	99.479	100	7.49e-96	192	0	N/A	N/A	N/A
5b4fc361e82355a8ed68a55cc91201d3	FJ445400.1.69.1011###root_1;Eukaryota_2759;Chordata_7711;Actinopteri_186623;Cyprinodontiformes_28738;Fundulidae_28756;Fundulus_8077;Fundulus_heteroclitus_8078	98.958	100	3.48e-94	192	0	N/A	N/A	N/A
5b4fc361e82355a8ed68a55cc91201d3	FJ445402.1.69.1011###root_1;Eukaryota_2759;Chordata_7711;Actinopteri_186623;Cyprinodontiformes_28738;Fundulidae_28756;Fundulus_8077;Fundulus_heteroclitus_8078	98.958	100	3.48e-94	192	0	N/A	N/A	N/A
5b4fc361e82355a8ed68a55cc91201d3	FJ445401.1.69.1011###root_1;Eukaryota_2759;Chordata_7711;Actinopteri_186623;Cyprinodontiformes_28738;Fundulidae_28756;Fundulus_8077;Fundulus_heteroclitus_8078	98.438	100	1.62e-92	192	0	N/A	N/A	N/A
5b4fc361e82355a8ed68a55cc91201d3	KX686091.1.<1.>670###root_1;Eukaryota_2759;Chordata_7711;Actinopteri_186623;Cyprinodontiformes_28738;Fundulidae_28756;Fundulus_8077;Fundulus_heteroclitus_8078	99.444	94	3.51e-89	180	0	N/A	N/A	N/A
5b4fc361e82355a8ed68a55cc91201d3	KX686098.1.<1.>670###root_1;Eukaryota_2759;Chordata_7711;Actinopteri_186623;Cyprinodontiformes_28738;Fundulidae_28756;Fundulus_8077;Fundulus_heteroclitus_8078	99.444	94	3.51e-89	180	0	N/A	N/A	N/A
5b4fc361e82355a8ed68a55cc91201d3	KX686092.1.<1.>670###root_1;Eukaryota_2759;Chordata_7711;Actinopteri_186623;Cyprinodontiformes_28738;Fundulidae_28756;Fundulus_8077;Fundulus_heteroclitus_8078	98.889	94	1.63e-87	180	0	N/A	N/A	N/A
5b4fc361e82355a8ed68a55cc91201d3	OP537867.1.<1.>216###root_1;Eukaryota_2759;Chordata_7711;Actinopteri_186623;Cyprinodontiformes_28738;Fundulidae_28756;Fundulus_8077;Fundulus_pulvereus_76054	96.354	100	7.59e-86	192	0	N/A	N/A	N/A
4f25d858de6cf24cbb44b67d5d21c3c3	FJ445403.1.69.1011###root_1;Eukaryota_2759;Chordata_7711;Actinopteri_186623;Cyprinodontiformes_28738;Fundulidae_28756;Fundulus_8077;Fundulus_heteroclitus_8078	98.958	100	3.48e-94	192	0	N/A	N/A	N/A
4f25d858de6cf24cbb44b67d5d21c3c3	FJ445398.1.69.1011###root_1;Eukaryota_2759;Chordata_7711;Actinopteri_186623;Cyprinodontiformes_28738;Fundulidae_28756;Fundulus_8077;Fundulus_heteroclitus_8078	98.958	100	3.48e-94	192	0	N/A	N/A	N/A
4f25d858de6cf24cbb44b67d5d21c3c3	KT869378.1.69.1011###root_1;Eukaryota_2759;Chordata_7711;Actinopteri_186623;Cyprinodontiformes_28738;Fundulidae_28756;Fundulus_8077;Fundulus_heteroclitus_8078	98.958	100	3.48e-94	192	0	N/A	N/A	N/A
4f25d858de6cf24cbb44b67d5d21c3c3	FJ445400.1.69.1011###root_1;Eukaryota_2759;Chordata_7711;Actinopteri_186623;Cyprinodontiformes_28738;Fundulidae_28756;Fundulus_8077;Fundulus_heteroclitus_8078	98.438	100	1.62e-92	192	0	N/A	N/A	N/A
4f25d858de6cf24cbb44b67d5d21c3c3	FJ445402.1.69.1011###root_1;Eukaryota_2759;Chordata_7711;Actinopteri_186623;Cyprinodontiformes_28738;Fundulidae_28756;Fundulus_8077;Fundulus_heteroclitus_8078	98.438	100	1.62e-92	192	0	N/A	N/A	N/A
4f25d858de6cf24cbb44b67d5d21c3c3	FJ445401.1.69.1011###root_1;Eukaryota_2759;Chordata_7711;Actinopteri_186623;Cyprinodontiformes_28738;Fundulidae_28756;Fundulus_8077;Fundulus_heteroclitus_8078	97.917	100	7.54e-91	192	0	N/A	N/A	N/A
4f25d858de6cf24cbb44b67d5d21c3c3	KX686091.1.<1.>670###root_1;Eukaryota_2759;Chordata_7711;Actinopteri_186623;Cyprinodontiformes_28738;Fundulidae_28756;Fundulus_8077;Fundulus_heteroclitus_8078	98.889	94	1.63e-87	180	0	N/A	N/A	N/A
4f25d858de6cf24cbb44b67d5d21c3c3	KX686098.1.<1.>670###root_1;Eukaryota_2759;Chordata_7711;Actinopteri_186623;Cyprinodontiformes_28738;Fundulidae_28756;Fundulus_8077;Fundulus_heteroclitus_8078	98.889	94	1.63e-87	180	0	N/A	N/A	N/A
4f25d858de6cf24cbb44b67d5d21c3c3	KX686092.1.<1.>670###root_1;Eukaryota_2759;Chordata_7711;Actinopteri_186623;Cyprinodontiformes_28738;Fundulidae_28756;Fundulus_8077;Fundulus_heteroclitus_8078	98.333	94	7.59e-86	180	0	N/A	N/A	N/A
4f25d858de6cf24cbb44b67d5d21c3c3	OP537867.1.<1.>216###root_1;Eukaryota_2759;Chordata_7711;Actinopteri_186623;Cyprinodontiformes_28738;Fundulidae_28756;Fundulus_8077;Fundulus_pulvereus_76054	95.833	100	3.53e-84	192	0	N/A	N/A	N/A
dc7efa1ae99a1a908c79951364668b77	MT410883.1.71.1031###root_1;Eukaryota_2759;Chordata_7711;Mammalia_40674;Carnivora_33554;Phocidae_9709;Phoca_9717;Phoca_vitulina_9720	99.474	99	9.68e-95	190	0	N/A	N/A	N/A
dc7efa1ae99a1a908c79951364668b77	AM181032.1.71.1031###root_1;Eukaryota_2759;Chordata_7711;Mammalia_40674;Carnivora_33554;Phocidae_9709;Phoca_9717;Phoca_vitulina_9720	99.474	99	9.68e-95	190	0	N/A	N/A	N/A
dc7efa1ae99a1a908c79951364668b77	GU174593.1.<1.>962###root_1;Eukaryota_2759;Chordata_7711;Mammalia_40674;Carnivora_33554;Phocidae_9709;Pusa_693430;Pusa_hispida_9718	98.947	99	4.51e-93	190	0	N/A	N/A	N/A
dc7efa1ae99a1a908c79951364668b77	AM181031.1.71.1031###root_1;Eukaryota_2759;Chordata_7711;Mammalia_40674;Carnivora_33554;Phocidae_9709;Phoca_9717;Phoca_largha_39090	98.947	99	4.51e-93	190	0	N/A	N/A	N/A
dc7efa1ae99a1a908c79951364668b77	MW183359.1.71.1031###root_1;Eukaryota_2759;Chordata_7711;Mammalia_40674;Carnivora_33554;Phocidae_9709;Phoca_9717;Phoca_largha_39090	98.947	99	4.51e-93	190	0	N/A	N/A	N/A
dc7efa1ae99a1a908c79951364668b77	GU174591.1.<1.>961###root_1;Eukaryota_2759;Chordata_7711;Mammalia_40674;Carnivora_33554;Phocidae_9709;Phoca_9717;Phoca_largha_39090	98.947	99	4.51e-93	190	0	N/A	N/A	N/A
dc7efa1ae99a1a908c79951364668b77	AM181034.1.71.1031###root_1;Eukaryota_2759;Chordata_7711;Mammalia_40674;Carnivora_33554;Phocidae_9709;Pusa_693430;Pusa_sibirica_9719	98.421	99	2.10e-91	190	0	N/A	N/A	N/A
dc7efa1ae99a1a908c79951364668b77	AM181035.1.71.1031###root_1;Eukaryota_2759;Chordata_7711;Mammalia_40674;Carnivora_33554;Phocidae_9709;Pusa_693430;Pusa_sibirica_9719	98.421	99	2.10e-91	190	0	N/A	N/A	N/A
dc7efa1ae99a1a908c79951364668b77	MT584129.1.71.1032###root_1;Eukaryota_2759;Chordata_7711;Mammalia_40674;Carnivora_33554;Phocidae_9709;Pusa_693430;Pusa_hispida_9718	98.421	99	2.10e-91	190	0	N/A	N/A	N/A
dc7efa1ae99a1a908c79951364668b77	MT410955.1.490.1450###root_1;Eukaryota_2759;Chordata_7711;Mammalia_40674;Carnivora_33554;Phocidae_9709;Pusa_693430;Pusa_hispida_9718	98.421	99	2.10e-91	190	0	N/A	N/A	N/A
f7c0cc876da874b28491af068f0d86d4	GU174593.1.<1.>962###root_1;Eukaryota_2759;Chordata_7711;Mammalia_40674;Carnivora_33554;Phocidae_9709;Pusa_693430;Pusa_hispida_9718	100.000	99	2.08e-96	190	0	N/A	N/A	N/A
f7c0cc876da874b28491af068f0d86d4	AM181034.1.71.1031###root_1;Eukaryota_2759;Chordata_7711;Mammalia_40674;Carnivora_33554;Phocidae_9709;Pusa_693430;Pusa_sibirica_9719	99.474	99	9.68e-95	190	0	N/A	N/A	N/A
f7c0cc876da874b28491af068f0d86d4	AM181035.1.71.1031###root_1;Eukaryota_2759;Chordata_7711;Mammalia_40674;Carnivora_33554;Phocidae_9709;Pusa_693430;Pusa_sibirica_9719	99.474	99	9.68e-95	190	0	N/A	N/A	N/A
f7c0cc876da874b28491af068f0d86d4	MT584129.1.71.1032###root_1;Eukaryota_2759;Chordata_7711;Mammalia_40674;Carnivora_33554;Phocidae_9709;Pusa_693430;Pusa_hispida_9718	99.474	99	9.68e-95	190	0	N/A	N/A	N/A
f7c0cc876da874b28491af068f0d86d4	MT410955.1.490.1450###root_1;Eukaryota_2759;Chordata_7711;Mammalia_40674;Carnivora_33554;Phocidae_9709;Pusa_693430;Pusa_hispida_9718	99.474	99	9.68e-95	190	0	N/A	N/A	N/A
f7c0cc876da874b28491af068f0d86d4	AM181036.1.71.1031###root_1;Eukaryota_2759;Chordata_7711;Mammalia_40674;Carnivora_33554;Phocidae_9709;Pusa_693430;Pusa_hispida_9718	99.474	99	9.68e-95	190	0	N/A	N/A	N/A
f7c0cc876da874b28491af068f0d86d4	MT410883.1.71.1031###root_1;Eukaryota_2759;Chordata_7711;Mammalia_40674;Carnivora_33554;Phocidae_9709;Phoca_9717;Phoca_vitulina_9720	99.474	99	9.68e-95	190	0	N/A	N/A	N/A
f7c0cc876da874b28491af068f0d86d4	AM181032.1.71.1031###root_1;Eukaryota_2759;Chordata_7711;Mammalia_40674;Carnivora_33554;Phocidae_9709;Phoca_9717;Phoca_vitulina_9720	99.474	99	9.68e-95	190	0	N/A	N/A	N/A
f7c0cc876da874b28491af068f0d86d4	AM181031.1.71.1031###root_1;Eukaryota_2759;Chordata_7711;Mammalia_40674;Carnivora_33554;Phocidae_9709;Phoca_9717;Phoca_largha_39090	98.947	99	4.51e-93	190	0	N/A	N/A	N/A
f7c0cc876da874b28491af068f0d86d4	MW183359.1.71.1031###root_1;Eukaryota_2759;Chordata_7711;Mammalia_40674;Carnivora_33554;Phocidae_9709;Phoca_9717;Phoca_largha_39090	98.947	99	4.51e-93	190	0	N/A	N/A	N/A
60f6509d3f3fdf0bd737497f1339c041	MT410883.1.71.1031###root_1;Eukaryota_2759;Chordata_7711;Mammalia_40674;Carnivora_33554;Phocidae_9709;Phoca_9717;Phoca_vitulina_9720	99.474	99	9.68e-95	190	0	N/A	N/A	N/A
60f6509d3f3fdf0bd737497f1339c041	AM181032.1.71.1031###root_1;Eukaryota_2759;Chordata_7711;Mammalia_40674;Carnivora_33554;Phocidae_9709;Phoca_9717;Phoca_vitulina_9720	99.474	99	9.68e-95	190	0	N/A	N/A	N/A
60f6509d3f3fdf0bd737497f1339c041	GU174593.1.<1.>962###root_1;Eukaryota_2759;Chordata_7711;Mammalia_40674;Carnivora_33554;Phocidae_9709;Pusa_693430;Pusa_hispida_9718	98.947	99	4.51e-93	190	0	N/A	N/A	N/A
60f6509d3f3fdf0bd737497f1339c041	AM181031.1.71.1031###root_1;Eukaryota_2759;Chordata_7711;Mammalia_40674;Carnivora_33554;Phocidae_9709;Phoca_9717;Phoca_largha_39090	98.947	99	4.51e-93	190	0	N/A	N/A	N/A
60f6509d3f3fdf0bd737497f1339c041	MW183359.1.71.1031###root_1;Eukaryota_2759;Chordata_7711;Mammalia_40674;Carnivora_33554;Phocidae_9709;Phoca_9717;Phoca_largha_39090	98.947	99	4.51e-93	190	0	N/A	N/A	N/A
60f6509d3f3fdf0bd737497f1339c041	GU174591.1.<1.>961###root_1;Eukaryota_2759;Chordata_7711;Mammalia_40674;Carnivora_33554;Phocidae_9709;Phoca_9717;Phoca_largha_39090	98.947	99	4.51e-93	190	0	N/A	N/A	N/A
60f6509d3f3fdf0bd737497f1339c041	AM181034.1.71.1031###root_1;Eukaryota_2759;Chordata_7711;Mammalia_40674;Carnivora_33554;Phocidae_9709;Pusa_693430;Pusa_sibirica_9719	98.421	99	2.10e-91	190	0	N/A	N/A	N/A
60f6509d3f3fdf0bd737497f1339c041	AM181035.1.71.1031###root_1;Eukaryota_2759;Chordata_7711;Mammalia_40674;Carnivora_33554;Phocidae_9709;Pusa_693430;Pusa_sibirica_9719	98.421	99	2.10e-91	190	0	N/A	N/A	N/A
60f6509d3f3fdf0bd737497f1339c041	MT584129.1.71.1032###root_1;Eukaryota_2759;Chordata_7711;Mammalia_40674;Carnivora_33554;Phocidae_9709;Pusa_693430;Pusa_hispida_9718	98.421	99	2.10e-91	190	0	N/A	N/A	N/A
60f6509d3f3fdf0bd737497f1339c041	MT410955.1.490.1450###root_1;Eukaryota_2759;Chordata_7711;Mammalia_40674;Carnivora_33554;Phocidae_9709;Pusa_693430;Pusa_hispida_9718	98.421	99	2.10e-91	190	0	N/A	N/A	N/A
ed68e652286551a00ae0f109fc127f9e	MT410883.1.71.1031###root_1;Eukaryota_2759;Chordata_7711;Mammalia_40674;Carnivora_33554;Phocidae_9709;Phoca_9717;Phoca_vitulina_9720	100.000	99	2.08e-96	190	0	N/A	N/A	N/A
ed68e652286551a00ae0f109fc127f9e	AM181032.1.71.1031###root_1;Eukaryota_2759;Chordata_7711;Mammalia_40674;Carnivora_33554;Phocidae_9709;Phoca_9717;Phoca_vitulina_9720	100.000	99	2.08e-96	190	0	N/A	N/A	N/A
ed68e652286551a00ae0f109fc127f9e	GU174593.1.<1.>962###root_1;Eukaryota_2759;Chordata_7711;Mammalia_40674;Carnivora_33554;Phocidae_9709;Pusa_693430;Pusa_hispida_9718	99.474	99	9.68e-95	190	0	N/A	N/A	N/A
ed68e652286551a00ae0f109fc127f9e	AM181031.1.71.1031###root_1;Eukaryota_2759;Chordata_7711;Mammalia_40674;Carnivora_33554;Phocidae_9709;Phoca_9717;Phoca_largha_39090	99.474	99	9.68e-95	190	0	N/A	N/A	N/A
ed68e652286551a00ae0f109fc127f9e	MW183359.1.71.1031###root_1;Eukaryota_2759;Chordata_7711;Mammalia_40674;Carnivora_33554;Phocidae_9709;Phoca_9717;Phoca_largha_39090	99.474	99	9.68e-95	190	0	N/A	N/A	N/A
ed68e652286551a00ae0f109fc127f9e	GU174591.1.<1.>961###root_1;Eukaryota_2759;Chordata_7711;Mammalia_40674;Carnivora_33554;Phocidae_9709;Phoca_9717;Phoca_largha_39090	99.474	99	9.68e-95	190	0	N/A	N/A	N/A
ed68e652286551a00ae0f109fc127f9e	AM181034.1.71.1031###root_1;Eukaryota_2759;Chordata_7711;Mammalia_40674;Carnivora_33554;Phocidae_9709;Pusa_693430;Pusa_sibirica_9719	98.947	99	4.51e-93	190	0	N/A	N/A	N/A
ed68e652286551a00ae0f109fc127f9e	AM181035.1.71.1031###root_1;Eukaryota_2759;Chordata_7711;Mammalia_40674;Carnivora_33554;Phocidae_9709;Pusa_693430;Pusa_sibirica_9719	98.947	99	4.51e-93	190	0	N/A	N/A	N/A
ed68e652286551a00ae0f109fc127f9e	MT584129.1.71.1032###root_1;Eukaryota_2759;Chordata_7711;Mammalia_40674;Carnivora_33554;Phocidae_9709;Pusa_693430;Pusa_hispida_9718	98.947	99	4.51e-93	190	0	N/A	N/A	N/A
ed68e652286551a00ae0f109fc127f9e	MT410955.1.490.1450###root_1;Eukaryota_2759;Chordata_7711;Mammalia_40674;Carnivora_33554;Phocidae_9709;Pusa_693430;Pusa_hispida_9718	98.947	99	4.51e-93	190	0	N/A	N/A	N/A
cf15bd858fe41f96dda97fea529f301c	MT410883.1.71.1031###root_1;Eukaryota_2759;Chordata_7711;Mammalia_40674;Carnivora_33554;Phocidae_9709;Phoca_9717;Phoca_vitulina_9720	99.474	99	9.68e-95	190	0	N/A	N/A	N/A
cf15bd858fe41f96dda97fea529f301c	AM181032.1.71.1031###root_1;Eukaryota_2759;Chordata_7711;Mammalia_40674;Carnivora_33554;Phocidae_9709;Phoca_9717;Phoca_vitulina_9720	99.474	99	9.68e-95	190	0	N/A	N/A	N/A
cf15bd858fe41f96dda97fea529f301c	GU174593.1.<1.>962###root_1;Eukaryota_2759;Chordata_7711;Mammalia_40674;Carnivora_33554;Phocidae_9709;Pusa_693430;Pusa_hispida_9718	98.947	99	4.51e-93	190	0	N/A	N/A	N/A
cf15bd858fe41f96dda97fea529f301c	AM181031.1.71.1031###root_1;Eukaryota_2759;Chordata_7711;Mammalia_40674;Carnivora_33554;Phocidae_9709;Phoca_9717;Phoca_largha_39090	98.947	99	4.51e-93	190	0	N/A	N/A	N/A
cf15bd858fe41f96dda97fea529f301c	MW183359.1.71.1031###root_1;Eukaryota_2759;Chordata_7711;Mammalia_40674;Carnivora_33554;Phocidae_9709;Phoca_9717;Phoca_largha_39090	98.947	99	4.51e-93	190	0	N/A	N/A	N/A
cf15bd858fe41f96dda97fea529f301c	GU174591.1.<1.>961###root_1;Eukaryota_2759;Chordata_7711;Mammalia_40674;Carnivora_33554;Phocidae_9709;Phoca_9717;Phoca_largha_39090	98.947	99	4.51e-93	190	0	N/A	N/A	N/A
cf15bd858fe41f96dda97fea529f301c	AM181034.1.71.1031###root_1;Eukaryota_2759;Chordata_7711;Mammalia_40674;Carnivora_33554;Phocidae_9709;Pusa_693430;Pusa_sibirica_9719	98.421	99	2.10e-91	190	0	N/A	N/A	N/A
cf15bd858fe41f96dda97fea529f301c	AM181035.1.71.1031###root_1;Eukaryota_2759;Chordata_7711;Mammalia_40674;Carnivora_33554;Phocidae_9709;Pusa_693430;Pusa_sibirica_9719	98.421	99	2.10e-91	190	0	N/A	N/A	N/A
cf15bd858fe41f96dda97fea529f301c	MT584129.1.71.1032###root_1;Eukaryota_2759;Chordata_7711;Mammalia_40674;Carnivora_33554;Phocidae_9709;Pusa_693430;Pusa_hispida_9718	98.421	99	2.10e-91	190	0	N/A	N/A	N/A
cf15bd858fe41f96dda97fea529f301c	MT410955.1.490.1450###root_1;Eukaryota_2759;Chordata_7711;Mammalia_40674;Carnivora_33554;Phocidae_9709;Pusa_693430;Pusa_hispida_9718	98.421	99	2.10e-91	190	0	N/A	N/A	N/A
824cf282be6daf4698b72228cd796ffd	MT410883.1.71.1031###root_1;Eukaryota_2759;Chordata_7711;Mammalia_40674;Carnivora_33554;Phocidae_9709;Phoca_9717;Phoca_vitulina_9720	99.474	99	9.68e-95	190	0	N/A	N/A	N/A
824cf282be6daf4698b72228cd796ffd	AM181032.1.71.1031###root_1;Eukaryota_2759;Chordata_7711;Mammalia_40674;Carnivora_33554;Phocidae_9709;Phoca_9717;Phoca_vitulina_9720	99.474	99	9.68e-95	190	0	N/A	N/A	N/A
824cf282be6daf4698b72228cd796ffd	GU174593.1.<1.>962###root_1;Eukaryota_2759;Chordata_7711;Mammalia_40674;Carnivora_33554;Phocidae_9709;Pusa_693430;Pusa_hispida_9718	98.947	99	4.51e-93	190	0	N/A	N/A	N/A
824cf282be6daf4698b72228cd796ffd	AM181031.1.71.1031###root_1;Eukaryota_2759;Chordata_7711;Mammalia_40674;Carnivora_33554;Phocidae_9709;Phoca_9717;Phoca_largha_39090	98.947	99	4.51e-93	190	0	N/A	N/A	N/A
824cf282be6daf4698b72228cd796ffd	MW183359.1.71.1031###root_1;Eukaryota_2759;Chordata_7711;Mammalia_40674;Carnivora_33554;Phocidae_9709;Phoca_9717;Phoca_largha_39090	98.947	99	4.51e-93	190	0	N/A	N/A	N/A
824cf282be6daf4698b72228cd796ffd	GU174591.1.<1.>961###root_1;Eukaryota_2759;Chordata_7711;Mammalia_40674;Carnivora_33554;Phocidae_9709;Phoca_9717;Phoca_largha_39090	98.947	99	4.51e-93	190	0	N/A	N/A	N/A
824cf282be6daf4698b72228cd796ffd	AM181034.1.71.1031###root_1;Eukaryota_2759;Chordata_7711;Mammalia_40674;Carnivora_33554;Phocidae_9709;Pusa_693430;Pusa_sibirica_9719	98.421	99	2.10e-91	190	0	N/A	N/A	N/A
824cf282be6daf4698b72228cd796ffd	AM181035.1.71.1031###root_1;Eukaryota_2759;Chordata_7711;Mammalia_40674;Carnivora_33554;Phocidae_9709;Pusa_693430;Pusa_sibirica_9719	98.421	99	2.10e-91	190	0	N/A	N/A	N/A
824cf282be6daf4698b72228cd796ffd	MT584129.1.71.1032###root_1;Eukaryota_2759;Chordata_7711;Mammalia_40674;Carnivora_33554;Phocidae_9709;Pusa_693430;Pusa_hispida_9718	98.421	99	2.10e-91	190	0	N/A	N/A	N/A
824cf282be6daf4698b72228cd796ffd	MT410955.1.490.1450###root_1;Eukaryota_2759;Chordata_7711;Mammalia_40674;Carnivora_33554;Phocidae_9709;Pusa_693430;Pusa_hispida_9718	98.421	99	2.10e-91	190	0	N/A	N/A	N/A
16b71508cafdbd72b7d9a81de953dd24	MT410883.1.71.1031###root_1;Eukaryota_2759;Chordata_7711;Mammalia_40674;Carnivora_33554;Phocidae_9709;Phoca_9717;Phoca_vitulina_9720	99.474	99	9.68e-95	190	0	N/A	N/A	N/A
16b71508cafdbd72b7d9a81de953dd24	AM181032.1.71.1031###root_1;Eukaryota_2759;Chordata_7711;Mammalia_40674;Carnivora_33554;Phocidae_9709;Phoca_9717;Phoca_vitulina_9720	99.474	99	9.68e-95	190	0	N/A	N/A	N/A
16b71508cafdbd72b7d9a81de953dd24	GU174593.1.<1.>962###root_1;Eukaryota_2759;Chordata_7711;Mammalia_40674;Carnivora_33554;Phocidae_9709;Pusa_693430;Pusa_hispida_9718	98.947	99	4.51e-93	190	0	N/A	N/A	N/A
16b71508cafdbd72b7d9a81de953dd24	AM181031.1.71.1031###root_1;Eukaryota_2759;Chordata_7711;Mammalia_40674;Carnivora_33554;Phocidae_9709;Phoca_9717;Phoca_largha_39090	98.947	99	4.51e-93	190	0	N/A	N/A	N/A
16b71508cafdbd72b7d9a81de953dd24	MW183359.1.71.1031###root_1;Eukaryota_2759;Chordata_7711;Mammalia_40674;Carnivora_33554;Phocidae_9709;Phoca_9717;Phoca_largha_39090	98.947	99	4.51e-93	190	0	N/A	N/A	N/A
16b71508cafdbd72b7d9a81de953dd24	GU174591.1.<1.>961###root_1;Eukaryota_2759;Chordata_7711;Mammalia_40674;Carnivora_33554;Phocidae_9709;Phoca_9717;Phoca_largha_39090	98.947	99	4.51e-93	190	0	N/A	N/A	N/A
16b71508cafdbd72b7d9a81de953dd24	AM181034.1.71.1031###root_1;Eukaryota_2759;Chordata_7711;Mammalia_40674;Carnivora_33554;Phocidae_9709;Pusa_693430;Pusa_sibirica_9719	98.421	99	2.10e-91	190	0	N/A	N/A	N/A
16b71508cafdbd72b7d9a81de953dd24	AM181035.1.71.1031###root_1;Eukaryota_2759;Chordata_7711;Mammalia_40674;Carnivora_33554;Phocidae_9709;Pusa_693430;Pusa_sibirica_9719	98.421	99	2.10e-91	190	0	N/A	N/A	N/A
16b71508cafdbd72b7d9a81de953dd24	MT584129.1.71.1032###root_1;Eukaryota_2759;Chordata_7711;Mammalia_40674;Carnivora_33554;Phocidae_9709;Pusa_693430;Pusa_hispida_9718	98.421	99	2.10e-91	190	0	N/A	N/A	N/A
16b71508cafdbd72b7d9a81de953dd24	MT410955.1.490.1450###root_1;Eukaryota_2759;Chordata_7711;Mammalia_40674;Carnivora_33554;Phocidae_9709;Pusa_693430;Pusa_hispida_9718	98.421	99	2.10e-91	190	0	N/A	N/A	N/A
6a63aee15d5a718f02add81b98b37cc3	FJ445403.1.69.1011###root_1;Eukaryota_2759;Chordata_7711;Actinopteri_186623;Cyprinodontiformes_28738;Fundulidae_28756;Fundulus_8077;Fundulus_heteroclitus_8078	99.479	100	7.49e-96	192	0	N/A	N/A	N/A
6a63aee15d5a718f02add81b98b37cc3	FJ445398.1.69.1011###root_1;Eukaryota_2759;Chordata_7711;Actinopteri_186623;Cyprinodontiformes_28738;Fundulidae_28756;Fundulus_8077;Fundulus_heteroclitus_8078	99.479	100	7.49e-96	192	0	N/A	N/A	N/A
6a63aee15d5a718f02add81b98b37cc3	KT869378.1.69.1011###root_1;Eukaryota_2759;Chordata_7711;Actinopteri_186623;Cyprinodontiformes_28738;Fundulidae_28756;Fundulus_8077;Fundulus_heteroclitus_8078	99.479	100	7.49e-96	192	0	N/A	N/A	N/A
6a63aee15d5a718f02add81b98b37cc3	FJ445400.1.69.1011###root_1;Eukaryota_2759;Chordata_7711;Actinopteri_186623;Cyprinodontiformes_28738;Fundulidae_28756;Fundulus_8077;Fundulus_heteroclitus_8078	98.958	100	3.48e-94	192	0	N/A	N/A	N/A
6a63aee15d5a718f02add81b98b37cc3	FJ445402.1.69.1011###root_1;Eukaryota_2759;Chordata_7711;Actinopteri_186623;Cyprinodontiformes_28738;Fundulidae_28756;Fundulus_8077;Fundulus_heteroclitus_8078	98.958	100	3.48e-94	192	0	N/A	N/A	N/A
6a63aee15d5a718f02add81b98b37cc3	FJ445401.1.69.1011###root_1;Eukaryota_2759;Chordata_7711;Actinopteri_186623;Cyprinodontiformes_28738;Fundulidae_28756;Fundulus_8077;Fundulus_heteroclitus_8078	98.438	100	1.62e-92	192	0	N/A	N/A	N/A
6a63aee15d5a718f02add81b98b37cc3	KX686091.1.<1.>670###root_1;Eukaryota_2759;Chordata_7711;Actinopteri_186623;Cyprinodontiformes_28738;Fundulidae_28756;Fundulus_8077;Fundulus_heteroclitus_8078	99.444	94	3.51e-89	180	0	N/A	N/A	N/A
6a63aee15d5a718f02add81b98b37cc3	KX686098.1.<1.>670###root_1;Eukaryota_2759;Chordata_7711;Actinopteri_186623;Cyprinodontiformes_28738;Fundulidae_28756;Fundulus_8077;Fundulus_heteroclitus_8078	99.444	94	3.51e-89	180	0	N/A	N/A	N/A
6a63aee15d5a718f02add81b98b37cc3	KX686092.1.<1.>670###root_1;Eukaryota_2759;Chordata_7711;Actinopteri_186623;Cyprinodontiformes_28738;Fundulidae_28756;Fundulus_8077;Fundulus_heteroclitus_8078	98.889	94	1.63e-87	180	0	N/A	N/A	N/A
6a63aee15d5a718f02add81b98b37cc3	OP537867.1.<1.>216###root_1;Eukaryota_2759;Chordata_7711;Actinopteri_186623;Cyprinodontiformes_28738;Fundulidae_28756;Fundulus_8077;Fundulus_pulvereus_76054	96.354	100	7.59e-86	192	0	N/A	N/A	N/A
85b20f930e0ba92d38045afdd4a5e8c2	FJ445403.1.69.1011###root_1;Eukaryota_2759;Chordata_7711;Actinopteri_186623;Cyprinodontiformes_28738;Fundulidae_28756;Fundulus_8077;Fundulus_heteroclitus_8078	99.479	100	7.49e-96	192	0	N/A	N/A	N/A
85b20f930e0ba92d38045afdd4a5e8c2	FJ445398.1.69.1011###root_1;Eukaryota_2759;Chordata_7711;Actinopteri_186623;Cyprinodontiformes_28738;Fundulidae_28756;Fundulus_8077;Fundulus_heteroclitus_8078	99.479	100	7.49e-96	192	0	N/A	N/A	N/A
85b20f930e0ba92d38045afdd4a5e8c2	KT869378.1.69.1011###root_1;Eukaryota_2759;Chordata_7711;Actinopteri_186623;Cyprinodontiformes_28738;Fundulidae_28756;Fundulus_8077;Fundulus_heteroclitus_8078	99.479	100	7.49e-96	192	0	N/A	N/A	N/A
85b20f930e0ba92d38045afdd4a5e8c2	FJ445400.1.69.1011###root_1;Eukaryota_2759;Chordata_7711;Actinopteri_186623;Cyprinodontiformes_28738;Fundulidae_28756;Fundulus_8077;Fundulus_heteroclitus_8078	98.958	100	3.48e-94	192	0	N/A	N/A	N/A
85b20f930e0ba92d38045afdd4a5e8c2	FJ445402.1.69.1011###root_1;Eukaryota_2759;Chordata_7711;Actinopteri_186623;Cyprinodontiformes_28738;Fundulidae_28756;Fundulus_8077;Fundulus_heteroclitus_8078	98.958	100	3.48e-94	192	0	N/A	N/A	N/A
85b20f930e0ba92d38045afdd4a5e8c2	FJ445401.1.69.1011###root_1;Eukaryota_2759;Chordata_7711;Actinopteri_186623;Cyprinodontiformes_28738;Fundulidae_28756;Fundulus_8077;Fundulus_heteroclitus_8078	98.438	100	1.62e-92	192	0	N/A	N/A	N/A
85b20f930e0ba92d38045afdd4a5e8c2	KX686091.1.<1.>670###root_1;Eukaryota_2759;Chordata_7711;Actinopteri_186623;Cyprinodontiformes_28738;Fundulidae_28756;Fundulus_8077;Fundulus_heteroclitus_8078	99.444	94	3.51e-89	180	0	N/A	N/A	N/A
85b20f930e0ba92d38045afdd4a5e8c2	KX686098.1.<1.>670###root_1;Eukaryota_2759;Chordata_7711;Actinopteri_186623;Cyprinodontiformes_28738;Fundulidae_28756;Fundulus_8077;Fundulus_heteroclitus_8078	99.444	94	3.51e-89	180	0	N/A	N/A	N/A
85b20f930e0ba92d38045afdd4a5e8c2	KX686092.1.<1.>670###root_1;Eukaryota_2759;Chordata_7711;Actinopteri_186623;Cyprinodontiformes_28738;Fundulidae_28756;Fundulus_8077;Fundulus_heteroclitus_8078	98.889	94	1.63e-87	180	0	N/A	N/A	N/A
85b20f930e0ba92d38045afdd4a5e8c2	OP537867.1.<1.>216###root_1;Eukaryota_2759;Chordata_7711;Actinopteri_186623;Cyprinodontiformes_28738;Fundulidae_28756;Fundulus_8077;Fundulus_pulvereus_76054	96.354	100	7.59e-86	192	0	N/A	N/A	N/A
78154809e1d1a4c5400eba64d5e7d244	FJ445403.1.69.1011###root_1;Eukaryota_2759;Chordata_7711;Actinopteri_186623;Cyprinodontiformes_28738;Fundulidae_28756;Fundulus_8077;Fundulus_heteroclitus_8078	99.479	100	7.49e-96	192	0	N/A	N/A	N/A
78154809e1d1a4c5400eba64d5e7d244	FJ445398.1.69.1011###root_1;Eukaryota_2759;Chordata_7711;Actinopteri_186623;Cyprinodontiformes_28738;Fundulidae_28756;Fundulus_8077;Fundulus_heteroclitus_8078	99.479	100	7.49e-96	192	0	N/A	N/A	N/A
78154809e1d1a4c5400eba64d5e7d244	KT869378.1.69.1011###root_1;Eukaryota_2759;Chordata_7711;Actinopteri_186623;Cyprinodontiformes_28738;Fundulidae_28756;Fundulus_8077;Fundulus_heteroclitus_8078	99.479	100	7.49e-96	192	0	N/A	N/A	N/A
78154809e1d1a4c5400eba64d5e7d244	FJ445400.1.69.1011###root_1;Eukaryota_2759;Chordata_7711;Actinopteri_186623;Cyprinodontiformes_28738;Fundulidae_28756;Fundulus_8077;Fundulus_heteroclitus_8078	98.958	100	3.48e-94	192	0	N/A	N/A	N/A
78154809e1d1a4c5400eba64d5e7d244	FJ445402.1.69.1011###root_1;Eukaryota_2759;Chordata_7711;Actinopteri_186623;Cyprinodontiformes_28738;Fundulidae_28756;Fundulus_8077;Fundulus_heteroclitus_8078	98.958	100	3.48e-94	192	0	N/A	N/A	N/A
78154809e1d1a4c5400eba64d5e7d244	FJ445401.1.69.1011###root_1;Eukaryota_2759;Chordata_7711;Actinopteri_186623;Cyprinodontiformes_28738;Fundulidae_28756;Fundulus_8077;Fundulus_heteroclitus_8078	98.438	100	1.62e-92	192	0	N/A	N/A	N/A
78154809e1d1a4c5400eba64d5e7d244	KX686091.1.<1.>670###root_1;Eukaryota_2759;Chordata_7711;Actinopteri_186623;Cyprinodontiformes_28738;Fundulidae_28756;Fundulus_8077;Fundulus_heteroclitus_8078	99.444	94	3.51e-89	180	0	N/A	N/A	N/A
78154809e1d1a4c5400eba64d5e7d244	KX686098.1.<1.>670###root_1;Eukaryota_2759;Chordata_7711;Actinopteri_186623;Cyprinodontiformes_28738;Fundulidae_28756;Fundulus_8077;Fundulus_heteroclitus_8078	99.444	94	3.51e-89	180	0	N/A	N/A	N/A
78154809e1d1a4c5400eba64d5e7d244	KX686092.1.<1.>670###root_1;Eukaryota_2759;Chordata_7711;Actinopteri_186623;Cyprinodontiformes_28738;Fundulidae_28756;Fundulus_8077;Fundulus_heteroclitus_8078	98.889	94	1.63e-87	180	0	N/A	N/A	N/A
78154809e1d1a4c5400eba64d5e7d244	OP537867.1.<1.>216###root_1;Eukaryota_2759;Chordata_7711;Actinopteri_186623;Cyprinodontiformes_28738;Fundulidae_28756;Fundulus_8077;Fundulus_pulvereus_76054	96.354	100	7.59e-86	192	0	N/A	N/A	N/A
1f68e8d189f36436157e5cb555da7623	FJ445403.1.69.1011###root_1;Eukaryota_2759;Chordata_7711;Actinopteri_186623;Cyprinodontiformes_28738;Fundulidae_28756;Fundulus_8077;Fundulus_heteroclitus_8078	98.958	100	3.48e-94	192	0	N/A	N/A	N/A
1f68e8d189f36436157e5cb555da7623	FJ445398.1.69.1011###root_1;Eukaryota_2759;Chordata_7711;Actinopteri_186623;Cyprinodontiformes_28738;Fundulidae_28756;Fundulus_8077;Fundulus_heteroclitus_8078	98.958	100	3.48e-94	192	0	N/A	N/A	N/A
1f68e8d189f36436157e5cb555da7623	KT869378.1.69.1011###root_1;Eukaryota_2759;Chordata_7711;Actinopteri_186623;Cyprinodontiformes_28738;Fundulidae_28756;Fundulus_8077;Fundulus_heteroclitus_8078	98.958	100	3.48e-94	192	0	N/A	N/A	N/A
1f68e8d189f36436157e5cb555da7623	FJ445400.1.69.1011###root_1;Eukaryota_2759;Chordata_7711;Actinopteri_186623;Cyprinodontiformes_28738;Fundulidae_28756;Fundulus_8077;Fundulus_heteroclitus_8078	98.438	100	1.62e-92	192	0	N/A	N/A	N/A
1f68e8d189f36436157e5cb555da7623	FJ445402.1.69.1011###root_1;Eukaryota_2759;Chordata_7711;Actinopteri_186623;Cyprinodontiformes_28738;Fundulidae_28756;Fundulus_8077;Fundulus_heteroclitus_8078	98.438	100	1.62e-92	192	0	N/A	N/A	N/A
1f68e8d189f36436157e5cb555da7623	FJ445401.1.69.1011###root_1;Eukaryota_2759;Chordata_7711;Actinopteri_186623;Cyprinodontiformes_28738;Fundulidae_28756;Fundulus_8077;Fundulus_heteroclitus_8078	97.917	100	7.54e-91	192	0	N/A	N/A	N/A
1f68e8d189f36436157e5cb555da7623	KX686091.1.<1.>670###root_1;Eukaryota_2759;Chordata_7711;Actinopteri_186623;Cyprinodontiformes_28738;Fundulidae_28756;Fundulus_8077;Fundulus_heteroclitus_8078	98.889	94	1.63e-87	180	0	N/A	N/A	N/A
1f68e8d189f36436157e5cb555da7623	KX686098.1.<1.>670###root_1;Eukaryota_2759;Chordata_7711;Actinopteri_186623;Cyprinodontiformes_28738;Fundulidae_28756;Fundulus_8077;Fundulus_heteroclitus_8078	98.889	94	1.63e-87	180	0	N/A	N/A	N/A
1f68e8d189f36436157e5cb555da7623	KX686092.1.<1.>670###root_1;Eukaryota_2759;Chordata_7711;Actinopteri_186623;Cyprinodontiformes_28738;Fundulidae_28756;Fundulus_8077;Fundulus_heteroclitus_8078	98.333	94	7.59e-86	180	0	N/A	N/A	N/A
1f68e8d189f36436157e5cb555da7623	OP537867.1.<1.>216###root_1;Eukaryota_2759;Chordata_7711;Actinopteri_186623;Cyprinodontiformes_28738;Fundulidae_28756;Fundulus_8077;Fundulus_pulvereus_76054	95.833	100	3.53e-84	192	0	N/A	N/A	N/A
e2d4b4612aa1fc63b9bdf5d795ed8df2	FJ445403.1.69.1011###root_1;Eukaryota_2759;Chordata_7711;Actinopteri_186623;Cyprinodontiformes_28738;Fundulidae_28756;Fundulus_8077;Fundulus_heteroclitus_8078	98.958	100	3.48e-94	192	0	N/A	N/A	N/A
e2d4b4612aa1fc63b9bdf5d795ed8df2	FJ445398.1.69.1011###root_1;Eukaryota_2759;Chordata_7711;Actinopteri_186623;Cyprinodontiformes_28738;Fundulidae_28756;Fundulus_8077;Fundulus_heteroclitus_8078	98.958	100	3.48e-94	192	0	N/A	N/A	N/A
e2d4b4612aa1fc63b9bdf5d795ed8df2	KT869378.1.69.1011###root_1;Eukaryota_2759;Chordata_7711;Actinopteri_186623;Cyprinodontiformes_28738;Fundulidae_28756;Fundulus_8077;Fundulus_heteroclitus_8078	98.958	100	3.48e-94	192	0	N/A	N/A	N/A
e2d4b4612aa1fc63b9bdf5d795ed8df2	FJ445400.1.69.1011###root_1;Eukaryota_2759;Chordata_7711;Actinopteri_186623;Cyprinodontiformes_28738;Fundulidae_28756;Fundulus_8077;Fundulus_heteroclitus_8078	98.438	100	1.62e-92	192	0	N/A	N/A	N/A
e2d4b4612aa1fc63b9bdf5d795ed8df2	FJ445402.1.69.1011###root_1;Eukaryota_2759;Chordata_7711;Actinopteri_186623;Cyprinodontiformes_28738;Fundulidae_28756;Fundulus_8077;Fundulus_heteroclitus_8078	98.438	100	1.62e-92	192	0	N/A	N/A	N/A
e2d4b4612aa1fc63b9bdf5d795ed8df2	FJ445401.1.69.1011###root_1;Eukaryota_2759;Chordata_7711;Actinopteri_186623;Cyprinodontiformes_28738;Fundulidae_28756;Fundulus_8077;Fundulus_heteroclitus_8078	97.917	100	7.54e-91	192	0	N/A	N/A	N/A
e2d4b4612aa1fc63b9bdf5d795ed8df2	KX686091.1.<1.>670###root_1;Eukaryota_2759;Chordata_7711;Actinopteri_186623;Cyprinodontiformes_28738;Fundulidae_28756;Fundulus_8077;Fundulus_heteroclitus_8078	98.889	94	1.63e-87	180	0	N/A	N/A	N/A
e2d4b4612aa1fc63b9bdf5d795ed8df2	KX686098.1.<1.>670###root_1;Eukaryota_2759;Chordata_7711;Actinopteri_186623;Cyprinodontiformes_28738;Fundulidae_28756;Fundulus_8077;Fundulus_heteroclitus_8078	98.889	94	1.63e-87	180	0	N/A	N/A	N/A
e2d4b4612aa1fc63b9bdf5d795ed8df2	KX686092.1.<1.>670###root_1;Eukaryota_2759;Chordata_7711;Actinopteri_186623;Cyprinodontiformes_28738;Fundulidae_28756;Fundulus_8077;Fundulus_heteroclitus_8078	98.333	94	7.59e-86	180	0	N/A	N/A	N/A
e2d4b4612aa1fc63b9bdf5d795ed8df2	OP537867.1.<1.>216###root_1;Eukaryota_2759;Chordata_7711;Actinopteri_186623;Cyprinodontiformes_28738;Fundulidae_28756;Fundulus_8077;Fundulus_pulvereus_76054	95.833	100	3.53e-84	192	0	N/A	N/A	N/A
b10b2deae13999a7445cb83da4ffe56f	FJ445403.1.69.1011###root_1;Eukaryota_2759;Chordata_7711;Actinopteri_186623;Cyprinodontiformes_28738;Fundulidae_28756;Fundulus_8077;Fundulus_heteroclitus_8078	98.958	100	3.48e-94	192	0	N/A	N/A	N/A
b10b2deae13999a7445cb83da4ffe56f	FJ445398.1.69.1011###root_1;Eukaryota_2759;Chordata_7711;Actinopteri_186623;Cyprinodontiformes_28738;Fundulidae_28756;Fundulus_8077;Fundulus_heteroclitus_8078	98.958	100	3.48e-94	192	0	N/A	N/A	N/A
b10b2deae13999a7445cb83da4ffe56f	KT869378.1.69.1011###root_1;Eukaryota_2759;Chordata_7711;Actinopteri_186623;Cyprinodontiformes_28738;Fundulidae_28756;Fundulus_8077;Fundulus_heteroclitus_8078	98.958	100	3.48e-94	192	0	N/A	N/A	N/A
b10b2deae13999a7445cb83da4ffe56f	FJ445400.1.69.1011###root_1;Eukaryota_2759;Chordata_7711;Actinopteri_186623;Cyprinodontiformes_28738;Fundulidae_28756;Fundulus_8077;Fundulus_heteroclitus_8078	98.438	100	1.62e-92	192	0	N/A	N/A	N/A
b10b2deae13999a7445cb83da4ffe56f	FJ445402.1.69.1011###root_1;Eukaryota_2759;Chordata_7711;Actinopteri_186623;Cyprinodontiformes_28738;Fundulidae_28756;Fundulus_8077;Fundulus_heteroclitus_8078	98.438	100	1.62e-92	192	0	N/A	N/A	N/A
b10b2deae13999a7445cb83da4ffe56f	FJ445401.1.69.1011###root_1;Eukaryota_2759;Chordata_7711;Actinopteri_186623;Cyprinodontiformes_28738;Fundulidae_28756;Fundulus_8077;Fundulus_heteroclitus_8078	97.917	100	7.54e-91	192	0	N/A	N/A	N/A
b10b2deae13999a7445cb83da4ffe56f	KX686091.1.<1.>670###root_1;Eukaryota_2759;Chordata_7711;Actinopteri_186623;Cyprinodontiformes_28738;Fundulidae_28756;Fundulus_8077;Fundulus_heteroclitus_8078	98.889	94	1.63e-87	180	0	N/A	N/A	N/A
b10b2deae13999a7445cb83da4ffe56f	KX686098.1.<1.>670###root_1;Eukaryota_2759;Chordata_7711;Actinopteri_186623;Cyprinodontiformes_28738;Fundulidae_28756;Fundulus_8077;Fundulus_heteroclitus_8078	98.889	94	1.63e-87	180	0	N/A	N/A	N/A
b10b2deae13999a7445cb83da4ffe56f	KX686092.1.<1.>670###root_1;Eukaryota_2759;Chordata_7711;Actinopteri_186623;Cyprinodontiformes_28738;Fundulidae_28756;Fundulus_8077;Fundulus_heteroclitus_8078	98.333	94	7.59e-86	180	0	N/A	N/A	N/A
b10b2deae13999a7445cb83da4ffe56f	OP537867.1.<1.>216###root_1;Eukaryota_2759;Chordata_7711;Actinopteri_186623;Cyprinodontiformes_28738;Fundulidae_28756;Fundulus_8077;Fundulus_pulvereus_76054	95.833	100	3.53e-84	192	0	N/A	N/A	N/A
9ac2e230ea608d641e4eff869334ed65	FJ445403.1.69.1011###root_1;Eukaryota_2759;Chordata_7711;Actinopteri_186623;Cyprinodontiformes_28738;Fundulidae_28756;Fundulus_8077;Fundulus_heteroclitus_8078	99.479	100	7.49e-96	192	0	N/A	N/A	N/A
9ac2e230ea608d641e4eff869334ed65	FJ445398.1.69.1011###root_1;Eukaryota_2759;Chordata_7711;Actinopteri_186623;Cyprinodontiformes_28738;Fundulidae_28756;Fundulus_8077;Fundulus_heteroclitus_8078	99.479	100	7.49e-96	192	0	N/A	N/A	N/A
9ac2e230ea608d641e4eff869334ed65	KT869378.1.69.1011###root_1;Eukaryota_2759;Chordata_7711;Actinopteri_186623;Cyprinodontiformes_28738;Fundulidae_28756;Fundulus_8077;Fundulus_heteroclitus_8078	99.479	100	7.49e-96	192	0	N/A	N/A	N/A
9ac2e230ea608d641e4eff869334ed65	FJ445400.1.69.1011###root_1;Eukaryota_2759;Chordata_7711;Actinopteri_186623;Cyprinodontiformes_28738;Fundulidae_28756;Fundulus_8077;Fundulus_heteroclitus_8078	98.958	100	3.48e-94	192	0	N/A	N/A	N/A
9ac2e230ea608d641e4eff869334ed65	FJ445402.1.69.1011###root_1;Eukaryota_2759;Chordata_7711;Actinopteri_186623;Cyprinodontiformes_28738;Fundulidae_28756;Fundulus_8077;Fundulus_heteroclitus_8078	98.958	100	3.48e-94	192	0	N/A	N/A	N/A
9ac2e230ea608d641e4eff869334ed65	FJ445401.1.69.1011###root_1;Eukaryota_2759;Chordata_7711;Actinopteri_186623;Cyprinodontiformes_28738;Fundulidae_28756;Fundulus_8077;Fundulus_heteroclitus_8078	98.438	100	1.62e-92	192	0	N/A	N/A	N/A
9ac2e230ea608d641e4eff869334ed65	KX686091.1.<1.>670###root_1;Eukaryota_2759;Chordata_7711;Actinopteri_186623;Cyprinodontiformes_28738;Fundulidae_28756;Fundulus_8077;Fundulus_heteroclitus_8078	99.444	94	3.51e-89	180	0	N/A	N/A	N/A
9ac2e230ea608d641e4eff869334ed65	KX686098.1.<1.>670###root_1;Eukaryota_2759;Chordata_7711;Actinopteri_186623;Cyprinodontiformes_28738;Fundulidae_28756;Fundulus_8077;Fundulus_heteroclitus_8078	99.444	94	3.51e-89	180	0	N/A	N/A	N/A
9ac2e230ea608d641e4eff869334ed65	KX686092.1.<1.>670###root_1;Eukaryota_2759;Chordata_7711;Actinopteri_186623;Cyprinodontiformes_28738;Fundulidae_28756;Fundulus_8077;Fundulus_heteroclitus_8078	98.889	94	1.63e-87	180	0	N/A	N/A	N/A
9ac2e230ea608d641e4eff869334ed65	OP537867.1.<1.>216###root_1;Eukaryota_2759;Chordata_7711;Actinopteri_186623;Cyprinodontiformes_28738;Fundulidae_28756;Fundulus_8077;Fundulus_pulvereus_76054	96.354	100	7.59e-86	192	0	N/A	N/A	N/A
6b06e8685a7334a38b162d210034626c	FJ445403.1.69.1011###root_1;Eukaryota_2759;Chordata_7711;Actinopteri_186623;Cyprinodontiformes_28738;Fundulidae_28756;Fundulus_8077;Fundulus_heteroclitus_8078	99.479	100	7.49e-96	192	0	N/A	N/A	N/A
6b06e8685a7334a38b162d210034626c	FJ445398.1.69.1011###root_1;Eukaryota_2759;Chordata_7711;Actinopteri_186623;Cyprinodontiformes_28738;Fundulidae_28756;Fundulus_8077;Fundulus_heteroclitus_8078	99.479	100	7.49e-96	192	0	N/A	N/A	N/A
6b06e8685a7334a38b162d210034626c	KT869378.1.69.1011###root_1;Eukaryota_2759;Chordata_7711;Actinopteri_186623;Cyprinodontiformes_28738;Fundulidae_28756;Fundulus_8077;Fundulus_heteroclitus_8078	99.479	100	7.49e-96	192	0	N/A	N/A	N/A
6b06e8685a7334a38b162d210034626c	FJ445400.1.69.1011###root_1;Eukaryota_2759;Chordata_7711;Actinopteri_186623;Cyprinodontiformes_28738;Fundulidae_28756;Fundulus_8077;Fundulus_heteroclitus_8078	98.958	100	3.48e-94	192	0	N/A	N/A	N/A
6b06e8685a7334a38b162d210034626c	FJ445402.1.69.1011###root_1;Eukaryota_2759;Chordata_7711;Actinopteri_186623;Cyprinodontiformes_28738;Fundulidae_28756;Fundulus_8077;Fundulus_heteroclitus_8078	98.958	100	3.48e-94	192	0	N/A	N/A	N/A
6b06e8685a7334a38b162d210034626c	FJ445401.1.69.1011###root_1;Eukaryota_2759;Chordata_7711;Actinopteri_186623;Cyprinodontiformes_28738;Fundulidae_28756;Fundulus_8077;Fundulus_heteroclitus_8078	98.438	100	1.62e-92	192	0	N/A	N/A	N/A
6b06e8685a7334a38b162d210034626c	KX686091.1.<1.>670###root_1;Eukaryota_2759;Chordata_7711;Actinopteri_186623;Cyprinodontiformes_28738;Fundulidae_28756;Fundulus_8077;Fundulus_heteroclitus_8078	99.444	94	3.51e-89	180	0	N/A	N/A	N/A
6b06e8685a7334a38b162d210034626c	KX686098.1.<1.>670###root_1;Eukaryota_2759;Chordata_7711;Actinopteri_186623;Cyprinodontiformes_28738;Fundulidae_28756;Fundulus_8077;Fundulus_heteroclitus_8078	99.444	94	3.51e-89	180	0	N/A	N/A	N/A
6b06e8685a7334a38b162d210034626c	KX686092.1.<1.>670###root_1;Eukaryota_2759;Chordata_7711;Actinopteri_186623;Cyprinodontiformes_28738;Fundulidae_28756;Fundulus_8077;Fundulus_heteroclitus_8078	98.889	94	1.63e-87	180	0	N/A	N/A	N/A
6b06e8685a7334a38b162d210034626c	OP537867.1.<1.>216###root_1;Eukaryota_2759;Chordata_7711;Actinopteri_186623;Cyprinodontiformes_28738;Fundulidae_28756;Fundulus_8077;Fundulus_pulvereus_76054	96.354	100	7.59e-86	192	0	N/A	N/A	N/A
8f44efbe1c7cd8f981fa0a7958915379	FJ445403.1.69.1011###root_1;Eukaryota_2759;Chordata_7711;Actinopteri_186623;Cyprinodontiformes_28738;Fundulidae_28756;Fundulus_8077;Fundulus_heteroclitus_8078	99.479	100	7.49e-96	192	0	N/A	N/A	N/A
8f44efbe1c7cd8f981fa0a7958915379	FJ445398.1.69.1011###root_1;Eukaryota_2759;Chordata_7711;Actinopteri_186623;Cyprinodontiformes_28738;Fundulidae_28756;Fundulus_8077;Fundulus_heteroclitus_8078	99.479	100	7.49e-96	192	0	N/A	N/A	N/A
8f44efbe1c7cd8f981fa0a7958915379	KT869378.1.69.1011###root_1;Eukaryota_2759;Chordata_7711;Actinopteri_186623;Cyprinodontiformes_28738;Fundulidae_28756;Fundulus_8077;Fundulus_heteroclitus_8078	99.479	100	7.49e-96	192	0	N/A	N/A	N/A
8f44efbe1c7cd8f981fa0a7958915379	FJ445400.1.69.1011###root_1;Eukaryota_2759;Chordata_7711;Actinopteri_186623;Cyprinodontiformes_28738;Fundulidae_28756;Fundulus_8077;Fundulus_heteroclitus_8078	98.958	100	3.48e-94	192	0	N/A	N/A	N/A
8f44efbe1c7cd8f981fa0a7958915379	FJ445402.1.69.1011###root_1;Eukaryota_2759;Chordata_7711;Actinopteri_186623;Cyprinodontiformes_28738;Fundulidae_28756;Fundulus_8077;Fundulus_heteroclitus_8078	98.958	100	3.48e-94	192	0	N/A	N/A	N/A
8f44efbe1c7cd8f981fa0a7958915379	FJ445401.1.69.1011###root_1;Eukaryota_2759;Chordata_7711;Actinopteri_186623;Cyprinodontiformes_28738;Fundulidae_28756;Fundulus_8077;Fundulus_heteroclitus_8078	98.438	100	1.62e-92	192	0	N/A	N/A	N/A
8f44efbe1c7cd8f981fa0a7958915379	KX686091.1.<1.>670###root_1;Eukaryota_2759;Chordata_7711;Actinopteri_186623;Cyprinodontiformes_28738;Fundulidae_28756;Fundulus_8077;Fundulus_heteroclitus_8078	99.444	94	3.51e-89	180	0	N/A	N/A	N/A
8f44efbe1c7cd8f981fa0a7958915379	KX686098.1.<1.>670###root_1;Eukaryota_2759;Chordata_7711;Actinopteri_186623;Cyprinodontiformes_28738;Fundulidae_28756;Fundulus_8077;Fundulus_heteroclitus_8078	99.444	94	3.51e-89	180	0	N/A	N/A	N/A
8f44efbe1c7cd8f981fa0a7958915379	KX686092.1.<1.>670###root_1;Eukaryota_2759;Chordata_7711;Actinopteri_186623;Cyprinodontiformes_28738;Fundulidae_28756;Fundulus_8077;Fundulus_heteroclitus_8078	98.889	94	1.63e-87	180	0	N/A	N/A	N/A
8f44efbe1c7cd8f981fa0a7958915379	OP537867.1.<1.>216###root_1;Eukaryota_2759;Chordata_7711;Actinopteri_186623;Cyprinodontiformes_28738;Fundulidae_28756;Fundulus_8077;Fundulus_pulvereus_76054	96.354	100	7.59e-86	192	0	N/A	N/A	N/A
ce327ca97d69477cbe32f372553a2854	FJ445403.1.69.1011###root_1;Eukaryota_2759;Chordata_7711;Actinopteri_186623;Cyprinodontiformes_28738;Fundulidae_28756;Fundulus_8077;Fundulus_heteroclitus_8078	98.958	100	3.48e-94	192	0	N/A	N/A	N/A
ce327ca97d69477cbe32f372553a2854	FJ445398.1.69.1011###root_1;Eukaryota_2759;Chordata_7711;Actinopteri_186623;Cyprinodontiformes_28738;Fundulidae_28756;Fundulus_8077;Fundulus_heteroclitus_8078	98.958	100	3.48e-94	192	0	N/A	N/A	N/A
ce327ca97d69477cbe32f372553a2854	KT869378.1.69.1011###root_1;Eukaryota_2759;Chordata_7711;Actinopteri_186623;Cyprinodontiformes_28738;Fundulidae_28756;Fundulus_8077;Fundulus_heteroclitus_8078	98.958	100	3.48e-94	192	0	N/A	N/A	N/A
ce327ca97d69477cbe32f372553a2854	FJ445400.1.69.1011###root_1;Eukaryota_2759;Chordata_7711;Actinopteri_186623;Cyprinodontiformes_28738;Fundulidae_28756;Fundulus_8077;Fundulus_heteroclitus_8078	98.438	100	1.62e-92	192	0	N/A	N/A	N/A
ce327ca97d69477cbe32f372553a2854	FJ445402.1.69.1011###root_1;Eukaryota_2759;Chordata_7711;Actinopteri_186623;Cyprinodontiformes_28738;Fundulidae_28756;Fundulus_8077;Fundulus_heteroclitus_8078	98.438	100	1.62e-92	192	0	N/A	N/A	N/A
ce327ca97d69477cbe32f372553a2854	FJ445401.1.69.1011###root_1;Eukaryota_2759;Chordata_7711;Actinopteri_186623;Cyprinodontiformes_28738;Fundulidae_28756;Fundulus_8077;Fundulus_heteroclitus_8078	97.917	100	7.54e-91	192	0	N/A	N/A	N/A
ce327ca97d69477cbe32f372553a2854	KX686091.1.<1.>670###root_1;Eukaryota_2759;Chordata_7711;Actinopteri_186623;Cyprinodontiformes_28738;Fundulidae_28756;Fundulus_8077;Fundulus_heteroclitus_8078	98.889	94	1.63e-87	180	0	N/A	N/A	N/A
ce327ca97d69477cbe32f372553a2854	KX686098.1.<1.>670###root_1;Eukaryota_2759;Chordata_7711;Actinopteri_186623;Cyprinodontiformes_28738;Fundulidae_28756;Fundulus_8077;Fundulus_heteroclitus_8078	98.889	94	1.63e-87	180	0	N/A	N/A	N/A
ce327ca97d69477cbe32f372553a2854	OP537867.1.<1.>216###root_1;Eukaryota_2759;Chordata_7711;Actinopteri_186623;Cyprinodontiformes_28738;Fundulidae_28756;Fundulus_8077;Fundulus_pulvereus_76054	96.354	100	7.59e-86	192	0	N/A	N/A	N/A
ce327ca97d69477cbe32f372553a2854	KX686092.1.<1.>670###root_1;Eukaryota_2759;Chordata_7711;Actinopteri_186623;Cyprinodontiformes_28738;Fundulidae_28756;Fundulus_8077;Fundulus_heteroclitus_8078	98.333	94	7.59e-86	180	0	N/A	N/A	N/A
a887d42e91038622ed8da4692880a27d	FJ445403.1.69.1011###root_1;Eukaryota_2759;Chordata_7711;Actinopteri_186623;Cyprinodontiformes_28738;Fundulidae_28756;Fundulus_8077;Fundulus_heteroclitus_8078	99.479	100	7.49e-96	192	0	N/A	N/A	N/A
a887d42e91038622ed8da4692880a27d	FJ445398.1.69.1011###root_1;Eukaryota_2759;Chordata_7711;Actinopteri_186623;Cyprinodontiformes_28738;Fundulidae_28756;Fundulus_8077;Fundulus_heteroclitus_8078	99.479	100	7.49e-96	192	0	N/A	N/A	N/A
a887d42e91038622ed8da4692880a27d	KT869378.1.69.1011###root_1;Eukaryota_2759;Chordata_7711;Actinopteri_186623;Cyprinodontiformes_28738;Fundulidae_28756;Fundulus_8077;Fundulus_heteroclitus_8078	99.479	100	7.49e-96	192	0	N/A	N/A	N/A
a887d42e91038622ed8da4692880a27d	FJ445400.1.69.1011###root_1;Eukaryota_2759;Chordata_7711;Actinopteri_186623;Cyprinodontiformes_28738;Fundulidae_28756;Fundulus_8077;Fundulus_heteroclitus_8078	98.958	100	3.48e-94	192	0	N/A	N/A	N/A
a887d42e91038622ed8da4692880a27d	FJ445402.1.69.1011###root_1;Eukaryota_2759;Chordata_7711;Actinopteri_186623;Cyprinodontiformes_28738;Fundulidae_28756;Fundulus_8077;Fundulus_heteroclitus_8078	98.958	100	3.48e-94	192	0	N/A	N/A	N/A
a887d42e91038622ed8da4692880a27d	FJ445401.1.69.1011###root_1;Eukaryota_2759;Chordata_7711;Actinopteri_186623;Cyprinodontiformes_28738;Fundulidae_28756;Fundulus_8077;Fundulus_heteroclitus_8078	98.438	100	1.62e-92	192	0	N/A	N/A	N/A
a887d42e91038622ed8da4692880a27d	KX686091.1.<1.>670###root_1;Eukaryota_2759;Chordata_7711;Actinopteri_186623;Cyprinodontiformes_28738;Fundulidae_28756;Fundulus_8077;Fundulus_heteroclitus_8078	99.444	94	3.51e-89	180	0	N/A	N/A	N/A
a887d42e91038622ed8da4692880a27d	KX686098.1.<1.>670###root_1;Eukaryota_2759;Chordata_7711;Actinopteri_186623;Cyprinodontiformes_28738;Fundulidae_28756;Fundulus_8077;Fundulus_heteroclitus_8078	99.444	94	3.51e-89	180	0	N/A	N/A	N/A
a887d42e91038622ed8da4692880a27d	KX686092.1.<1.>670###root_1;Eukaryota_2759;Chordata_7711;Actinopteri_186623;Cyprinodontiformes_28738;Fundulidae_28756;Fundulus_8077;Fundulus_heteroclitus_8078	98.889	94	1.63e-87	180	0	N/A	N/A	N/A
a887d42e91038622ed8da4692880a27d	OP537867.1.<1.>216###root_1;Eukaryota_2759;Chordata_7711;Actinopteri_186623;Cyprinodontiformes_28738;Fundulidae_28756;Fundulus_8077;Fundulus_pulvereus_76054	96.354	100	7.59e-86	192	0	N/A	N/A	N/A
cefbe4905b94f03922ff221397d13e82	FJ445403.1.69.1011###root_1;Eukaryota_2759;Chordata_7711;Actinopteri_186623;Cyprinodontiformes_28738;Fundulidae_28756;Fundulus_8077;Fundulus_heteroclitus_8078	99.479	100	7.49e-96	192	0	N/A	N/A	N/A
cefbe4905b94f03922ff221397d13e82	FJ445398.1.69.1011###root_1;Eukaryota_2759;Chordata_7711;Actinopteri_186623;Cyprinodontiformes_28738;Fundulidae_28756;Fundulus_8077;Fundulus_heteroclitus_8078	99.479	100	7.49e-96	192	0	N/A	N/A	N/A
cefbe4905b94f03922ff221397d13e82	KT869378.1.69.1011###root_1;Eukaryota_2759;Chordata_7711;Actinopteri_186623;Cyprinodontiformes_28738;Fundulidae_28756;Fundulus_8077;Fundulus_heteroclitus_8078	99.479	100	7.49e-96	192	0	N/A	N/A	N/A
cefbe4905b94f03922ff221397d13e82	FJ445400.1.69.1011###root_1;Eukaryota_2759;Chordata_7711;Actinopteri_186623;Cyprinodontiformes_28738;Fundulidae_28756;Fundulus_8077;Fundulus_heteroclitus_8078	98.958	100	3.48e-94	192	0	N/A	N/A	N/A
cefbe4905b94f03922ff221397d13e82	FJ445402.1.69.1011###root_1;Eukaryota_2759;Chordata_7711;Actinopteri_186623;Cyprinodontiformes_28738;Fundulidae_28756;Fundulus_8077;Fundulus_heteroclitus_8078	98.958	100	3.48e-94	192	0	N/A	N/A	N/A
cefbe4905b94f03922ff221397d13e82	FJ445401.1.69.1011###root_1;Eukaryota_2759;Chordata_7711;Actinopteri_186623;Cyprinodontiformes_28738;Fundulidae_28756;Fundulus_8077;Fundulus_heteroclitus_8078	98.438	100	1.62e-92	192	0	N/A	N/A	N/A
cefbe4905b94f03922ff221397d13e82	KX686091.1.<1.>670###root_1;Eukaryota_2759;Chordata_7711;Actinopteri_186623;Cyprinodontiformes_28738;Fundulidae_28756;Fundulus_8077;Fundulus_heteroclitus_8078	99.444	94	3.51e-89	180	0	N/A	N/A	N/A
cefbe4905b94f03922ff221397d13e82	KX686098.1.<1.>670###root_1;Eukaryota_2759;Chordata_7711;Actinopteri_186623;Cyprinodontiformes_28738;Fundulidae_28756;Fundulus_8077;Fundulus_heteroclitus_8078	99.444	94	3.51e-89	180	0	N/A	N/A	N/A
cefbe4905b94f03922ff221397d13e82	KX686092.1.<1.>670###root_1;Eukaryota_2759;Chordata_7711;Actinopteri_186623;Cyprinodontiformes_28738;Fundulidae_28756;Fundulus_8077;Fundulus_heteroclitus_8078	98.889	94	1.63e-87	180	0	N/A	N/A	N/A
cefbe4905b94f03922ff221397d13e82	OP537867.1.<1.>216###root_1;Eukaryota_2759;Chordata_7711;Actinopteri_186623;Cyprinodontiformes_28738;Fundulidae_28756;Fundulus_8077;Fundulus_pulvereus_76054	96.354	100	7.59e-86	192	0	N/A	N/A	N/A
e8d795b23a748a50017e04d3a2179a47	FJ445403.1.69.1011###root_1;Eukaryota_2759;Chordata_7711;Actinopteri_186623;Cyprinodontiformes_28738;Fundulidae_28756;Fundulus_8077;Fundulus_heteroclitus_8078	99.479	100	7.49e-96	192	0	N/A	N/A	N/A
e8d795b23a748a50017e04d3a2179a47	FJ445398.1.69.1011###root_1;Eukaryota_2759;Chordata_7711;Actinopteri_186623;Cyprinodontiformes_28738;Fundulidae_28756;Fundulus_8077;Fundulus_heteroclitus_8078	99.479	100	7.49e-96	192	0	N/A	N/A	N/A
e8d795b23a748a50017e04d3a2179a47	KT869378.1.69.1011###root_1;Eukaryota_2759;Chordata_7711;Actinopteri_186623;Cyprinodontiformes_28738;Fundulidae_28756;Fundulus_8077;Fundulus_heteroclitus_8078	99.479	100	7.49e-96	192	0	N/A	N/A	N/A
e8d795b23a748a50017e04d3a2179a47	FJ445400.1.69.1011###root_1;Eukaryota_2759;Chordata_7711;Actinopteri_186623;Cyprinodontiformes_28738;Fundulidae_28756;Fundulus_8077;Fundulus_heteroclitus_8078	98.958	100	3.48e-94	192	0	N/A	N/A	N/A
e8d795b23a748a50017e04d3a2179a47	FJ445402.1.69.1011###root_1;Eukaryota_2759;Chordata_7711;Actinopteri_186623;Cyprinodontiformes_28738;Fundulidae_28756;Fundulus_8077;Fundulus_heteroclitus_8078	98.958	100	3.48e-94	192	0	N/A	N/A	N/A
e8d795b23a748a50017e04d3a2179a47	FJ445401.1.69.1011###root_1;Eukaryota_2759;Chordata_7711;Actinopteri_186623;Cyprinodontiformes_28738;Fundulidae_28756;Fundulus_8077;Fundulus_heteroclitus_8078	98.438	100	1.62e-92	192	0	N/A	N/A	N/A
e8d795b23a748a50017e04d3a2179a47	KX686091.1.<1.>670###root_1;Eukaryota_2759;Chordata_7711;Actinopteri_186623;Cyprinodontiformes_28738;Fundulidae_28756;Fundulus_8077;Fundulus_heteroclitus_8078	99.444	94	3.51e-89	180	0	N/A	N/A	N/A
e8d795b23a748a50017e04d3a2179a47	KX686098.1.<1.>670###root_1;Eukaryota_2759;Chordata_7711;Actinopteri_186623;Cyprinodontiformes_28738;Fundulidae_28756;Fundulus_8077;Fundulus_heteroclitus_8078	99.444	94	3.51e-89	180	0	N/A	N/A	N/A
e8d795b23a748a50017e04d3a2179a47	KX686092.1.<1.>670###root_1;Eukaryota_2759;Chordata_7711;Actinopteri_186623;Cyprinodontiformes_28738;Fundulidae_28756;Fundulus_8077;Fundulus_heteroclitus_8078	98.889	94	1.63e-87	180	0	N/A	N/A	N/A
e8d795b23a748a50017e04d3a2179a47	OP537867.1.<1.>216###root_1;Eukaryota_2759;Chordata_7711;Actinopteri_186623;Cyprinodontiformes_28738;Fundulidae_28756;Fundulus_8077;Fundulus_pulvereus_76054	96.354	100	7.59e-86	192	0	N/A	N/A	N/A
2acd762dbe0f71850a9d255f03780cea	MW856841.1.69.1012###root_1;Eukaryota_2759;Chordata_7711;Actinopteri_186623;Cyprinodontiformes_28738;Fundulidae_28756;Fundulus_8077;Fundulus_diaphanus_54267	100.000	100	1.61e-97	192	0	N/A	N/A	N/A
2acd762dbe0f71850a9d255f03780cea	OL435158.1.69.1013###root_1;Eukaryota_2759;Chordata_7711;Actinopteri_186623;Cyprinodontiformes_28738;Fundulidae_28756;Fundulus_8077;Fundulus_diaphanus_54267	100.000	100	1.61e-97	192	0	N/A	N/A	N/A
2acd762dbe0f71850a9d255f03780cea	OM736858.1.69.1011###root_1;Eukaryota_2759;Chordata_7711;Actinopteri_186623;Cyprinodontiformes_28738;Fundulidae_28756;Fundulus_8077;Fundulus_diaphanus_54267	98.958	100	1.25e-93	192	0	N/A	N/A	N/A
2acd762dbe0f71850a9d255f03780cea	PP620811.1.<1.>667###root_1;Eukaryota_2759;Chordata_7711;Actinopteri_186623;Cyprinodontiformes_28738;Fundulidae_28756;Fundulus_8077;Fundulus_diaphanus_54267	100.000	95	5.83e-92	182	0	N/A	N/A	N/A
2acd762dbe0f71850a9d255f03780cea	OP035105.1.69.1011###root_1;Eukaryota_2759;Chordata_7711;Actinopteri_186623;Cyprinodontiformes_28738;Fundulidae_28756;Fundulus_8077;Fundulus_confluentus_151022	97.396	100	3.51e-89	192	0	N/A	N/A	N/A
2acd762dbe0f71850a9d255f03780cea	OP537866.1.<1.>216###root_1;Eukaryota_2759;Chordata_7711;Actinopteri_186623;Cyprinodontiformes_28738;Fundulidae_28756;Fundulus_8077;Fundulus_pulvereus_76054	96.354	100	7.59e-86	192	0	N/A	N/A	N/A
2acd762dbe0f71850a9d255f03780cea	FJ445401.1.69.1011###root_1;Eukaryota_2759;Chordata_7711;Actinopteri_186623;Cyprinodontiformes_28738;Fundulidae_28756;Fundulus_8077;Fundulus_heteroclitus_8078	96.354	100	7.59e-86	192	0	N/A	N/A	N/A
2acd762dbe0f71850a9d255f03780cea	FJ445397.1.69.1010###root_1;Eukaryota_2759;Chordata_7711;Actinopteri_186623;Cyprinodontiformes_28738;Fundulidae_28756;Fundulus_8077;Fundulus_grandis_34779	96.354	100	7.59e-86	192	0	N/A	N/A	N/A
2acd762dbe0f71850a9d255f03780cea	OP404817.1.<1.>217###root_1;Eukaryota_2759;Chordata_7711;Actinopteri_186623;Cyprinodontiformes_28738;Fundulidae_28756;Fundulus_8077;Fundulus_grandis_34779	96.354	100	7.59e-86	192	0	N/A	N/A	N/A
2acd762dbe0f71850a9d255f03780cea	OP537867.1.<1.>216###root_1;Eukaryota_2759;Chordata_7711;Actinopteri_186623;Cyprinodontiformes_28738;Fundulidae_28756;Fundulus_8077;Fundulus_pulvereus_76054	95.833	100	3.53e-84	192	0	N/A	N/A	N/A
693a8647364f3a4e7d3d9bffb888dc22	FJ445403.1.69.1011###root_1;Eukaryota_2759;Chordata_7711;Actinopteri_186623;Cyprinodontiformes_28738;Fundulidae_28756;Fundulus_8077;Fundulus_heteroclitus_8078	99.479	100	7.49e-96	192	0	N/A	N/A	N/A
693a8647364f3a4e7d3d9bffb888dc22	FJ445398.1.69.1011###root_1;Eukaryota_2759;Chordata_7711;Actinopteri_186623;Cyprinodontiformes_28738;Fundulidae_28756;Fundulus_8077;Fundulus_heteroclitus_8078	99.479	100	7.49e-96	192	0	N/A	N/A	N/A
693a8647364f3a4e7d3d9bffb888dc22	KT869378.1.69.1011###root_1;Eukaryota_2759;Chordata_7711;Actinopteri_186623;Cyprinodontiformes_28738;Fundulidae_28756;Fundulus_8077;Fundulus_heteroclitus_8078	99.479	100	7.49e-96	192	0	N/A	N/A	N/A
693a8647364f3a4e7d3d9bffb888dc22	FJ445400.1.69.1011###root_1;Eukaryota_2759;Chordata_7711;Actinopteri_186623;Cyprinodontiformes_28738;Fundulidae_28756;Fundulus_8077;Fundulus_heteroclitus_8078	98.958	100	3.48e-94	192	0	N/A	N/A	N/A
693a8647364f3a4e7d3d9bffb888dc22	FJ445402.1.69.1011###root_1;Eukaryota_2759;Chordata_7711;Actinopteri_186623;Cyprinodontiformes_28738;Fundulidae_28756;Fundulus_8077;Fundulus_heteroclitus_8078	98.958	100	3.48e-94	192	0	N/A	N/A	N/A
693a8647364f3a4e7d3d9bffb888dc22	FJ445401.1.69.1011###root_1;Eukaryota_2759;Chordata_7711;Actinopteri_186623;Cyprinodontiformes_28738;Fundulidae_28756;Fundulus_8077;Fundulus_heteroclitus_8078	98.438	100	1.62e-92	192	0	N/A	N/A	N/A
693a8647364f3a4e7d3d9bffb888dc22	KX686091.1.<1.>670###root_1;Eukaryota_2759;Chordata_7711;Actinopteri_186623;Cyprinodontiformes_28738;Fundulidae_28756;Fundulus_8077;Fundulus_heteroclitus_8078	99.444	94	3.51e-89	180	0	N/A	N/A	N/A
693a8647364f3a4e7d3d9bffb888dc22	KX686098.1.<1.>670###root_1;Eukaryota_2759;Chordata_7711;Actinopteri_186623;Cyprinodontiformes_28738;Fundulidae_28756;Fundulus_8077;Fundulus_heteroclitus_8078	99.444	94	3.51e-89	180	0	N/A	N/A	N/A
693a8647364f3a4e7d3d9bffb888dc22	KX686092.1.<1.>670###root_1;Eukaryota_2759;Chordata_7711;Actinopteri_186623;Cyprinodontiformes_28738;Fundulidae_28756;Fundulus_8077;Fundulus_heteroclitus_8078	98.889	94	1.63e-87	180	0	N/A	N/A	N/A
693a8647364f3a4e7d3d9bffb888dc22	OP537867.1.<1.>216###root_1;Eukaryota_2759;Chordata_7711;Actinopteri_186623;Cyprinodontiformes_28738;Fundulidae_28756;Fundulus_8077;Fundulus_pulvereus_76054	96.354	100	7.59e-86	192	0	N/A	N/A	N/A
3e0cec27c55562b7727f2c4f959bf294	FJ445403.1.69.1011###root_1;Eukaryota_2759;Chordata_7711;Actinopteri_186623;Cyprinodontiformes_28738;Fundulidae_28756;Fundulus_8077;Fundulus_heteroclitus_8078	99.479	100	7.49e-96	192	0	N/A	N/A	N/A
3e0cec27c55562b7727f2c4f959bf294	FJ445398.1.69.1011###root_1;Eukaryota_2759;Chordata_7711;Actinopteri_186623;Cyprinodontiformes_28738;Fundulidae_28756;Fundulus_8077;Fundulus_heteroclitus_8078	99.479	100	7.49e-96	192	0	N/A	N/A	N/A
3e0cec27c55562b7727f2c4f959bf294	KT869378.1.69.1011###root_1;Eukaryota_2759;Chordata_7711;Actinopteri_186623;Cyprinodontiformes_28738;Fundulidae_28756;Fundulus_8077;Fundulus_heteroclitus_8078	99.479	100	7.49e-96	192	0	N/A	N/A	N/A
3e0cec27c55562b7727f2c4f959bf294	FJ445400.1.69.1011###root_1;Eukaryota_2759;Chordata_7711;Actinopteri_186623;Cyprinodontiformes_28738;Fundulidae_28756;Fundulus_8077;Fundulus_heteroclitus_8078	98.958	100	3.48e-94	192	0	N/A	N/A	N/A
3e0cec27c55562b7727f2c4f959bf294	FJ445402.1.69.1011###root_1;Eukaryota_2759;Chordata_7711;Actinopteri_186623;Cyprinodontiformes_28738;Fundulidae_28756;Fundulus_8077;Fundulus_heteroclitus_8078	98.958	100	3.48e-94	192	0	N/A	N/A	N/A
3e0cec27c55562b7727f2c4f959bf294	FJ445401.1.69.1011###root_1;Eukaryota_2759;Chordata_7711;Actinopteri_186623;Cyprinodontiformes_28738;Fundulidae_28756;Fundulus_8077;Fundulus_heteroclitus_8078	98.438	100	1.62e-92	192	0	N/A	N/A	N/A
3e0cec27c55562b7727f2c4f959bf294	KX686091.1.<1.>670###root_1;Eukaryota_2759;Chordata_7711;Actinopteri_186623;Cyprinodontiformes_28738;Fundulidae_28756;Fundulus_8077;Fundulus_heteroclitus_8078	99.444	94	3.51e-89	180	0	N/A	N/A	N/A
3e0cec27c55562b7727f2c4f959bf294	KX686098.1.<1.>670###root_1;Eukaryota_2759;Chordata_7711;Actinopteri_186623;Cyprinodontiformes_28738;Fundulidae_28756;Fundulus_8077;Fundulus_heteroclitus_8078	99.444	94	3.51e-89	180	0	N/A	N/A	N/A
3e0cec27c55562b7727f2c4f959bf294	KX686092.1.<1.>670###root_1;Eukaryota_2759;Chordata_7711;Actinopteri_186623;Cyprinodontiformes_28738;Fundulidae_28756;Fundulus_8077;Fundulus_heteroclitus_8078	98.889	94	1.63e-87	180	0	N/A	N/A	N/A
3e0cec27c55562b7727f2c4f959bf294	OP537867.1.<1.>216###root_1;Eukaryota_2759;Chordata_7711;Actinopteri_186623;Cyprinodontiformes_28738;Fundulidae_28756;Fundulus_8077;Fundulus_pulvereus_76054	96.354	100	7.59e-86	192	0	N/A	N/A	N/A
b510fa5a0755e0b5035462e39555921b	FJ445403.1.69.1011###root_1;Eukaryota_2759;Chordata_7711;Actinopteri_186623;Cyprinodontiformes_28738;Fundulidae_28756;Fundulus_8077;Fundulus_heteroclitus_8078	99.479	100	7.49e-96	192	0	N/A	N/A	N/A
b510fa5a0755e0b5035462e39555921b	FJ445398.1.69.1011###root_1;Eukaryota_2759;Chordata_7711;Actinopteri_186623;Cyprinodontiformes_28738;Fundulidae_28756;Fundulus_8077;Fundulus_heteroclitus_8078	99.479	100	7.49e-96	192	0	N/A	N/A	N/A
b510fa5a0755e0b5035462e39555921b	KT869378.1.69.1011###root_1;Eukaryota_2759;Chordata_7711;Actinopteri_186623;Cyprinodontiformes_28738;Fundulidae_28756;Fundulus_8077;Fundulus_heteroclitus_8078	99.479	100	7.49e-96	192	0	N/A	N/A	N/A
b510fa5a0755e0b5035462e39555921b	FJ445400.1.69.1011###root_1;Eukaryota_2759;Chordata_7711;Actinopteri_186623;Cyprinodontiformes_28738;Fundulidae_28756;Fundulus_8077;Fundulus_heteroclitus_8078	98.958	100	3.48e-94	192	0	N/A	N/A	N/A
b510fa5a0755e0b5035462e39555921b	FJ445402.1.69.1011###root_1;Eukaryota_2759;Chordata_7711;Actinopteri_186623;Cyprinodontiformes_28738;Fundulidae_28756;Fundulus_8077;Fundulus_heteroclitus_8078	98.958	100	3.48e-94	192	0	N/A	N/A	N/A
b510fa5a0755e0b5035462e39555921b	FJ445401.1.69.1011###root_1;Eukaryota_2759;Chordata_7711;Actinopteri_186623;Cyprinodontiformes_28738;Fundulidae_28756;Fundulus_8077;Fundulus_heteroclitus_8078	98.438	100	1.62e-92	192	0	N/A	N/A	N/A
b510fa5a0755e0b5035462e39555921b	KX686091.1.<1.>670###root_1;Eukaryota_2759;Chordata_7711;Actinopteri_186623;Cyprinodontiformes_28738;Fundulidae_28756;Fundulus_8077;Fundulus_heteroclitus_8078	99.444	94	3.51e-89	180	0	N/A	N/A	N/A
b510fa5a0755e0b5035462e39555921b	KX686098.1.<1.>670###root_1;Eukaryota_2759;Chordata_7711;Actinopteri_186623;Cyprinodontiformes_28738;Fundulidae_28756;Fundulus_8077;Fundulus_heteroclitus_8078	99.444	94	3.51e-89	180	0	N/A	N/A	N/A
b510fa5a0755e0b5035462e39555921b	KX686092.1.<1.>670###root_1;Eukaryota_2759;Chordata_7711;Actinopteri_186623;Cyprinodontiformes_28738;Fundulidae_28756;Fundulus_8077;Fundulus_heteroclitus_8078	98.889	94	1.63e-87	180	0	N/A	N/A	N/A
b510fa5a0755e0b5035462e39555921b	OP537867.1.<1.>216###root_1;Eukaryota_2759;Chordata_7711;Actinopteri_186623;Cyprinodontiformes_28738;Fundulidae_28756;Fundulus_8077;Fundulus_pulvereus_76054	96.354	100	7.59e-86	192	0	N/A	N/A	N/A
d235d99d3ef0a83d868418464fede384	FJ445403.1.69.1011###root_1;Eukaryota_2759;Chordata_7711;Actinopteri_186623;Cyprinodontiformes_28738;Fundulidae_28756;Fundulus_8077;Fundulus_heteroclitus_8078	99.479	100	7.49e-96	192	0	N/A	N/A	N/A
d235d99d3ef0a83d868418464fede384	FJ445398.1.69.1011###root_1;Eukaryota_2759;Chordata_7711;Actinopteri_186623;Cyprinodontiformes_28738;Fundulidae_28756;Fundulus_8077;Fundulus_heteroclitus_8078	99.479	100	7.49e-96	192	0	N/A	N/A	N/A
d235d99d3ef0a83d868418464fede384	KT869378.1.69.1011###root_1;Eukaryota_2759;Chordata_7711;Actinopteri_186623;Cyprinodontiformes_28738;Fundulidae_28756;Fundulus_8077;Fundulus_heteroclitus_8078	99.479	100	7.49e-96	192	0	N/A	N/A	N/A
d235d99d3ef0a83d868418464fede384	FJ445400.1.69.1011###root_1;Eukaryota_2759;Chordata_7711;Actinopteri_186623;Cyprinodontiformes_28738;Fundulidae_28756;Fundulus_8077;Fundulus_heteroclitus_8078	98.958	100	3.48e-94	192	0	N/A	N/A	N/A
d235d99d3ef0a83d868418464fede384	FJ445402.1.69.1011###root_1;Eukaryota_2759;Chordata_7711;Actinopteri_186623;Cyprinodontiformes_28738;Fundulidae_28756;Fundulus_8077;Fundulus_heteroclitus_8078	98.958	100	3.48e-94	192	0	N/A	N/A	N/A
d235d99d3ef0a83d868418464fede384	FJ445401.1.69.1011###root_1;Eukaryota_2759;Chordata_7711;Actinopteri_186623;Cyprinodontiformes_28738;Fundulidae_28756;Fundulus_8077;Fundulus_heteroclitus_8078	98.438	100	1.62e-92	192	0	N/A	N/A	N/A
d235d99d3ef0a83d868418464fede384	KX686091.1.<1.>670###root_1;Eukaryota_2759;Chordata_7711;Actinopteri_186623;Cyprinodontiformes_28738;Fundulidae_28756;Fundulus_8077;Fundulus_heteroclitus_8078	99.444	94	3.51e-89	180	0	N/A	N/A	N/A
d235d99d3ef0a83d868418464fede384	KX686098.1.<1.>670###root_1;Eukaryota_2759;Chordata_7711;Actinopteri_186623;Cyprinodontiformes_28738;Fundulidae_28756;Fundulus_8077;Fundulus_heteroclitus_8078	99.444	94	3.51e-89	180	0	N/A	N/A	N/A
d235d99d3ef0a83d868418464fede384	KX686092.1.<1.>670###root_1;Eukaryota_2759;Chordata_7711;Actinopteri_186623;Cyprinodontiformes_28738;Fundulidae_28756;Fundulus_8077;Fundulus_heteroclitus_8078	98.889	94	1.63e-87	180	0	N/A	N/A	N/A
d235d99d3ef0a83d868418464fede384	OP537867.1.<1.>216###root_1;Eukaryota_2759;Chordata_7711;Actinopteri_186623;Cyprinodontiformes_28738;Fundulidae_28756;Fundulus_8077;Fundulus_pulvereus_76054	96.354	100	7.59e-86	192	0	N/A	N/A	N/A
626f709de0d06b1b3a8fe1174e0c38ca	FJ445403.1.69.1011###root_1;Eukaryota_2759;Chordata_7711;Actinopteri_186623;Cyprinodontiformes_28738;Fundulidae_28756;Fundulus_8077;Fundulus_heteroclitus_8078	99.479	100	7.49e-96	192	0	N/A	N/A	N/A
626f709de0d06b1b3a8fe1174e0c38ca	FJ445398.1.69.1011###root_1;Eukaryota_2759;Chordata_7711;Actinopteri_186623;Cyprinodontiformes_28738;Fundulidae_28756;Fundulus_8077;Fundulus_heteroclitus_8078	99.479	100	7.49e-96	192	0	N/A	N/A	N/A
626f709de0d06b1b3a8fe1174e0c38ca	KT869378.1.69.1011###root_1;Eukaryota_2759;Chordata_7711;Actinopteri_186623;Cyprinodontiformes_28738;Fundulidae_28756;Fundulus_8077;Fundulus_heteroclitus_8078	99.479	100	7.49e-96	192	0	N/A	N/A	N/A
626f709de0d06b1b3a8fe1174e0c38ca	FJ445400.1.69.1011###root_1;Eukaryota_2759;Chordata_7711;Actinopteri_186623;Cyprinodontiformes_28738;Fundulidae_28756;Fundulus_8077;Fundulus_heteroclitus_8078	98.958	100	3.48e-94	192	0	N/A	N/A	N/A
626f709de0d06b1b3a8fe1174e0c38ca	FJ445402.1.69.1011###root_1;Eukaryota_2759;Chordata_7711;Actinopteri_186623;Cyprinodontiformes_28738;Fundulidae_28756;Fundulus_8077;Fundulus_heteroclitus_8078	98.958	100	3.48e-94	192	0	N/A	N/A	N/A
626f709de0d06b1b3a8fe1174e0c38ca	FJ445401.1.69.1011###root_1;Eukaryota_2759;Chordata_7711;Actinopteri_186623;Cyprinodontiformes_28738;Fundulidae_28756;Fundulus_8077;Fundulus_heteroclitus_8078	98.438	100	1.62e-92	192	0	N/A	N/A	N/A
626f709de0d06b1b3a8fe1174e0c38ca	KX686091.1.<1.>670###root_1;Eukaryota_2759;Chordata_7711;Actinopteri_186623;Cyprinodontiformes_28738;Fundulidae_28756;Fundulus_8077;Fundulus_heteroclitus_8078	99.444	94	3.51e-89	180	0	N/A	N/A	N/A
626f709de0d06b1b3a8fe1174e0c38ca	KX686098.1.<1.>670###root_1;Eukaryota_2759;Chordata_7711;Actinopteri_186623;Cyprinodontiformes_28738;Fundulidae_28756;Fundulus_8077;Fundulus_heteroclitus_8078	99.444	94	3.51e-89	180	0	N/A	N/A	N/A
626f709de0d06b1b3a8fe1174e0c38ca	KX686092.1.<1.>670###root_1;Eukaryota_2759;Chordata_7711;Actinopteri_186623;Cyprinodontiformes_28738;Fundulidae_28756;Fundulus_8077;Fundulus_heteroclitus_8078	98.889	94	1.63e-87	180	0	N/A	N/A	N/A
626f709de0d06b1b3a8fe1174e0c38ca	OP537867.1.<1.>216###root_1;Eukaryota_2759;Chordata_7711;Actinopteri_186623;Cyprinodontiformes_28738;Fundulidae_28756;Fundulus_8077;Fundulus_pulvereus_76054	96.354	100	7.59e-86	192	0	N/A	N/A	N/A
276e40e7607319e8d47f0a67e64c5412	FJ445403.1.69.1011###root_1;Eukaryota_2759;Chordata_7711;Actinopteri_186623;Cyprinodontiformes_28738;Fundulidae_28756;Fundulus_8077;Fundulus_heteroclitus_8078	99.479	100	7.49e-96	192	0	N/A	N/A	N/A
276e40e7607319e8d47f0a67e64c5412	FJ445398.1.69.1011###root_1;Eukaryota_2759;Chordata_7711;Actinopteri_186623;Cyprinodontiformes_28738;Fundulidae_28756;Fundulus_8077;Fundulus_heteroclitus_8078	99.479	100	7.49e-96	192	0	N/A	N/A	N/A
276e40e7607319e8d47f0a67e64c5412	KT869378.1.69.1011###root_1;Eukaryota_2759;Chordata_7711;Actinopteri_186623;Cyprinodontiformes_28738;Fundulidae_28756;Fundulus_8077;Fundulus_heteroclitus_8078	99.479	100	7.49e-96	192	0	N/A	N/A	N/A
276e40e7607319e8d47f0a67e64c5412	FJ445400.1.69.1011###root_1;Eukaryota_2759;Chordata_7711;Actinopteri_186623;Cyprinodontiformes_28738;Fundulidae_28756;Fundulus_8077;Fundulus_heteroclitus_8078	98.958	100	3.48e-94	192	0	N/A	N/A	N/A
276e40e7607319e8d47f0a67e64c5412	FJ445402.1.69.1011###root_1;Eukaryota_2759;Chordata_7711;Actinopteri_186623;Cyprinodontiformes_28738;Fundulidae_28756;Fundulus_8077;Fundulus_heteroclitus_8078	98.958	100	3.48e-94	192	0	N/A	N/A	N/A
276e40e7607319e8d47f0a67e64c5412	FJ445401.1.69.1011###root_1;Eukaryota_2759;Chordata_7711;Actinopteri_186623;Cyprinodontiformes_28738;Fundulidae_28756;Fundulus_8077;Fundulus_heteroclitus_8078	98.438	100	1.62e-92	192	0	N/A	N/A	N/A
276e40e7607319e8d47f0a67e64c5412	KX686091.1.<1.>670###root_1;Eukaryota_2759;Chordata_7711;Actinopteri_186623;Cyprinodontiformes_28738;Fundulidae_28756;Fundulus_8077;Fundulus_heteroclitus_8078	99.444	94	3.51e-89	180	0	N/A	N/A	N/A
276e40e7607319e8d47f0a67e64c5412	KX686098.1.<1.>670###root_1;Eukaryota_2759;Chordata_7711;Actinopteri_186623;Cyprinodontiformes_28738;Fundulidae_28756;Fundulus_8077;Fundulus_heteroclitus_8078	99.444	94	3.51e-89	180	0	N/A	N/A	N/A
276e40e7607319e8d47f0a67e64c5412	OP537867.1.<1.>216###root_1;Eukaryota_2759;Chordata_7711;Actinopteri_186623;Cyprinodontiformes_28738;Fundulidae_28756;Fundulus_8077;Fundulus_pulvereus_76054	96.875	100	1.63e-87	192	0	N/A	N/A	N/A
276e40e7607319e8d47f0a67e64c5412	KX686092.1.<1.>670###root_1;Eukaryota_2759;Chordata_7711;Actinopteri_186623;Cyprinodontiformes_28738;Fundulidae_28756;Fundulus_8077;Fundulus_heteroclitus_8078	98.889	94	1.63e-87	180	0	N/A	N/A	N/A
e5e5d46f65663c2ad147135c90b8fb11	FJ445403.1.69.1011###root_1;Eukaryota_2759;Chordata_7711;Actinopteri_186623;Cyprinodontiformes_28738;Fundulidae_28756;Fundulus_8077;Fundulus_heteroclitus_8078	99.479	100	7.49e-96	192	0	N/A	N/A	N/A
e5e5d46f65663c2ad147135c90b8fb11	FJ445398.1.69.1011###root_1;Eukaryota_2759;Chordata_7711;Actinopteri_186623;Cyprinodontiformes_28738;Fundulidae_28756;Fundulus_8077;Fundulus_heteroclitus_8078	99.479	100	7.49e-96	192	0	N/A	N/A	N/A
e5e5d46f65663c2ad147135c90b8fb11	KT869378.1.69.1011###root_1;Eukaryota_2759;Chordata_7711;Actinopteri_186623;Cyprinodontiformes_28738;Fundulidae_28756;Fundulus_8077;Fundulus_heteroclitus_8078	99.479	100	7.49e-96	192	0	N/A	N/A	N/A
e5e5d46f65663c2ad147135c90b8fb11	FJ445400.1.69.1011###root_1;Eukaryota_2759;Chordata_7711;Actinopteri_186623;Cyprinodontiformes_28738;Fundulidae_28756;Fundulus_8077;Fundulus_heteroclitus_8078	98.958	100	3.48e-94	192	0	N/A	N/A	N/A
e5e5d46f65663c2ad147135c90b8fb11	FJ445402.1.69.1011###root_1;Eukaryota_2759;Chordata_7711;Actinopteri_186623;Cyprinodontiformes_28738;Fundulidae_28756;Fundulus_8077;Fundulus_heteroclitus_8078	98.958	100	3.48e-94	192	0	N/A	N/A	N/A
e5e5d46f65663c2ad147135c90b8fb11	FJ445401.1.69.1011###root_1;Eukaryota_2759;Chordata_7711;Actinopteri_186623;Cyprinodontiformes_28738;Fundulidae_28756;Fundulus_8077;Fundulus_heteroclitus_8078	98.438	100	1.62e-92	192	0	N/A	N/A	N/A
e5e5d46f65663c2ad147135c90b8fb11	KX686091.1.<1.>670###root_1;Eukaryota_2759;Chordata_7711;Actinopteri_186623;Cyprinodontiformes_28738;Fundulidae_28756;Fundulus_8077;Fundulus_heteroclitus_8078	99.444	94	3.51e-89	180	0	N/A	N/A	N/A
e5e5d46f65663c2ad147135c90b8fb11	KX686098.1.<1.>670###root_1;Eukaryota_2759;Chordata_7711;Actinopteri_186623;Cyprinodontiformes_28738;Fundulidae_28756;Fundulus_8077;Fundulus_heteroclitus_8078	99.444	94	3.51e-89	180	0	N/A	N/A	N/A
e5e5d46f65663c2ad147135c90b8fb11	KX686092.1.<1.>670###root_1;Eukaryota_2759;Chordata_7711;Actinopteri_186623;Cyprinodontiformes_28738;Fundulidae_28756;Fundulus_8077;Fundulus_heteroclitus_8078	98.889	94	1.63e-87	180	0	N/A	N/A	N/A
e5e5d46f65663c2ad147135c90b8fb11	OP537867.1.<1.>216###root_1;Eukaryota_2759;Chordata_7711;Actinopteri_186623;Cyprinodontiformes_28738;Fundulidae_28756;Fundulus_8077;Fundulus_pulvereus_76054	96.354	100	7.59e-86	192	0	N/A	N/A	N/A
e05251d105921d05fd4af2766fec7090	FJ445403.1.69.1011###root_1;Eukaryota_2759;Chordata_7711;Actinopteri_186623;Cyprinodontiformes_28738;Fundulidae_28756;Fundulus_8077;Fundulus_heteroclitus_8078	99.479	100	7.49e-96	192	0	N/A	N/A	N/A
e05251d105921d05fd4af2766fec7090	FJ445398.1.69.1011###root_1;Eukaryota_2759;Chordata_7711;Actinopteri_186623;Cyprinodontiformes_28738;Fundulidae_28756;Fundulus_8077;Fundulus_heteroclitus_8078	99.479	100	7.49e-96	192	0	N/A	N/A	N/A
e05251d105921d05fd4af2766fec7090	KT869378.1.69.1011###root_1;Eukaryota_2759;Chordata_7711;Actinopteri_186623;Cyprinodontiformes_28738;Fundulidae_28756;Fundulus_8077;Fundulus_heteroclitus_8078	99.479	100	7.49e-96	192	0	N/A	N/A	N/A
e05251d105921d05fd4af2766fec7090	FJ445400.1.69.1011###root_1;Eukaryota_2759;Chordata_7711;Actinopteri_186623;Cyprinodontiformes_28738;Fundulidae_28756;Fundulus_8077;Fundulus_heteroclitus_8078	98.958	100	3.48e-94	192	0	N/A	N/A	N/A
e05251d105921d05fd4af2766fec7090	FJ445402.1.69.1011###root_1;Eukaryota_2759;Chordata_7711;Actinopteri_186623;Cyprinodontiformes_28738;Fundulidae_28756;Fundulus_8077;Fundulus_heteroclitus_8078	98.958	100	3.48e-94	192	0	N/A	N/A	N/A
e05251d105921d05fd4af2766fec7090	FJ445401.1.69.1011###root_1;Eukaryota_2759;Chordata_7711;Actinopteri_186623;Cyprinodontiformes_28738;Fundulidae_28756;Fundulus_8077;Fundulus_heteroclitus_8078	98.438	100	1.62e-92	192	0	N/A	N/A	N/A
e05251d105921d05fd4af2766fec7090	KX686091.1.<1.>670###root_1;Eukaryota_2759;Chordata_7711;Actinopteri_186623;Cyprinodontiformes_28738;Fundulidae_28756;Fundulus_8077;Fundulus_heteroclitus_8078	99.444	94	3.51e-89	180	0	N/A	N/A	N/A
e05251d105921d05fd4af2766fec7090	KX686098.1.<1.>670###root_1;Eukaryota_2759;Chordata_7711;Actinopteri_186623;Cyprinodontiformes_28738;Fundulidae_28756;Fundulus_8077;Fundulus_heteroclitus_8078	99.444	94	3.51e-89	180	0	N/A	N/A	N/A
e05251d105921d05fd4af2766fec7090	KX686092.1.<1.>670###root_1;Eukaryota_2759;Chordata_7711;Actinopteri_186623;Cyprinodontiformes_28738;Fundulidae_28756;Fundulus_8077;Fundulus_heteroclitus_8078	98.889	94	1.63e-87	180	0	N/A	N/A	N/A
e05251d105921d05fd4af2766fec7090	OP537867.1.<1.>216###root_1;Eukaryota_2759;Chordata_7711;Actinopteri_186623;Cyprinodontiformes_28738;Fundulidae_28756;Fundulus_8077;Fundulus_pulvereus_76054	96.354	100	7.59e-86	192	0	N/A	N/A	N/A
53bc90eddc26fae91a4eb41aad13e1dd	FJ445403.1.69.1011###root_1;Eukaryota_2759;Chordata_7711;Actinopteri_186623;Cyprinodontiformes_28738;Fundulidae_28756;Fundulus_8077;Fundulus_heteroclitus_8078	99.479	100	7.49e-96	192	0	N/A	N/A	N/A
53bc90eddc26fae91a4eb41aad13e1dd	FJ445398.1.69.1011###root_1;Eukaryota_2759;Chordata_7711;Actinopteri_186623;Cyprinodontiformes_28738;Fundulidae_28756;Fundulus_8077;Fundulus_heteroclitus_8078	99.479	100	7.49e-96	192	0	N/A	N/A	N/A
53bc90eddc26fae91a4eb41aad13e1dd	KT869378.1.69.1011###root_1;Eukaryota_2759;Chordata_7711;Actinopteri_186623;Cyprinodontiformes_28738;Fundulidae_28756;Fundulus_8077;Fundulus_heteroclitus_8078	99.479	100	7.49e-96	192	0	N/A	N/A	N/A
53bc90eddc26fae91a4eb41aad13e1dd	FJ445400.1.69.1011###root_1;Eukaryota_2759;Chordata_7711;Actinopteri_186623;Cyprinodontiformes_28738;Fundulidae_28756;Fundulus_8077;Fundulus_heteroclitus_8078	98.958	100	3.48e-94	192	0	N/A	N/A	N/A
53bc90eddc26fae91a4eb41aad13e1dd	FJ445402.1.69.1011###root_1;Eukaryota_2759;Chordata_7711;Actinopteri_186623;Cyprinodontiformes_28738;Fundulidae_28756;Fundulus_8077;Fundulus_heteroclitus_8078	98.958	100	3.48e-94	192	0	N/A	N/A	N/A
53bc90eddc26fae91a4eb41aad13e1dd	FJ445401.1.69.1011###root_1;Eukaryota_2759;Chordata_7711;Actinopteri_186623;Cyprinodontiformes_28738;Fundulidae_28756;Fundulus_8077;Fundulus_heteroclitus_8078	98.438	100	1.62e-92	192	0	N/A	N/A	N/A
53bc90eddc26fae91a4eb41aad13e1dd	KX686091.1.<1.>670###root_1;Eukaryota_2759;Chordata_7711;Actinopteri_186623;Cyprinodontiformes_28738;Fundulidae_28756;Fundulus_8077;Fundulus_heteroclitus_8078	99.444	94	3.51e-89	180	0	N/A	N/A	N/A
53bc90eddc26fae91a4eb41aad13e1dd	KX686098.1.<1.>670###root_1;Eukaryota_2759;Chordata_7711;Actinopteri_186623;Cyprinodontiformes_28738;Fundulidae_28756;Fundulus_8077;Fundulus_heteroclitus_8078	99.444	94	3.51e-89	180	0	N/A	N/A	N/A
53bc90eddc26fae91a4eb41aad13e1dd	KX686092.1.<1.>670###root_1;Eukaryota_2759;Chordata_7711;Actinopteri_186623;Cyprinodontiformes_28738;Fundulidae_28756;Fundulus_8077;Fundulus_heteroclitus_8078	98.889	94	1.63e-87	180	0	N/A	N/A	N/A
53bc90eddc26fae91a4eb41aad13e1dd	OP537867.1.<1.>216###root_1;Eukaryota_2759;Chordata_7711;Actinopteri_186623;Cyprinodontiformes_28738;Fundulidae_28756;Fundulus_8077;Fundulus_pulvereus_76054	96.354	100	7.59e-86	192	0	N/A	N/A	N/A
b19dae61fafa19670ed6d08483136370	FJ445403.1.69.1011###root_1;Eukaryota_2759;Chordata_7711;Actinopteri_186623;Cyprinodontiformes_28738;Fundulidae_28756;Fundulus_8077;Fundulus_heteroclitus_8078	98.958	100	3.48e-94	192	0	N/A	N/A	N/A
b19dae61fafa19670ed6d08483136370	FJ445398.1.69.1011###root_1;Eukaryota_2759;Chordata_7711;Actinopteri_186623;Cyprinodontiformes_28738;Fundulidae_28756;Fundulus_8077;Fundulus_heteroclitus_8078	98.958	100	3.48e-94	192	0	N/A	N/A	N/A
b19dae61fafa19670ed6d08483136370	KT869378.1.69.1011###root_1;Eukaryota_2759;Chordata_7711;Actinopteri_186623;Cyprinodontiformes_28738;Fundulidae_28756;Fundulus_8077;Fundulus_heteroclitus_8078	98.958	100	3.48e-94	192	0	N/A	N/A	N/A
b19dae61fafa19670ed6d08483136370	FJ445400.1.69.1011###root_1;Eukaryota_2759;Chordata_7711;Actinopteri_186623;Cyprinodontiformes_28738;Fundulidae_28756;Fundulus_8077;Fundulus_heteroclitus_8078	98.438	100	1.62e-92	192	0	N/A	N/A	N/A
b19dae61fafa19670ed6d08483136370	FJ445402.1.69.1011###root_1;Eukaryota_2759;Chordata_7711;Actinopteri_186623;Cyprinodontiformes_28738;Fundulidae_28756;Fundulus_8077;Fundulus_heteroclitus_8078	98.438	100	1.62e-92	192	0	N/A	N/A	N/A
b19dae61fafa19670ed6d08483136370	FJ445401.1.69.1011###root_1;Eukaryota_2759;Chordata_7711;Actinopteri_186623;Cyprinodontiformes_28738;Fundulidae_28756;Fundulus_8077;Fundulus_heteroclitus_8078	97.917	100	7.54e-91	192	0	N/A	N/A	N/A
b19dae61fafa19670ed6d08483136370	KX686091.1.<1.>670###root_1;Eukaryota_2759;Chordata_7711;Actinopteri_186623;Cyprinodontiformes_28738;Fundulidae_28756;Fundulus_8077;Fundulus_heteroclitus_8078	98.889	94	1.63e-87	180	0	N/A	N/A	N/A
b19dae61fafa19670ed6d08483136370	KX686098.1.<1.>670###root_1;Eukaryota_2759;Chordata_7711;Actinopteri_186623;Cyprinodontiformes_28738;Fundulidae_28756;Fundulus_8077;Fundulus_heteroclitus_8078	98.889	94	1.63e-87	180	0	N/A	N/A	N/A
b19dae61fafa19670ed6d08483136370	KX686092.1.<1.>670###root_1;Eukaryota_2759;Chordata_7711;Actinopteri_186623;Cyprinodontiformes_28738;Fundulidae_28756;Fundulus_8077;Fundulus_heteroclitus_8078	98.333	94	7.59e-86	180	0	N/A	N/A	N/A
b19dae61fafa19670ed6d08483136370	OP537867.1.<1.>216###root_1;Eukaryota_2759;Chordata_7711;Actinopteri_186623;Cyprinodontiformes_28738;Fundulidae_28756;Fundulus_8077;Fundulus_pulvereus_76054	95.833	100	3.53e-84	192	0	N/A	N/A	N/A
185fd33fb2286b6f48eafbccf87a5084	FJ445403.1.69.1011###root_1;Eukaryota_2759;Chordata_7711;Actinopteri_186623;Cyprinodontiformes_28738;Fundulidae_28756;Fundulus_8077;Fundulus_heteroclitus_8078	98.438	100	1.62e-92	192	0	N/A	N/A	N/A
185fd33fb2286b6f48eafbccf87a5084	FJ445398.1.69.1011###root_1;Eukaryota_2759;Chordata_7711;Actinopteri_186623;Cyprinodontiformes_28738;Fundulidae_28756;Fundulus_8077;Fundulus_heteroclitus_8078	98.438	100	1.62e-92	192	0	N/A	N/A	N/A
185fd33fb2286b6f48eafbccf87a5084	KT869378.1.69.1011###root_1;Eukaryota_2759;Chordata_7711;Actinopteri_186623;Cyprinodontiformes_28738;Fundulidae_28756;Fundulus_8077;Fundulus_heteroclitus_8078	98.438	100	1.62e-92	192	0	N/A	N/A	N/A
185fd33fb2286b6f48eafbccf87a5084	FJ445400.1.69.1011###root_1;Eukaryota_2759;Chordata_7711;Actinopteri_186623;Cyprinodontiformes_28738;Fundulidae_28756;Fundulus_8077;Fundulus_heteroclitus_8078	97.917	100	7.54e-91	192	0	N/A	N/A	N/A
185fd33fb2286b6f48eafbccf87a5084	FJ445402.1.69.1011###root_1;Eukaryota_2759;Chordata_7711;Actinopteri_186623;Cyprinodontiformes_28738;Fundulidae_28756;Fundulus_8077;Fundulus_heteroclitus_8078	97.917	100	7.54e-91	192	0	N/A	N/A	N/A
185fd33fb2286b6f48eafbccf87a5084	FJ445401.1.69.1011###root_1;Eukaryota_2759;Chordata_7711;Actinopteri_186623;Cyprinodontiformes_28738;Fundulidae_28756;Fundulus_8077;Fundulus_heteroclitus_8078	97.396	100	3.51e-89	192	0	N/A	N/A	N/A
185fd33fb2286b6f48eafbccf87a5084	KX686091.1.<1.>670###root_1;Eukaryota_2759;Chordata_7711;Actinopteri_186623;Cyprinodontiformes_28738;Fundulidae_28756;Fundulus_8077;Fundulus_heteroclitus_8078	98.333	94	7.59e-86	180	0	N/A	N/A	N/A
185fd33fb2286b6f48eafbccf87a5084	KX686098.1.<1.>670###root_1;Eukaryota_2759;Chordata_7711;Actinopteri_186623;Cyprinodontiformes_28738;Fundulidae_28756;Fundulus_8077;Fundulus_heteroclitus_8078	98.333	94	7.59e-86	180	0	N/A	N/A	N/A
185fd33fb2286b6f48eafbccf87a5084	KX686092.1.<1.>670###root_1;Eukaryota_2759;Chordata_7711;Actinopteri_186623;Cyprinodontiformes_28738;Fundulidae_28756;Fundulus_8077;Fundulus_heteroclitus_8078	97.778	94	3.53e-84	180	0	N/A	N/A	N/A
185fd33fb2286b6f48eafbccf87a5084	OP537867.1.<1.>216###root_1;Eukaryota_2759;Chordata_7711;Actinopteri_186623;Cyprinodontiformes_28738;Fundulidae_28756;Fundulus_8077;Fundulus_pulvereus_76054	95.312	100	1.64e-82	192	0	N/A	N/A	N/A
1a336c065c7c7908038328aff778aca6	FJ445403.1.69.1011###root_1;Eukaryota_2759;Chordata_7711;Actinopteri_186623;Cyprinodontiformes_28738;Fundulidae_28756;Fundulus_8077;Fundulus_heteroclitus_8078	99.479	100	7.49e-96	192	0	N/A	N/A	N/A
1a336c065c7c7908038328aff778aca6	FJ445398.1.69.1011###root_1;Eukaryota_2759;Chordata_7711;Actinopteri_186623;Cyprinodontiformes_28738;Fundulidae_28756;Fundulus_8077;Fundulus_heteroclitus_8078	99.479	100	7.49e-96	192	0	N/A	N/A	N/A
1a336c065c7c7908038328aff778aca6	KT869378.1.69.1011###root_1;Eukaryota_2759;Chordata_7711;Actinopteri_186623;Cyprinodontiformes_28738;Fundulidae_28756;Fundulus_8077;Fundulus_heteroclitus_8078	99.479	100	7.49e-96	192	0	N/A	N/A	N/A
1a336c065c7c7908038328aff778aca6	FJ445400.1.69.1011###root_1;Eukaryota_2759;Chordata_7711;Actinopteri_186623;Cyprinodontiformes_28738;Fundulidae_28756;Fundulus_8077;Fundulus_heteroclitus_8078	98.958	100	3.48e-94	192	0	N/A	N/A	N/A
1a336c065c7c7908038328aff778aca6	FJ445402.1.69.1011###root_1;Eukaryota_2759;Chordata_7711;Actinopteri_186623;Cyprinodontiformes_28738;Fundulidae_28756;Fundulus_8077;Fundulus_heteroclitus_8078	98.958	100	3.48e-94	192	0	N/A	N/A	N/A
1a336c065c7c7908038328aff778aca6	FJ445401.1.69.1011###root_1;Eukaryota_2759;Chordata_7711;Actinopteri_186623;Cyprinodontiformes_28738;Fundulidae_28756;Fundulus_8077;Fundulus_heteroclitus_8078	98.438	100	1.62e-92	192	0	N/A	N/A	N/A
1a336c065c7c7908038328aff778aca6	KX686091.1.<1.>670###root_1;Eukaryota_2759;Chordata_7711;Actinopteri_186623;Cyprinodontiformes_28738;Fundulidae_28756;Fundulus_8077;Fundulus_heteroclitus_8078	99.444	94	3.51e-89	180	0	N/A	N/A	N/A
1a336c065c7c7908038328aff778aca6	KX686098.1.<1.>670###root_1;Eukaryota_2759;Chordata_7711;Actinopteri_186623;Cyprinodontiformes_28738;Fundulidae_28756;Fundulus_8077;Fundulus_heteroclitus_8078	99.444	94	3.51e-89	180	0	N/A	N/A	N/A
1a336c065c7c7908038328aff778aca6	KX686092.1.<1.>670###root_1;Eukaryota_2759;Chordata_7711;Actinopteri_186623;Cyprinodontiformes_28738;Fundulidae_28756;Fundulus_8077;Fundulus_heteroclitus_8078	98.889	94	1.63e-87	180	0	N/A	N/A	N/A
1a336c065c7c7908038328aff778aca6	OP537867.1.<1.>216###root_1;Eukaryota_2759;Chordata_7711;Actinopteri_186623;Cyprinodontiformes_28738;Fundulidae_28756;Fundulus_8077;Fundulus_pulvereus_76054	96.354	100	7.59e-86	192	0	N/A	N/A	N/A
4bc990f8ea19cbcb01c73df51f3e4232	FJ445403.1.69.1011###root_1;Eukaryota_2759;Chordata_7711;Actinopteri_186623;Cyprinodontiformes_28738;Fundulidae_28756;Fundulus_8077;Fundulus_heteroclitus_8078	99.479	100	7.49e-96	192	0	N/A	N/A	N/A
4bc990f8ea19cbcb01c73df51f3e4232	FJ445398.1.69.1011###root_1;Eukaryota_2759;Chordata_7711;Actinopteri_186623;Cyprinodontiformes_28738;Fundulidae_28756;Fundulus_8077;Fundulus_heteroclitus_8078	99.479	100	7.49e-96	192	0	N/A	N/A	N/A
4bc990f8ea19cbcb01c73df51f3e4232	KT869378.1.69.1011###root_1;Eukaryota_2759;Chordata_7711;Actinopteri_186623;Cyprinodontiformes_28738;Fundulidae_28756;Fundulus_8077;Fundulus_heteroclitus_8078	99.479	100	7.49e-96	192	0	N/A	N/A	N/A
4bc990f8ea19cbcb01c73df51f3e4232	FJ445400.1.69.1011###root_1;Eukaryota_2759;Chordata_7711;Actinopteri_186623;Cyprinodontiformes_28738;Fundulidae_28756;Fundulus_8077;Fundulus_heteroclitus_8078	98.958	100	3.48e-94	192	0	N/A	N/A	N/A
4bc990f8ea19cbcb01c73df51f3e4232	FJ445402.1.69.1011###root_1;Eukaryota_2759;Chordata_7711;Actinopteri_186623;Cyprinodontiformes_28738;Fundulidae_28756;Fundulus_8077;Fundulus_heteroclitus_8078	98.958	100	3.48e-94	192	0	N/A	N/A	N/A
4bc990f8ea19cbcb01c73df51f3e4232	FJ445401.1.69.1011###root_1;Eukaryota_2759;Chordata_7711;Actinopteri_186623;Cyprinodontiformes_28738;Fundulidae_28756;Fundulus_8077;Fundulus_heteroclitus_8078	98.438	100	1.62e-92	192	0	N/A	N/A	N/A
4bc990f8ea19cbcb01c73df51f3e4232	KX686091.1.<1.>670###root_1;Eukaryota_2759;Chordata_7711;Actinopteri_186623;Cyprinodontiformes_28738;Fundulidae_28756;Fundulus_8077;Fundulus_heteroclitus_8078	99.444	94	3.51e-89	180	0	N/A	N/A	N/A
4bc990f8ea19cbcb01c73df51f3e4232	KX686098.1.<1.>670###root_1;Eukaryota_2759;Chordata_7711;Actinopteri_186623;Cyprinodontiformes_28738;Fundulidae_28756;Fundulus_8077;Fundulus_heteroclitus_8078	99.444	94	3.51e-89	180	0	N/A	N/A	N/A
4bc990f8ea19cbcb01c73df51f3e4232	KX686092.1.<1.>670###root_1;Eukaryota_2759;Chordata_7711;Actinopteri_186623;Cyprinodontiformes_28738;Fundulidae_28756;Fundulus_8077;Fundulus_heteroclitus_8078	98.889	94	1.63e-87	180	0	N/A	N/A	N/A
4bc990f8ea19cbcb01c73df51f3e4232	OP537867.1.<1.>216###root_1;Eukaryota_2759;Chordata_7711;Actinopteri_186623;Cyprinodontiformes_28738;Fundulidae_28756;Fundulus_8077;Fundulus_pulvereus_76054	96.354	100	7.59e-86	192	0	N/A	N/A	N/A
649579bef25222c952102d7cb3377737	FJ445403.1.69.1011###root_1;Eukaryota_2759;Chordata_7711;Actinopteri_186623;Cyprinodontiformes_28738;Fundulidae_28756;Fundulus_8077;Fundulus_heteroclitus_8078	99.479	100	7.49e-96	192	0	N/A	N/A	N/A
649579bef25222c952102d7cb3377737	FJ445398.1.69.1011###root_1;Eukaryota_2759;Chordata_7711;Actinopteri_186623;Cyprinodontiformes_28738;Fundulidae_28756;Fundulus_8077;Fundulus_heteroclitus_8078	99.479	100	7.49e-96	192	0	N/A	N/A	N/A
649579bef25222c952102d7cb3377737	KT869378.1.69.1011###root_1;Eukaryota_2759;Chordata_7711;Actinopteri_186623;Cyprinodontiformes_28738;Fundulidae_28756;Fundulus_8077;Fundulus_heteroclitus_8078	99.479	100	7.49e-96	192	0	N/A	N/A	N/A
649579bef25222c952102d7cb3377737	FJ445400.1.69.1011###root_1;Eukaryota_2759;Chordata_7711;Actinopteri_186623;Cyprinodontiformes_28738;Fundulidae_28756;Fundulus_8077;Fundulus_heteroclitus_8078	98.958	100	3.48e-94	192	0	N/A	N/A	N/A
649579bef25222c952102d7cb3377737	FJ445402.1.69.1011###root_1;Eukaryota_2759;Chordata_7711;Actinopteri_186623;Cyprinodontiformes_28738;Fundulidae_28756;Fundulus_8077;Fundulus_heteroclitus_8078	98.958	100	3.48e-94	192	0	N/A	N/A	N/A
649579bef25222c952102d7cb3377737	FJ445401.1.69.1011###root_1;Eukaryota_2759;Chordata_7711;Actinopteri_186623;Cyprinodontiformes_28738;Fundulidae_28756;Fundulus_8077;Fundulus_heteroclitus_8078	98.438	100	1.62e-92	192	0	N/A	N/A	N/A
649579bef25222c952102d7cb3377737	KX686091.1.<1.>670###root_1;Eukaryota_2759;Chordata_7711;Actinopteri_186623;Cyprinodontiformes_28738;Fundulidae_28756;Fundulus_8077;Fundulus_heteroclitus_8078	99.444	94	3.51e-89	180	0	N/A	N/A	N/A
649579bef25222c952102d7cb3377737	KX686098.1.<1.>670###root_1;Eukaryota_2759;Chordata_7711;Actinopteri_186623;Cyprinodontiformes_28738;Fundulidae_28756;Fundulus_8077;Fundulus_heteroclitus_8078	99.444	94	3.51e-89	180	0	N/A	N/A	N/A
649579bef25222c952102d7cb3377737	KX686092.1.<1.>670###root_1;Eukaryota_2759;Chordata_7711;Actinopteri_186623;Cyprinodontiformes_28738;Fundulidae_28756;Fundulus_8077;Fundulus_heteroclitus_8078	98.889	94	1.63e-87	180	0	N/A	N/A	N/A
649579bef25222c952102d7cb3377737	OP537867.1.<1.>216###root_1;Eukaryota_2759;Chordata_7711;Actinopteri_186623;Cyprinodontiformes_28738;Fundulidae_28756;Fundulus_8077;Fundulus_pulvereus_76054	96.354	100	7.59e-86	192	0	N/A	N/A	N/A
8a2759d179e79ace8e7b716bc9f9a9ae	FJ445403.1.69.1011###root_1;Eukaryota_2759;Chordata_7711;Actinopteri_186623;Cyprinodontiformes_28738;Fundulidae_28756;Fundulus_8077;Fundulus_heteroclitus_8078	99.479	100	7.49e-96	192	0	N/A	N/A	N/A
8a2759d179e79ace8e7b716bc9f9a9ae	FJ445398.1.69.1011###root_1;Eukaryota_2759;Chordata_7711;Actinopteri_186623;Cyprinodontiformes_28738;Fundulidae_28756;Fundulus_8077;Fundulus_heteroclitus_8078	99.479	100	7.49e-96	192	0	N/A	N/A	N/A
8a2759d179e79ace8e7b716bc9f9a9ae	KT869378.1.69.1011###root_1;Eukaryota_2759;Chordata_7711;Actinopteri_186623;Cyprinodontiformes_28738;Fundulidae_28756;Fundulus_8077;Fundulus_heteroclitus_8078	99.479	100	7.49e-96	192	0	N/A	N/A	N/A
8a2759d179e79ace8e7b716bc9f9a9ae	FJ445400.1.69.1011###root_1;Eukaryota_2759;Chordata_7711;Actinopteri_186623;Cyprinodontiformes_28738;Fundulidae_28756;Fundulus_8077;Fundulus_heteroclitus_8078	98.958	100	3.48e-94	192	0	N/A	N/A	N/A
8a2759d179e79ace8e7b716bc9f9a9ae	FJ445402.1.69.1011###root_1;Eukaryota_2759;Chordata_7711;Actinopteri_186623;Cyprinodontiformes_28738;Fundulidae_28756;Fundulus_8077;Fundulus_heteroclitus_8078	98.958	100	3.48e-94	192	0	N/A	N/A	N/A
8a2759d179e79ace8e7b716bc9f9a9ae	FJ445401.1.69.1011###root_1;Eukaryota_2759;Chordata_7711;Actinopteri_186623;Cyprinodontiformes_28738;Fundulidae_28756;Fundulus_8077;Fundulus_heteroclitus_8078	98.438	100	1.62e-92	192	0	N/A	N/A	N/A
8a2759d179e79ace8e7b716bc9f9a9ae	KX686091.1.<1.>670###root_1;Eukaryota_2759;Chordata_7711;Actinopteri_186623;Cyprinodontiformes_28738;Fundulidae_28756;Fundulus_8077;Fundulus_heteroclitus_8078	99.444	94	3.51e-89	180	0	N/A	N/A	N/A
8a2759d179e79ace8e7b716bc9f9a9ae	KX686098.1.<1.>670###root_1;Eukaryota_2759;Chordata_7711;Actinopteri_186623;Cyprinodontiformes_28738;Fundulidae_28756;Fundulus_8077;Fundulus_heteroclitus_8078	99.444	94	3.51e-89	180	0	N/A	N/A	N/A
8a2759d179e79ace8e7b716bc9f9a9ae	KX686092.1.<1.>670###root_1;Eukaryota_2759;Chordata_7711;Actinopteri_186623;Cyprinodontiformes_28738;Fundulidae_28756;Fundulus_8077;Fundulus_heteroclitus_8078	98.889	94	1.63e-87	180	0	N/A	N/A	N/A
8a2759d179e79ace8e7b716bc9f9a9ae	OP537867.1.<1.>216###root_1;Eukaryota_2759;Chordata_7711;Actinopteri_186623;Cyprinodontiformes_28738;Fundulidae_28756;Fundulus_8077;Fundulus_pulvereus_76054	96.354	100	7.59e-86	192	0	N/A	N/A	N/A
e143b25e64d9e63c5fdec9f7e0ea4d35	FJ445403.1.69.1011###root_1;Eukaryota_2759;Chordata_7711;Actinopteri_186623;Cyprinodontiformes_28738;Fundulidae_28756;Fundulus_8077;Fundulus_heteroclitus_8078	99.479	100	7.49e-96	192	0	N/A	N/A	N/A
e143b25e64d9e63c5fdec9f7e0ea4d35	FJ445398.1.69.1011###root_1;Eukaryota_2759;Chordata_7711;Actinopteri_186623;Cyprinodontiformes_28738;Fundulidae_28756;Fundulus_8077;Fundulus_heteroclitus_8078	99.479	100	7.49e-96	192	0	N/A	N/A	N/A
e143b25e64d9e63c5fdec9f7e0ea4d35	KT869378.1.69.1011###root_1;Eukaryota_2759;Chordata_7711;Actinopteri_186623;Cyprinodontiformes_28738;Fundulidae_28756;Fundulus_8077;Fundulus_heteroclitus_8078	99.479	100	7.49e-96	192	0	N/A	N/A	N/A
e143b25e64d9e63c5fdec9f7e0ea4d35	FJ445400.1.69.1011###root_1;Eukaryota_2759;Chordata_7711;Actinopteri_186623;Cyprinodontiformes_28738;Fundulidae_28756;Fundulus_8077;Fundulus_heteroclitus_8078	98.958	100	3.48e-94	192	0	N/A	N/A	N/A
e143b25e64d9e63c5fdec9f7e0ea4d35	FJ445402.1.69.1011###root_1;Eukaryota_2759;Chordata_7711;Actinopteri_186623;Cyprinodontiformes_28738;Fundulidae_28756;Fundulus_8077;Fundulus_heteroclitus_8078	98.958	100	3.48e-94	192	0	N/A	N/A	N/A
e143b25e64d9e63c5fdec9f7e0ea4d35	FJ445401.1.69.1011###root_1;Eukaryota_2759;Chordata_7711;Actinopteri_186623;Cyprinodontiformes_28738;Fundulidae_28756;Fundulus_8077;Fundulus_heteroclitus_8078	98.438	100	1.62e-92	192	0	N/A	N/A	N/A
e143b25e64d9e63c5fdec9f7e0ea4d35	KX686091.1.<1.>670###root_1;Eukaryota_2759;Chordata_7711;Actinopteri_186623;Cyprinodontiformes_28738;Fundulidae_28756;Fundulus_8077;Fundulus_heteroclitus_8078	99.444	94	3.51e-89	180	0	N/A	N/A	N/A
e143b25e64d9e63c5fdec9f7e0ea4d35	KX686098.1.<1.>670###root_1;Eukaryota_2759;Chordata_7711;Actinopteri_186623;Cyprinodontiformes_28738;Fundulidae_28756;Fundulus_8077;Fundulus_heteroclitus_8078	99.444	94	3.51e-89	180	0	N/A	N/A	N/A
e143b25e64d9e63c5fdec9f7e0ea4d35	KX686092.1.<1.>670###root_1;Eukaryota_2759;Chordata_7711;Actinopteri_186623;Cyprinodontiformes_28738;Fundulidae_28756;Fundulus_8077;Fundulus_heteroclitus_8078	98.889	94	1.63e-87	180	0	N/A	N/A	N/A
e143b25e64d9e63c5fdec9f7e0ea4d35	OP537867.1.<1.>216###root_1;Eukaryota_2759;Chordata_7711;Actinopteri_186623;Cyprinodontiformes_28738;Fundulidae_28756;Fundulus_8077;Fundulus_pulvereus_76054	96.354	100	7.59e-86	192	0	N/A	N/A	N/A
65e441556b83d5b171f91f99d7a7a55c	FJ445403.1.69.1011###root_1;Eukaryota_2759;Chordata_7711;Actinopteri_186623;Cyprinodontiformes_28738;Fundulidae_28756;Fundulus_8077;Fundulus_heteroclitus_8078	99.479	100	7.49e-96	192	0	N/A	N/A	N/A
65e441556b83d5b171f91f99d7a7a55c	FJ445398.1.69.1011###root_1;Eukaryota_2759;Chordata_7711;Actinopteri_186623;Cyprinodontiformes_28738;Fundulidae_28756;Fundulus_8077;Fundulus_heteroclitus_8078	99.479	100	7.49e-96	192	0	N/A	N/A	N/A
65e441556b83d5b171f91f99d7a7a55c	KT869378.1.69.1011###root_1;Eukaryota_2759;Chordata_7711;Actinopteri_186623;Cyprinodontiformes_28738;Fundulidae_28756;Fundulus_8077;Fundulus_heteroclitus_8078	99.479	100	7.49e-96	192	0	N/A	N/A	N/A
65e441556b83d5b171f91f99d7a7a55c	FJ445400.1.69.1011###root_1;Eukaryota_2759;Chordata_7711;Actinopteri_186623;Cyprinodontiformes_28738;Fundulidae_28756;Fundulus_8077;Fundulus_heteroclitus_8078	98.958	100	3.48e-94	192	0	N/A	N/A	N/A
65e441556b83d5b171f91f99d7a7a55c	FJ445402.1.69.1011###root_1;Eukaryota_2759;Chordata_7711;Actinopteri_186623;Cyprinodontiformes_28738;Fundulidae_28756;Fundulus_8077;Fundulus_heteroclitus_8078	98.958	100	3.48e-94	192	0	N/A	N/A	N/A
65e441556b83d5b171f91f99d7a7a55c	FJ445401.1.69.1011###root_1;Eukaryota_2759;Chordata_7711;Actinopteri_186623;Cyprinodontiformes_28738;Fundulidae_28756;Fundulus_8077;Fundulus_heteroclitus_8078	98.438	100	1.62e-92	192	0	N/A	N/A	N/A
65e441556b83d5b171f91f99d7a7a55c	KX686091.1.<1.>670###root_1;Eukaryota_2759;Chordata_7711;Actinopteri_186623;Cyprinodontiformes_28738;Fundulidae_28756;Fundulus_8077;Fundulus_heteroclitus_8078	99.444	94	3.51e-89	180	0	N/A	N/A	N/A
65e441556b83d5b171f91f99d7a7a55c	KX686098.1.<1.>670###root_1;Eukaryota_2759;Chordata_7711;Actinopteri_186623;Cyprinodontiformes_28738;Fundulidae_28756;Fundulus_8077;Fundulus_heteroclitus_8078	99.444	94	3.51e-89	180	0	N/A	N/A	N/A
65e441556b83d5b171f91f99d7a7a55c	KX686092.1.<1.>670###root_1;Eukaryota_2759;Chordata_7711;Actinopteri_186623;Cyprinodontiformes_28738;Fundulidae_28756;Fundulus_8077;Fundulus_heteroclitus_8078	98.889	94	1.63e-87	180	0	N/A	N/A	N/A
65e441556b83d5b171f91f99d7a7a55c	OP537867.1.<1.>216###root_1;Eukaryota_2759;Chordata_7711;Actinopteri_186623;Cyprinodontiformes_28738;Fundulidae_28756;Fundulus_8077;Fundulus_pulvereus_76054	96.354	100	7.59e-86	192	0	N/A	N/A	N/A
8e128ac8b1a0f62506fb11d5047a7ec9	FJ445403.1.69.1011###root_1;Eukaryota_2759;Chordata_7711;Actinopteri_186623;Cyprinodontiformes_28738;Fundulidae_28756;Fundulus_8077;Fundulus_heteroclitus_8078	99.479	100	7.49e-96	192	0	N/A	N/A	N/A
8e128ac8b1a0f62506fb11d5047a7ec9	FJ445398.1.69.1011###root_1;Eukaryota_2759;Chordata_7711;Actinopteri_186623;Cyprinodontiformes_28738;Fundulidae_28756;Fundulus_8077;Fundulus_heteroclitus_8078	99.479	100	7.49e-96	192	0	N/A	N/A	N/A
8e128ac8b1a0f62506fb11d5047a7ec9	KT869378.1.69.1011###root_1;Eukaryota_2759;Chordata_7711;Actinopteri_186623;Cyprinodontiformes_28738;Fundulidae_28756;Fundulus_8077;Fundulus_heteroclitus_8078	99.479	100	7.49e-96	192	0	N/A	N/A	N/A
8e128ac8b1a0f62506fb11d5047a7ec9	FJ445400.1.69.1011###root_1;Eukaryota_2759;Chordata_7711;Actinopteri_186623;Cyprinodontiformes_28738;Fundulidae_28756;Fundulus_8077;Fundulus_heteroclitus_8078	98.958	100	3.48e-94	192	0	N/A	N/A	N/A
8e128ac8b1a0f62506fb11d5047a7ec9	FJ445402.1.69.1011###root_1;Eukaryota_2759;Chordata_7711;Actinopteri_186623;Cyprinodontiformes_28738;Fundulidae_28756;Fundulus_8077;Fundulus_heteroclitus_8078	98.958	100	3.48e-94	192	0	N/A	N/A	N/A
8e128ac8b1a0f62506fb11d5047a7ec9	FJ445401.1.69.1011###root_1;Eukaryota_2759;Chordata_7711;Actinopteri_186623;Cyprinodontiformes_28738;Fundulidae_28756;Fundulus_8077;Fundulus_heteroclitus_8078	98.438	100	1.62e-92	192	0	N/A	N/A	N/A
8e128ac8b1a0f62506fb11d5047a7ec9	KX686091.1.<1.>670###root_1;Eukaryota_2759;Chordata_7711;Actinopteri_186623;Cyprinodontiformes_28738;Fundulidae_28756;Fundulus_8077;Fundulus_heteroclitus_8078	99.444	94	3.51e-89	180	0	N/A	N/A	N/A
8e128ac8b1a0f62506fb11d5047a7ec9	KX686098.1.<1.>670###root_1;Eukaryota_2759;Chordata_7711;Actinopteri_186623;Cyprinodontiformes_28738;Fundulidae_28756;Fundulus_8077;Fundulus_heteroclitus_8078	99.444	94	3.51e-89	180	0	N/A	N/A	N/A
8e128ac8b1a0f62506fb11d5047a7ec9	KX686092.1.<1.>670###root_1;Eukaryota_2759;Chordata_7711;Actinopteri_186623;Cyprinodontiformes_28738;Fundulidae_28756;Fundulus_8077;Fundulus_heteroclitus_8078	98.889	94	1.63e-87	180	0	N/A	N/A	N/A
8e128ac8b1a0f62506fb11d5047a7ec9	OP537867.1.<1.>216###root_1;Eukaryota_2759;Chordata_7711;Actinopteri_186623;Cyprinodontiformes_28738;Fundulidae_28756;Fundulus_8077;Fundulus_pulvereus_76054	96.354	100	7.59e-86	192	0	N/A	N/A	N/A
dbe3b9e28c285543a3bafd11946f3c94	FJ445403.1.69.1011###root_1;Eukaryota_2759;Chordata_7711;Actinopteri_186623;Cyprinodontiformes_28738;Fundulidae_28756;Fundulus_8077;Fundulus_heteroclitus_8078	99.479	100	7.49e-96	192	0	N/A	N/A	N/A
dbe3b9e28c285543a3bafd11946f3c94	FJ445398.1.69.1011###root_1;Eukaryota_2759;Chordata_7711;Actinopteri_186623;Cyprinodontiformes_28738;Fundulidae_28756;Fundulus_8077;Fundulus_heteroclitus_8078	99.479	100	7.49e-96	192	0	N/A	N/A	N/A
dbe3b9e28c285543a3bafd11946f3c94	KT869378.1.69.1011###root_1;Eukaryota_2759;Chordata_7711;Actinopteri_186623;Cyprinodontiformes_28738;Fundulidae_28756;Fundulus_8077;Fundulus_heteroclitus_8078	99.479	100	7.49e-96	192	0	N/A	N/A	N/A
dbe3b9e28c285543a3bafd11946f3c94	FJ445400.1.69.1011###root_1;Eukaryota_2759;Chordata_7711;Actinopteri_186623;Cyprinodontiformes_28738;Fundulidae_28756;Fundulus_8077;Fundulus_heteroclitus_8078	98.958	100	3.48e-94	192	0	N/A	N/A	N/A
dbe3b9e28c285543a3bafd11946f3c94	FJ445402.1.69.1011###root_1;Eukaryota_2759;Chordata_7711;Actinopteri_186623;Cyprinodontiformes_28738;Fundulidae_28756;Fundulus_8077;Fundulus_heteroclitus_8078	98.958	100	3.48e-94	192	0	N/A	N/A	N/A
dbe3b9e28c285543a3bafd11946f3c94	FJ445401.1.69.1011###root_1;Eukaryota_2759;Chordata_7711;Actinopteri_186623;Cyprinodontiformes_28738;Fundulidae_28756;Fundulus_8077;Fundulus_heteroclitus_8078	98.438	100	1.62e-92	192	0	N/A	N/A	N/A
dbe3b9e28c285543a3bafd11946f3c94	KX686091.1.<1.>670###root_1;Eukaryota_2759;Chordata_7711;Actinopteri_186623;Cyprinodontiformes_28738;Fundulidae_28756;Fundulus_8077;Fundulus_heteroclitus_8078	99.444	94	3.51e-89	180	0	N/A	N/A	N/A
dbe3b9e28c285543a3bafd11946f3c94	KX686098.1.<1.>670###root_1;Eukaryota_2759;Chordata_7711;Actinopteri_186623;Cyprinodontiformes_28738;Fundulidae_28756;Fundulus_8077;Fundulus_heteroclitus_8078	99.444	94	3.51e-89	180	0	N/A	N/A	N/A
dbe3b9e28c285543a3bafd11946f3c94	KX686092.1.<1.>670###root_1;Eukaryota_2759;Chordata_7711;Actinopteri_186623;Cyprinodontiformes_28738;Fundulidae_28756;Fundulus_8077;Fundulus_heteroclitus_8078	98.889	94	1.63e-87	180	0	N/A	N/A	N/A
dbe3b9e28c285543a3bafd11946f3c94	OP537867.1.<1.>216###root_1;Eukaryota_2759;Chordata_7711;Actinopteri_186623;Cyprinodontiformes_28738;Fundulidae_28756;Fundulus_8077;Fundulus_pulvereus_76054	96.354	100	7.59e-86	192	0	N/A	N/A	N/A
d22258b6db8afac9300721c194a96231	FJ445403.1.69.1011###root_1;Eukaryota_2759;Chordata_7711;Actinopteri_186623;Cyprinodontiformes_28738;Fundulidae_28756;Fundulus_8077;Fundulus_heteroclitus_8078	99.479	100	7.49e-96	192	0	N/A	N/A	N/A
d22258b6db8afac9300721c194a96231	FJ445398.1.69.1011###root_1;Eukaryota_2759;Chordata_7711;Actinopteri_186623;Cyprinodontiformes_28738;Fundulidae_28756;Fundulus_8077;Fundulus_heteroclitus_8078	99.479	100	7.49e-96	192	0	N/A	N/A	N/A
d22258b6db8afac9300721c194a96231	KT869378.1.69.1011###root_1;Eukaryota_2759;Chordata_7711;Actinopteri_186623;Cyprinodontiformes_28738;Fundulidae_28756;Fundulus_8077;Fundulus_heteroclitus_8078	99.479	100	7.49e-96	192	0	N/A	N/A	N/A
d22258b6db8afac9300721c194a96231	FJ445400.1.69.1011###root_1;Eukaryota_2759;Chordata_7711;Actinopteri_186623;Cyprinodontiformes_28738;Fundulidae_28756;Fundulus_8077;Fundulus_heteroclitus_8078	98.958	100	3.48e-94	192	0	N/A	N/A	N/A
d22258b6db8afac9300721c194a96231	FJ445402.1.69.1011###root_1;Eukaryota_2759;Chordata_7711;Actinopteri_186623;Cyprinodontiformes_28738;Fundulidae_28756;Fundulus_8077;Fundulus_heteroclitus_8078	98.958	100	3.48e-94	192	0	N/A	N/A	N/A
d22258b6db8afac9300721c194a96231	FJ445401.1.69.1011###root_1;Eukaryota_2759;Chordata_7711;Actinopteri_186623;Cyprinodontiformes_28738;Fundulidae_28756;Fundulus_8077;Fundulus_heteroclitus_8078	98.438	100	1.62e-92	192	0	N/A	N/A	N/A
d22258b6db8afac9300721c194a96231	KX686091.1.<1.>670###root_1;Eukaryota_2759;Chordata_7711;Actinopteri_186623;Cyprinodontiformes_28738;Fundulidae_28756;Fundulus_8077;Fundulus_heteroclitus_8078	99.444	94	3.51e-89	180	0	N/A	N/A	N/A
d22258b6db8afac9300721c194a96231	KX686098.1.<1.>670###root_1;Eukaryota_2759;Chordata_7711;Actinopteri_186623;Cyprinodontiformes_28738;Fundulidae_28756;Fundulus_8077;Fundulus_heteroclitus_8078	99.444	94	3.51e-89	180	0	N/A	N/A	N/A
d22258b6db8afac9300721c194a96231	KX686092.1.<1.>670###root_1;Eukaryota_2759;Chordata_7711;Actinopteri_186623;Cyprinodontiformes_28738;Fundulidae_28756;Fundulus_8077;Fundulus_heteroclitus_8078	98.889	94	1.63e-87	180	0	N/A	N/A	N/A
d22258b6db8afac9300721c194a96231	OP537867.1.<1.>216###root_1;Eukaryota_2759;Chordata_7711;Actinopteri_186623;Cyprinodontiformes_28738;Fundulidae_28756;Fundulus_8077;Fundulus_pulvereus_76054	96.354	100	7.59e-86	192	0	N/A	N/A	N/A
2806eb2037ac875a303902dcaf132007	FJ445403.1.69.1011###root_1;Eukaryota_2759;Chordata_7711;Actinopteri_186623;Cyprinodontiformes_28738;Fundulidae_28756;Fundulus_8077;Fundulus_heteroclitus_8078	99.479	100	7.49e-96	192	0	N/A	N/A	N/A
2806eb2037ac875a303902dcaf132007	FJ445398.1.69.1011###root_1;Eukaryota_2759;Chordata_7711;Actinopteri_186623;Cyprinodontiformes_28738;Fundulidae_28756;Fundulus_8077;Fundulus_heteroclitus_8078	99.479	100	7.49e-96	192	0	N/A	N/A	N/A
2806eb2037ac875a303902dcaf132007	KT869378.1.69.1011###root_1;Eukaryota_2759;Chordata_7711;Actinopteri_186623;Cyprinodontiformes_28738;Fundulidae_28756;Fundulus_8077;Fundulus_heteroclitus_8078	99.479	100	7.49e-96	192	0	N/A	N/A	N/A
2806eb2037ac875a303902dcaf132007	FJ445400.1.69.1011###root_1;Eukaryota_2759;Chordata_7711;Actinopteri_186623;Cyprinodontiformes_28738;Fundulidae_28756;Fundulus_8077;Fundulus_heteroclitus_8078	98.958	100	3.48e-94	192	0	N/A	N/A	N/A
2806eb2037ac875a303902dcaf132007	FJ445402.1.69.1011###root_1;Eukaryota_2759;Chordata_7711;Actinopteri_186623;Cyprinodontiformes_28738;Fundulidae_28756;Fundulus_8077;Fundulus_heteroclitus_8078	98.958	100	3.48e-94	192	0	N/A	N/A	N/A
2806eb2037ac875a303902dcaf132007	FJ445401.1.69.1011###root_1;Eukaryota_2759;Chordata_7711;Actinopteri_186623;Cyprinodontiformes_28738;Fundulidae_28756;Fundulus_8077;Fundulus_heteroclitus_8078	98.438	100	1.62e-92	192	0	N/A	N/A	N/A
2806eb2037ac875a303902dcaf132007	KX686091.1.<1.>670###root_1;Eukaryota_2759;Chordata_7711;Actinopteri_186623;Cyprinodontiformes_28738;Fundulidae_28756;Fundulus_8077;Fundulus_heteroclitus_8078	99.444	94	3.51e-89	180	0	N/A	N/A	N/A
2806eb2037ac875a303902dcaf132007	KX686098.1.<1.>670###root_1;Eukaryota_2759;Chordata_7711;Actinopteri_186623;Cyprinodontiformes_28738;Fundulidae_28756;Fundulus_8077;Fundulus_heteroclitus_8078	99.444	94	3.51e-89	180	0	N/A	N/A	N/A
2806eb2037ac875a303902dcaf132007	KX686092.1.<1.>670###root_1;Eukaryota_2759;Chordata_7711;Actinopteri_186623;Cyprinodontiformes_28738;Fundulidae_28756;Fundulus_8077;Fundulus_heteroclitus_8078	98.889	94	1.63e-87	180	0	N/A	N/A	N/A
2806eb2037ac875a303902dcaf132007	OP537867.1.<1.>216###root_1;Eukaryota_2759;Chordata_7711;Actinopteri_186623;Cyprinodontiformes_28738;Fundulidae_28756;Fundulus_8077;Fundulus_pulvereus_76054	96.354	100	7.59e-86	192	0	N/A	N/A	N/A
5dc6dfc0df861857a5b48a1cfac8d7df	FJ445403.1.69.1011###root_1;Eukaryota_2759;Chordata_7711;Actinopteri_186623;Cyprinodontiformes_28738;Fundulidae_28756;Fundulus_8077;Fundulus_heteroclitus_8078	99.479	100	7.49e-96	192	0	N/A	N/A	N/A
5dc6dfc0df861857a5b48a1cfac8d7df	FJ445398.1.69.1011###root_1;Eukaryota_2759;Chordata_7711;Actinopteri_186623;Cyprinodontiformes_28738;Fundulidae_28756;Fundulus_8077;Fundulus_heteroclitus_8078	99.479	100	7.49e-96	192	0	N/A	N/A	N/A
5dc6dfc0df861857a5b48a1cfac8d7df	KT869378.1.69.1011###root_1;Eukaryota_2759;Chordata_7711;Actinopteri_186623;Cyprinodontiformes_28738;Fundulidae_28756;Fundulus_8077;Fundulus_heteroclitus_8078	99.479	100	7.49e-96	192	0	N/A	N/A	N/A
5dc6dfc0df861857a5b48a1cfac8d7df	FJ445400.1.69.1011###root_1;Eukaryota_2759;Chordata_7711;Actinopteri_186623;Cyprinodontiformes_28738;Fundulidae_28756;Fundulus_8077;Fundulus_heteroclitus_8078	98.958	100	3.48e-94	192	0	N/A	N/A	N/A
5dc6dfc0df861857a5b48a1cfac8d7df	FJ445402.1.69.1011###root_1;Eukaryota_2759;Chordata_7711;Actinopteri_186623;Cyprinodontiformes_28738;Fundulidae_28756;Fundulus_8077;Fundulus_heteroclitus_8078	98.958	100	3.48e-94	192	0	N/A	N/A	N/A
5dc6dfc0df861857a5b48a1cfac8d7df	FJ445401.1.69.1011###root_1;Eukaryota_2759;Chordata_7711;Actinopteri_186623;Cyprinodontiformes_28738;Fundulidae_28756;Fundulus_8077;Fundulus_heteroclitus_8078	98.438	100	1.62e-92	192	0	N/A	N/A	N/A
5dc6dfc0df861857a5b48a1cfac8d7df	KX686091.1.<1.>670###root_1;Eukaryota_2759;Chordata_7711;Actinopteri_186623;Cyprinodontiformes_28738;Fundulidae_28756;Fundulus_8077;Fundulus_heteroclitus_8078	99.444	94	3.51e-89	180	0	N/A	N/A	N/A
5dc6dfc0df861857a5b48a1cfac8d7df	KX686098.1.<1.>670###root_1;Eukaryota_2759;Chordata_7711;Actinopteri_186623;Cyprinodontiformes_28738;Fundulidae_28756;Fundulus_8077;Fundulus_heteroclitus_8078	99.444	94	3.51e-89	180	0	N/A	N/A	N/A
5dc6dfc0df861857a5b48a1cfac8d7df	KX686092.1.<1.>670###root_1;Eukaryota_2759;Chordata_7711;Actinopteri_186623;Cyprinodontiformes_28738;Fundulidae_28756;Fundulus_8077;Fundulus_heteroclitus_8078	98.889	94	1.63e-87	180	0	N/A	N/A	N/A
5dc6dfc0df861857a5b48a1cfac8d7df	OP537867.1.<1.>216###root_1;Eukaryota_2759;Chordata_7711;Actinopteri_186623;Cyprinodontiformes_28738;Fundulidae_28756;Fundulus_8077;Fundulus_pulvereus_76054	96.354	100	7.59e-86	192	0	N/A	N/A	N/A
6045b5acc4fed2a8f1ee16d774129173	FJ445403.1.69.1011###root_1;Eukaryota_2759;Chordata_7711;Actinopteri_186623;Cyprinodontiformes_28738;Fundulidae_28756;Fundulus_8077;Fundulus_heteroclitus_8078	99.479	100	7.49e-96	192	0	N/A	N/A	N/A
6045b5acc4fed2a8f1ee16d774129173	FJ445398.1.69.1011###root_1;Eukaryota_2759;Chordata_7711;Actinopteri_186623;Cyprinodontiformes_28738;Fundulidae_28756;Fundulus_8077;Fundulus_heteroclitus_8078	99.479	100	7.49e-96	192	0	N/A	N/A	N/A
6045b5acc4fed2a8f1ee16d774129173	KT869378.1.69.1011###root_1;Eukaryota_2759;Chordata_7711;Actinopteri_186623;Cyprinodontiformes_28738;Fundulidae_28756;Fundulus_8077;Fundulus_heteroclitus_8078	99.479	100	7.49e-96	192	0	N/A	N/A	N/A
6045b5acc4fed2a8f1ee16d774129173	FJ445400.1.69.1011###root_1;Eukaryota_2759;Chordata_7711;Actinopteri_186623;Cyprinodontiformes_28738;Fundulidae_28756;Fundulus_8077;Fundulus_heteroclitus_8078	98.958	100	3.48e-94	192	0	N/A	N/A	N/A
6045b5acc4fed2a8f1ee16d774129173	FJ445402.1.69.1011###root_1;Eukaryota_2759;Chordata_7711;Actinopteri_186623;Cyprinodontiformes_28738;Fundulidae_28756;Fundulus_8077;Fundulus_heteroclitus_8078	98.958	100	3.48e-94	192	0	N/A	N/A	N/A
6045b5acc4fed2a8f1ee16d774129173	FJ445401.1.69.1011###root_1;Eukaryota_2759;Chordata_7711;Actinopteri_186623;Cyprinodontiformes_28738;Fundulidae_28756;Fundulus_8077;Fundulus_heteroclitus_8078	98.438	100	1.62e-92	192	0	N/A	N/A	N/A
6045b5acc4fed2a8f1ee16d774129173	KX686091.1.<1.>670###root_1;Eukaryota_2759;Chordata_7711;Actinopteri_186623;Cyprinodontiformes_28738;Fundulidae_28756;Fundulus_8077;Fundulus_heteroclitus_8078	99.444	94	3.51e-89	180	0	N/A	N/A	N/A
6045b5acc4fed2a8f1ee16d774129173	KX686098.1.<1.>670###root_1;Eukaryota_2759;Chordata_7711;Actinopteri_186623;Cyprinodontiformes_28738;Fundulidae_28756;Fundulus_8077;Fundulus_heteroclitus_8078	99.444	94	3.51e-89	180	0	N/A	N/A	N/A
6045b5acc4fed2a8f1ee16d774129173	KX686092.1.<1.>670###root_1;Eukaryota_2759;Chordata_7711;Actinopteri_186623;Cyprinodontiformes_28738;Fundulidae_28756;Fundulus_8077;Fundulus_heteroclitus_8078	98.889	94	1.63e-87	180	0	N/A	N/A	N/A
6045b5acc4fed2a8f1ee16d774129173	OP537867.1.<1.>216###root_1;Eukaryota_2759;Chordata_7711;Actinopteri_186623;Cyprinodontiformes_28738;Fundulidae_28756;Fundulus_8077;Fundulus_pulvereus_76054	96.354	100	7.59e-86	192	0	N/A	N/A	N/A
ea4e799d4a42f73d5d52538d885f690b	FJ445403.1.69.1011###root_1;Eukaryota_2759;Chordata_7711;Actinopteri_186623;Cyprinodontiformes_28738;Fundulidae_28756;Fundulus_8077;Fundulus_heteroclitus_8078	100.000	100	1.61e-97	192	0	N/A	N/A	N/A
ea4e799d4a42f73d5d52538d885f690b	FJ445398.1.69.1011###root_1;Eukaryota_2759;Chordata_7711;Actinopteri_186623;Cyprinodontiformes_28738;Fundulidae_28756;Fundulus_8077;Fundulus_heteroclitus_8078	100.000	100	1.61e-97	192	0	N/A	N/A	N/A
ea4e799d4a42f73d5d52538d885f690b	KT869378.1.69.1011###root_1;Eukaryota_2759;Chordata_7711;Actinopteri_186623;Cyprinodontiformes_28738;Fundulidae_28756;Fundulus_8077;Fundulus_heteroclitus_8078	100.000	100	1.61e-97	192	0	N/A	N/A	N/A
ea4e799d4a42f73d5d52538d885f690b	FJ445400.1.69.1011###root_1;Eukaryota_2759;Chordata_7711;Actinopteri_186623;Cyprinodontiformes_28738;Fundulidae_28756;Fundulus_8077;Fundulus_heteroclitus_8078	99.479	100	7.49e-96	192	0	N/A	N/A	N/A
ea4e799d4a42f73d5d52538d885f690b	FJ445402.1.69.1011###root_1;Eukaryota_2759;Chordata_7711;Actinopteri_186623;Cyprinodontiformes_28738;Fundulidae_28756;Fundulus_8077;Fundulus_heteroclitus_8078	99.479	100	7.49e-96	192	0	N/A	N/A	N/A
ea4e799d4a42f73d5d52538d885f690b	FJ445401.1.69.1011###root_1;Eukaryota_2759;Chordata_7711;Actinopteri_186623;Cyprinodontiformes_28738;Fundulidae_28756;Fundulus_8077;Fundulus_heteroclitus_8078	98.958	100	3.48e-94	192	0	N/A	N/A	N/A
ea4e799d4a42f73d5d52538d885f690b	KX686091.1.<1.>670###root_1;Eukaryota_2759;Chordata_7711;Actinopteri_186623;Cyprinodontiformes_28738;Fundulidae_28756;Fundulus_8077;Fundulus_heteroclitus_8078	100.000	94	7.54e-91	180	0	N/A	N/A	N/A
ea4e799d4a42f73d5d52538d885f690b	KX686098.1.<1.>670###root_1;Eukaryota_2759;Chordata_7711;Actinopteri_186623;Cyprinodontiformes_28738;Fundulidae_28756;Fundulus_8077;Fundulus_heteroclitus_8078	100.000	94	7.54e-91	180	0	N/A	N/A	N/A
ea4e799d4a42f73d5d52538d885f690b	KX686092.1.<1.>670###root_1;Eukaryota_2759;Chordata_7711;Actinopteri_186623;Cyprinodontiformes_28738;Fundulidae_28756;Fundulus_8077;Fundulus_heteroclitus_8078	99.444	94	3.51e-89	180	0	N/A	N/A	N/A
ea4e799d4a42f73d5d52538d885f690b	OP537867.1.<1.>216###root_1;Eukaryota_2759;Chordata_7711;Actinopteri_186623;Cyprinodontiformes_28738;Fundulidae_28756;Fundulus_8077;Fundulus_pulvereus_76054	96.875	100	1.63e-87	192	0	N/A	N/A	N/A
e6eb6be7cfd91daa825a9ce0dcbc0612	FJ445403.1.69.1011###root_1;Eukaryota_2759;Chordata_7711;Actinopteri_186623;Cyprinodontiformes_28738;Fundulidae_28756;Fundulus_8077;Fundulus_heteroclitus_8078	99.479	100	7.49e-96	192	0	N/A	N/A	N/A
e6eb6be7cfd91daa825a9ce0dcbc0612	FJ445398.1.69.1011###root_1;Eukaryota_2759;Chordata_7711;Actinopteri_186623;Cyprinodontiformes_28738;Fundulidae_28756;Fundulus_8077;Fundulus_heteroclitus_8078	99.479	100	7.49e-96	192	0	N/A	N/A	N/A
e6eb6be7cfd91daa825a9ce0dcbc0612	KT869378.1.69.1011###root_1;Eukaryota_2759;Chordata_7711;Actinopteri_186623;Cyprinodontiformes_28738;Fundulidae_28756;Fundulus_8077;Fundulus_heteroclitus_8078	99.479	100	7.49e-96	192	0	N/A	N/A	N/A
e6eb6be7cfd91daa825a9ce0dcbc0612	FJ445400.1.69.1011###root_1;Eukaryota_2759;Chordata_7711;Actinopteri_186623;Cyprinodontiformes_28738;Fundulidae_28756;Fundulus_8077;Fundulus_heteroclitus_8078	98.958	100	3.48e-94	192	0	N/A	N/A	N/A
e6eb6be7cfd91daa825a9ce0dcbc0612	FJ445402.1.69.1011###root_1;Eukaryota_2759;Chordata_7711;Actinopteri_186623;Cyprinodontiformes_28738;Fundulidae_28756;Fundulus_8077;Fundulus_heteroclitus_8078	98.958	100	3.48e-94	192	0	N/A	N/A	N/A
e6eb6be7cfd91daa825a9ce0dcbc0612	FJ445401.1.69.1011###root_1;Eukaryota_2759;Chordata_7711;Actinopteri_186623;Cyprinodontiformes_28738;Fundulidae_28756;Fundulus_8077;Fundulus_heteroclitus_8078	98.438	100	1.62e-92	192	0	N/A	N/A	N/A
e6eb6be7cfd91daa825a9ce0dcbc0612	KX686091.1.<1.>670###root_1;Eukaryota_2759;Chordata_7711;Actinopteri_186623;Cyprinodontiformes_28738;Fundulidae_28756;Fundulus_8077;Fundulus_heteroclitus_8078	99.444	94	3.51e-89	180	0	N/A	N/A	N/A
e6eb6be7cfd91daa825a9ce0dcbc0612	KX686098.1.<1.>670###root_1;Eukaryota_2759;Chordata_7711;Actinopteri_186623;Cyprinodontiformes_28738;Fundulidae_28756;Fundulus_8077;Fundulus_heteroclitus_8078	99.444	94	3.51e-89	180	0	N/A	N/A	N/A
e6eb6be7cfd91daa825a9ce0dcbc0612	KX686092.1.<1.>670###root_1;Eukaryota_2759;Chordata_7711;Actinopteri_186623;Cyprinodontiformes_28738;Fundulidae_28756;Fundulus_8077;Fundulus_heteroclitus_8078	98.889	94	1.63e-87	180	0	N/A	N/A	N/A
e6eb6be7cfd91daa825a9ce0dcbc0612	OP537867.1.<1.>216###root_1;Eukaryota_2759;Chordata_7711;Actinopteri_186623;Cyprinodontiformes_28738;Fundulidae_28756;Fundulus_8077;Fundulus_pulvereus_76054	96.354	100	7.59e-86	192	0	N/A	N/A	N/A
72e4b219e0b03d1280215dfe42956297	FJ445403.1.69.1011###root_1;Eukaryota_2759;Chordata_7711;Actinopteri_186623;Cyprinodontiformes_28738;Fundulidae_28756;Fundulus_8077;Fundulus_heteroclitus_8078	99.479	100	7.49e-96	192	0	N/A	N/A	N/A
72e4b219e0b03d1280215dfe42956297	FJ445398.1.69.1011###root_1;Eukaryota_2759;Chordata_7711;Actinopteri_186623;Cyprinodontiformes_28738;Fundulidae_28756;Fundulus_8077;Fundulus_heteroclitus_8078	99.479	100	7.49e-96	192	0	N/A	N/A	N/A
72e4b219e0b03d1280215dfe42956297	KT869378.1.69.1011###root_1;Eukaryota_2759;Chordata_7711;Actinopteri_186623;Cyprinodontiformes_28738;Fundulidae_28756;Fundulus_8077;Fundulus_heteroclitus_8078	99.479	100	7.49e-96	192	0	N/A	N/A	N/A
72e4b219e0b03d1280215dfe42956297	FJ445400.1.69.1011###root_1;Eukaryota_2759;Chordata_7711;Actinopteri_186623;Cyprinodontiformes_28738;Fundulidae_28756;Fundulus_8077;Fundulus_heteroclitus_8078	98.958	100	3.48e-94	192	0	N/A	N/A	N/A
72e4b219e0b03d1280215dfe42956297	FJ445402.1.69.1011###root_1;Eukaryota_2759;Chordata_7711;Actinopteri_186623;Cyprinodontiformes_28738;Fundulidae_28756;Fundulus_8077;Fundulus_heteroclitus_8078	98.958	100	3.48e-94	192	0	N/A	N/A	N/A
72e4b219e0b03d1280215dfe42956297	FJ445401.1.69.1011###root_1;Eukaryota_2759;Chordata_7711;Actinopteri_186623;Cyprinodontiformes_28738;Fundulidae_28756;Fundulus_8077;Fundulus_heteroclitus_8078	98.438	100	1.62e-92	192	0	N/A	N/A	N/A
72e4b219e0b03d1280215dfe42956297	KX686091.1.<1.>670###root_1;Eukaryota_2759;Chordata_7711;Actinopteri_186623;Cyprinodontiformes_28738;Fundulidae_28756;Fundulus_8077;Fundulus_heteroclitus_8078	99.444	94	3.51e-89	180	0	N/A	N/A	N/A
72e4b219e0b03d1280215dfe42956297	KX686098.1.<1.>670###root_1;Eukaryota_2759;Chordata_7711;Actinopteri_186623;Cyprinodontiformes_28738;Fundulidae_28756;Fundulus_8077;Fundulus_heteroclitus_8078	99.444	94	3.51e-89	180	0	N/A	N/A	N/A
72e4b219e0b03d1280215dfe42956297	KX686092.1.<1.>670###root_1;Eukaryota_2759;Chordata_7711;Actinopteri_186623;Cyprinodontiformes_28738;Fundulidae_28756;Fundulus_8077;Fundulus_heteroclitus_8078	98.889	94	1.63e-87	180	0	N/A	N/A	N/A
72e4b219e0b03d1280215dfe42956297	OP537867.1.<1.>216###root_1;Eukaryota_2759;Chordata_7711;Actinopteri_186623;Cyprinodontiformes_28738;Fundulidae_28756;Fundulus_8077;Fundulus_pulvereus_76054	96.354	100	7.59e-86	192	0	N/A	N/A	N/A
67438ac9c8d2e699418171159617b305	FJ445403.1.69.1011###root_1;Eukaryota_2759;Chordata_7711;Actinopteri_186623;Cyprinodontiformes_28738;Fundulidae_28756;Fundulus_8077;Fundulus_heteroclitus_8078	99.479	100	7.49e-96	192	0	N/A	N/A	N/A
67438ac9c8d2e699418171159617b305	FJ445398.1.69.1011###root_1;Eukaryota_2759;Chordata_7711;Actinopteri_186623;Cyprinodontiformes_28738;Fundulidae_28756;Fundulus_8077;Fundulus_heteroclitus_8078	99.479	100	7.49e-96	192	0	N/A	N/A	N/A
67438ac9c8d2e699418171159617b305	KT869378.1.69.1011###root_1;Eukaryota_2759;Chordata_7711;Actinopteri_186623;Cyprinodontiformes_28738;Fundulidae_28756;Fundulus_8077;Fundulus_heteroclitus_8078	99.479	100	7.49e-96	192	0	N/A	N/A	N/A
67438ac9c8d2e699418171159617b305	FJ445400.1.69.1011###root_1;Eukaryota_2759;Chordata_7711;Actinopteri_186623;Cyprinodontiformes_28738;Fundulidae_28756;Fundulus_8077;Fundulus_heteroclitus_8078	98.958	100	3.48e-94	192	0	N/A	N/A	N/A
67438ac9c8d2e699418171159617b305	FJ445402.1.69.1011###root_1;Eukaryota_2759;Chordata_7711;Actinopteri_186623;Cyprinodontiformes_28738;Fundulidae_28756;Fundulus_8077;Fundulus_heteroclitus_8078	98.958	100	3.48e-94	192	0	N/A	N/A	N/A
67438ac9c8d2e699418171159617b305	FJ445401.1.69.1011###root_1;Eukaryota_2759;Chordata_7711;Actinopteri_186623;Cyprinodontiformes_28738;Fundulidae_28756;Fundulus_8077;Fundulus_heteroclitus_8078	98.438	100	1.62e-92	192	0	N/A	N/A	N/A
67438ac9c8d2e699418171159617b305	KX686091.1.<1.>670###root_1;Eukaryota_2759;Chordata_7711;Actinopteri_186623;Cyprinodontiformes_28738;Fundulidae_28756;Fundulus_8077;Fundulus_heteroclitus_8078	99.444	94	3.51e-89	180	0	N/A	N/A	N/A
67438ac9c8d2e699418171159617b305	KX686098.1.<1.>670###root_1;Eukaryota_2759;Chordata_7711;Actinopteri_186623;Cyprinodontiformes_28738;Fundulidae_28756;Fundulus_8077;Fundulus_heteroclitus_8078	99.444	94	3.51e-89	180	0	N/A	N/A	N/A
67438ac9c8d2e699418171159617b305	KX686092.1.<1.>670###root_1;Eukaryota_2759;Chordata_7711;Actinopteri_186623;Cyprinodontiformes_28738;Fundulidae_28756;Fundulus_8077;Fundulus_heteroclitus_8078	98.889	94	1.63e-87	180	0	N/A	N/A	N/A
67438ac9c8d2e699418171159617b305	OP537867.1.<1.>216###root_1;Eukaryota_2759;Chordata_7711;Actinopteri_186623;Cyprinodontiformes_28738;Fundulidae_28756;Fundulus_8077;Fundulus_pulvereus_76054	96.354	100	7.59e-86	192	0	N/A	N/A	N/A
7034e5d2ca1ca429a0d42f70fb737f8f	FJ445403.1.69.1011###root_1;Eukaryota_2759;Chordata_7711;Actinopteri_186623;Cyprinodontiformes_28738;Fundulidae_28756;Fundulus_8077;Fundulus_heteroclitus_8078	99.479	100	7.49e-96	192	0	N/A	N/A	N/A
7034e5d2ca1ca429a0d42f70fb737f8f	FJ445398.1.69.1011###root_1;Eukaryota_2759;Chordata_7711;Actinopteri_186623;Cyprinodontiformes_28738;Fundulidae_28756;Fundulus_8077;Fundulus_heteroclitus_8078	99.479	100	7.49e-96	192	0	N/A	N/A	N/A
7034e5d2ca1ca429a0d42f70fb737f8f	KT869378.1.69.1011###root_1;Eukaryota_2759;Chordata_7711;Actinopteri_186623;Cyprinodontiformes_28738;Fundulidae_28756;Fundulus_8077;Fundulus_heteroclitus_8078	99.479	100	7.49e-96	192	0	N/A	N/A	N/A
7034e5d2ca1ca429a0d42f70fb737f8f	FJ445400.1.69.1011###root_1;Eukaryota_2759;Chordata_7711;Actinopteri_186623;Cyprinodontiformes_28738;Fundulidae_28756;Fundulus_8077;Fundulus_heteroclitus_8078	98.958	100	3.48e-94	192	0	N/A	N/A	N/A
7034e5d2ca1ca429a0d42f70fb737f8f	FJ445402.1.69.1011###root_1;Eukaryota_2759;Chordata_7711;Actinopteri_186623;Cyprinodontiformes_28738;Fundulidae_28756;Fundulus_8077;Fundulus_heteroclitus_8078	98.958	100	3.48e-94	192	0	N/A	N/A	N/A
7034e5d2ca1ca429a0d42f70fb737f8f	FJ445401.1.69.1011###root_1;Eukaryota_2759;Chordata_7711;Actinopteri_186623;Cyprinodontiformes_28738;Fundulidae_28756;Fundulus_8077;Fundulus_heteroclitus_8078	98.438	100	1.62e-92	192	0	N/A	N/A	N/A
7034e5d2ca1ca429a0d42f70fb737f8f	KX686091.1.<1.>670###root_1;Eukaryota_2759;Chordata_7711;Actinopteri_186623;Cyprinodontiformes_28738;Fundulidae_28756;Fundulus_8077;Fundulus_heteroclitus_8078	99.444	94	3.51e-89	180	0	N/A	N/A	N/A
7034e5d2ca1ca429a0d42f70fb737f8f	KX686098.1.<1.>670###root_1;Eukaryota_2759;Chordata_7711;Actinopteri_186623;Cyprinodontiformes_28738;Fundulidae_28756;Fundulus_8077;Fundulus_heteroclitus_8078	99.444	94	3.51e-89	180	0	N/A	N/A	N/A
7034e5d2ca1ca429a0d42f70fb737f8f	KX686092.1.<1.>670###root_1;Eukaryota_2759;Chordata_7711;Actinopteri_186623;Cyprinodontiformes_28738;Fundulidae_28756;Fundulus_8077;Fundulus_heteroclitus_8078	98.889	94	1.63e-87	180	0	N/A	N/A	N/A
7034e5d2ca1ca429a0d42f70fb737f8f	OP537867.1.<1.>216###root_1;Eukaryota_2759;Chordata_7711;Actinopteri_186623;Cyprinodontiformes_28738;Fundulidae_28756;Fundulus_8077;Fundulus_pulvereus_76054	96.354	100	7.59e-86	192	0	N/A	N/A	N/A
5d5c56eec222ec8204d95a6f9147a263	FJ445403.1.69.1011###root_1;Eukaryota_2759;Chordata_7711;Actinopteri_186623;Cyprinodontiformes_28738;Fundulidae_28756;Fundulus_8077;Fundulus_heteroclitus_8078	99.479	100	7.49e-96	192	0	N/A	N/A	N/A
5d5c56eec222ec8204d95a6f9147a263	FJ445398.1.69.1011###root_1;Eukaryota_2759;Chordata_7711;Actinopteri_186623;Cyprinodontiformes_28738;Fundulidae_28756;Fundulus_8077;Fundulus_heteroclitus_8078	99.479	100	7.49e-96	192	0	N/A	N/A	N/A
5d5c56eec222ec8204d95a6f9147a263	KT869378.1.69.1011###root_1;Eukaryota_2759;Chordata_7711;Actinopteri_186623;Cyprinodontiformes_28738;Fundulidae_28756;Fundulus_8077;Fundulus_heteroclitus_8078	99.479	100	7.49e-96	192	0	N/A	N/A	N/A
5d5c56eec222ec8204d95a6f9147a263	FJ445400.1.69.1011###root_1;Eukaryota_2759;Chordata_7711;Actinopteri_186623;Cyprinodontiformes_28738;Fundulidae_28756;Fundulus_8077;Fundulus_heteroclitus_8078	98.958	100	3.48e-94	192	0	N/A	N/A	N/A
5d5c56eec222ec8204d95a6f9147a263	FJ445402.1.69.1011###root_1;Eukaryota_2759;Chordata_7711;Actinopteri_186623;Cyprinodontiformes_28738;Fundulidae_28756;Fundulus_8077;Fundulus_heteroclitus_8078	98.958	100	3.48e-94	192	0	N/A	N/A	N/A
5d5c56eec222ec8204d95a6f9147a263	FJ445401.1.69.1011###root_1;Eukaryota_2759;Chordata_7711;Actinopteri_186623;Cyprinodontiformes_28738;Fundulidae_28756;Fundulus_8077;Fundulus_heteroclitus_8078	98.438	100	1.62e-92	192	0	N/A	N/A	N/A
5d5c56eec222ec8204d95a6f9147a263	KX686091.1.<1.>670###root_1;Eukaryota_2759;Chordata_7711;Actinopteri_186623;Cyprinodontiformes_28738;Fundulidae_28756;Fundulus_8077;Fundulus_heteroclitus_8078	99.444	94	3.51e-89	180	0	N/A	N/A	N/A
5d5c56eec222ec8204d95a6f9147a263	KX686098.1.<1.>670###root_1;Eukaryota_2759;Chordata_7711;Actinopteri_186623;Cyprinodontiformes_28738;Fundulidae_28756;Fundulus_8077;Fundulus_heteroclitus_8078	99.444	94	3.51e-89	180	0	N/A	N/A	N/A
5d5c56eec222ec8204d95a6f9147a263	KX686092.1.<1.>670###root_1;Eukaryota_2759;Chordata_7711;Actinopteri_186623;Cyprinodontiformes_28738;Fundulidae_28756;Fundulus_8077;Fundulus_heteroclitus_8078	98.889	94	1.63e-87	180	0	N/A	N/A	N/A
5d5c56eec222ec8204d95a6f9147a263	OP537867.1.<1.>216###root_1;Eukaryota_2759;Chordata_7711;Actinopteri_186623;Cyprinodontiformes_28738;Fundulidae_28756;Fundulus_8077;Fundulus_pulvereus_76054	96.354	100	7.59e-86	192	0	N/A	N/A	N/A
a30b2bf2c2c7f02260f4c5091febb29f	FJ445403.1.69.1011###root_1;Eukaryota_2759;Chordata_7711;Actinopteri_186623;Cyprinodontiformes_28738;Fundulidae_28756;Fundulus_8077;Fundulus_heteroclitus_8078	99.479	100	7.49e-96	192	0	N/A	N/A	N/A
a30b2bf2c2c7f02260f4c5091febb29f	FJ445398.1.69.1011###root_1;Eukaryota_2759;Chordata_7711;Actinopteri_186623;Cyprinodontiformes_28738;Fundulidae_28756;Fundulus_8077;Fundulus_heteroclitus_8078	99.479	100	7.49e-96	192	0	N/A	N/A	N/A
a30b2bf2c2c7f02260f4c5091febb29f	KT869378.1.69.1011###root_1;Eukaryota_2759;Chordata_7711;Actinopteri_186623;Cyprinodontiformes_28738;Fundulidae_28756;Fundulus_8077;Fundulus_heteroclitus_8078	99.479	100	7.49e-96	192	0	N/A	N/A	N/A
a30b2bf2c2c7f02260f4c5091febb29f	FJ445400.1.69.1011###root_1;Eukaryota_2759;Chordata_7711;Actinopteri_186623;Cyprinodontiformes_28738;Fundulidae_28756;Fundulus_8077;Fundulus_heteroclitus_8078	98.958	100	3.48e-94	192	0	N/A	N/A	N/A
a30b2bf2c2c7f02260f4c5091febb29f	FJ445402.1.69.1011###root_1;Eukaryota_2759;Chordata_7711;Actinopteri_186623;Cyprinodontiformes_28738;Fundulidae_28756;Fundulus_8077;Fundulus_heteroclitus_8078	98.958	100	3.48e-94	192	0	N/A	N/A	N/A
a30b2bf2c2c7f02260f4c5091febb29f	FJ445401.1.69.1011###root_1;Eukaryota_2759;Chordata_7711;Actinopteri_186623;Cyprinodontiformes_28738;Fundulidae_28756;Fundulus_8077;Fundulus_heteroclitus_8078	98.438	100	1.62e-92	192	0	N/A	N/A	N/A
a30b2bf2c2c7f02260f4c5091febb29f	KX686091.1.<1.>670###root_1;Eukaryota_2759;Chordata_7711;Actinopteri_186623;Cyprinodontiformes_28738;Fundulidae_28756;Fundulus_8077;Fundulus_heteroclitus_8078	99.444	94	3.51e-89	180	0	N/A	N/A	N/A
a30b2bf2c2c7f02260f4c5091febb29f	KX686098.1.<1.>670###root_1;Eukaryota_2759;Chordata_7711;Actinopteri_186623;Cyprinodontiformes_28738;Fundulidae_28756;Fundulus_8077;Fundulus_heteroclitus_8078	99.444	94	3.51e-89	180	0	N/A	N/A	N/A
a30b2bf2c2c7f02260f4c5091febb29f	KX686092.1.<1.>670###root_1;Eukaryota_2759;Chordata_7711;Actinopteri_186623;Cyprinodontiformes_28738;Fundulidae_28756;Fundulus_8077;Fundulus_heteroclitus_8078	98.889	94	1.63e-87	180	0	N/A	N/A	N/A
a30b2bf2c2c7f02260f4c5091febb29f	OP537867.1.<1.>216###root_1;Eukaryota_2759;Chordata_7711;Actinopteri_186623;Cyprinodontiformes_28738;Fundulidae_28756;Fundulus_8077;Fundulus_pulvereus_76054	96.354	100	7.59e-86	192	0	N/A	N/A	N/A
2f9724ce0a9fba259d65c67d98bccd3b	FJ445403.1.69.1011###root_1;Eukaryota_2759;Chordata_7711;Actinopteri_186623;Cyprinodontiformes_28738;Fundulidae_28756;Fundulus_8077;Fundulus_heteroclitus_8078	99.479	100	7.49e-96	192	0	N/A	N/A	N/A
2f9724ce0a9fba259d65c67d98bccd3b	FJ445398.1.69.1011###root_1;Eukaryota_2759;Chordata_7711;Actinopteri_186623;Cyprinodontiformes_28738;Fundulidae_28756;Fundulus_8077;Fundulus_heteroclitus_8078	99.479	100	7.49e-96	192	0	N/A	N/A	N/A
2f9724ce0a9fba259d65c67d98bccd3b	KT869378.1.69.1011###root_1;Eukaryota_2759;Chordata_7711;Actinopteri_186623;Cyprinodontiformes_28738;Fundulidae_28756;Fundulus_8077;Fundulus_heteroclitus_8078	99.479	100	7.49e-96	192	0	N/A	N/A	N/A
2f9724ce0a9fba259d65c67d98bccd3b	FJ445400.1.69.1011###root_1;Eukaryota_2759;Chordata_7711;Actinopteri_186623;Cyprinodontiformes_28738;Fundulidae_28756;Fundulus_8077;Fundulus_heteroclitus_8078	98.958	100	3.48e-94	192	0	N/A	N/A	N/A
2f9724ce0a9fba259d65c67d98bccd3b	FJ445402.1.69.1011###root_1;Eukaryota_2759;Chordata_7711;Actinopteri_186623;Cyprinodontiformes_28738;Fundulidae_28756;Fundulus_8077;Fundulus_heteroclitus_8078	98.958	100	3.48e-94	192	0	N/A	N/A	N/A
2f9724ce0a9fba259d65c67d98bccd3b	FJ445401.1.69.1011###root_1;Eukaryota_2759;Chordata_7711;Actinopteri_186623;Cyprinodontiformes_28738;Fundulidae_28756;Fundulus_8077;Fundulus_heteroclitus_8078	98.438	100	1.62e-92	192	0	N/A	N/A	N/A
2f9724ce0a9fba259d65c67d98bccd3b	KX686091.1.<1.>670###root_1;Eukaryota_2759;Chordata_7711;Actinopteri_186623;Cyprinodontiformes_28738;Fundulidae_28756;Fundulus_8077;Fundulus_heteroclitus_8078	99.444	94	3.51e-89	180	0	N/A	N/A	N/A
2f9724ce0a9fba259d65c67d98bccd3b	KX686098.1.<1.>670###root_1;Eukaryota_2759;Chordata_7711;Actinopteri_186623;Cyprinodontiformes_28738;Fundulidae_28756;Fundulus_8077;Fundulus_heteroclitus_8078	99.444	94	3.51e-89	180	0	N/A	N/A	N/A
2f9724ce0a9fba259d65c67d98bccd3b	KX686092.1.<1.>670###root_1;Eukaryota_2759;Chordata_7711;Actinopteri_186623;Cyprinodontiformes_28738;Fundulidae_28756;Fundulus_8077;Fundulus_heteroclitus_8078	98.889	94	1.63e-87	180	0	N/A	N/A	N/A
2f9724ce0a9fba259d65c67d98bccd3b	OP537867.1.<1.>216###root_1;Eukaryota_2759;Chordata_7711;Actinopteri_186623;Cyprinodontiformes_28738;Fundulidae_28756;Fundulus_8077;Fundulus_pulvereus_76054	96.354	100	7.59e-86	192	0	N/A	N/A	N/A
b62ce3c8944c40533e1d8f34de01ea2f	FJ445403.1.69.1011###root_1;Eukaryota_2759;Chordata_7711;Actinopteri_186623;Cyprinodontiformes_28738;Fundulidae_28756;Fundulus_8077;Fundulus_heteroclitus_8078	99.479	100	7.49e-96	192	0	N/A	N/A	N/A
b62ce3c8944c40533e1d8f34de01ea2f	FJ445398.1.69.1011###root_1;Eukaryota_2759;Chordata_7711;Actinopteri_186623;Cyprinodontiformes_28738;Fundulidae_28756;Fundulus_8077;Fundulus_heteroclitus_8078	99.479	100	7.49e-96	192	0	N/A	N/A	N/A
b62ce3c8944c40533e1d8f34de01ea2f	KT869378.1.69.1011###root_1;Eukaryota_2759;Chordata_7711;Actinopteri_186623;Cyprinodontiformes_28738;Fundulidae_28756;Fundulus_8077;Fundulus_heteroclitus_8078	99.479	100	7.49e-96	192	0	N/A	N/A	N/A
b62ce3c8944c40533e1d8f34de01ea2f	FJ445400.1.69.1011###root_1;Eukaryota_2759;Chordata_7711;Actinopteri_186623;Cyprinodontiformes_28738;Fundulidae_28756;Fundulus_8077;Fundulus_heteroclitus_8078	98.958	100	3.48e-94	192	0	N/A	N/A	N/A
b62ce3c8944c40533e1d8f34de01ea2f	FJ445402.1.69.1011###root_1;Eukaryota_2759;Chordata_7711;Actinopteri_186623;Cyprinodontiformes_28738;Fundulidae_28756;Fundulus_8077;Fundulus_heteroclitus_8078	98.958	100	3.48e-94	192	0	N/A	N/A	N/A
b62ce3c8944c40533e1d8f34de01ea2f	FJ445401.1.69.1011###root_1;Eukaryota_2759;Chordata_7711;Actinopteri_186623;Cyprinodontiformes_28738;Fundulidae_28756;Fundulus_8077;Fundulus_heteroclitus_8078	98.438	100	1.62e-92	192	0	N/A	N/A	N/A
b62ce3c8944c40533e1d8f34de01ea2f	KX686091.1.<1.>670###root_1;Eukaryota_2759;Chordata_7711;Actinopteri_186623;Cyprinodontiformes_28738;Fundulidae_28756;Fundulus_8077;Fundulus_heteroclitus_8078	99.444	94	3.51e-89	180	0	N/A	N/A	N/A
b62ce3c8944c40533e1d8f34de01ea2f	KX686098.1.<1.>670###root_1;Eukaryota_2759;Chordata_7711;Actinopteri_186623;Cyprinodontiformes_28738;Fundulidae_28756;Fundulus_8077;Fundulus_heteroclitus_8078	99.444	94	3.51e-89	180	0	N/A	N/A	N/A
b62ce3c8944c40533e1d8f34de01ea2f	KX686092.1.<1.>670###root_1;Eukaryota_2759;Chordata_7711;Actinopteri_186623;Cyprinodontiformes_28738;Fundulidae_28756;Fundulus_8077;Fundulus_heteroclitus_8078	98.889	94	1.63e-87	180	0	N/A	N/A	N/A
b62ce3c8944c40533e1d8f34de01ea2f	OP537867.1.<1.>216###root_1;Eukaryota_2759;Chordata_7711;Actinopteri_186623;Cyprinodontiformes_28738;Fundulidae_28756;Fundulus_8077;Fundulus_pulvereus_76054	96.354	100	7.59e-86	192	0	N/A	N/A	N/A
390396fe0d3f713338ec6377ab2ac9fa	FJ445403.1.69.1011###root_1;Eukaryota_2759;Chordata_7711;Actinopteri_186623;Cyprinodontiformes_28738;Fundulidae_28756;Fundulus_8077;Fundulus_heteroclitus_8078	99.479	100	7.49e-96	192	0	N/A	N/A	N/A
390396fe0d3f713338ec6377ab2ac9fa	FJ445398.1.69.1011###root_1;Eukaryota_2759;Chordata_7711;Actinopteri_186623;Cyprinodontiformes_28738;Fundulidae_28756;Fundulus_8077;Fundulus_heteroclitus_8078	99.479	100	7.49e-96	192	0	N/A	N/A	N/A
390396fe0d3f713338ec6377ab2ac9fa	KT869378.1.69.1011###root_1;Eukaryota_2759;Chordata_7711;Actinopteri_186623;Cyprinodontiformes_28738;Fundulidae_28756;Fundulus_8077;Fundulus_heteroclitus_8078	99.479	100	7.49e-96	192	0	N/A	N/A	N/A
390396fe0d3f713338ec6377ab2ac9fa	FJ445400.1.69.1011###root_1;Eukaryota_2759;Chordata_7711;Actinopteri_186623;Cyprinodontiformes_28738;Fundulidae_28756;Fundulus_8077;Fundulus_heteroclitus_8078	98.958	100	3.48e-94	192	0	N/A	N/A	N/A
390396fe0d3f713338ec6377ab2ac9fa	FJ445402.1.69.1011###root_1;Eukaryota_2759;Chordata_7711;Actinopteri_186623;Cyprinodontiformes_28738;Fundulidae_28756;Fundulus_8077;Fundulus_heteroclitus_8078	98.958	100	3.48e-94	192	0	N/A	N/A	N/A
390396fe0d3f713338ec6377ab2ac9fa	FJ445401.1.69.1011###root_1;Eukaryota_2759;Chordata_7711;Actinopteri_186623;Cyprinodontiformes_28738;Fundulidae_28756;Fundulus_8077;Fundulus_heteroclitus_8078	98.438	100	1.62e-92	192	0	N/A	N/A	N/A
390396fe0d3f713338ec6377ab2ac9fa	KX686091.1.<1.>670###root_1;Eukaryota_2759;Chordata_7711;Actinopteri_186623;Cyprinodontiformes_28738;Fundulidae_28756;Fundulus_8077;Fundulus_heteroclitus_8078	99.444	94	3.51e-89	180	0	N/A	N/A	N/A
390396fe0d3f713338ec6377ab2ac9fa	KX686098.1.<1.>670###root_1;Eukaryota_2759;Chordata_7711;Actinopteri_186623;Cyprinodontiformes_28738;Fundulidae_28756;Fundulus_8077;Fundulus_heteroclitus_8078	99.444	94	3.51e-89	180	0	N/A	N/A	N/A
390396fe0d3f713338ec6377ab2ac9fa	KX686092.1.<1.>670###root_1;Eukaryota_2759;Chordata_7711;Actinopteri_186623;Cyprinodontiformes_28738;Fundulidae_28756;Fundulus_8077;Fundulus_heteroclitus_8078	98.889	94	1.63e-87	180	0	N/A	N/A	N/A
390396fe0d3f713338ec6377ab2ac9fa	OP537867.1.<1.>216###root_1;Eukaryota_2759;Chordata_7711;Actinopteri_186623;Cyprinodontiformes_28738;Fundulidae_28756;Fundulus_8077;Fundulus_pulvereus_76054	96.354	100	7.59e-86	192	0	N/A	N/A	N/A
aca5ed8d742a398e0377689001d0e4bb	FJ445403.1.69.1011###root_1;Eukaryota_2759;Chordata_7711;Actinopteri_186623;Cyprinodontiformes_28738;Fundulidae_28756;Fundulus_8077;Fundulus_heteroclitus_8078	99.479	100	7.49e-96	192	0	N/A	N/A	N/A
aca5ed8d742a398e0377689001d0e4bb	FJ445398.1.69.1011###root_1;Eukaryota_2759;Chordata_7711;Actinopteri_186623;Cyprinodontiformes_28738;Fundulidae_28756;Fundulus_8077;Fundulus_heteroclitus_8078	99.479	100	7.49e-96	192	0	N/A	N/A	N/A
aca5ed8d742a398e0377689001d0e4bb	KT869378.1.69.1011###root_1;Eukaryota_2759;Chordata_7711;Actinopteri_186623;Cyprinodontiformes_28738;Fundulidae_28756;Fundulus_8077;Fundulus_heteroclitus_8078	99.479	100	7.49e-96	192	0	N/A	N/A	N/A
aca5ed8d742a398e0377689001d0e4bb	FJ445400.1.69.1011###root_1;Eukaryota_2759;Chordata_7711;Actinopteri_186623;Cyprinodontiformes_28738;Fundulidae_28756;Fundulus_8077;Fundulus_heteroclitus_8078	98.958	100	3.48e-94	192	0	N/A	N/A	N/A
aca5ed8d742a398e0377689001d0e4bb	FJ445402.1.69.1011###root_1;Eukaryota_2759;Chordata_7711;Actinopteri_186623;Cyprinodontiformes_28738;Fundulidae_28756;Fundulus_8077;Fundulus_heteroclitus_8078	98.958	100	3.48e-94	192	0	N/A	N/A	N/A
aca5ed8d742a398e0377689001d0e4bb	FJ445401.1.69.1011###root_1;Eukaryota_2759;Chordata_7711;Actinopteri_186623;Cyprinodontiformes_28738;Fundulidae_28756;Fundulus_8077;Fundulus_heteroclitus_8078	98.438	100	1.62e-92	192	0	N/A	N/A	N/A
aca5ed8d742a398e0377689001d0e4bb	KX686091.1.<1.>670###root_1;Eukaryota_2759;Chordata_7711;Actinopteri_186623;Cyprinodontiformes_28738;Fundulidae_28756;Fundulus_8077;Fundulus_heteroclitus_8078	99.444	94	3.51e-89	180	0	N/A	N/A	N/A
aca5ed8d742a398e0377689001d0e4bb	KX686098.1.<1.>670###root_1;Eukaryota_2759;Chordata_7711;Actinopteri_186623;Cyprinodontiformes_28738;Fundulidae_28756;Fundulus_8077;Fundulus_heteroclitus_8078	99.444	94	3.51e-89	180	0	N/A	N/A	N/A
aca5ed8d742a398e0377689001d0e4bb	KX686092.1.<1.>670###root_1;Eukaryota_2759;Chordata_7711;Actinopteri_186623;Cyprinodontiformes_28738;Fundulidae_28756;Fundulus_8077;Fundulus_heteroclitus_8078	98.889	94	1.63e-87	180	0	N/A	N/A	N/A
aca5ed8d742a398e0377689001d0e4bb	OP537867.1.<1.>216###root_1;Eukaryota_2759;Chordata_7711;Actinopteri_186623;Cyprinodontiformes_28738;Fundulidae_28756;Fundulus_8077;Fundulus_pulvereus_76054	96.354	100	7.59e-86	192	0	N/A	N/A	N/A
e95f92f402fd571ff6df2d3a25d6a0a4	FJ445403.1.69.1011###root_1;Eukaryota_2759;Chordata_7711;Actinopteri_186623;Cyprinodontiformes_28738;Fundulidae_28756;Fundulus_8077;Fundulus_heteroclitus_8078	99.479	100	7.49e-96	192	0	N/A	N/A	N/A
e95f92f402fd571ff6df2d3a25d6a0a4	FJ445398.1.69.1011###root_1;Eukaryota_2759;Chordata_7711;Actinopteri_186623;Cyprinodontiformes_28738;Fundulidae_28756;Fundulus_8077;Fundulus_heteroclitus_8078	99.479	100	7.49e-96	192	0	N/A	N/A	N/A
e95f92f402fd571ff6df2d3a25d6a0a4	KT869378.1.69.1011###root_1;Eukaryota_2759;Chordata_7711;Actinopteri_186623;Cyprinodontiformes_28738;Fundulidae_28756;Fundulus_8077;Fundulus_heteroclitus_8078	99.479	100	7.49e-96	192	0	N/A	N/A	N/A
e95f92f402fd571ff6df2d3a25d6a0a4	FJ445400.1.69.1011###root_1;Eukaryota_2759;Chordata_7711;Actinopteri_186623;Cyprinodontiformes_28738;Fundulidae_28756;Fundulus_8077;Fundulus_heteroclitus_8078	98.958	100	3.48e-94	192	0	N/A	N/A	N/A
e95f92f402fd571ff6df2d3a25d6a0a4	FJ445402.1.69.1011###root_1;Eukaryota_2759;Chordata_7711;Actinopteri_186623;Cyprinodontiformes_28738;Fundulidae_28756;Fundulus_8077;Fundulus_heteroclitus_8078	98.958	100	3.48e-94	192	0	N/A	N/A	N/A
e95f92f402fd571ff6df2d3a25d6a0a4	FJ445401.1.69.1011###root_1;Eukaryota_2759;Chordata_7711;Actinopteri_186623;Cyprinodontiformes_28738;Fundulidae_28756;Fundulus_8077;Fundulus_heteroclitus_8078	98.438	100	1.62e-92	192	0	N/A	N/A	N/A
e95f92f402fd571ff6df2d3a25d6a0a4	KX686091.1.<1.>670###root_1;Eukaryota_2759;Chordata_7711;Actinopteri_186623;Cyprinodontiformes_28738;Fundulidae_28756;Fundulus_8077;Fundulus_heteroclitus_8078	99.444	94	3.51e-89	180	0	N/A	N/A	N/A
e95f92f402fd571ff6df2d3a25d6a0a4	KX686098.1.<1.>670###root_1;Eukaryota_2759;Chordata_7711;Actinopteri_186623;Cyprinodontiformes_28738;Fundulidae_28756;Fundulus_8077;Fundulus_heteroclitus_8078	99.444	94	3.51e-89	180	0	N/A	N/A	N/A
e95f92f402fd571ff6df2d3a25d6a0a4	KX686092.1.<1.>670###root_1;Eukaryota_2759;Chordata_7711;Actinopteri_186623;Cyprinodontiformes_28738;Fundulidae_28756;Fundulus_8077;Fundulus_heteroclitus_8078	98.889	94	1.63e-87	180	0	N/A	N/A	N/A
e95f92f402fd571ff6df2d3a25d6a0a4	OP537867.1.<1.>216###root_1;Eukaryota_2759;Chordata_7711;Actinopteri_186623;Cyprinodontiformes_28738;Fundulidae_28756;Fundulus_8077;Fundulus_pulvereus_76054	96.354	100	7.59e-86	192	0	N/A	N/A	N/A
b59639ba5276c709f54ec88aeb3b7653	FJ445403.1.69.1011###root_1;Eukaryota_2759;Chordata_7711;Actinopteri_186623;Cyprinodontiformes_28738;Fundulidae_28756;Fundulus_8077;Fundulus_heteroclitus_8078	99.479	100	7.49e-96	192	0	N/A	N/A	N/A
b59639ba5276c709f54ec88aeb3b7653	FJ445398.1.69.1011###root_1;Eukaryota_2759;Chordata_7711;Actinopteri_186623;Cyprinodontiformes_28738;Fundulidae_28756;Fundulus_8077;Fundulus_heteroclitus_8078	99.479	100	7.49e-96	192	0	N/A	N/A	N/A
b59639ba5276c709f54ec88aeb3b7653	KT869378.1.69.1011###root_1;Eukaryota_2759;Chordata_7711;Actinopteri_186623;Cyprinodontiformes_28738;Fundulidae_28756;Fundulus_8077;Fundulus_heteroclitus_8078	99.479	100	7.49e-96	192	0	N/A	N/A	N/A
b59639ba5276c709f54ec88aeb3b7653	FJ445400.1.69.1011###root_1;Eukaryota_2759;Chordata_7711;Actinopteri_186623;Cyprinodontiformes_28738;Fundulidae_28756;Fundulus_8077;Fundulus_heteroclitus_8078	98.958	100	3.48e-94	192	0	N/A	N/A	N/A
b59639ba5276c709f54ec88aeb3b7653	FJ445402.1.69.1011###root_1;Eukaryota_2759;Chordata_7711;Actinopteri_186623;Cyprinodontiformes_28738;Fundulidae_28756;Fundulus_8077;Fundulus_heteroclitus_8078	98.958	100	3.48e-94	192	0	N/A	N/A	N/A
b59639ba5276c709f54ec88aeb3b7653	FJ445401.1.69.1011###root_1;Eukaryota_2759;Chordata_7711;Actinopteri_186623;Cyprinodontiformes_28738;Fundulidae_28756;Fundulus_8077;Fundulus_heteroclitus_8078	98.438	100	1.62e-92	192	0	N/A	N/A	N/A
b59639ba5276c709f54ec88aeb3b7653	KX686091.1.<1.>670###root_1;Eukaryota_2759;Chordata_7711;Actinopteri_186623;Cyprinodontiformes_28738;Fundulidae_28756;Fundulus_8077;Fundulus_heteroclitus_8078	99.444	94	3.51e-89	180	0	N/A	N/A	N/A
b59639ba5276c709f54ec88aeb3b7653	KX686098.1.<1.>670###root_1;Eukaryota_2759;Chordata_7711;Actinopteri_186623;Cyprinodontiformes_28738;Fundulidae_28756;Fundulus_8077;Fundulus_heteroclitus_8078	99.444	94	3.51e-89	180	0	N/A	N/A	N/A
b59639ba5276c709f54ec88aeb3b7653	KX686092.1.<1.>670###root_1;Eukaryota_2759;Chordata_7711;Actinopteri_186623;Cyprinodontiformes_28738;Fundulidae_28756;Fundulus_8077;Fundulus_heteroclitus_8078	98.889	94	1.63e-87	180	0	N/A	N/A	N/A
b59639ba5276c709f54ec88aeb3b7653	OP537867.1.<1.>216###root_1;Eukaryota_2759;Chordata_7711;Actinopteri_186623;Cyprinodontiformes_28738;Fundulidae_28756;Fundulus_8077;Fundulus_pulvereus_76054	96.354	100	7.59e-86	192	0	N/A	N/A	N/A
9e96f08cf8937528d680e4e583aae5e2	FJ445403.1.69.1011###root_1;Eukaryota_2759;Chordata_7711;Actinopteri_186623;Cyprinodontiformes_28738;Fundulidae_28756;Fundulus_8077;Fundulus_heteroclitus_8078	99.479	100	7.49e-96	192	0	N/A	N/A	N/A
9e96f08cf8937528d680e4e583aae5e2	FJ445398.1.69.1011###root_1;Eukaryota_2759;Chordata_7711;Actinopteri_186623;Cyprinodontiformes_28738;Fundulidae_28756;Fundulus_8077;Fundulus_heteroclitus_8078	99.479	100	7.49e-96	192	0	N/A	N/A	N/A
9e96f08cf8937528d680e4e583aae5e2	KT869378.1.69.1011###root_1;Eukaryota_2759;Chordata_7711;Actinopteri_186623;Cyprinodontiformes_28738;Fundulidae_28756;Fundulus_8077;Fundulus_heteroclitus_8078	99.479	100	7.49e-96	192	0	N/A	N/A	N/A
9e96f08cf8937528d680e4e583aae5e2	FJ445400.1.69.1011###root_1;Eukaryota_2759;Chordata_7711;Actinopteri_186623;Cyprinodontiformes_28738;Fundulidae_28756;Fundulus_8077;Fundulus_heteroclitus_8078	98.958	100	3.48e-94	192	0	N/A	N/A	N/A
9e96f08cf8937528d680e4e583aae5e2	FJ445402.1.69.1011###root_1;Eukaryota_2759;Chordata_7711;Actinopteri_186623;Cyprinodontiformes_28738;Fundulidae_28756;Fundulus_8077;Fundulus_heteroclitus_8078	98.958	100	3.48e-94	192	0	N/A	N/A	N/A
9e96f08cf8937528d680e4e583aae5e2	FJ445401.1.69.1011###root_1;Eukaryota_2759;Chordata_7711;Actinopteri_186623;Cyprinodontiformes_28738;Fundulidae_28756;Fundulus_8077;Fundulus_heteroclitus_8078	98.438	100	1.62e-92	192	0	N/A	N/A	N/A
9e96f08cf8937528d680e4e583aae5e2	KX686091.1.<1.>670###root_1;Eukaryota_2759;Chordata_7711;Actinopteri_186623;Cyprinodontiformes_28738;Fundulidae_28756;Fundulus_8077;Fundulus_heteroclitus_8078	99.444	94	3.51e-89	180	0	N/A	N/A	N/A
9e96f08cf8937528d680e4e583aae5e2	KX686098.1.<1.>670###root_1;Eukaryota_2759;Chordata_7711;Actinopteri_186623;Cyprinodontiformes_28738;Fundulidae_28756;Fundulus_8077;Fundulus_heteroclitus_8078	99.444	94	3.51e-89	180	0	N/A	N/A	N/A
9e96f08cf8937528d680e4e583aae5e2	KX686092.1.<1.>670###root_1;Eukaryota_2759;Chordata_7711;Actinopteri_186623;Cyprinodontiformes_28738;Fundulidae_28756;Fundulus_8077;Fundulus_heteroclitus_8078	98.889	94	1.63e-87	180	0	N/A	N/A	N/A
9e96f08cf8937528d680e4e583aae5e2	OP537867.1.<1.>216###root_1;Eukaryota_2759;Chordata_7711;Actinopteri_186623;Cyprinodontiformes_28738;Fundulidae_28756;Fundulus_8077;Fundulus_pulvereus_76054	96.354	100	7.59e-86	192	0	N/A	N/A	N/A
c8aea1ac7e5d736521071d621bbcd387	FJ445403.1.69.1011###root_1;Eukaryota_2759;Chordata_7711;Actinopteri_186623;Cyprinodontiformes_28738;Fundulidae_28756;Fundulus_8077;Fundulus_heteroclitus_8078	99.479	100	7.49e-96	192	0	N/A	N/A	N/A
c8aea1ac7e5d736521071d621bbcd387	FJ445398.1.69.1011###root_1;Eukaryota_2759;Chordata_7711;Actinopteri_186623;Cyprinodontiformes_28738;Fundulidae_28756;Fundulus_8077;Fundulus_heteroclitus_8078	99.479	100	7.49e-96	192	0	N/A	N/A	N/A
c8aea1ac7e5d736521071d621bbcd387	KT869378.1.69.1011###root_1;Eukaryota_2759;Chordata_7711;Actinopteri_186623;Cyprinodontiformes_28738;Fundulidae_28756;Fundulus_8077;Fundulus_heteroclitus_8078	99.479	100	7.49e-96	192	0	N/A	N/A	N/A
c8aea1ac7e5d736521071d621bbcd387	FJ445400.1.69.1011###root_1;Eukaryota_2759;Chordata_7711;Actinopteri_186623;Cyprinodontiformes_28738;Fundulidae_28756;Fundulus_8077;Fundulus_heteroclitus_8078	98.958	100	3.48e-94	192	0	N/A	N/A	N/A
c8aea1ac7e5d736521071d621bbcd387	FJ445402.1.69.1011###root_1;Eukaryota_2759;Chordata_7711;Actinopteri_186623;Cyprinodontiformes_28738;Fundulidae_28756;Fundulus_8077;Fundulus_heteroclitus_8078	98.958	100	3.48e-94	192	0	N/A	N/A	N/A
c8aea1ac7e5d736521071d621bbcd387	FJ445401.1.69.1011###root_1;Eukaryota_2759;Chordata_7711;Actinopteri_186623;Cyprinodontiformes_28738;Fundulidae_28756;Fundulus_8077;Fundulus_heteroclitus_8078	98.438	100	1.62e-92	192	0	N/A	N/A	N/A
c8aea1ac7e5d736521071d621bbcd387	KX686091.1.<1.>670###root_1;Eukaryota_2759;Chordata_7711;Actinopteri_186623;Cyprinodontiformes_28738;Fundulidae_28756;Fundulus_8077;Fundulus_heteroclitus_8078	99.444	94	3.51e-89	180	0	N/A	N/A	N/A
c8aea1ac7e5d736521071d621bbcd387	KX686098.1.<1.>670###root_1;Eukaryota_2759;Chordata_7711;Actinopteri_186623;Cyprinodontiformes_28738;Fundulidae_28756;Fundulus_8077;Fundulus_heteroclitus_8078	99.444	94	3.51e-89	180	0	N/A	N/A	N/A
c8aea1ac7e5d736521071d621bbcd387	KX686092.1.<1.>670###root_1;Eukaryota_2759;Chordata_7711;Actinopteri_186623;Cyprinodontiformes_28738;Fundulidae_28756;Fundulus_8077;Fundulus_heteroclitus_8078	98.889	94	1.63e-87	180	0	N/A	N/A	N/A
c8aea1ac7e5d736521071d621bbcd387	OP537867.1.<1.>216###root_1;Eukaryota_2759;Chordata_7711;Actinopteri_186623;Cyprinodontiformes_28738;Fundulidae_28756;Fundulus_8077;Fundulus_pulvereus_76054	96.354	100	7.59e-86	192	0	N/A	N/A	N/A
0eb696cc0054231a248d05d1c38779cb	FJ445403.1.69.1011###root_1;Eukaryota_2759;Chordata_7711;Actinopteri_186623;Cyprinodontiformes_28738;Fundulidae_28756;Fundulus_8077;Fundulus_heteroclitus_8078	99.479	100	7.49e-96	192	0	N/A	N/A	N/A
0eb696cc0054231a248d05d1c38779cb	FJ445398.1.69.1011###root_1;Eukaryota_2759;Chordata_7711;Actinopteri_186623;Cyprinodontiformes_28738;Fundulidae_28756;Fundulus_8077;Fundulus_heteroclitus_8078	99.479	100	7.49e-96	192	0	N/A	N/A	N/A
0eb696cc0054231a248d05d1c38779cb	KT869378.1.69.1011###root_1;Eukaryota_2759;Chordata_7711;Actinopteri_186623;Cyprinodontiformes_28738;Fundulidae_28756;Fundulus_8077;Fundulus_heteroclitus_8078	99.479	100	7.49e-96	192	0	N/A	N/A	N/A
0eb696cc0054231a248d05d1c38779cb	FJ445400.1.69.1011###root_1;Eukaryota_2759;Chordata_7711;Actinopteri_186623;Cyprinodontiformes_28738;Fundulidae_28756;Fundulus_8077;Fundulus_heteroclitus_8078	98.958	100	3.48e-94	192	0	N/A	N/A	N/A
0eb696cc0054231a248d05d1c38779cb	FJ445402.1.69.1011###root_1;Eukaryota_2759;Chordata_7711;Actinopteri_186623;Cyprinodontiformes_28738;Fundulidae_28756;Fundulus_8077;Fundulus_heteroclitus_8078	98.958	100	3.48e-94	192	0	N/A	N/A	N/A
0eb696cc0054231a248d05d1c38779cb	FJ445401.1.69.1011###root_1;Eukaryota_2759;Chordata_7711;Actinopteri_186623;Cyprinodontiformes_28738;Fundulidae_28756;Fundulus_8077;Fundulus_heteroclitus_8078	98.438	100	1.62e-92	192	0	N/A	N/A	N/A
0eb696cc0054231a248d05d1c38779cb	KX686091.1.<1.>670###root_1;Eukaryota_2759;Chordata_7711;Actinopteri_186623;Cyprinodontiformes_28738;Fundulidae_28756;Fundulus_8077;Fundulus_heteroclitus_8078	99.444	94	3.51e-89	180	0	N/A	N/A	N/A
0eb696cc0054231a248d05d1c38779cb	KX686098.1.<1.>670###root_1;Eukaryota_2759;Chordata_7711;Actinopteri_186623;Cyprinodontiformes_28738;Fundulidae_28756;Fundulus_8077;Fundulus_heteroclitus_8078	99.444	94	3.51e-89	180	0	N/A	N/A	N/A
0eb696cc0054231a248d05d1c38779cb	KX686092.1.<1.>670###root_1;Eukaryota_2759;Chordata_7711;Actinopteri_186623;Cyprinodontiformes_28738;Fundulidae_28756;Fundulus_8077;Fundulus_heteroclitus_8078	98.889	94	1.63e-87	180	0	N/A	N/A	N/A
0eb696cc0054231a248d05d1c38779cb	OP537867.1.<1.>216###root_1;Eukaryota_2759;Chordata_7711;Actinopteri_186623;Cyprinodontiformes_28738;Fundulidae_28756;Fundulus_8077;Fundulus_pulvereus_76054	96.354	100	7.59e-86	192	0	N/A	N/A	N/A
af535318efc56779de0d39e30562cb3d	FJ445403.1.69.1011###root_1;Eukaryota_2759;Chordata_7711;Actinopteri_186623;Cyprinodontiformes_28738;Fundulidae_28756;Fundulus_8077;Fundulus_heteroclitus_8078	99.479	100	7.49e-96	192	0	N/A	N/A	N/A
af535318efc56779de0d39e30562cb3d	FJ445398.1.69.1011###root_1;Eukaryota_2759;Chordata_7711;Actinopteri_186623;Cyprinodontiformes_28738;Fundulidae_28756;Fundulus_8077;Fundulus_heteroclitus_8078	99.479	100	7.49e-96	192	0	N/A	N/A	N/A
af535318efc56779de0d39e30562cb3d	KT869378.1.69.1011###root_1;Eukaryota_2759;Chordata_7711;Actinopteri_186623;Cyprinodontiformes_28738;Fundulidae_28756;Fundulus_8077;Fundulus_heteroclitus_8078	99.479	100	7.49e-96	192	0	N/A	N/A	N/A
af535318efc56779de0d39e30562cb3d	FJ445400.1.69.1011###root_1;Eukaryota_2759;Chordata_7711;Actinopteri_186623;Cyprinodontiformes_28738;Fundulidae_28756;Fundulus_8077;Fundulus_heteroclitus_8078	98.958	100	3.48e-94	192	0	N/A	N/A	N/A
af535318efc56779de0d39e30562cb3d	FJ445402.1.69.1011###root_1;Eukaryota_2759;Chordata_7711;Actinopteri_186623;Cyprinodontiformes_28738;Fundulidae_28756;Fundulus_8077;Fundulus_heteroclitus_8078	98.958	100	3.48e-94	192	0	N/A	N/A	N/A
af535318efc56779de0d39e30562cb3d	FJ445401.1.69.1011###root_1;Eukaryota_2759;Chordata_7711;Actinopteri_186623;Cyprinodontiformes_28738;Fundulidae_28756;Fundulus_8077;Fundulus_heteroclitus_8078	98.438	100	1.62e-92	192	0	N/A	N/A	N/A
af535318efc56779de0d39e30562cb3d	KX686091.1.<1.>670###root_1;Eukaryota_2759;Chordata_7711;Actinopteri_186623;Cyprinodontiformes_28738;Fundulidae_28756;Fundulus_8077;Fundulus_heteroclitus_8078	99.444	94	3.51e-89	180	0	N/A	N/A	N/A
af535318efc56779de0d39e30562cb3d	KX686098.1.<1.>670###root_1;Eukaryota_2759;Chordata_7711;Actinopteri_186623;Cyprinodontiformes_28738;Fundulidae_28756;Fundulus_8077;Fundulus_heteroclitus_8078	99.444	94	3.51e-89	180	0	N/A	N/A	N/A
af535318efc56779de0d39e30562cb3d	KX686092.1.<1.>670###root_1;Eukaryota_2759;Chordata_7711;Actinopteri_186623;Cyprinodontiformes_28738;Fundulidae_28756;Fundulus_8077;Fundulus_heteroclitus_8078	98.889	94	1.63e-87	180	0	N/A	N/A	N/A
af535318efc56779de0d39e30562cb3d	OP537867.1.<1.>216###root_1;Eukaryota_2759;Chordata_7711;Actinopteri_186623;Cyprinodontiformes_28738;Fundulidae_28756;Fundulus_8077;Fundulus_pulvereus_76054	96.354	100	7.59e-86	192	0	N/A	N/A	N/A
ee576996fcf0c30b550b22a2ba9310af	FJ445403.1.69.1011###root_1;Eukaryota_2759;Chordata_7711;Actinopteri_186623;Cyprinodontiformes_28738;Fundulidae_28756;Fundulus_8077;Fundulus_heteroclitus_8078	99.479	100	7.49e-96	192	0	N/A	N/A	N/A
ee576996fcf0c30b550b22a2ba9310af	FJ445398.1.69.1011###root_1;Eukaryota_2759;Chordata_7711;Actinopteri_186623;Cyprinodontiformes_28738;Fundulidae_28756;Fundulus_8077;Fundulus_heteroclitus_8078	99.479	100	7.49e-96	192	0	N/A	N/A	N/A
ee576996fcf0c30b550b22a2ba9310af	KT869378.1.69.1011###root_1;Eukaryota_2759;Chordata_7711;Actinopteri_186623;Cyprinodontiformes_28738;Fundulidae_28756;Fundulus_8077;Fundulus_heteroclitus_8078	99.479	100	7.49e-96	192	0	N/A	N/A	N/A
ee576996fcf0c30b550b22a2ba9310af	FJ445400.1.69.1011###root_1;Eukaryota_2759;Chordata_7711;Actinopteri_186623;Cyprinodontiformes_28738;Fundulidae_28756;Fundulus_8077;Fundulus_heteroclitus_8078	98.958	100	3.48e-94	192	0	N/A	N/A	N/A
ee576996fcf0c30b550b22a2ba9310af	FJ445402.1.69.1011###root_1;Eukaryota_2759;Chordata_7711;Actinopteri_186623;Cyprinodontiformes_28738;Fundulidae_28756;Fundulus_8077;Fundulus_heteroclitus_8078	98.958	100	3.48e-94	192	0	N/A	N/A	N/A
ee576996fcf0c30b550b22a2ba9310af	FJ445401.1.69.1011###root_1;Eukaryota_2759;Chordata_7711;Actinopteri_186623;Cyprinodontiformes_28738;Fundulidae_28756;Fundulus_8077;Fundulus_heteroclitus_8078	98.438	100	1.62e-92	192	0	N/A	N/A	N/A
ee576996fcf0c30b550b22a2ba9310af	KX686091.1.<1.>670###root_1;Eukaryota_2759;Chordata_7711;Actinopteri_186623;Cyprinodontiformes_28738;Fundulidae_28756;Fundulus_8077;Fundulus_heteroclitus_8078	99.444	94	3.51e-89	180	0	N/A	N/A	N/A
ee576996fcf0c30b550b22a2ba9310af	KX686098.1.<1.>670###root_1;Eukaryota_2759;Chordata_7711;Actinopteri_186623;Cyprinodontiformes_28738;Fundulidae_28756;Fundulus_8077;Fundulus_heteroclitus_8078	99.444	94	3.51e-89	180	0	N/A	N/A	N/A
ee576996fcf0c30b550b22a2ba9310af	KX686092.1.<1.>670###root_1;Eukaryota_2759;Chordata_7711;Actinopteri_186623;Cyprinodontiformes_28738;Fundulidae_28756;Fundulus_8077;Fundulus_heteroclitus_8078	98.889	94	1.63e-87	180	0	N/A	N/A	N/A
ee576996fcf0c30b550b22a2ba9310af	OP537867.1.<1.>216###root_1;Eukaryota_2759;Chordata_7711;Actinopteri_186623;Cyprinodontiformes_28738;Fundulidae_28756;Fundulus_8077;Fundulus_pulvereus_76054	96.354	100	7.59e-86	192	0	N/A	N/A	N/A
82a0bd3576f0a9ac42e0585292f572bc	FJ445403.1.69.1011###root_1;Eukaryota_2759;Chordata_7711;Actinopteri_186623;Cyprinodontiformes_28738;Fundulidae_28756;Fundulus_8077;Fundulus_heteroclitus_8078	99.479	100	7.49e-96	192	0	N/A	N/A	N/A
82a0bd3576f0a9ac42e0585292f572bc	FJ445398.1.69.1011###root_1;Eukaryota_2759;Chordata_7711;Actinopteri_186623;Cyprinodontiformes_28738;Fundulidae_28756;Fundulus_8077;Fundulus_heteroclitus_8078	99.479	100	7.49e-96	192	0	N/A	N/A	N/A
82a0bd3576f0a9ac42e0585292f572bc	KT869378.1.69.1011###root_1;Eukaryota_2759;Chordata_7711;Actinopteri_186623;Cyprinodontiformes_28738;Fundulidae_28756;Fundulus_8077;Fundulus_heteroclitus_8078	99.479	100	7.49e-96	192	0	N/A	N/A	N/A
82a0bd3576f0a9ac42e0585292f572bc	FJ445400.1.69.1011###root_1;Eukaryota_2759;Chordata_7711;Actinopteri_186623;Cyprinodontiformes_28738;Fundulidae_28756;Fundulus_8077;Fundulus_heteroclitus_8078	98.958	100	3.48e-94	192	0	N/A	N/A	N/A
82a0bd3576f0a9ac42e0585292f572bc	FJ445402.1.69.1011###root_1;Eukaryota_2759;Chordata_7711;Actinopteri_186623;Cyprinodontiformes_28738;Fundulidae_28756;Fundulus_8077;Fundulus_heteroclitus_8078	98.958	100	3.48e-94	192	0	N/A	N/A	N/A
82a0bd3576f0a9ac42e0585292f572bc	FJ445401.1.69.1011###root_1;Eukaryota_2759;Chordata_7711;Actinopteri_186623;Cyprinodontiformes_28738;Fundulidae_28756;Fundulus_8077;Fundulus_heteroclitus_8078	98.438	100	1.62e-92	192	0	N/A	N/A	N/A
82a0bd3576f0a9ac42e0585292f572bc	KX686091.1.<1.>670###root_1;Eukaryota_2759;Chordata_7711;Actinopteri_186623;Cyprinodontiformes_28738;Fundulidae_28756;Fundulus_8077;Fundulus_heteroclitus_8078	99.444	94	3.51e-89	180	0	N/A	N/A	N/A
82a0bd3576f0a9ac42e0585292f572bc	KX686098.1.<1.>670###root_1;Eukaryota_2759;Chordata_7711;Actinopteri_186623;Cyprinodontiformes_28738;Fundulidae_28756;Fundulus_8077;Fundulus_heteroclitus_8078	99.444	94	3.51e-89	180	0	N/A	N/A	N/A
82a0bd3576f0a9ac42e0585292f572bc	KX686092.1.<1.>670###root_1;Eukaryota_2759;Chordata_7711;Actinopteri_186623;Cyprinodontiformes_28738;Fundulidae_28756;Fundulus_8077;Fundulus_heteroclitus_8078	98.889	94	1.63e-87	180	0	N/A	N/A	N/A
82a0bd3576f0a9ac42e0585292f572bc	OP537867.1.<1.>216###root_1;Eukaryota_2759;Chordata_7711;Actinopteri_186623;Cyprinodontiformes_28738;Fundulidae_28756;Fundulus_8077;Fundulus_pulvereus_76054	96.354	100	7.59e-86	192	0	N/A	N/A	N/A
b392facdd1d01ac705d8344045c978cf	FJ445403.1.69.1011###root_1;Eukaryota_2759;Chordata_7711;Actinopteri_186623;Cyprinodontiformes_28738;Fundulidae_28756;Fundulus_8077;Fundulus_heteroclitus_8078	98.958	100	3.48e-94	192	0	N/A	N/A	N/A
b392facdd1d01ac705d8344045c978cf	FJ445398.1.69.1011###root_1;Eukaryota_2759;Chordata_7711;Actinopteri_186623;Cyprinodontiformes_28738;Fundulidae_28756;Fundulus_8077;Fundulus_heteroclitus_8078	98.958	100	3.48e-94	192	0	N/A	N/A	N/A
b392facdd1d01ac705d8344045c978cf	KT869378.1.69.1011###root_1;Eukaryota_2759;Chordata_7711;Actinopteri_186623;Cyprinodontiformes_28738;Fundulidae_28756;Fundulus_8077;Fundulus_heteroclitus_8078	98.958	100	3.48e-94	192	0	N/A	N/A	N/A
b392facdd1d01ac705d8344045c978cf	FJ445400.1.69.1011###root_1;Eukaryota_2759;Chordata_7711;Actinopteri_186623;Cyprinodontiformes_28738;Fundulidae_28756;Fundulus_8077;Fundulus_heteroclitus_8078	98.438	100	1.62e-92	192	0	N/A	N/A	N/A
b392facdd1d01ac705d8344045c978cf	FJ445402.1.69.1011###root_1;Eukaryota_2759;Chordata_7711;Actinopteri_186623;Cyprinodontiformes_28738;Fundulidae_28756;Fundulus_8077;Fundulus_heteroclitus_8078	98.438	100	1.62e-92	192	0	N/A	N/A	N/A
b392facdd1d01ac705d8344045c978cf	FJ445401.1.69.1011###root_1;Eukaryota_2759;Chordata_7711;Actinopteri_186623;Cyprinodontiformes_28738;Fundulidae_28756;Fundulus_8077;Fundulus_heteroclitus_8078	97.917	100	7.54e-91	192	0	N/A	N/A	N/A
b392facdd1d01ac705d8344045c978cf	KX686091.1.<1.>670###root_1;Eukaryota_2759;Chordata_7711;Actinopteri_186623;Cyprinodontiformes_28738;Fundulidae_28756;Fundulus_8077;Fundulus_heteroclitus_8078	98.889	94	1.63e-87	180	0	N/A	N/A	N/A
b392facdd1d01ac705d8344045c978cf	KX686098.1.<1.>670###root_1;Eukaryota_2759;Chordata_7711;Actinopteri_186623;Cyprinodontiformes_28738;Fundulidae_28756;Fundulus_8077;Fundulus_heteroclitus_8078	98.889	94	1.63e-87	180	0	N/A	N/A	N/A
b392facdd1d01ac705d8344045c978cf	KX686092.1.<1.>670###root_1;Eukaryota_2759;Chordata_7711;Actinopteri_186623;Cyprinodontiformes_28738;Fundulidae_28756;Fundulus_8077;Fundulus_heteroclitus_8078	98.333	94	7.59e-86	180	0	N/A	N/A	N/A
b392facdd1d01ac705d8344045c978cf	OP537867.1.<1.>216###root_1;Eukaryota_2759;Chordata_7711;Actinopteri_186623;Cyprinodontiformes_28738;Fundulidae_28756;Fundulus_8077;Fundulus_pulvereus_76054	95.833	100	3.53e-84	192	0	N/A	N/A	N/A
2fae1c30ece37f12012c3f1b1bd7b2b1	FJ445403.1.69.1011###root_1;Eukaryota_2759;Chordata_7711;Actinopteri_186623;Cyprinodontiformes_28738;Fundulidae_28756;Fundulus_8077;Fundulus_heteroclitus_8078	99.479	100	7.49e-96	192	0	N/A	N/A	N/A
2fae1c30ece37f12012c3f1b1bd7b2b1	FJ445398.1.69.1011###root_1;Eukaryota_2759;Chordata_7711;Actinopteri_186623;Cyprinodontiformes_28738;Fundulidae_28756;Fundulus_8077;Fundulus_heteroclitus_8078	99.479	100	7.49e-96	192	0	N/A	N/A	N/A
2fae1c30ece37f12012c3f1b1bd7b2b1	KT869378.1.69.1011###root_1;Eukaryota_2759;Chordata_7711;Actinopteri_186623;Cyprinodontiformes_28738;Fundulidae_28756;Fundulus_8077;Fundulus_heteroclitus_8078	99.479	100	7.49e-96	192	0	N/A	N/A	N/A
2fae1c30ece37f12012c3f1b1bd7b2b1	FJ445400.1.69.1011###root_1;Eukaryota_2759;Chordata_7711;Actinopteri_186623;Cyprinodontiformes_28738;Fundulidae_28756;Fundulus_8077;Fundulus_heteroclitus_8078	98.958	100	3.48e-94	192	0	N/A	N/A	N/A
2fae1c30ece37f12012c3f1b1bd7b2b1	FJ445402.1.69.1011###root_1;Eukaryota_2759;Chordata_7711;Actinopteri_186623;Cyprinodontiformes_28738;Fundulidae_28756;Fundulus_8077;Fundulus_heteroclitus_8078	98.958	100	3.48e-94	192	0	N/A	N/A	N/A
2fae1c30ece37f12012c3f1b1bd7b2b1	FJ445401.1.69.1011###root_1;Eukaryota_2759;Chordata_7711;Actinopteri_186623;Cyprinodontiformes_28738;Fundulidae_28756;Fundulus_8077;Fundulus_heteroclitus_8078	98.438	100	1.62e-92	192	0	N/A	N/A	N/A
2fae1c30ece37f12012c3f1b1bd7b2b1	KX686091.1.<1.>670###root_1;Eukaryota_2759;Chordata_7711;Actinopteri_186623;Cyprinodontiformes_28738;Fundulidae_28756;Fundulus_8077;Fundulus_heteroclitus_8078	99.444	94	3.51e-89	180	0	N/A	N/A	N/A
2fae1c30ece37f12012c3f1b1bd7b2b1	KX686098.1.<1.>670###root_1;Eukaryota_2759;Chordata_7711;Actinopteri_186623;Cyprinodontiformes_28738;Fundulidae_28756;Fundulus_8077;Fundulus_heteroclitus_8078	99.444	94	3.51e-89	180	0	N/A	N/A	N/A
2fae1c30ece37f12012c3f1b1bd7b2b1	KX686092.1.<1.>670###root_1;Eukaryota_2759;Chordata_7711;Actinopteri_186623;Cyprinodontiformes_28738;Fundulidae_28756;Fundulus_8077;Fundulus_heteroclitus_8078	98.889	94	1.63e-87	180	0	N/A	N/A	N/A
2fae1c30ece37f12012c3f1b1bd7b2b1	OP537867.1.<1.>216###root_1;Eukaryota_2759;Chordata_7711;Actinopteri_186623;Cyprinodontiformes_28738;Fundulidae_28756;Fundulus_8077;Fundulus_pulvereus_76054	96.354	100	7.59e-86	192	0	N/A	N/A	N/A
1788067a005de1c42fc4433a875e4fb5	FJ445403.1.69.1011###root_1;Eukaryota_2759;Chordata_7711;Actinopteri_186623;Cyprinodontiformes_28738;Fundulidae_28756;Fundulus_8077;Fundulus_heteroclitus_8078	99.479	100	7.49e-96	192	0	N/A	N/A	N/A
1788067a005de1c42fc4433a875e4fb5	FJ445398.1.69.1011###root_1;Eukaryota_2759;Chordata_7711;Actinopteri_186623;Cyprinodontiformes_28738;Fundulidae_28756;Fundulus_8077;Fundulus_heteroclitus_8078	99.479	100	7.49e-96	192	0	N/A	N/A	N/A
1788067a005de1c42fc4433a875e4fb5	KT869378.1.69.1011###root_1;Eukaryota_2759;Chordata_7711;Actinopteri_186623;Cyprinodontiformes_28738;Fundulidae_28756;Fundulus_8077;Fundulus_heteroclitus_8078	99.479	100	7.49e-96	192	0	N/A	N/A	N/A
1788067a005de1c42fc4433a875e4fb5	FJ445400.1.69.1011###root_1;Eukaryota_2759;Chordata_7711;Actinopteri_186623;Cyprinodontiformes_28738;Fundulidae_28756;Fundulus_8077;Fundulus_heteroclitus_8078	98.958	100	3.48e-94	192	0	N/A	N/A	N/A
1788067a005de1c42fc4433a875e4fb5	FJ445402.1.69.1011###root_1;Eukaryota_2759;Chordata_7711;Actinopteri_186623;Cyprinodontiformes_28738;Fundulidae_28756;Fundulus_8077;Fundulus_heteroclitus_8078	98.958	100	3.48e-94	192	0	N/A	N/A	N/A
1788067a005de1c42fc4433a875e4fb5	FJ445401.1.69.1011###root_1;Eukaryota_2759;Chordata_7711;Actinopteri_186623;Cyprinodontiformes_28738;Fundulidae_28756;Fundulus_8077;Fundulus_heteroclitus_8078	98.438	100	1.62e-92	192	0	N/A	N/A	N/A
1788067a005de1c42fc4433a875e4fb5	KX686091.1.<1.>670###root_1;Eukaryota_2759;Chordata_7711;Actinopteri_186623;Cyprinodontiformes_28738;Fundulidae_28756;Fundulus_8077;Fundulus_heteroclitus_8078	99.444	94	3.51e-89	180	0	N/A	N/A	N/A
1788067a005de1c42fc4433a875e4fb5	KX686098.1.<1.>670###root_1;Eukaryota_2759;Chordata_7711;Actinopteri_186623;Cyprinodontiformes_28738;Fundulidae_28756;Fundulus_8077;Fundulus_heteroclitus_8078	99.444	94	3.51e-89	180	0	N/A	N/A	N/A
1788067a005de1c42fc4433a875e4fb5	KX686092.1.<1.>670###root_1;Eukaryota_2759;Chordata_7711;Actinopteri_186623;Cyprinodontiformes_28738;Fundulidae_28756;Fundulus_8077;Fundulus_heteroclitus_8078	98.889	94	1.63e-87	180	0	N/A	N/A	N/A
1788067a005de1c42fc4433a875e4fb5	OP537867.1.<1.>216###root_1;Eukaryota_2759;Chordata_7711;Actinopteri_186623;Cyprinodontiformes_28738;Fundulidae_28756;Fundulus_8077;Fundulus_pulvereus_76054	96.354	100	7.59e-86	192	0	N/A	N/A	N/A
d9cf0750ae8993af3f63e2eb0c7b8760	FJ445403.1.69.1011###root_1;Eukaryota_2759;Chordata_7711;Actinopteri_186623;Cyprinodontiformes_28738;Fundulidae_28756;Fundulus_8077;Fundulus_heteroclitus_8078	99.479	100	7.49e-96	192	0	N/A	N/A	N/A
d9cf0750ae8993af3f63e2eb0c7b8760	FJ445398.1.69.1011###root_1;Eukaryota_2759;Chordata_7711;Actinopteri_186623;Cyprinodontiformes_28738;Fundulidae_28756;Fundulus_8077;Fundulus_heteroclitus_8078	99.479	100	7.49e-96	192	0	N/A	N/A	N/A
d9cf0750ae8993af3f63e2eb0c7b8760	KT869378.1.69.1011###root_1;Eukaryota_2759;Chordata_7711;Actinopteri_186623;Cyprinodontiformes_28738;Fundulidae_28756;Fundulus_8077;Fundulus_heteroclitus_8078	99.479	100	7.49e-96	192	0	N/A	N/A	N/A
d9cf0750ae8993af3f63e2eb0c7b8760	FJ445400.1.69.1011###root_1;Eukaryota_2759;Chordata_7711;Actinopteri_186623;Cyprinodontiformes_28738;Fundulidae_28756;Fundulus_8077;Fundulus_heteroclitus_8078	98.958	100	3.48e-94	192	0	N/A	N/A	N/A
d9cf0750ae8993af3f63e2eb0c7b8760	FJ445402.1.69.1011###root_1;Eukaryota_2759;Chordata_7711;Actinopteri_186623;Cyprinodontiformes_28738;Fundulidae_28756;Fundulus_8077;Fundulus_heteroclitus_8078	98.958	100	3.48e-94	192	0	N/A	N/A	N/A
d9cf0750ae8993af3f63e2eb0c7b8760	FJ445401.1.69.1011###root_1;Eukaryota_2759;Chordata_7711;Actinopteri_186623;Cyprinodontiformes_28738;Fundulidae_28756;Fundulus_8077;Fundulus_heteroclitus_8078	98.438	100	1.62e-92	192	0	N/A	N/A	N/A
d9cf0750ae8993af3f63e2eb0c7b8760	KX686091.1.<1.>670###root_1;Eukaryota_2759;Chordata_7711;Actinopteri_186623;Cyprinodontiformes_28738;Fundulidae_28756;Fundulus_8077;Fundulus_heteroclitus_8078	99.444	94	3.51e-89	180	0	N/A	N/A	N/A
d9cf0750ae8993af3f63e2eb0c7b8760	KX686098.1.<1.>670###root_1;Eukaryota_2759;Chordata_7711;Actinopteri_186623;Cyprinodontiformes_28738;Fundulidae_28756;Fundulus_8077;Fundulus_heteroclitus_8078	99.444	94	3.51e-89	180	0	N/A	N/A	N/A
d9cf0750ae8993af3f63e2eb0c7b8760	KX686092.1.<1.>670###root_1;Eukaryota_2759;Chordata_7711;Actinopteri_186623;Cyprinodontiformes_28738;Fundulidae_28756;Fundulus_8077;Fundulus_heteroclitus_8078	98.889	94	1.63e-87	180	0	N/A	N/A	N/A
d9cf0750ae8993af3f63e2eb0c7b8760	OP537867.1.<1.>216###root_1;Eukaryota_2759;Chordata_7711;Actinopteri_186623;Cyprinodontiformes_28738;Fundulidae_28756;Fundulus_8077;Fundulus_pulvereus_76054	96.354	100	7.59e-86	192	0	N/A	N/A	N/A
a3cfa9659f9af74e608683458be9173d	FJ445403.1.69.1011###root_1;Eukaryota_2759;Chordata_7711;Actinopteri_186623;Cyprinodontiformes_28738;Fundulidae_28756;Fundulus_8077;Fundulus_heteroclitus_8078	99.479	100	7.49e-96	192	0	N/A	N/A	N/A
a3cfa9659f9af74e608683458be9173d	FJ445398.1.69.1011###root_1;Eukaryota_2759;Chordata_7711;Actinopteri_186623;Cyprinodontiformes_28738;Fundulidae_28756;Fundulus_8077;Fundulus_heteroclitus_8078	99.479	100	7.49e-96	192	0	N/A	N/A	N/A
a3cfa9659f9af74e608683458be9173d	KT869378.1.69.1011###root_1;Eukaryota_2759;Chordata_7711;Actinopteri_186623;Cyprinodontiformes_28738;Fundulidae_28756;Fundulus_8077;Fundulus_heteroclitus_8078	99.479	100	7.49e-96	192	0	N/A	N/A	N/A
a3cfa9659f9af74e608683458be9173d	FJ445400.1.69.1011###root_1;Eukaryota_2759;Chordata_7711;Actinopteri_186623;Cyprinodontiformes_28738;Fundulidae_28756;Fundulus_8077;Fundulus_heteroclitus_8078	98.958	100	3.48e-94	192	0	N/A	N/A	N/A
a3cfa9659f9af74e608683458be9173d	FJ445402.1.69.1011###root_1;Eukaryota_2759;Chordata_7711;Actinopteri_186623;Cyprinodontiformes_28738;Fundulidae_28756;Fundulus_8077;Fundulus_heteroclitus_8078	98.958	100	3.48e-94	192	0	N/A	N/A	N/A
a3cfa9659f9af74e608683458be9173d	FJ445401.1.69.1011###root_1;Eukaryota_2759;Chordata_7711;Actinopteri_186623;Cyprinodontiformes_28738;Fundulidae_28756;Fundulus_8077;Fundulus_heteroclitus_8078	98.438	100	1.62e-92	192	0	N/A	N/A	N/A
a3cfa9659f9af74e608683458be9173d	KX686091.1.<1.>670###root_1;Eukaryota_2759;Chordata_7711;Actinopteri_186623;Cyprinodontiformes_28738;Fundulidae_28756;Fundulus_8077;Fundulus_heteroclitus_8078	99.444	94	3.51e-89	180	0	N/A	N/A	N/A
a3cfa9659f9af74e608683458be9173d	KX686098.1.<1.>670###root_1;Eukaryota_2759;Chordata_7711;Actinopteri_186623;Cyprinodontiformes_28738;Fundulidae_28756;Fundulus_8077;Fundulus_heteroclitus_8078	99.444	94	3.51e-89	180	0	N/A	N/A	N/A
a3cfa9659f9af74e608683458be9173d	KX686092.1.<1.>670###root_1;Eukaryota_2759;Chordata_7711;Actinopteri_186623;Cyprinodontiformes_28738;Fundulidae_28756;Fundulus_8077;Fundulus_heteroclitus_8078	98.889	94	1.63e-87	180	0	N/A	N/A	N/A
a3cfa9659f9af74e608683458be9173d	OP537867.1.<1.>216###root_1;Eukaryota_2759;Chordata_7711;Actinopteri_186623;Cyprinodontiformes_28738;Fundulidae_28756;Fundulus_8077;Fundulus_pulvereus_76054	96.354	100	7.59e-86	192	0	N/A	N/A	N/A
e56d7f743451f859ee1643b790aaac66	FJ445403.1.69.1011###root_1;Eukaryota_2759;Chordata_7711;Actinopteri_186623;Cyprinodontiformes_28738;Fundulidae_28756;Fundulus_8077;Fundulus_heteroclitus_8078	99.479	100	7.49e-96	192	0	N/A	N/A	N/A
e56d7f743451f859ee1643b790aaac66	FJ445398.1.69.1011###root_1;Eukaryota_2759;Chordata_7711;Actinopteri_186623;Cyprinodontiformes_28738;Fundulidae_28756;Fundulus_8077;Fundulus_heteroclitus_8078	99.479	100	7.49e-96	192	0	N/A	N/A	N/A
e56d7f743451f859ee1643b790aaac66	KT869378.1.69.1011###root_1;Eukaryota_2759;Chordata_7711;Actinopteri_186623;Cyprinodontiformes_28738;Fundulidae_28756;Fundulus_8077;Fundulus_heteroclitus_8078	99.479	100	7.49e-96	192	0	N/A	N/A	N/A
e56d7f743451f859ee1643b790aaac66	FJ445400.1.69.1011###root_1;Eukaryota_2759;Chordata_7711;Actinopteri_186623;Cyprinodontiformes_28738;Fundulidae_28756;Fundulus_8077;Fundulus_heteroclitus_8078	98.958	100	3.48e-94	192	0	N/A	N/A	N/A
e56d7f743451f859ee1643b790aaac66	FJ445402.1.69.1011###root_1;Eukaryota_2759;Chordata_7711;Actinopteri_186623;Cyprinodontiformes_28738;Fundulidae_28756;Fundulus_8077;Fundulus_heteroclitus_8078	98.958	100	3.48e-94	192	0	N/A	N/A	N/A
e56d7f743451f859ee1643b790aaac66	FJ445401.1.69.1011###root_1;Eukaryota_2759;Chordata_7711;Actinopteri_186623;Cyprinodontiformes_28738;Fundulidae_28756;Fundulus_8077;Fundulus_heteroclitus_8078	98.438	100	1.62e-92	192	0	N/A	N/A	N/A
e56d7f743451f859ee1643b790aaac66	KX686091.1.<1.>670###root_1;Eukaryota_2759;Chordata_7711;Actinopteri_186623;Cyprinodontiformes_28738;Fundulidae_28756;Fundulus_8077;Fundulus_heteroclitus_8078	99.444	94	3.51e-89	180	0	N/A	N/A	N/A
e56d7f743451f859ee1643b790aaac66	KX686098.1.<1.>670###root_1;Eukaryota_2759;Chordata_7711;Actinopteri_186623;Cyprinodontiformes_28738;Fundulidae_28756;Fundulus_8077;Fundulus_heteroclitus_8078	99.444	94	3.51e-89	180	0	N/A	N/A	N/A
e56d7f743451f859ee1643b790aaac66	KX686092.1.<1.>670###root_1;Eukaryota_2759;Chordata_7711;Actinopteri_186623;Cyprinodontiformes_28738;Fundulidae_28756;Fundulus_8077;Fundulus_heteroclitus_8078	98.889	94	1.63e-87	180	0	N/A	N/A	N/A
e56d7f743451f859ee1643b790aaac66	OP537867.1.<1.>216###root_1;Eukaryota_2759;Chordata_7711;Actinopteri_186623;Cyprinodontiformes_28738;Fundulidae_28756;Fundulus_8077;Fundulus_pulvereus_76054	96.354	100	7.59e-86	192	0	N/A	N/A	N/A
483a65acac1752f3e1c592d975e90db8	FJ445403.1.69.1011###root_1;Eukaryota_2759;Chordata_7711;Actinopteri_186623;Cyprinodontiformes_28738;Fundulidae_28756;Fundulus_8077;Fundulus_heteroclitus_8078	99.479	100	7.49e-96	192	0	N/A	N/A	N/A
483a65acac1752f3e1c592d975e90db8	FJ445398.1.69.1011###root_1;Eukaryota_2759;Chordata_7711;Actinopteri_186623;Cyprinodontiformes_28738;Fundulidae_28756;Fundulus_8077;Fundulus_heteroclitus_8078	99.479	100	7.49e-96	192	0	N/A	N/A	N/A
483a65acac1752f3e1c592d975e90db8	KT869378.1.69.1011###root_1;Eukaryota_2759;Chordata_7711;Actinopteri_186623;Cyprinodontiformes_28738;Fundulidae_28756;Fundulus_8077;Fundulus_heteroclitus_8078	99.479	100	7.49e-96	192	0	N/A	N/A	N/A
483a65acac1752f3e1c592d975e90db8	FJ445400.1.69.1011###root_1;Eukaryota_2759;Chordata_7711;Actinopteri_186623;Cyprinodontiformes_28738;Fundulidae_28756;Fundulus_8077;Fundulus_heteroclitus_8078	98.958	100	3.48e-94	192	0	N/A	N/A	N/A
483a65acac1752f3e1c592d975e90db8	FJ445402.1.69.1011###root_1;Eukaryota_2759;Chordata_7711;Actinopteri_186623;Cyprinodontiformes_28738;Fundulidae_28756;Fundulus_8077;Fundulus_heteroclitus_8078	98.958	100	3.48e-94	192	0	N/A	N/A	N/A
483a65acac1752f3e1c592d975e90db8	FJ445401.1.69.1011###root_1;Eukaryota_2759;Chordata_7711;Actinopteri_186623;Cyprinodontiformes_28738;Fundulidae_28756;Fundulus_8077;Fundulus_heteroclitus_8078	98.438	100	1.62e-92	192	0	N/A	N/A	N/A
483a65acac1752f3e1c592d975e90db8	KX686091.1.<1.>670###root_1;Eukaryota_2759;Chordata_7711;Actinopteri_186623;Cyprinodontiformes_28738;Fundulidae_28756;Fundulus_8077;Fundulus_heteroclitus_8078	99.444	94	3.51e-89	180	0	N/A	N/A	N/A
483a65acac1752f3e1c592d975e90db8	KX686098.1.<1.>670###root_1;Eukaryota_2759;Chordata_7711;Actinopteri_186623;Cyprinodontiformes_28738;Fundulidae_28756;Fundulus_8077;Fundulus_heteroclitus_8078	99.444	94	3.51e-89	180	0	N/A	N/A	N/A
483a65acac1752f3e1c592d975e90db8	KX686092.1.<1.>670###root_1;Eukaryota_2759;Chordata_7711;Actinopteri_186623;Cyprinodontiformes_28738;Fundulidae_28756;Fundulus_8077;Fundulus_heteroclitus_8078	98.889	94	1.63e-87	180	0	N/A	N/A	N/A
483a65acac1752f3e1c592d975e90db8	OP537867.1.<1.>216###root_1;Eukaryota_2759;Chordata_7711;Actinopteri_186623;Cyprinodontiformes_28738;Fundulidae_28756;Fundulus_8077;Fundulus_pulvereus_76054	96.354	100	7.59e-86	192	0	N/A	N/A	N/A
ec55cbbf510f033685ef478bad993ada	FJ445403.1.69.1011###root_1;Eukaryota_2759;Chordata_7711;Actinopteri_186623;Cyprinodontiformes_28738;Fundulidae_28756;Fundulus_8077;Fundulus_heteroclitus_8078	99.479	100	7.49e-96	192	0	N/A	N/A	N/A
ec55cbbf510f033685ef478bad993ada	FJ445398.1.69.1011###root_1;Eukaryota_2759;Chordata_7711;Actinopteri_186623;Cyprinodontiformes_28738;Fundulidae_28756;Fundulus_8077;Fundulus_heteroclitus_8078	99.479	100	7.49e-96	192	0	N/A	N/A	N/A
ec55cbbf510f033685ef478bad993ada	KT869378.1.69.1011###root_1;Eukaryota_2759;Chordata_7711;Actinopteri_186623;Cyprinodontiformes_28738;Fundulidae_28756;Fundulus_8077;Fundulus_heteroclitus_8078	99.479	100	7.49e-96	192	0	N/A	N/A	N/A
ec55cbbf510f033685ef478bad993ada	FJ445400.1.69.1011###root_1;Eukaryota_2759;Chordata_7711;Actinopteri_186623;Cyprinodontiformes_28738;Fundulidae_28756;Fundulus_8077;Fundulus_heteroclitus_8078	98.958	100	3.48e-94	192	0	N/A	N/A	N/A
ec55cbbf510f033685ef478bad993ada	FJ445402.1.69.1011###root_1;Eukaryota_2759;Chordata_7711;Actinopteri_186623;Cyprinodontiformes_28738;Fundulidae_28756;Fundulus_8077;Fundulus_heteroclitus_8078	98.958	100	3.48e-94	192	0	N/A	N/A	N/A
ec55cbbf510f033685ef478bad993ada	FJ445401.1.69.1011###root_1;Eukaryota_2759;Chordata_7711;Actinopteri_186623;Cyprinodontiformes_28738;Fundulidae_28756;Fundulus_8077;Fundulus_heteroclitus_8078	98.438	100	1.62e-92	192	0	N/A	N/A	N/A
ec55cbbf510f033685ef478bad993ada	KX686091.1.<1.>670###root_1;Eukaryota_2759;Chordata_7711;Actinopteri_186623;Cyprinodontiformes_28738;Fundulidae_28756;Fundulus_8077;Fundulus_heteroclitus_8078	99.444	94	3.51e-89	180	0	N/A	N/A	N/A
ec55cbbf510f033685ef478bad993ada	KX686098.1.<1.>670###root_1;Eukaryota_2759;Chordata_7711;Actinopteri_186623;Cyprinodontiformes_28738;Fundulidae_28756;Fundulus_8077;Fundulus_heteroclitus_8078	99.444	94	3.51e-89	180	0	N/A	N/A	N/A
ec55cbbf510f033685ef478bad993ada	KX686092.1.<1.>670###root_1;Eukaryota_2759;Chordata_7711;Actinopteri_186623;Cyprinodontiformes_28738;Fundulidae_28756;Fundulus_8077;Fundulus_heteroclitus_8078	98.889	94	1.63e-87	180	0	N/A	N/A	N/A
ec55cbbf510f033685ef478bad993ada	OP537867.1.<1.>216###root_1;Eukaryota_2759;Chordata_7711;Actinopteri_186623;Cyprinodontiformes_28738;Fundulidae_28756;Fundulus_8077;Fundulus_pulvereus_76054	96.354	100	7.59e-86	192	0	N/A	N/A	N/A
1c1b90fc7f8a28e727d7eece1149e9c1	FJ445403.1.69.1011###root_1;Eukaryota_2759;Chordata_7711;Actinopteri_186623;Cyprinodontiformes_28738;Fundulidae_28756;Fundulus_8077;Fundulus_heteroclitus_8078	99.479	100	7.49e-96	192	0	N/A	N/A	N/A
1c1b90fc7f8a28e727d7eece1149e9c1	FJ445398.1.69.1011###root_1;Eukaryota_2759;Chordata_7711;Actinopteri_186623;Cyprinodontiformes_28738;Fundulidae_28756;Fundulus_8077;Fundulus_heteroclitus_8078	99.479	100	7.49e-96	192	0	N/A	N/A	N/A
1c1b90fc7f8a28e727d7eece1149e9c1	KT869378.1.69.1011###root_1;Eukaryota_2759;Chordata_7711;Actinopteri_186623;Cyprinodontiformes_28738;Fundulidae_28756;Fundulus_8077;Fundulus_heteroclitus_8078	99.479	100	7.49e-96	192	0	N/A	N/A	N/A
1c1b90fc7f8a28e727d7eece1149e9c1	FJ445400.1.69.1011###root_1;Eukaryota_2759;Chordata_7711;Actinopteri_186623;Cyprinodontiformes_28738;Fundulidae_28756;Fundulus_8077;Fundulus_heteroclitus_8078	98.958	100	3.48e-94	192	0	N/A	N/A	N/A
1c1b90fc7f8a28e727d7eece1149e9c1	FJ445402.1.69.1011###root_1;Eukaryota_2759;Chordata_7711;Actinopteri_186623;Cyprinodontiformes_28738;Fundulidae_28756;Fundulus_8077;Fundulus_heteroclitus_8078	98.958	100	3.48e-94	192	0	N/A	N/A	N/A
1c1b90fc7f8a28e727d7eece1149e9c1	FJ445401.1.69.1011###root_1;Eukaryota_2759;Chordata_7711;Actinopteri_186623;Cyprinodontiformes_28738;Fundulidae_28756;Fundulus_8077;Fundulus_heteroclitus_8078	98.438	100	1.62e-92	192	0	N/A	N/A	N/A
1c1b90fc7f8a28e727d7eece1149e9c1	KX686091.1.<1.>670###root_1;Eukaryota_2759;Chordata_7711;Actinopteri_186623;Cyprinodontiformes_28738;Fundulidae_28756;Fundulus_8077;Fundulus_heteroclitus_8078	99.444	94	3.51e-89	180	0	N/A	N/A	N/A
1c1b90fc7f8a28e727d7eece1149e9c1	KX686098.1.<1.>670###root_1;Eukaryota_2759;Chordata_7711;Actinopteri_186623;Cyprinodontiformes_28738;Fundulidae_28756;Fundulus_8077;Fundulus_heteroclitus_8078	99.444	94	3.51e-89	180	0	N/A	N/A	N/A
1c1b90fc7f8a28e727d7eece1149e9c1	KX686092.1.<1.>670###root_1;Eukaryota_2759;Chordata_7711;Actinopteri_186623;Cyprinodontiformes_28738;Fundulidae_28756;Fundulus_8077;Fundulus_heteroclitus_8078	98.889	94	1.63e-87	180	0	N/A	N/A	N/A
1c1b90fc7f8a28e727d7eece1149e9c1	OP537867.1.<1.>216###root_1;Eukaryota_2759;Chordata_7711;Actinopteri_186623;Cyprinodontiformes_28738;Fundulidae_28756;Fundulus_8077;Fundulus_pulvereus_76054	96.354	100	7.59e-86	192	0	N/A	N/A	N/A
5e780a049b2a6a066d03a93167a3bc59	FJ445403.1.69.1011###root_1;Eukaryota_2759;Chordata_7711;Actinopteri_186623;Cyprinodontiformes_28738;Fundulidae_28756;Fundulus_8077;Fundulus_heteroclitus_8078	99.479	100	7.49e-96	192	0	N/A	N/A	N/A
5e780a049b2a6a066d03a93167a3bc59	FJ445398.1.69.1011###root_1;Eukaryota_2759;Chordata_7711;Actinopteri_186623;Cyprinodontiformes_28738;Fundulidae_28756;Fundulus_8077;Fundulus_heteroclitus_8078	99.479	100	7.49e-96	192	0	N/A	N/A	N/A
5e780a049b2a6a066d03a93167a3bc59	KT869378.1.69.1011###root_1;Eukaryota_2759;Chordata_7711;Actinopteri_186623;Cyprinodontiformes_28738;Fundulidae_28756;Fundulus_8077;Fundulus_heteroclitus_8078	99.479	100	7.49e-96	192	0	N/A	N/A	N/A
5e780a049b2a6a066d03a93167a3bc59	FJ445400.1.69.1011###root_1;Eukaryota_2759;Chordata_7711;Actinopteri_186623;Cyprinodontiformes_28738;Fundulidae_28756;Fundulus_8077;Fundulus_heteroclitus_8078	98.958	100	3.48e-94	192	0	N/A	N/A	N/A
5e780a049b2a6a066d03a93167a3bc59	FJ445402.1.69.1011###root_1;Eukaryota_2759;Chordata_7711;Actinopteri_186623;Cyprinodontiformes_28738;Fundulidae_28756;Fundulus_8077;Fundulus_heteroclitus_8078	98.958	100	3.48e-94	192	0	N/A	N/A	N/A
5e780a049b2a6a066d03a93167a3bc59	FJ445401.1.69.1011###root_1;Eukaryota_2759;Chordata_7711;Actinopteri_186623;Cyprinodontiformes_28738;Fundulidae_28756;Fundulus_8077;Fundulus_heteroclitus_8078	98.438	100	1.62e-92	192	0	N/A	N/A	N/A
5e780a049b2a6a066d03a93167a3bc59	KX686091.1.<1.>670###root_1;Eukaryota_2759;Chordata_7711;Actinopteri_186623;Cyprinodontiformes_28738;Fundulidae_28756;Fundulus_8077;Fundulus_heteroclitus_8078	99.444	94	3.51e-89	180	0	N/A	N/A	N/A
5e780a049b2a6a066d03a93167a3bc59	KX686098.1.<1.>670###root_1;Eukaryota_2759;Chordata_7711;Actinopteri_186623;Cyprinodontiformes_28738;Fundulidae_28756;Fundulus_8077;Fundulus_heteroclitus_8078	99.444	94	3.51e-89	180	0	N/A	N/A	N/A
5e780a049b2a6a066d03a93167a3bc59	KX686092.1.<1.>670###root_1;Eukaryota_2759;Chordata_7711;Actinopteri_186623;Cyprinodontiformes_28738;Fundulidae_28756;Fundulus_8077;Fundulus_heteroclitus_8078	98.889	94	1.63e-87	180	0	N/A	N/A	N/A
5e780a049b2a6a066d03a93167a3bc59	OP537867.1.<1.>216###root_1;Eukaryota_2759;Chordata_7711;Actinopteri_186623;Cyprinodontiformes_28738;Fundulidae_28756;Fundulus_8077;Fundulus_pulvereus_76054	96.354	100	7.59e-86	192	0	N/A	N/A	N/A
61b7fcf2c5e90a356092486337b3a053	FJ445403.1.69.1011###root_1;Eukaryota_2759;Chordata_7711;Actinopteri_186623;Cyprinodontiformes_28738;Fundulidae_28756;Fundulus_8077;Fundulus_heteroclitus_8078	99.479	100	7.49e-96	192	0	N/A	N/A	N/A
61b7fcf2c5e90a356092486337b3a053	FJ445398.1.69.1011###root_1;Eukaryota_2759;Chordata_7711;Actinopteri_186623;Cyprinodontiformes_28738;Fundulidae_28756;Fundulus_8077;Fundulus_heteroclitus_8078	99.479	100	7.49e-96	192	0	N/A	N/A	N/A
61b7fcf2c5e90a356092486337b3a053	KT869378.1.69.1011###root_1;Eukaryota_2759;Chordata_7711;Actinopteri_186623;Cyprinodontiformes_28738;Fundulidae_28756;Fundulus_8077;Fundulus_heteroclitus_8078	99.479	100	7.49e-96	192	0	N/A	N/A	N/A
61b7fcf2c5e90a356092486337b3a053	FJ445400.1.69.1011###root_1;Eukaryota_2759;Chordata_7711;Actinopteri_186623;Cyprinodontiformes_28738;Fundulidae_28756;Fundulus_8077;Fundulus_heteroclitus_8078	98.958	100	3.48e-94	192	0	N/A	N/A	N/A
61b7fcf2c5e90a356092486337b3a053	FJ445402.1.69.1011###root_1;Eukaryota_2759;Chordata_7711;Actinopteri_186623;Cyprinodontiformes_28738;Fundulidae_28756;Fundulus_8077;Fundulus_heteroclitus_8078	98.958	100	3.48e-94	192	0	N/A	N/A	N/A
61b7fcf2c5e90a356092486337b3a053	FJ445401.1.69.1011###root_1;Eukaryota_2759;Chordata_7711;Actinopteri_186623;Cyprinodontiformes_28738;Fundulidae_28756;Fundulus_8077;Fundulus_heteroclitus_8078	98.438	100	1.62e-92	192	0	N/A	N/A	N/A
61b7fcf2c5e90a356092486337b3a053	KX686091.1.<1.>670###root_1;Eukaryota_2759;Chordata_7711;Actinopteri_186623;Cyprinodontiformes_28738;Fundulidae_28756;Fundulus_8077;Fundulus_heteroclitus_8078	99.444	94	3.51e-89	180	0	N/A	N/A	N/A
61b7fcf2c5e90a356092486337b3a053	KX686098.1.<1.>670###root_1;Eukaryota_2759;Chordata_7711;Actinopteri_186623;Cyprinodontiformes_28738;Fundulidae_28756;Fundulus_8077;Fundulus_heteroclitus_8078	99.444	94	3.51e-89	180	0	N/A	N/A	N/A
61b7fcf2c5e90a356092486337b3a053	KX686092.1.<1.>670###root_1;Eukaryota_2759;Chordata_7711;Actinopteri_186623;Cyprinodontiformes_28738;Fundulidae_28756;Fundulus_8077;Fundulus_heteroclitus_8078	98.889	94	1.63e-87	180	0	N/A	N/A	N/A
61b7fcf2c5e90a356092486337b3a053	OP537867.1.<1.>216###root_1;Eukaryota_2759;Chordata_7711;Actinopteri_186623;Cyprinodontiformes_28738;Fundulidae_28756;Fundulus_8077;Fundulus_pulvereus_76054	96.354	100	7.59e-86	192	0	N/A	N/A	N/A
4cdbf7b888571280b89732e6dafd3187	FJ445403.1.69.1011###root_1;Eukaryota_2759;Chordata_7711;Actinopteri_186623;Cyprinodontiformes_28738;Fundulidae_28756;Fundulus_8077;Fundulus_heteroclitus_8078	99.479	100	7.49e-96	192	0	N/A	N/A	N/A
4cdbf7b888571280b89732e6dafd3187	FJ445398.1.69.1011###root_1;Eukaryota_2759;Chordata_7711;Actinopteri_186623;Cyprinodontiformes_28738;Fundulidae_28756;Fundulus_8077;Fundulus_heteroclitus_8078	99.479	100	7.49e-96	192	0	N/A	N/A	N/A
4cdbf7b888571280b89732e6dafd3187	KT869378.1.69.1011###root_1;Eukaryota_2759;Chordata_7711;Actinopteri_186623;Cyprinodontiformes_28738;Fundulidae_28756;Fundulus_8077;Fundulus_heteroclitus_8078	99.479	100	7.49e-96	192	0	N/A	N/A	N/A
4cdbf7b888571280b89732e6dafd3187	FJ445400.1.69.1011###root_1;Eukaryota_2759;Chordata_7711;Actinopteri_186623;Cyprinodontiformes_28738;Fundulidae_28756;Fundulus_8077;Fundulus_heteroclitus_8078	98.958	100	3.48e-94	192	0	N/A	N/A	N/A
4cdbf7b888571280b89732e6dafd3187	FJ445402.1.69.1011###root_1;Eukaryota_2759;Chordata_7711;Actinopteri_186623;Cyprinodontiformes_28738;Fundulidae_28756;Fundulus_8077;Fundulus_heteroclitus_8078	98.958	100	3.48e-94	192	0	N/A	N/A	N/A
4cdbf7b888571280b89732e6dafd3187	FJ445401.1.69.1011###root_1;Eukaryota_2759;Chordata_7711;Actinopteri_186623;Cyprinodontiformes_28738;Fundulidae_28756;Fundulus_8077;Fundulus_heteroclitus_8078	98.438	100	1.62e-92	192	0	N/A	N/A	N/A
4cdbf7b888571280b89732e6dafd3187	KX686091.1.<1.>670###root_1;Eukaryota_2759;Chordata_7711;Actinopteri_186623;Cyprinodontiformes_28738;Fundulidae_28756;Fundulus_8077;Fundulus_heteroclitus_8078	99.444	94	3.51e-89	180	0	N/A	N/A	N/A
4cdbf7b888571280b89732e6dafd3187	KX686098.1.<1.>670###root_1;Eukaryota_2759;Chordata_7711;Actinopteri_186623;Cyprinodontiformes_28738;Fundulidae_28756;Fundulus_8077;Fundulus_heteroclitus_8078	99.444	94	3.51e-89	180	0	N/A	N/A	N/A
4cdbf7b888571280b89732e6dafd3187	KX686092.1.<1.>670###root_1;Eukaryota_2759;Chordata_7711;Actinopteri_186623;Cyprinodontiformes_28738;Fundulidae_28756;Fundulus_8077;Fundulus_heteroclitus_8078	98.889	94	1.63e-87	180	0	N/A	N/A	N/A
4cdbf7b888571280b89732e6dafd3187	OP537867.1.<1.>216###root_1;Eukaryota_2759;Chordata_7711;Actinopteri_186623;Cyprinodontiformes_28738;Fundulidae_28756;Fundulus_8077;Fundulus_pulvereus_76054	96.354	100	7.59e-86	192	0	N/A	N/A	N/A
c91b38c67a629948a040d1d4a41d6077	FJ445403.1.69.1011###root_1;Eukaryota_2759;Chordata_7711;Actinopteri_186623;Cyprinodontiformes_28738;Fundulidae_28756;Fundulus_8077;Fundulus_heteroclitus_8078	99.479	100	7.49e-96	192	0	N/A	N/A	N/A
c91b38c67a629948a040d1d4a41d6077	FJ445398.1.69.1011###root_1;Eukaryota_2759;Chordata_7711;Actinopteri_186623;Cyprinodontiformes_28738;Fundulidae_28756;Fundulus_8077;Fundulus_heteroclitus_8078	99.479	100	7.49e-96	192	0	N/A	N/A	N/A
c91b38c67a629948a040d1d4a41d6077	KT869378.1.69.1011###root_1;Eukaryota_2759;Chordata_7711;Actinopteri_186623;Cyprinodontiformes_28738;Fundulidae_28756;Fundulus_8077;Fundulus_heteroclitus_8078	99.479	100	7.49e-96	192	0	N/A	N/A	N/A
c91b38c67a629948a040d1d4a41d6077	FJ445400.1.69.1011###root_1;Eukaryota_2759;Chordata_7711;Actinopteri_186623;Cyprinodontiformes_28738;Fundulidae_28756;Fundulus_8077;Fundulus_heteroclitus_8078	98.958	100	3.48e-94	192	0	N/A	N/A	N/A
c91b38c67a629948a040d1d4a41d6077	FJ445402.1.69.1011###root_1;Eukaryota_2759;Chordata_7711;Actinopteri_186623;Cyprinodontiformes_28738;Fundulidae_28756;Fundulus_8077;Fundulus_heteroclitus_8078	98.958	100	3.48e-94	192	0	N/A	N/A	N/A
c91b38c67a629948a040d1d4a41d6077	FJ445401.1.69.1011###root_1;Eukaryota_2759;Chordata_7711;Actinopteri_186623;Cyprinodontiformes_28738;Fundulidae_28756;Fundulus_8077;Fundulus_heteroclitus_8078	98.438	100	1.62e-92	192	0	N/A	N/A	N/A
c91b38c67a629948a040d1d4a41d6077	KX686091.1.<1.>670###root_1;Eukaryota_2759;Chordata_7711;Actinopteri_186623;Cyprinodontiformes_28738;Fundulidae_28756;Fundulus_8077;Fundulus_heteroclitus_8078	99.444	94	3.51e-89	180	0	N/A	N/A	N/A
c91b38c67a629948a040d1d4a41d6077	KX686098.1.<1.>670###root_1;Eukaryota_2759;Chordata_7711;Actinopteri_186623;Cyprinodontiformes_28738;Fundulidae_28756;Fundulus_8077;Fundulus_heteroclitus_8078	99.444	94	3.51e-89	180	0	N/A	N/A	N/A
c91b38c67a629948a040d1d4a41d6077	KX686092.1.<1.>670###root_1;Eukaryota_2759;Chordata_7711;Actinopteri_186623;Cyprinodontiformes_28738;Fundulidae_28756;Fundulus_8077;Fundulus_heteroclitus_8078	98.889	94	1.63e-87	180	0	N/A	N/A	N/A
c91b38c67a629948a040d1d4a41d6077	OP537867.1.<1.>216###root_1;Eukaryota_2759;Chordata_7711;Actinopteri_186623;Cyprinodontiformes_28738;Fundulidae_28756;Fundulus_8077;Fundulus_pulvereus_76054	96.354	100	7.59e-86	192	0	N/A	N/A	N/A
9262f5279d460362244b687310c47a0d	FJ445403.1.69.1011###root_1;Eukaryota_2759;Chordata_7711;Actinopteri_186623;Cyprinodontiformes_28738;Fundulidae_28756;Fundulus_8077;Fundulus_heteroclitus_8078	99.479	100	7.49e-96	192	0	N/A	N/A	N/A
9262f5279d460362244b687310c47a0d	FJ445398.1.69.1011###root_1;Eukaryota_2759;Chordata_7711;Actinopteri_186623;Cyprinodontiformes_28738;Fundulidae_28756;Fundulus_8077;Fundulus_heteroclitus_8078	99.479	100	7.49e-96	192	0	N/A	N/A	N/A
9262f5279d460362244b687310c47a0d	KT869378.1.69.1011###root_1;Eukaryota_2759;Chordata_7711;Actinopteri_186623;Cyprinodontiformes_28738;Fundulidae_28756;Fundulus_8077;Fundulus_heteroclitus_8078	99.479	100	7.49e-96	192	0	N/A	N/A	N/A
9262f5279d460362244b687310c47a0d	FJ445400.1.69.1011###root_1;Eukaryota_2759;Chordata_7711;Actinopteri_186623;Cyprinodontiformes_28738;Fundulidae_28756;Fundulus_8077;Fundulus_heteroclitus_8078	98.958	100	3.48e-94	192	0	N/A	N/A	N/A
9262f5279d460362244b687310c47a0d	FJ445402.1.69.1011###root_1;Eukaryota_2759;Chordata_7711;Actinopteri_186623;Cyprinodontiformes_28738;Fundulidae_28756;Fundulus_8077;Fundulus_heteroclitus_8078	98.958	100	3.48e-94	192	0	N/A	N/A	N/A
9262f5279d460362244b687310c47a0d	FJ445401.1.69.1011###root_1;Eukaryota_2759;Chordata_7711;Actinopteri_186623;Cyprinodontiformes_28738;Fundulidae_28756;Fundulus_8077;Fundulus_heteroclitus_8078	98.438	100	1.62e-92	192	0	N/A	N/A	N/A
9262f5279d460362244b687310c47a0d	KX686091.1.<1.>670###root_1;Eukaryota_2759;Chordata_7711;Actinopteri_186623;Cyprinodontiformes_28738;Fundulidae_28756;Fundulus_8077;Fundulus_heteroclitus_8078	99.444	94	3.51e-89	180	0	N/A	N/A	N/A
9262f5279d460362244b687310c47a0d	KX686098.1.<1.>670###root_1;Eukaryota_2759;Chordata_7711;Actinopteri_186623;Cyprinodontiformes_28738;Fundulidae_28756;Fundulus_8077;Fundulus_heteroclitus_8078	99.444	94	3.51e-89	180	0	N/A	N/A	N/A
9262f5279d460362244b687310c47a0d	KX686092.1.<1.>670###root_1;Eukaryota_2759;Chordata_7711;Actinopteri_186623;Cyprinodontiformes_28738;Fundulidae_28756;Fundulus_8077;Fundulus_heteroclitus_8078	98.889	94	1.63e-87	180	0	N/A	N/A	N/A
9262f5279d460362244b687310c47a0d	OP537867.1.<1.>216###root_1;Eukaryota_2759;Chordata_7711;Actinopteri_186623;Cyprinodontiformes_28738;Fundulidae_28756;Fundulus_8077;Fundulus_pulvereus_76054	96.354	100	7.59e-86	192	0	N/A	N/A	N/A
d032e94377fe3def7b22b0c5c491911d	FJ445403.1.69.1011###root_1;Eukaryota_2759;Chordata_7711;Actinopteri_186623;Cyprinodontiformes_28738;Fundulidae_28756;Fundulus_8077;Fundulus_heteroclitus_8078	99.479	100	7.49e-96	192	0	N/A	N/A	N/A
d032e94377fe3def7b22b0c5c491911d	FJ445398.1.69.1011###root_1;Eukaryota_2759;Chordata_7711;Actinopteri_186623;Cyprinodontiformes_28738;Fundulidae_28756;Fundulus_8077;Fundulus_heteroclitus_8078	99.479	100	7.49e-96	192	0	N/A	N/A	N/A
d032e94377fe3def7b22b0c5c491911d	KT869378.1.69.1011###root_1;Eukaryota_2759;Chordata_7711;Actinopteri_186623;Cyprinodontiformes_28738;Fundulidae_28756;Fundulus_8077;Fundulus_heteroclitus_8078	99.479	100	7.49e-96	192	0	N/A	N/A	N/A
d032e94377fe3def7b22b0c5c491911d	FJ445400.1.69.1011###root_1;Eukaryota_2759;Chordata_7711;Actinopteri_186623;Cyprinodontiformes_28738;Fundulidae_28756;Fundulus_8077;Fundulus_heteroclitus_8078	98.958	100	3.48e-94	192	0	N/A	N/A	N/A
d032e94377fe3def7b22b0c5c491911d	FJ445402.1.69.1011###root_1;Eukaryota_2759;Chordata_7711;Actinopteri_186623;Cyprinodontiformes_28738;Fundulidae_28756;Fundulus_8077;Fundulus_heteroclitus_8078	98.958	100	3.48e-94	192	0	N/A	N/A	N/A
d032e94377fe3def7b22b0c5c491911d	FJ445401.1.69.1011###root_1;Eukaryota_2759;Chordata_7711;Actinopteri_186623;Cyprinodontiformes_28738;Fundulidae_28756;Fundulus_8077;Fundulus_heteroclitus_8078	98.438	100	1.62e-92	192	0	N/A	N/A	N/A
d032e94377fe3def7b22b0c5c491911d	KX686091.1.<1.>670###root_1;Eukaryota_2759;Chordata_7711;Actinopteri_186623;Cyprinodontiformes_28738;Fundulidae_28756;Fundulus_8077;Fundulus_heteroclitus_8078	99.444	94	3.51e-89	180	0	N/A	N/A	N/A
d032e94377fe3def7b22b0c5c491911d	KX686098.1.<1.>670###root_1;Eukaryota_2759;Chordata_7711;Actinopteri_186623;Cyprinodontiformes_28738;Fundulidae_28756;Fundulus_8077;Fundulus_heteroclitus_8078	99.444	94	3.51e-89	180	0	N/A	N/A	N/A
d032e94377fe3def7b22b0c5c491911d	KX686092.1.<1.>670###root_1;Eukaryota_2759;Chordata_7711;Actinopteri_186623;Cyprinodontiformes_28738;Fundulidae_28756;Fundulus_8077;Fundulus_heteroclitus_8078	98.889	94	1.63e-87	180	0	N/A	N/A	N/A
d032e94377fe3def7b22b0c5c491911d	OP537867.1.<1.>216###root_1;Eukaryota_2759;Chordata_7711;Actinopteri_186623;Cyprinodontiformes_28738;Fundulidae_28756;Fundulus_8077;Fundulus_pulvereus_76054	96.354	100	7.59e-86	192	0	N/A	N/A	N/A
b5db94b56f84a9bdfb4ffceaf4ccb15b	FJ445403.1.69.1011###root_1;Eukaryota_2759;Chordata_7711;Actinopteri_186623;Cyprinodontiformes_28738;Fundulidae_28756;Fundulus_8077;Fundulus_heteroclitus_8078	99.479	100	7.49e-96	192	0	N/A	N/A	N/A
b5db94b56f84a9bdfb4ffceaf4ccb15b	FJ445398.1.69.1011###root_1;Eukaryota_2759;Chordata_7711;Actinopteri_186623;Cyprinodontiformes_28738;Fundulidae_28756;Fundulus_8077;Fundulus_heteroclitus_8078	99.479	100	7.49e-96	192	0	N/A	N/A	N/A
b5db94b56f84a9bdfb4ffceaf4ccb15b	KT869378.1.69.1011###root_1;Eukaryota_2759;Chordata_7711;Actinopteri_186623;Cyprinodontiformes_28738;Fundulidae_28756;Fundulus_8077;Fundulus_heteroclitus_8078	99.479	100	7.49e-96	192	0	N/A	N/A	N/A
b5db94b56f84a9bdfb4ffceaf4ccb15b	FJ445400.1.69.1011###root_1;Eukaryota_2759;Chordata_7711;Actinopteri_186623;Cyprinodontiformes_28738;Fundulidae_28756;Fundulus_8077;Fundulus_heteroclitus_8078	98.958	100	3.48e-94	192	0	N/A	N/A	N/A
b5db94b56f84a9bdfb4ffceaf4ccb15b	FJ445402.1.69.1011###root_1;Eukaryota_2759;Chordata_7711;Actinopteri_186623;Cyprinodontiformes_28738;Fundulidae_28756;Fundulus_8077;Fundulus_heteroclitus_8078	98.958	100	3.48e-94	192	0	N/A	N/A	N/A
b5db94b56f84a9bdfb4ffceaf4ccb15b	FJ445401.1.69.1011###root_1;Eukaryota_2759;Chordata_7711;Actinopteri_186623;Cyprinodontiformes_28738;Fundulidae_28756;Fundulus_8077;Fundulus_heteroclitus_8078	98.438	100	1.62e-92	192	0	N/A	N/A	N/A
b5db94b56f84a9bdfb4ffceaf4ccb15b	KX686091.1.<1.>670###root_1;Eukaryota_2759;Chordata_7711;Actinopteri_186623;Cyprinodontiformes_28738;Fundulidae_28756;Fundulus_8077;Fundulus_heteroclitus_8078	99.444	94	3.51e-89	180	0	N/A	N/A	N/A
b5db94b56f84a9bdfb4ffceaf4ccb15b	KX686098.1.<1.>670###root_1;Eukaryota_2759;Chordata_7711;Actinopteri_186623;Cyprinodontiformes_28738;Fundulidae_28756;Fundulus_8077;Fundulus_heteroclitus_8078	99.444	94	3.51e-89	180	0	N/A	N/A	N/A
b5db94b56f84a9bdfb4ffceaf4ccb15b	KX686092.1.<1.>670###root_1;Eukaryota_2759;Chordata_7711;Actinopteri_186623;Cyprinodontiformes_28738;Fundulidae_28756;Fundulus_8077;Fundulus_heteroclitus_8078	98.889	94	1.63e-87	180	0	N/A	N/A	N/A
b5db94b56f84a9bdfb4ffceaf4ccb15b	OP537867.1.<1.>216###root_1;Eukaryota_2759;Chordata_7711;Actinopteri_186623;Cyprinodontiformes_28738;Fundulidae_28756;Fundulus_8077;Fundulus_pulvereus_76054	96.354	100	7.59e-86	192	0	N/A	N/A	N/A
ed0f39311b7d67bc3ba93bbdb5a5b665	FJ445403.1.69.1011###root_1;Eukaryota_2759;Chordata_7711;Actinopteri_186623;Cyprinodontiformes_28738;Fundulidae_28756;Fundulus_8077;Fundulus_heteroclitus_8078	99.479	100	7.49e-96	192	0	N/A	N/A	N/A
ed0f39311b7d67bc3ba93bbdb5a5b665	FJ445398.1.69.1011###root_1;Eukaryota_2759;Chordata_7711;Actinopteri_186623;Cyprinodontiformes_28738;Fundulidae_28756;Fundulus_8077;Fundulus_heteroclitus_8078	99.479	100	7.49e-96	192	0	N/A	N/A	N/A
ed0f39311b7d67bc3ba93bbdb5a5b665	KT869378.1.69.1011###root_1;Eukaryota_2759;Chordata_7711;Actinopteri_186623;Cyprinodontiformes_28738;Fundulidae_28756;Fundulus_8077;Fundulus_heteroclitus_8078	99.479	100	7.49e-96	192	0	N/A	N/A	N/A
ed0f39311b7d67bc3ba93bbdb5a5b665	FJ445400.1.69.1011###root_1;Eukaryota_2759;Chordata_7711;Actinopteri_186623;Cyprinodontiformes_28738;Fundulidae_28756;Fundulus_8077;Fundulus_heteroclitus_8078	98.958	100	3.48e-94	192	0	N/A	N/A	N/A
ed0f39311b7d67bc3ba93bbdb5a5b665	FJ445402.1.69.1011###root_1;Eukaryota_2759;Chordata_7711;Actinopteri_186623;Cyprinodontiformes_28738;Fundulidae_28756;Fundulus_8077;Fundulus_heteroclitus_8078	98.958	100	3.48e-94	192	0	N/A	N/A	N/A
ed0f39311b7d67bc3ba93bbdb5a5b665	FJ445401.1.69.1011###root_1;Eukaryota_2759;Chordata_7711;Actinopteri_186623;Cyprinodontiformes_28738;Fundulidae_28756;Fundulus_8077;Fundulus_heteroclitus_8078	98.438	100	1.62e-92	192	0	N/A	N/A	N/A
ed0f39311b7d67bc3ba93bbdb5a5b665	OP537867.1.<1.>216###root_1;Eukaryota_2759;Chordata_7711;Actinopteri_186623;Cyprinodontiformes_28738;Fundulidae_28756;Fundulus_8077;Fundulus_pulvereus_76054	97.396	100	3.51e-89	192	0	N/A	N/A	N/A
ed0f39311b7d67bc3ba93bbdb5a5b665	KX686091.1.<1.>670###root_1;Eukaryota_2759;Chordata_7711;Actinopteri_186623;Cyprinodontiformes_28738;Fundulidae_28756;Fundulus_8077;Fundulus_heteroclitus_8078	99.444	94	3.51e-89	180	0	N/A	N/A	N/A
ed0f39311b7d67bc3ba93bbdb5a5b665	KX686098.1.<1.>670###root_1;Eukaryota_2759;Chordata_7711;Actinopteri_186623;Cyprinodontiformes_28738;Fundulidae_28756;Fundulus_8077;Fundulus_heteroclitus_8078	99.444	94	3.51e-89	180	0	N/A	N/A	N/A
ed0f39311b7d67bc3ba93bbdb5a5b665	OP537866.1.<1.>216###root_1;Eukaryota_2759;Chordata_7711;Actinopteri_186623;Cyprinodontiformes_28738;Fundulidae_28756;Fundulus_8077;Fundulus_pulvereus_76054	96.875	100	1.63e-87	192	0	N/A	N/A	N/A
2ba1bf02917623e53c39cb202983147d	FJ445403.1.69.1011###root_1;Eukaryota_2759;Chordata_7711;Actinopteri_186623;Cyprinodontiformes_28738;Fundulidae_28756;Fundulus_8077;Fundulus_heteroclitus_8078	99.479	100	7.49e-96	192	0	N/A	N/A	N/A
2ba1bf02917623e53c39cb202983147d	FJ445398.1.69.1011###root_1;Eukaryota_2759;Chordata_7711;Actinopteri_186623;Cyprinodontiformes_28738;Fundulidae_28756;Fundulus_8077;Fundulus_heteroclitus_8078	99.479	100	7.49e-96	192	0	N/A	N/A	N/A
2ba1bf02917623e53c39cb202983147d	KT869378.1.69.1011###root_1;Eukaryota_2759;Chordata_7711;Actinopteri_186623;Cyprinodontiformes_28738;Fundulidae_28756;Fundulus_8077;Fundulus_heteroclitus_8078	99.479	100	7.49e-96	192	0	N/A	N/A	N/A
2ba1bf02917623e53c39cb202983147d	FJ445400.1.69.1011###root_1;Eukaryota_2759;Chordata_7711;Actinopteri_186623;Cyprinodontiformes_28738;Fundulidae_28756;Fundulus_8077;Fundulus_heteroclitus_8078	98.958	100	3.48e-94	192	0	N/A	N/A	N/A
2ba1bf02917623e53c39cb202983147d	FJ445402.1.69.1011###root_1;Eukaryota_2759;Chordata_7711;Actinopteri_186623;Cyprinodontiformes_28738;Fundulidae_28756;Fundulus_8077;Fundulus_heteroclitus_8078	98.958	100	3.48e-94	192	0	N/A	N/A	N/A
2ba1bf02917623e53c39cb202983147d	FJ445401.1.69.1011###root_1;Eukaryota_2759;Chordata_7711;Actinopteri_186623;Cyprinodontiformes_28738;Fundulidae_28756;Fundulus_8077;Fundulus_heteroclitus_8078	98.438	100	1.62e-92	192	0	N/A	N/A	N/A
2ba1bf02917623e53c39cb202983147d	KX686091.1.<1.>670###root_1;Eukaryota_2759;Chordata_7711;Actinopteri_186623;Cyprinodontiformes_28738;Fundulidae_28756;Fundulus_8077;Fundulus_heteroclitus_8078	99.444	94	3.51e-89	180	0	N/A	N/A	N/A
2ba1bf02917623e53c39cb202983147d	KX686098.1.<1.>670###root_1;Eukaryota_2759;Chordata_7711;Actinopteri_186623;Cyprinodontiformes_28738;Fundulidae_28756;Fundulus_8077;Fundulus_heteroclitus_8078	99.444	94	3.51e-89	180	0	N/A	N/A	N/A
2ba1bf02917623e53c39cb202983147d	OP537867.1.<1.>216###root_1;Eukaryota_2759;Chordata_7711;Actinopteri_186623;Cyprinodontiformes_28738;Fundulidae_28756;Fundulus_8077;Fundulus_pulvereus_76054	96.875	100	1.63e-87	192	0	N/A	N/A	N/A
2ba1bf02917623e53c39cb202983147d	KX686092.1.<1.>670###root_1;Eukaryota_2759;Chordata_7711;Actinopteri_186623;Cyprinodontiformes_28738;Fundulidae_28756;Fundulus_8077;Fundulus_heteroclitus_8078	98.889	94	1.63e-87	180	0	N/A	N/A	N/A
6a44078ccaba4605d30a14e61d2d7d65	FJ445403.1.69.1011###root_1;Eukaryota_2759;Chordata_7711;Actinopteri_186623;Cyprinodontiformes_28738;Fundulidae_28756;Fundulus_8077;Fundulus_heteroclitus_8078	98.958	100	3.48e-94	192	0	N/A	N/A	N/A
6a44078ccaba4605d30a14e61d2d7d65	FJ445398.1.69.1011###root_1;Eukaryota_2759;Chordata_7711;Actinopteri_186623;Cyprinodontiformes_28738;Fundulidae_28756;Fundulus_8077;Fundulus_heteroclitus_8078	98.958	100	3.48e-94	192	0	N/A	N/A	N/A
6a44078ccaba4605d30a14e61d2d7d65	KT869378.1.69.1011###root_1;Eukaryota_2759;Chordata_7711;Actinopteri_186623;Cyprinodontiformes_28738;Fundulidae_28756;Fundulus_8077;Fundulus_heteroclitus_8078	98.958	100	3.48e-94	192	0	N/A	N/A	N/A
6a44078ccaba4605d30a14e61d2d7d65	FJ445400.1.69.1011###root_1;Eukaryota_2759;Chordata_7711;Actinopteri_186623;Cyprinodontiformes_28738;Fundulidae_28756;Fundulus_8077;Fundulus_heteroclitus_8078	98.438	100	1.62e-92	192	0	N/A	N/A	N/A
6a44078ccaba4605d30a14e61d2d7d65	FJ445402.1.69.1011###root_1;Eukaryota_2759;Chordata_7711;Actinopteri_186623;Cyprinodontiformes_28738;Fundulidae_28756;Fundulus_8077;Fundulus_heteroclitus_8078	98.438	100	1.62e-92	192	0	N/A	N/A	N/A
6a44078ccaba4605d30a14e61d2d7d65	FJ445401.1.69.1011###root_1;Eukaryota_2759;Chordata_7711;Actinopteri_186623;Cyprinodontiformes_28738;Fundulidae_28756;Fundulus_8077;Fundulus_heteroclitus_8078	97.917	100	7.54e-91	192	0	N/A	N/A	N/A
6a44078ccaba4605d30a14e61d2d7d65	KX686091.1.<1.>670###root_1;Eukaryota_2759;Chordata_7711;Actinopteri_186623;Cyprinodontiformes_28738;Fundulidae_28756;Fundulus_8077;Fundulus_heteroclitus_8078	98.889	94	1.63e-87	180	0	N/A	N/A	N/A
6a44078ccaba4605d30a14e61d2d7d65	KX686098.1.<1.>670###root_1;Eukaryota_2759;Chordata_7711;Actinopteri_186623;Cyprinodontiformes_28738;Fundulidae_28756;Fundulus_8077;Fundulus_heteroclitus_8078	98.889	94	1.63e-87	180	0	N/A	N/A	N/A
6a44078ccaba4605d30a14e61d2d7d65	KX686092.1.<1.>670###root_1;Eukaryota_2759;Chordata_7711;Actinopteri_186623;Cyprinodontiformes_28738;Fundulidae_28756;Fundulus_8077;Fundulus_heteroclitus_8078	98.333	94	7.59e-86	180	0	N/A	N/A	N/A
6a44078ccaba4605d30a14e61d2d7d65	OP537867.1.<1.>216###root_1;Eukaryota_2759;Chordata_7711;Actinopteri_186623;Cyprinodontiformes_28738;Fundulidae_28756;Fundulus_8077;Fundulus_pulvereus_76054	95.833	100	3.53e-84	192	0	N/A	N/A	N/A
ca47bc8bcea4523629804f6ce4ae0f8b	FJ445403.1.69.1011###root_1;Eukaryota_2759;Chordata_7711;Actinopteri_186623;Cyprinodontiformes_28738;Fundulidae_28756;Fundulus_8077;Fundulus_heteroclitus_8078	99.479	100	7.49e-96	192	0	N/A	N/A	N/A
ca47bc8bcea4523629804f6ce4ae0f8b	FJ445398.1.69.1011###root_1;Eukaryota_2759;Chordata_7711;Actinopteri_186623;Cyprinodontiformes_28738;Fundulidae_28756;Fundulus_8077;Fundulus_heteroclitus_8078	99.479	100	7.49e-96	192	0	N/A	N/A	N/A
ca47bc8bcea4523629804f6ce4ae0f8b	KT869378.1.69.1011###root_1;Eukaryota_2759;Chordata_7711;Actinopteri_186623;Cyprinodontiformes_28738;Fundulidae_28756;Fundulus_8077;Fundulus_heteroclitus_8078	99.479	100	7.49e-96	192	0	N/A	N/A	N/A
ca47bc8bcea4523629804f6ce4ae0f8b	FJ445400.1.69.1011###root_1;Eukaryota_2759;Chordata_7711;Actinopteri_186623;Cyprinodontiformes_28738;Fundulidae_28756;Fundulus_8077;Fundulus_heteroclitus_8078	98.958	100	3.48e-94	192	0	N/A	N/A	N/A
ca47bc8bcea4523629804f6ce4ae0f8b	FJ445402.1.69.1011###root_1;Eukaryota_2759;Chordata_7711;Actinopteri_186623;Cyprinodontiformes_28738;Fundulidae_28756;Fundulus_8077;Fundulus_heteroclitus_8078	98.958	100	3.48e-94	192	0	N/A	N/A	N/A
ca47bc8bcea4523629804f6ce4ae0f8b	FJ445401.1.69.1011###root_1;Eukaryota_2759;Chordata_7711;Actinopteri_186623;Cyprinodontiformes_28738;Fundulidae_28756;Fundulus_8077;Fundulus_heteroclitus_8078	98.438	100	1.62e-92	192	0	N/A	N/A	N/A
ca47bc8bcea4523629804f6ce4ae0f8b	KX686091.1.<1.>670###root_1;Eukaryota_2759;Chordata_7711;Actinopteri_186623;Cyprinodontiformes_28738;Fundulidae_28756;Fundulus_8077;Fundulus_heteroclitus_8078	99.444	94	3.51e-89	180	0	N/A	N/A	N/A
ca47bc8bcea4523629804f6ce4ae0f8b	KX686098.1.<1.>670###root_1;Eukaryota_2759;Chordata_7711;Actinopteri_186623;Cyprinodontiformes_28738;Fundulidae_28756;Fundulus_8077;Fundulus_heteroclitus_8078	99.444	94	3.51e-89	180	0	N/A	N/A	N/A
ca47bc8bcea4523629804f6ce4ae0f8b	KX686092.1.<1.>670###root_1;Eukaryota_2759;Chordata_7711;Actinopteri_186623;Cyprinodontiformes_28738;Fundulidae_28756;Fundulus_8077;Fundulus_heteroclitus_8078	98.889	94	1.63e-87	180	0	N/A	N/A	N/A
ca47bc8bcea4523629804f6ce4ae0f8b	OP537867.1.<1.>216###root_1;Eukaryota_2759;Chordata_7711;Actinopteri_186623;Cyprinodontiformes_28738;Fundulidae_28756;Fundulus_8077;Fundulus_pulvereus_76054	96.354	100	7.59e-86	192	0	N/A	N/A	N/A
7099c1cad47bc848b1566387603dce9c	FJ445403.1.69.1011###root_1;Eukaryota_2759;Chordata_7711;Actinopteri_186623;Cyprinodontiformes_28738;Fundulidae_28756;Fundulus_8077;Fundulus_heteroclitus_8078	99.479	100	7.49e-96	192	0	N/A	N/A	N/A
7099c1cad47bc848b1566387603dce9c	FJ445398.1.69.1011###root_1;Eukaryota_2759;Chordata_7711;Actinopteri_186623;Cyprinodontiformes_28738;Fundulidae_28756;Fundulus_8077;Fundulus_heteroclitus_8078	99.479	100	7.49e-96	192	0	N/A	N/A	N/A
7099c1cad47bc848b1566387603dce9c	KT869378.1.69.1011###root_1;Eukaryota_2759;Chordata_7711;Actinopteri_186623;Cyprinodontiformes_28738;Fundulidae_28756;Fundulus_8077;Fundulus_heteroclitus_8078	99.479	100	7.49e-96	192	0	N/A	N/A	N/A
7099c1cad47bc848b1566387603dce9c	FJ445400.1.69.1011###root_1;Eukaryota_2759;Chordata_7711;Actinopteri_186623;Cyprinodontiformes_28738;Fundulidae_28756;Fundulus_8077;Fundulus_heteroclitus_8078	98.958	100	3.48e-94	192	0	N/A	N/A	N/A
7099c1cad47bc848b1566387603dce9c	FJ445402.1.69.1011###root_1;Eukaryota_2759;Chordata_7711;Actinopteri_186623;Cyprinodontiformes_28738;Fundulidae_28756;Fundulus_8077;Fundulus_heteroclitus_8078	98.958	100	3.48e-94	192	0	N/A	N/A	N/A
7099c1cad47bc848b1566387603dce9c	FJ445401.1.69.1011###root_1;Eukaryota_2759;Chordata_7711;Actinopteri_186623;Cyprinodontiformes_28738;Fundulidae_28756;Fundulus_8077;Fundulus_heteroclitus_8078	98.438	100	1.62e-92	192	0	N/A	N/A	N/A
7099c1cad47bc848b1566387603dce9c	KX686091.1.<1.>670###root_1;Eukaryota_2759;Chordata_7711;Actinopteri_186623;Cyprinodontiformes_28738;Fundulidae_28756;Fundulus_8077;Fundulus_heteroclitus_8078	99.444	94	3.51e-89	180	0	N/A	N/A	N/A
7099c1cad47bc848b1566387603dce9c	KX686098.1.<1.>670###root_1;Eukaryota_2759;Chordata_7711;Actinopteri_186623;Cyprinodontiformes_28738;Fundulidae_28756;Fundulus_8077;Fundulus_heteroclitus_8078	99.444	94	3.51e-89	180	0	N/A	N/A	N/A
7099c1cad47bc848b1566387603dce9c	KX686092.1.<1.>670###root_1;Eukaryota_2759;Chordata_7711;Actinopteri_186623;Cyprinodontiformes_28738;Fundulidae_28756;Fundulus_8077;Fundulus_heteroclitus_8078	98.889	94	1.63e-87	180	0	N/A	N/A	N/A
7099c1cad47bc848b1566387603dce9c	OP537867.1.<1.>216###root_1;Eukaryota_2759;Chordata_7711;Actinopteri_186623;Cyprinodontiformes_28738;Fundulidae_28756;Fundulus_8077;Fundulus_pulvereus_76054	96.354	100	7.59e-86	192	0	N/A	N/A	N/A
eb0edef7cb271ed4bb0a716fe6b5baff	FJ445403.1.69.1011###root_1;Eukaryota_2759;Chordata_7711;Actinopteri_186623;Cyprinodontiformes_28738;Fundulidae_28756;Fundulus_8077;Fundulus_heteroclitus_8078	99.479	100	7.49e-96	192	0	N/A	N/A	N/A
eb0edef7cb271ed4bb0a716fe6b5baff	FJ445398.1.69.1011###root_1;Eukaryota_2759;Chordata_7711;Actinopteri_186623;Cyprinodontiformes_28738;Fundulidae_28756;Fundulus_8077;Fundulus_heteroclitus_8078	99.479	100	7.49e-96	192	0	N/A	N/A	N/A
eb0edef7cb271ed4bb0a716fe6b5baff	KT869378.1.69.1011###root_1;Eukaryota_2759;Chordata_7711;Actinopteri_186623;Cyprinodontiformes_28738;Fundulidae_28756;Fundulus_8077;Fundulus_heteroclitus_8078	99.479	100	7.49e-96	192	0	N/A	N/A	N/A
eb0edef7cb271ed4bb0a716fe6b5baff	FJ445400.1.69.1011###root_1;Eukaryota_2759;Chordata_7711;Actinopteri_186623;Cyprinodontiformes_28738;Fundulidae_28756;Fundulus_8077;Fundulus_heteroclitus_8078	98.958	100	3.48e-94	192	0	N/A	N/A	N/A
eb0edef7cb271ed4bb0a716fe6b5baff	FJ445402.1.69.1011###root_1;Eukaryota_2759;Chordata_7711;Actinopteri_186623;Cyprinodontiformes_28738;Fundulidae_28756;Fundulus_8077;Fundulus_heteroclitus_8078	98.958	100	3.48e-94	192	0	N/A	N/A	N/A
eb0edef7cb271ed4bb0a716fe6b5baff	FJ445401.1.69.1011###root_1;Eukaryota_2759;Chordata_7711;Actinopteri_186623;Cyprinodontiformes_28738;Fundulidae_28756;Fundulus_8077;Fundulus_heteroclitus_8078	98.438	100	1.62e-92	192	0	N/A	N/A	N/A
eb0edef7cb271ed4bb0a716fe6b5baff	KX686091.1.<1.>670###root_1;Eukaryota_2759;Chordata_7711;Actinopteri_186623;Cyprinodontiformes_28738;Fundulidae_28756;Fundulus_8077;Fundulus_heteroclitus_8078	99.444	94	3.51e-89	180	0	N/A	N/A	N/A
eb0edef7cb271ed4bb0a716fe6b5baff	KX686098.1.<1.>670###root_1;Eukaryota_2759;Chordata_7711;Actinopteri_186623;Cyprinodontiformes_28738;Fundulidae_28756;Fundulus_8077;Fundulus_heteroclitus_8078	99.444	94	3.51e-89	180	0	N/A	N/A	N/A
eb0edef7cb271ed4bb0a716fe6b5baff	KX686092.1.<1.>670###root_1;Eukaryota_2759;Chordata_7711;Actinopteri_186623;Cyprinodontiformes_28738;Fundulidae_28756;Fundulus_8077;Fundulus_heteroclitus_8078	98.889	94	1.63e-87	180	0	N/A	N/A	N/A
eb0edef7cb271ed4bb0a716fe6b5baff	OP537867.1.<1.>216###root_1;Eukaryota_2759;Chordata_7711;Actinopteri_186623;Cyprinodontiformes_28738;Fundulidae_28756;Fundulus_8077;Fundulus_pulvereus_76054	96.354	100	7.59e-86	192	0	N/A	N/A	N/A
020ec118fb222aff1ab0df398df6c7ad	FJ445403.1.69.1011###root_1;Eukaryota_2759;Chordata_7711;Actinopteri_186623;Cyprinodontiformes_28738;Fundulidae_28756;Fundulus_8077;Fundulus_heteroclitus_8078	99.479	100	7.49e-96	192	0	N/A	N/A	N/A
020ec118fb222aff1ab0df398df6c7ad	FJ445398.1.69.1011###root_1;Eukaryota_2759;Chordata_7711;Actinopteri_186623;Cyprinodontiformes_28738;Fundulidae_28756;Fundulus_8077;Fundulus_heteroclitus_8078	99.479	100	7.49e-96	192	0	N/A	N/A	N/A
020ec118fb222aff1ab0df398df6c7ad	KT869378.1.69.1011###root_1;Eukaryota_2759;Chordata_7711;Actinopteri_186623;Cyprinodontiformes_28738;Fundulidae_28756;Fundulus_8077;Fundulus_heteroclitus_8078	99.479	100	7.49e-96	192	0	N/A	N/A	N/A
020ec118fb222aff1ab0df398df6c7ad	FJ445400.1.69.1011###root_1;Eukaryota_2759;Chordata_7711;Actinopteri_186623;Cyprinodontiformes_28738;Fundulidae_28756;Fundulus_8077;Fundulus_heteroclitus_8078	98.958	100	3.48e-94	192	0	N/A	N/A	N/A
020ec118fb222aff1ab0df398df6c7ad	FJ445402.1.69.1011###root_1;Eukaryota_2759;Chordata_7711;Actinopteri_186623;Cyprinodontiformes_28738;Fundulidae_28756;Fundulus_8077;Fundulus_heteroclitus_8078	98.958	100	3.48e-94	192	0	N/A	N/A	N/A
020ec118fb222aff1ab0df398df6c7ad	FJ445401.1.69.1011###root_1;Eukaryota_2759;Chordata_7711;Actinopteri_186623;Cyprinodontiformes_28738;Fundulidae_28756;Fundulus_8077;Fundulus_heteroclitus_8078	98.438	100	1.62e-92	192	0	N/A	N/A	N/A
020ec118fb222aff1ab0df398df6c7ad	KX686091.1.<1.>670###root_1;Eukaryota_2759;Chordata_7711;Actinopteri_186623;Cyprinodontiformes_28738;Fundulidae_28756;Fundulus_8077;Fundulus_heteroclitus_8078	99.444	94	3.51e-89	180	0	N/A	N/A	N/A
020ec118fb222aff1ab0df398df6c7ad	KX686098.1.<1.>670###root_1;Eukaryota_2759;Chordata_7711;Actinopteri_186623;Cyprinodontiformes_28738;Fundulidae_28756;Fundulus_8077;Fundulus_heteroclitus_8078	99.444	94	3.51e-89	180	0	N/A	N/A	N/A
020ec118fb222aff1ab0df398df6c7ad	KX686092.1.<1.>670###root_1;Eukaryota_2759;Chordata_7711;Actinopteri_186623;Cyprinodontiformes_28738;Fundulidae_28756;Fundulus_8077;Fundulus_heteroclitus_8078	98.889	94	1.63e-87	180	0	N/A	N/A	N/A
020ec118fb222aff1ab0df398df6c7ad	OP537867.1.<1.>216###root_1;Eukaryota_2759;Chordata_7711;Actinopteri_186623;Cyprinodontiformes_28738;Fundulidae_28756;Fundulus_8077;Fundulus_pulvereus_76054	96.354	100	7.59e-86	192	0	N/A	N/A	N/A
004254f416a2f5d5645f26147fba8d7e	FJ445403.1.69.1011###root_1;Eukaryota_2759;Chordata_7711;Actinopteri_186623;Cyprinodontiformes_28738;Fundulidae_28756;Fundulus_8077;Fundulus_heteroclitus_8078	99.479	100	7.49e-96	192	0	N/A	N/A	N/A
004254f416a2f5d5645f26147fba8d7e	FJ445398.1.69.1011###root_1;Eukaryota_2759;Chordata_7711;Actinopteri_186623;Cyprinodontiformes_28738;Fundulidae_28756;Fundulus_8077;Fundulus_heteroclitus_8078	99.479	100	7.49e-96	192	0	N/A	N/A	N/A
004254f416a2f5d5645f26147fba8d7e	KT869378.1.69.1011###root_1;Eukaryota_2759;Chordata_7711;Actinopteri_186623;Cyprinodontiformes_28738;Fundulidae_28756;Fundulus_8077;Fundulus_heteroclitus_8078	99.479	100	7.49e-96	192	0	N/A	N/A	N/A
004254f416a2f5d5645f26147fba8d7e	FJ445400.1.69.1011###root_1;Eukaryota_2759;Chordata_7711;Actinopteri_186623;Cyprinodontiformes_28738;Fundulidae_28756;Fundulus_8077;Fundulus_heteroclitus_8078	98.958	100	3.48e-94	192	0	N/A	N/A	N/A
004254f416a2f5d5645f26147fba8d7e	FJ445402.1.69.1011###root_1;Eukaryota_2759;Chordata_7711;Actinopteri_186623;Cyprinodontiformes_28738;Fundulidae_28756;Fundulus_8077;Fundulus_heteroclitus_8078	98.958	100	3.48e-94	192	0	N/A	N/A	N/A
004254f416a2f5d5645f26147fba8d7e	FJ445401.1.69.1011###root_1;Eukaryota_2759;Chordata_7711;Actinopteri_186623;Cyprinodontiformes_28738;Fundulidae_28756;Fundulus_8077;Fundulus_heteroclitus_8078	98.438	100	1.62e-92	192	0	N/A	N/A	N/A
004254f416a2f5d5645f26147fba8d7e	KX686091.1.<1.>670###root_1;Eukaryota_2759;Chordata_7711;Actinopteri_186623;Cyprinodontiformes_28738;Fundulidae_28756;Fundulus_8077;Fundulus_heteroclitus_8078	99.444	94	3.51e-89	180	0	N/A	N/A	N/A
004254f416a2f5d5645f26147fba8d7e	KX686098.1.<1.>670###root_1;Eukaryota_2759;Chordata_7711;Actinopteri_186623;Cyprinodontiformes_28738;Fundulidae_28756;Fundulus_8077;Fundulus_heteroclitus_8078	99.444	94	3.51e-89	180	0	N/A	N/A	N/A
004254f416a2f5d5645f26147fba8d7e	KX686092.1.<1.>670###root_1;Eukaryota_2759;Chordata_7711;Actinopteri_186623;Cyprinodontiformes_28738;Fundulidae_28756;Fundulus_8077;Fundulus_heteroclitus_8078	98.889	94	1.63e-87	180	0	N/A	N/A	N/A
004254f416a2f5d5645f26147fba8d7e	OP537867.1.<1.>216###root_1;Eukaryota_2759;Chordata_7711;Actinopteri_186623;Cyprinodontiformes_28738;Fundulidae_28756;Fundulus_8077;Fundulus_pulvereus_76054	96.354	100	7.59e-86	192	0	N/A	N/A	N/A
b9ead2b8216ba63f4f7ab9c1c745d969	FJ445403.1.69.1011###root_1;Eukaryota_2759;Chordata_7711;Actinopteri_186623;Cyprinodontiformes_28738;Fundulidae_28756;Fundulus_8077;Fundulus_heteroclitus_8078	99.479	100	7.49e-96	192	0	N/A	N/A	N/A
b9ead2b8216ba63f4f7ab9c1c745d969	FJ445398.1.69.1011###root_1;Eukaryota_2759;Chordata_7711;Actinopteri_186623;Cyprinodontiformes_28738;Fundulidae_28756;Fundulus_8077;Fundulus_heteroclitus_8078	99.479	100	7.49e-96	192	0	N/A	N/A	N/A
b9ead2b8216ba63f4f7ab9c1c745d969	KT869378.1.69.1011###root_1;Eukaryota_2759;Chordata_7711;Actinopteri_186623;Cyprinodontiformes_28738;Fundulidae_28756;Fundulus_8077;Fundulus_heteroclitus_8078	99.479	100	7.49e-96	192	0	N/A	N/A	N/A
b9ead2b8216ba63f4f7ab9c1c745d969	FJ445400.1.69.1011###root_1;Eukaryota_2759;Chordata_7711;Actinopteri_186623;Cyprinodontiformes_28738;Fundulidae_28756;Fundulus_8077;Fundulus_heteroclitus_8078	98.958	100	3.48e-94	192	0	N/A	N/A	N/A
b9ead2b8216ba63f4f7ab9c1c745d969	FJ445402.1.69.1011###root_1;Eukaryota_2759;Chordata_7711;Actinopteri_186623;Cyprinodontiformes_28738;Fundulidae_28756;Fundulus_8077;Fundulus_heteroclitus_8078	98.958	100	3.48e-94	192	0	N/A	N/A	N/A
b9ead2b8216ba63f4f7ab9c1c745d969	FJ445401.1.69.1011###root_1;Eukaryota_2759;Chordata_7711;Actinopteri_186623;Cyprinodontiformes_28738;Fundulidae_28756;Fundulus_8077;Fundulus_heteroclitus_8078	98.438	100	1.62e-92	192	0	N/A	N/A	N/A
b9ead2b8216ba63f4f7ab9c1c745d969	KX686091.1.<1.>670###root_1;Eukaryota_2759;Chordata_7711;Actinopteri_186623;Cyprinodontiformes_28738;Fundulidae_28756;Fundulus_8077;Fundulus_heteroclitus_8078	99.444	94	3.51e-89	180	0	N/A	N/A	N/A
b9ead2b8216ba63f4f7ab9c1c745d969	KX686098.1.<1.>670###root_1;Eukaryota_2759;Chordata_7711;Actinopteri_186623;Cyprinodontiformes_28738;Fundulidae_28756;Fundulus_8077;Fundulus_heteroclitus_8078	99.444	94	3.51e-89	180	0	N/A	N/A	N/A
b9ead2b8216ba63f4f7ab9c1c745d969	KX686092.1.<1.>670###root_1;Eukaryota_2759;Chordata_7711;Actinopteri_186623;Cyprinodontiformes_28738;Fundulidae_28756;Fundulus_8077;Fundulus_heteroclitus_8078	98.889	94	1.63e-87	180	0	N/A	N/A	N/A
b9ead2b8216ba63f4f7ab9c1c745d969	OP537867.1.<1.>216###root_1;Eukaryota_2759;Chordata_7711;Actinopteri_186623;Cyprinodontiformes_28738;Fundulidae_28756;Fundulus_8077;Fundulus_pulvereus_76054	96.354	100	7.59e-86	192	0	N/A	N/A	N/A
35b4358ceb174e8fb2cc43370f6f6adf	FJ445403.1.69.1011###root_1;Eukaryota_2759;Chordata_7711;Actinopteri_186623;Cyprinodontiformes_28738;Fundulidae_28756;Fundulus_8077;Fundulus_heteroclitus_8078	99.479	100	7.49e-96	192	0	N/A	N/A	N/A
35b4358ceb174e8fb2cc43370f6f6adf	FJ445398.1.69.1011###root_1;Eukaryota_2759;Chordata_7711;Actinopteri_186623;Cyprinodontiformes_28738;Fundulidae_28756;Fundulus_8077;Fundulus_heteroclitus_8078	99.479	100	7.49e-96	192	0	N/A	N/A	N/A
35b4358ceb174e8fb2cc43370f6f6adf	KT869378.1.69.1011###root_1;Eukaryota_2759;Chordata_7711;Actinopteri_186623;Cyprinodontiformes_28738;Fundulidae_28756;Fundulus_8077;Fundulus_heteroclitus_8078	99.479	100	7.49e-96	192	0	N/A	N/A	N/A
35b4358ceb174e8fb2cc43370f6f6adf	FJ445400.1.69.1011###root_1;Eukaryota_2759;Chordata_7711;Actinopteri_186623;Cyprinodontiformes_28738;Fundulidae_28756;Fundulus_8077;Fundulus_heteroclitus_8078	98.958	100	3.48e-94	192	0	N/A	N/A	N/A
35b4358ceb174e8fb2cc43370f6f6adf	FJ445402.1.69.1011###root_1;Eukaryota_2759;Chordata_7711;Actinopteri_186623;Cyprinodontiformes_28738;Fundulidae_28756;Fundulus_8077;Fundulus_heteroclitus_8078	98.958	100	3.48e-94	192	0	N/A	N/A	N/A
35b4358ceb174e8fb2cc43370f6f6adf	FJ445401.1.69.1011###root_1;Eukaryota_2759;Chordata_7711;Actinopteri_186623;Cyprinodontiformes_28738;Fundulidae_28756;Fundulus_8077;Fundulus_heteroclitus_8078	98.438	100	1.62e-92	192	0	N/A	N/A	N/A
35b4358ceb174e8fb2cc43370f6f6adf	KX686091.1.<1.>670###root_1;Eukaryota_2759;Chordata_7711;Actinopteri_186623;Cyprinodontiformes_28738;Fundulidae_28756;Fundulus_8077;Fundulus_heteroclitus_8078	99.444	94	3.51e-89	180	0	N/A	N/A	N/A
35b4358ceb174e8fb2cc43370f6f6adf	KX686098.1.<1.>670###root_1;Eukaryota_2759;Chordata_7711;Actinopteri_186623;Cyprinodontiformes_28738;Fundulidae_28756;Fundulus_8077;Fundulus_heteroclitus_8078	99.444	94	3.51e-89	180	0	N/A	N/A	N/A
35b4358ceb174e8fb2cc43370f6f6adf	KX686092.1.<1.>670###root_1;Eukaryota_2759;Chordata_7711;Actinopteri_186623;Cyprinodontiformes_28738;Fundulidae_28756;Fundulus_8077;Fundulus_heteroclitus_8078	98.889	94	1.63e-87	180	0	N/A	N/A	N/A
35b4358ceb174e8fb2cc43370f6f6adf	OP537867.1.<1.>216###root_1;Eukaryota_2759;Chordata_7711;Actinopteri_186623;Cyprinodontiformes_28738;Fundulidae_28756;Fundulus_8077;Fundulus_pulvereus_76054	96.354	100	7.59e-86	192	0	N/A	N/A	N/A
57b2e083cf7ca29c917c68ceddd9b635	FJ445403.1.69.1011###root_1;Eukaryota_2759;Chordata_7711;Actinopteri_186623;Cyprinodontiformes_28738;Fundulidae_28756;Fundulus_8077;Fundulus_heteroclitus_8078	99.479	100	7.49e-96	192	0	N/A	N/A	N/A
57b2e083cf7ca29c917c68ceddd9b635	FJ445398.1.69.1011###root_1;Eukaryota_2759;Chordata_7711;Actinopteri_186623;Cyprinodontiformes_28738;Fundulidae_28756;Fundulus_8077;Fundulus_heteroclitus_8078	99.479	100	7.49e-96	192	0	N/A	N/A	N/A
57b2e083cf7ca29c917c68ceddd9b635	KT869378.1.69.1011###root_1;Eukaryota_2759;Chordata_7711;Actinopteri_186623;Cyprinodontiformes_28738;Fundulidae_28756;Fundulus_8077;Fundulus_heteroclitus_8078	99.479	100	7.49e-96	192	0	N/A	N/A	N/A
57b2e083cf7ca29c917c68ceddd9b635	FJ445400.1.69.1011###root_1;Eukaryota_2759;Chordata_7711;Actinopteri_186623;Cyprinodontiformes_28738;Fundulidae_28756;Fundulus_8077;Fundulus_heteroclitus_8078	98.958	100	3.48e-94	192	0	N/A	N/A	N/A
57b2e083cf7ca29c917c68ceddd9b635	FJ445402.1.69.1011###root_1;Eukaryota_2759;Chordata_7711;Actinopteri_186623;Cyprinodontiformes_28738;Fundulidae_28756;Fundulus_8077;Fundulus_heteroclitus_8078	98.958	100	3.48e-94	192	0	N/A	N/A	N/A
57b2e083cf7ca29c917c68ceddd9b635	FJ445401.1.69.1011###root_1;Eukaryota_2759;Chordata_7711;Actinopteri_186623;Cyprinodontiformes_28738;Fundulidae_28756;Fundulus_8077;Fundulus_heteroclitus_8078	98.438	100	1.62e-92	192	0	N/A	N/A	N/A
57b2e083cf7ca29c917c68ceddd9b635	KX686091.1.<1.>670###root_1;Eukaryota_2759;Chordata_7711;Actinopteri_186623;Cyprinodontiformes_28738;Fundulidae_28756;Fundulus_8077;Fundulus_heteroclitus_8078	99.444	94	3.51e-89	180	0	N/A	N/A	N/A
57b2e083cf7ca29c917c68ceddd9b635	KX686098.1.<1.>670###root_1;Eukaryota_2759;Chordata_7711;Actinopteri_186623;Cyprinodontiformes_28738;Fundulidae_28756;Fundulus_8077;Fundulus_heteroclitus_8078	99.444	94	3.51e-89	180	0	N/A	N/A	N/A
57b2e083cf7ca29c917c68ceddd9b635	KX686092.1.<1.>670###root_1;Eukaryota_2759;Chordata_7711;Actinopteri_186623;Cyprinodontiformes_28738;Fundulidae_28756;Fundulus_8077;Fundulus_heteroclitus_8078	98.889	94	1.63e-87	180	0	N/A	N/A	N/A
57b2e083cf7ca29c917c68ceddd9b635	OP537867.1.<1.>216###root_1;Eukaryota_2759;Chordata_7711;Actinopteri_186623;Cyprinodontiformes_28738;Fundulidae_28756;Fundulus_8077;Fundulus_pulvereus_76054	96.354	100	7.59e-86	192	0	N/A	N/A	N/A
5ce8e58b563f59ffc2be79ae8518b225	FJ445403.1.69.1011###root_1;Eukaryota_2759;Chordata_7711;Actinopteri_186623;Cyprinodontiformes_28738;Fundulidae_28756;Fundulus_8077;Fundulus_heteroclitus_8078	99.479	100	7.49e-96	192	0	N/A	N/A	N/A
5ce8e58b563f59ffc2be79ae8518b225	FJ445398.1.69.1011###root_1;Eukaryota_2759;Chordata_7711;Actinopteri_186623;Cyprinodontiformes_28738;Fundulidae_28756;Fundulus_8077;Fundulus_heteroclitus_8078	99.479	100	7.49e-96	192	0	N/A	N/A	N/A
5ce8e58b563f59ffc2be79ae8518b225	KT869378.1.69.1011###root_1;Eukaryota_2759;Chordata_7711;Actinopteri_186623;Cyprinodontiformes_28738;Fundulidae_28756;Fundulus_8077;Fundulus_heteroclitus_8078	99.479	100	7.49e-96	192	0	N/A	N/A	N/A
5ce8e58b563f59ffc2be79ae8518b225	FJ445400.1.69.1011###root_1;Eukaryota_2759;Chordata_7711;Actinopteri_186623;Cyprinodontiformes_28738;Fundulidae_28756;Fundulus_8077;Fundulus_heteroclitus_8078	98.958	100	3.48e-94	192	0	N/A	N/A	N/A
5ce8e58b563f59ffc2be79ae8518b225	FJ445402.1.69.1011###root_1;Eukaryota_2759;Chordata_7711;Actinopteri_186623;Cyprinodontiformes_28738;Fundulidae_28756;Fundulus_8077;Fundulus_heteroclitus_8078	98.958	100	3.48e-94	192	0	N/A	N/A	N/A
5ce8e58b563f59ffc2be79ae8518b225	FJ445401.1.69.1011###root_1;Eukaryota_2759;Chordata_7711;Actinopteri_186623;Cyprinodontiformes_28738;Fundulidae_28756;Fundulus_8077;Fundulus_heteroclitus_8078	98.438	100	1.62e-92	192	0	N/A	N/A	N/A
5ce8e58b563f59ffc2be79ae8518b225	KX686091.1.<1.>670###root_1;Eukaryota_2759;Chordata_7711;Actinopteri_186623;Cyprinodontiformes_28738;Fundulidae_28756;Fundulus_8077;Fundulus_heteroclitus_8078	99.444	94	3.51e-89	180	0	N/A	N/A	N/A
5ce8e58b563f59ffc2be79ae8518b225	KX686098.1.<1.>670###root_1;Eukaryota_2759;Chordata_7711;Actinopteri_186623;Cyprinodontiformes_28738;Fundulidae_28756;Fundulus_8077;Fundulus_heteroclitus_8078	99.444	94	3.51e-89	180	0	N/A	N/A	N/A
5ce8e58b563f59ffc2be79ae8518b225	KX686092.1.<1.>670###root_1;Eukaryota_2759;Chordata_7711;Actinopteri_186623;Cyprinodontiformes_28738;Fundulidae_28756;Fundulus_8077;Fundulus_heteroclitus_8078	98.889	94	1.63e-87	180	0	N/A	N/A	N/A
5ce8e58b563f59ffc2be79ae8518b225	OP537867.1.<1.>216###root_1;Eukaryota_2759;Chordata_7711;Actinopteri_186623;Cyprinodontiformes_28738;Fundulidae_28756;Fundulus_8077;Fundulus_pulvereus_76054	96.354	100	7.59e-86	192	0	N/A	N/A	N/A
afd769694627fc7b9c9bb9d765535270	FJ445403.1.69.1011###root_1;Eukaryota_2759;Chordata_7711;Actinopteri_186623;Cyprinodontiformes_28738;Fundulidae_28756;Fundulus_8077;Fundulus_heteroclitus_8078	99.479	100	7.49e-96	192	0	N/A	N/A	N/A
afd769694627fc7b9c9bb9d765535270	FJ445398.1.69.1011###root_1;Eukaryota_2759;Chordata_7711;Actinopteri_186623;Cyprinodontiformes_28738;Fundulidae_28756;Fundulus_8077;Fundulus_heteroclitus_8078	99.479	100	7.49e-96	192	0	N/A	N/A	N/A
afd769694627fc7b9c9bb9d765535270	KT869378.1.69.1011###root_1;Eukaryota_2759;Chordata_7711;Actinopteri_186623;Cyprinodontiformes_28738;Fundulidae_28756;Fundulus_8077;Fundulus_heteroclitus_8078	99.479	100	7.49e-96	192	0	N/A	N/A	N/A
afd769694627fc7b9c9bb9d765535270	FJ445400.1.69.1011###root_1;Eukaryota_2759;Chordata_7711;Actinopteri_186623;Cyprinodontiformes_28738;Fundulidae_28756;Fundulus_8077;Fundulus_heteroclitus_8078	98.958	100	3.48e-94	192	0	N/A	N/A	N/A
afd769694627fc7b9c9bb9d765535270	FJ445402.1.69.1011###root_1;Eukaryota_2759;Chordata_7711;Actinopteri_186623;Cyprinodontiformes_28738;Fundulidae_28756;Fundulus_8077;Fundulus_heteroclitus_8078	98.958	100	3.48e-94	192	0	N/A	N/A	N/A
afd769694627fc7b9c9bb9d765535270	FJ445401.1.69.1011###root_1;Eukaryota_2759;Chordata_7711;Actinopteri_186623;Cyprinodontiformes_28738;Fundulidae_28756;Fundulus_8077;Fundulus_heteroclitus_8078	98.438	100	1.62e-92	192	0	N/A	N/A	N/A
afd769694627fc7b9c9bb9d765535270	KX686091.1.<1.>670###root_1;Eukaryota_2759;Chordata_7711;Actinopteri_186623;Cyprinodontiformes_28738;Fundulidae_28756;Fundulus_8077;Fundulus_heteroclitus_8078	99.444	94	3.51e-89	180	0	N/A	N/A	N/A
afd769694627fc7b9c9bb9d765535270	KX686098.1.<1.>670###root_1;Eukaryota_2759;Chordata_7711;Actinopteri_186623;Cyprinodontiformes_28738;Fundulidae_28756;Fundulus_8077;Fundulus_heteroclitus_8078	99.444	94	3.51e-89	180	0	N/A	N/A	N/A
afd769694627fc7b9c9bb9d765535270	KX686092.1.<1.>670###root_1;Eukaryota_2759;Chordata_7711;Actinopteri_186623;Cyprinodontiformes_28738;Fundulidae_28756;Fundulus_8077;Fundulus_heteroclitus_8078	98.889	94	1.63e-87	180	0	N/A	N/A	N/A
afd769694627fc7b9c9bb9d765535270	OP537867.1.<1.>216###root_1;Eukaryota_2759;Chordata_7711;Actinopteri_186623;Cyprinodontiformes_28738;Fundulidae_28756;Fundulus_8077;Fundulus_pulvereus_76054	96.354	100	7.59e-86	192	0	N/A	N/A	N/A
d84e75d25649163983032270a086ede3	FJ445403.1.69.1011###root_1;Eukaryota_2759;Chordata_7711;Actinopteri_186623;Cyprinodontiformes_28738;Fundulidae_28756;Fundulus_8077;Fundulus_heteroclitus_8078	99.479	100	7.49e-96	192	0	N/A	N/A	N/A
d84e75d25649163983032270a086ede3	FJ445398.1.69.1011###root_1;Eukaryota_2759;Chordata_7711;Actinopteri_186623;Cyprinodontiformes_28738;Fundulidae_28756;Fundulus_8077;Fundulus_heteroclitus_8078	99.479	100	7.49e-96	192	0	N/A	N/A	N/A
d84e75d25649163983032270a086ede3	KT869378.1.69.1011###root_1;Eukaryota_2759;Chordata_7711;Actinopteri_186623;Cyprinodontiformes_28738;Fundulidae_28756;Fundulus_8077;Fundulus_heteroclitus_8078	99.479	100	7.49e-96	192	0	N/A	N/A	N/A
d84e75d25649163983032270a086ede3	FJ445400.1.69.1011###root_1;Eukaryota_2759;Chordata_7711;Actinopteri_186623;Cyprinodontiformes_28738;Fundulidae_28756;Fundulus_8077;Fundulus_heteroclitus_8078	98.958	100	3.48e-94	192	0	N/A	N/A	N/A
d84e75d25649163983032270a086ede3	FJ445402.1.69.1011###root_1;Eukaryota_2759;Chordata_7711;Actinopteri_186623;Cyprinodontiformes_28738;Fundulidae_28756;Fundulus_8077;Fundulus_heteroclitus_8078	98.958	100	3.48e-94	192	0	N/A	N/A	N/A
d84e75d25649163983032270a086ede3	FJ445401.1.69.1011###root_1;Eukaryota_2759;Chordata_7711;Actinopteri_186623;Cyprinodontiformes_28738;Fundulidae_28756;Fundulus_8077;Fundulus_heteroclitus_8078	98.438	100	1.62e-92	192	0	N/A	N/A	N/A
d84e75d25649163983032270a086ede3	KX686091.1.<1.>670###root_1;Eukaryota_2759;Chordata_7711;Actinopteri_186623;Cyprinodontiformes_28738;Fundulidae_28756;Fundulus_8077;Fundulus_heteroclitus_8078	99.444	94	3.51e-89	180	0	N/A	N/A	N/A
d84e75d25649163983032270a086ede3	KX686098.1.<1.>670###root_1;Eukaryota_2759;Chordata_7711;Actinopteri_186623;Cyprinodontiformes_28738;Fundulidae_28756;Fundulus_8077;Fundulus_heteroclitus_8078	99.444	94	3.51e-89	180	0	N/A	N/A	N/A
d84e75d25649163983032270a086ede3	KX686092.1.<1.>670###root_1;Eukaryota_2759;Chordata_7711;Actinopteri_186623;Cyprinodontiformes_28738;Fundulidae_28756;Fundulus_8077;Fundulus_heteroclitus_8078	98.889	94	1.63e-87	180	0	N/A	N/A	N/A
d84e75d25649163983032270a086ede3	OP537867.1.<1.>216###root_1;Eukaryota_2759;Chordata_7711;Actinopteri_186623;Cyprinodontiformes_28738;Fundulidae_28756;Fundulus_8077;Fundulus_pulvereus_76054	96.354	100	7.59e-86	192	0	N/A	N/A	N/A
e48eab4d30c98b9a0b4d1c15d6459931	FJ445403.1.69.1011###root_1;Eukaryota_2759;Chordata_7711;Actinopteri_186623;Cyprinodontiformes_28738;Fundulidae_28756;Fundulus_8077;Fundulus_heteroclitus_8078	99.479	100	7.49e-96	192	0	N/A	N/A	N/A
e48eab4d30c98b9a0b4d1c15d6459931	FJ445398.1.69.1011###root_1;Eukaryota_2759;Chordata_7711;Actinopteri_186623;Cyprinodontiformes_28738;Fundulidae_28756;Fundulus_8077;Fundulus_heteroclitus_8078	99.479	100	7.49e-96	192	0	N/A	N/A	N/A
e48eab4d30c98b9a0b4d1c15d6459931	KT869378.1.69.1011###root_1;Eukaryota_2759;Chordata_7711;Actinopteri_186623;Cyprinodontiformes_28738;Fundulidae_28756;Fundulus_8077;Fundulus_heteroclitus_8078	99.479	100	7.49e-96	192	0	N/A	N/A	N/A
e48eab4d30c98b9a0b4d1c15d6459931	FJ445400.1.69.1011###root_1;Eukaryota_2759;Chordata_7711;Actinopteri_186623;Cyprinodontiformes_28738;Fundulidae_28756;Fundulus_8077;Fundulus_heteroclitus_8078	98.958	100	3.48e-94	192	0	N/A	N/A	N/A
e48eab4d30c98b9a0b4d1c15d6459931	FJ445402.1.69.1011###root_1;Eukaryota_2759;Chordata_7711;Actinopteri_186623;Cyprinodontiformes_28738;Fundulidae_28756;Fundulus_8077;Fundulus_heteroclitus_8078	98.958	100	3.48e-94	192	0	N/A	N/A	N/A
e48eab4d30c98b9a0b4d1c15d6459931	FJ445401.1.69.1011###root_1;Eukaryota_2759;Chordata_7711;Actinopteri_186623;Cyprinodontiformes_28738;Fundulidae_28756;Fundulus_8077;Fundulus_heteroclitus_8078	98.438	100	1.62e-92	192	0	N/A	N/A	N/A
e48eab4d30c98b9a0b4d1c15d6459931	KX686091.1.<1.>670###root_1;Eukaryota_2759;Chordata_7711;Actinopteri_186623;Cyprinodontiformes_28738;Fundulidae_28756;Fundulus_8077;Fundulus_heteroclitus_8078	99.444	94	3.51e-89	180	0	N/A	N/A	N/A
e48eab4d30c98b9a0b4d1c15d6459931	KX686098.1.<1.>670###root_1;Eukaryota_2759;Chordata_7711;Actinopteri_186623;Cyprinodontiformes_28738;Fundulidae_28756;Fundulus_8077;Fundulus_heteroclitus_8078	99.444	94	3.51e-89	180	0	N/A	N/A	N/A
e48eab4d30c98b9a0b4d1c15d6459931	KX686092.1.<1.>670###root_1;Eukaryota_2759;Chordata_7711;Actinopteri_186623;Cyprinodontiformes_28738;Fundulidae_28756;Fundulus_8077;Fundulus_heteroclitus_8078	98.889	94	1.63e-87	180	0	N/A	N/A	N/A
e48eab4d30c98b9a0b4d1c15d6459931	OP537867.1.<1.>216###root_1;Eukaryota_2759;Chordata_7711;Actinopteri_186623;Cyprinodontiformes_28738;Fundulidae_28756;Fundulus_8077;Fundulus_pulvereus_76054	96.354	100	7.59e-86	192	0	N/A	N/A	N/A
9c811affbcb7c92378ba26bd98d9db1b	FJ445403.1.69.1011###root_1;Eukaryota_2759;Chordata_7711;Actinopteri_186623;Cyprinodontiformes_28738;Fundulidae_28756;Fundulus_8077;Fundulus_heteroclitus_8078	99.479	100	7.49e-96	192	0	N/A	N/A	N/A
9c811affbcb7c92378ba26bd98d9db1b	FJ445398.1.69.1011###root_1;Eukaryota_2759;Chordata_7711;Actinopteri_186623;Cyprinodontiformes_28738;Fundulidae_28756;Fundulus_8077;Fundulus_heteroclitus_8078	99.479	100	7.49e-96	192	0	N/A	N/A	N/A
9c811affbcb7c92378ba26bd98d9db1b	KT869378.1.69.1011###root_1;Eukaryota_2759;Chordata_7711;Actinopteri_186623;Cyprinodontiformes_28738;Fundulidae_28756;Fundulus_8077;Fundulus_heteroclitus_8078	99.479	100	7.49e-96	192	0	N/A	N/A	N/A
9c811affbcb7c92378ba26bd98d9db1b	FJ445400.1.69.1011###root_1;Eukaryota_2759;Chordata_7711;Actinopteri_186623;Cyprinodontiformes_28738;Fundulidae_28756;Fundulus_8077;Fundulus_heteroclitus_8078	98.958	100	3.48e-94	192	0	N/A	N/A	N/A
9c811affbcb7c92378ba26bd98d9db1b	FJ445402.1.69.1011###root_1;Eukaryota_2759;Chordata_7711;Actinopteri_186623;Cyprinodontiformes_28738;Fundulidae_28756;Fundulus_8077;Fundulus_heteroclitus_8078	98.958	100	3.48e-94	192	0	N/A	N/A	N/A
9c811affbcb7c92378ba26bd98d9db1b	FJ445401.1.69.1011###root_1;Eukaryota_2759;Chordata_7711;Actinopteri_186623;Cyprinodontiformes_28738;Fundulidae_28756;Fundulus_8077;Fundulus_heteroclitus_8078	98.438	100	1.62e-92	192	0	N/A	N/A	N/A
9c811affbcb7c92378ba26bd98d9db1b	KX686091.1.<1.>670###root_1;Eukaryota_2759;Chordata_7711;Actinopteri_186623;Cyprinodontiformes_28738;Fundulidae_28756;Fundulus_8077;Fundulus_heteroclitus_8078	99.444	94	3.51e-89	180	0	N/A	N/A	N/A
9c811affbcb7c92378ba26bd98d9db1b	KX686098.1.<1.>670###root_1;Eukaryota_2759;Chordata_7711;Actinopteri_186623;Cyprinodontiformes_28738;Fundulidae_28756;Fundulus_8077;Fundulus_heteroclitus_8078	99.444	94	3.51e-89	180	0	N/A	N/A	N/A
9c811affbcb7c92378ba26bd98d9db1b	KX686092.1.<1.>670###root_1;Eukaryota_2759;Chordata_7711;Actinopteri_186623;Cyprinodontiformes_28738;Fundulidae_28756;Fundulus_8077;Fundulus_heteroclitus_8078	98.889	94	1.63e-87	180	0	N/A	N/A	N/A
9c811affbcb7c92378ba26bd98d9db1b	OP537867.1.<1.>216###root_1;Eukaryota_2759;Chordata_7711;Actinopteri_186623;Cyprinodontiformes_28738;Fundulidae_28756;Fundulus_8077;Fundulus_pulvereus_76054	96.354	100	7.59e-86	192	0	N/A	N/A	N/A
ca23015d3e88c1dd903ff05b88df30b2	FJ445403.1.69.1011###root_1;Eukaryota_2759;Chordata_7711;Actinopteri_186623;Cyprinodontiformes_28738;Fundulidae_28756;Fundulus_8077;Fundulus_heteroclitus_8078	99.479	100	7.49e-96	192	0	N/A	N/A	N/A
ca23015d3e88c1dd903ff05b88df30b2	FJ445398.1.69.1011###root_1;Eukaryota_2759;Chordata_7711;Actinopteri_186623;Cyprinodontiformes_28738;Fundulidae_28756;Fundulus_8077;Fundulus_heteroclitus_8078	99.479	100	7.49e-96	192	0	N/A	N/A	N/A
ca23015d3e88c1dd903ff05b88df30b2	KT869378.1.69.1011###root_1;Eukaryota_2759;Chordata_7711;Actinopteri_186623;Cyprinodontiformes_28738;Fundulidae_28756;Fundulus_8077;Fundulus_heteroclitus_8078	99.479	100	7.49e-96	192	0	N/A	N/A	N/A
ca23015d3e88c1dd903ff05b88df30b2	FJ445400.1.69.1011###root_1;Eukaryota_2759;Chordata_7711;Actinopteri_186623;Cyprinodontiformes_28738;Fundulidae_28756;Fundulus_8077;Fundulus_heteroclitus_8078	98.958	100	3.48e-94	192	0	N/A	N/A	N/A
ca23015d3e88c1dd903ff05b88df30b2	FJ445402.1.69.1011###root_1;Eukaryota_2759;Chordata_7711;Actinopteri_186623;Cyprinodontiformes_28738;Fundulidae_28756;Fundulus_8077;Fundulus_heteroclitus_8078	98.958	100	3.48e-94	192	0	N/A	N/A	N/A
ca23015d3e88c1dd903ff05b88df30b2	FJ445401.1.69.1011###root_1;Eukaryota_2759;Chordata_7711;Actinopteri_186623;Cyprinodontiformes_28738;Fundulidae_28756;Fundulus_8077;Fundulus_heteroclitus_8078	98.438	100	1.62e-92	192	0	N/A	N/A	N/A
ca23015d3e88c1dd903ff05b88df30b2	KX686091.1.<1.>670###root_1;Eukaryota_2759;Chordata_7711;Actinopteri_186623;Cyprinodontiformes_28738;Fundulidae_28756;Fundulus_8077;Fundulus_heteroclitus_8078	99.444	94	3.51e-89	180	0	N/A	N/A	N/A
ca23015d3e88c1dd903ff05b88df30b2	KX686098.1.<1.>670###root_1;Eukaryota_2759;Chordata_7711;Actinopteri_186623;Cyprinodontiformes_28738;Fundulidae_28756;Fundulus_8077;Fundulus_heteroclitus_8078	99.444	94	3.51e-89	180	0	N/A	N/A	N/A
ca23015d3e88c1dd903ff05b88df30b2	KX686092.1.<1.>670###root_1;Eukaryota_2759;Chordata_7711;Actinopteri_186623;Cyprinodontiformes_28738;Fundulidae_28756;Fundulus_8077;Fundulus_heteroclitus_8078	98.889	94	1.63e-87	180	0	N/A	N/A	N/A
ca23015d3e88c1dd903ff05b88df30b2	OP537867.1.<1.>216###root_1;Eukaryota_2759;Chordata_7711;Actinopteri_186623;Cyprinodontiformes_28738;Fundulidae_28756;Fundulus_8077;Fundulus_pulvereus_76054	96.354	100	7.59e-86	192	0	N/A	N/A	N/A
11f7ebc53c34c031843dcf88f8303241	FJ445403.1.69.1011###root_1;Eukaryota_2759;Chordata_7711;Actinopteri_186623;Cyprinodontiformes_28738;Fundulidae_28756;Fundulus_8077;Fundulus_heteroclitus_8078	99.479	100	7.49e-96	192	0	N/A	N/A	N/A
11f7ebc53c34c031843dcf88f8303241	FJ445398.1.69.1011###root_1;Eukaryota_2759;Chordata_7711;Actinopteri_186623;Cyprinodontiformes_28738;Fundulidae_28756;Fundulus_8077;Fundulus_heteroclitus_8078	99.479	100	7.49e-96	192	0	N/A	N/A	N/A
11f7ebc53c34c031843dcf88f8303241	KT869378.1.69.1011###root_1;Eukaryota_2759;Chordata_7711;Actinopteri_186623;Cyprinodontiformes_28738;Fundulidae_28756;Fundulus_8077;Fundulus_heteroclitus_8078	99.479	100	7.49e-96	192	0	N/A	N/A	N/A
11f7ebc53c34c031843dcf88f8303241	FJ445400.1.69.1011###root_1;Eukaryota_2759;Chordata_7711;Actinopteri_186623;Cyprinodontiformes_28738;Fundulidae_28756;Fundulus_8077;Fundulus_heteroclitus_8078	98.958	100	3.48e-94	192	0	N/A	N/A	N/A
11f7ebc53c34c031843dcf88f8303241	FJ445402.1.69.1011###root_1;Eukaryota_2759;Chordata_7711;Actinopteri_186623;Cyprinodontiformes_28738;Fundulidae_28756;Fundulus_8077;Fundulus_heteroclitus_8078	98.958	100	3.48e-94	192	0	N/A	N/A	N/A
11f7ebc53c34c031843dcf88f8303241	FJ445401.1.69.1011###root_1;Eukaryota_2759;Chordata_7711;Actinopteri_186623;Cyprinodontiformes_28738;Fundulidae_28756;Fundulus_8077;Fundulus_heteroclitus_8078	98.438	100	1.62e-92	192	0	N/A	N/A	N/A
11f7ebc53c34c031843dcf88f8303241	KX686091.1.<1.>670###root_1;Eukaryota_2759;Chordata_7711;Actinopteri_186623;Cyprinodontiformes_28738;Fundulidae_28756;Fundulus_8077;Fundulus_heteroclitus_8078	99.444	94	3.51e-89	180	0	N/A	N/A	N/A
11f7ebc53c34c031843dcf88f8303241	KX686098.1.<1.>670###root_1;Eukaryota_2759;Chordata_7711;Actinopteri_186623;Cyprinodontiformes_28738;Fundulidae_28756;Fundulus_8077;Fundulus_heteroclitus_8078	99.444	94	3.51e-89	180	0	N/A	N/A	N/A
11f7ebc53c34c031843dcf88f8303241	KX686092.1.<1.>670###root_1;Eukaryota_2759;Chordata_7711;Actinopteri_186623;Cyprinodontiformes_28738;Fundulidae_28756;Fundulus_8077;Fundulus_heteroclitus_8078	98.889	94	1.63e-87	180	0	N/A	N/A	N/A
11f7ebc53c34c031843dcf88f8303241	OP537867.1.<1.>216###root_1;Eukaryota_2759;Chordata_7711;Actinopteri_186623;Cyprinodontiformes_28738;Fundulidae_28756;Fundulus_8077;Fundulus_pulvereus_76054	96.354	100	7.59e-86	192	0	N/A	N/A	N/A
13a25c9e127a28e749eed52ab6ba5233	FJ445403.1.69.1011###root_1;Eukaryota_2759;Chordata_7711;Actinopteri_186623;Cyprinodontiformes_28738;Fundulidae_28756;Fundulus_8077;Fundulus_heteroclitus_8078	99.479	100	7.49e-96	192	0	N/A	N/A	N/A
13a25c9e127a28e749eed52ab6ba5233	FJ445398.1.69.1011###root_1;Eukaryota_2759;Chordata_7711;Actinopteri_186623;Cyprinodontiformes_28738;Fundulidae_28756;Fundulus_8077;Fundulus_heteroclitus_8078	99.479	100	7.49e-96	192	0	N/A	N/A	N/A
13a25c9e127a28e749eed52ab6ba5233	KT869378.1.69.1011###root_1;Eukaryota_2759;Chordata_7711;Actinopteri_186623;Cyprinodontiformes_28738;Fundulidae_28756;Fundulus_8077;Fundulus_heteroclitus_8078	99.479	100	7.49e-96	192	0	N/A	N/A	N/A
13a25c9e127a28e749eed52ab6ba5233	FJ445400.1.69.1011###root_1;Eukaryota_2759;Chordata_7711;Actinopteri_186623;Cyprinodontiformes_28738;Fundulidae_28756;Fundulus_8077;Fundulus_heteroclitus_8078	98.958	100	3.48e-94	192	0	N/A	N/A	N/A
13a25c9e127a28e749eed52ab6ba5233	FJ445402.1.69.1011###root_1;Eukaryota_2759;Chordata_7711;Actinopteri_186623;Cyprinodontiformes_28738;Fundulidae_28756;Fundulus_8077;Fundulus_heteroclitus_8078	98.958	100	3.48e-94	192	0	N/A	N/A	N/A
13a25c9e127a28e749eed52ab6ba5233	FJ445401.1.69.1011###root_1;Eukaryota_2759;Chordata_7711;Actinopteri_186623;Cyprinodontiformes_28738;Fundulidae_28756;Fundulus_8077;Fundulus_heteroclitus_8078	98.438	100	1.62e-92	192	0	N/A	N/A	N/A
13a25c9e127a28e749eed52ab6ba5233	KX686091.1.<1.>670###root_1;Eukaryota_2759;Chordata_7711;Actinopteri_186623;Cyprinodontiformes_28738;Fundulidae_28756;Fundulus_8077;Fundulus_heteroclitus_8078	99.444	94	3.51e-89	180	0	N/A	N/A	N/A
13a25c9e127a28e749eed52ab6ba5233	KX686098.1.<1.>670###root_1;Eukaryota_2759;Chordata_7711;Actinopteri_186623;Cyprinodontiformes_28738;Fundulidae_28756;Fundulus_8077;Fundulus_heteroclitus_8078	99.444	94	3.51e-89	180	0	N/A	N/A	N/A
13a25c9e127a28e749eed52ab6ba5233	KX686092.1.<1.>670###root_1;Eukaryota_2759;Chordata_7711;Actinopteri_186623;Cyprinodontiformes_28738;Fundulidae_28756;Fundulus_8077;Fundulus_heteroclitus_8078	98.889	94	1.63e-87	180	0	N/A	N/A	N/A
13a25c9e127a28e749eed52ab6ba5233	OP537867.1.<1.>216###root_1;Eukaryota_2759;Chordata_7711;Actinopteri_186623;Cyprinodontiformes_28738;Fundulidae_28756;Fundulus_8077;Fundulus_pulvereus_76054	96.354	100	7.59e-86	192	0	N/A	N/A	N/A
2c504e541b03d7b08d19b6f926bf86c5	FJ445403.1.69.1011###root_1;Eukaryota_2759;Chordata_7711;Actinopteri_186623;Cyprinodontiformes_28738;Fundulidae_28756;Fundulus_8077;Fundulus_heteroclitus_8078	99.479	100	7.49e-96	192	0	N/A	N/A	N/A
2c504e541b03d7b08d19b6f926bf86c5	FJ445398.1.69.1011###root_1;Eukaryota_2759;Chordata_7711;Actinopteri_186623;Cyprinodontiformes_28738;Fundulidae_28756;Fundulus_8077;Fundulus_heteroclitus_8078	99.479	100	7.49e-96	192	0	N/A	N/A	N/A
2c504e541b03d7b08d19b6f926bf86c5	KT869378.1.69.1011###root_1;Eukaryota_2759;Chordata_7711;Actinopteri_186623;Cyprinodontiformes_28738;Fundulidae_28756;Fundulus_8077;Fundulus_heteroclitus_8078	99.479	100	7.49e-96	192	0	N/A	N/A	N/A
2c504e541b03d7b08d19b6f926bf86c5	FJ445400.1.69.1011###root_1;Eukaryota_2759;Chordata_7711;Actinopteri_186623;Cyprinodontiformes_28738;Fundulidae_28756;Fundulus_8077;Fundulus_heteroclitus_8078	98.958	100	3.48e-94	192	0	N/A	N/A	N/A
2c504e541b03d7b08d19b6f926bf86c5	FJ445402.1.69.1011###root_1;Eukaryota_2759;Chordata_7711;Actinopteri_186623;Cyprinodontiformes_28738;Fundulidae_28756;Fundulus_8077;Fundulus_heteroclitus_8078	98.958	100	3.48e-94	192	0	N/A	N/A	N/A
2c504e541b03d7b08d19b6f926bf86c5	FJ445401.1.69.1011###root_1;Eukaryota_2759;Chordata_7711;Actinopteri_186623;Cyprinodontiformes_28738;Fundulidae_28756;Fundulus_8077;Fundulus_heteroclitus_8078	98.438	100	1.62e-92	192	0	N/A	N/A	N/A
2c504e541b03d7b08d19b6f926bf86c5	KX686091.1.<1.>670###root_1;Eukaryota_2759;Chordata_7711;Actinopteri_186623;Cyprinodontiformes_28738;Fundulidae_28756;Fundulus_8077;Fundulus_heteroclitus_8078	99.444	94	3.51e-89	180	0	N/A	N/A	N/A
2c504e541b03d7b08d19b6f926bf86c5	KX686098.1.<1.>670###root_1;Eukaryota_2759;Chordata_7711;Actinopteri_186623;Cyprinodontiformes_28738;Fundulidae_28756;Fundulus_8077;Fundulus_heteroclitus_8078	99.444	94	3.51e-89	180	0	N/A	N/A	N/A
2c504e541b03d7b08d19b6f926bf86c5	KX686092.1.<1.>670###root_1;Eukaryota_2759;Chordata_7711;Actinopteri_186623;Cyprinodontiformes_28738;Fundulidae_28756;Fundulus_8077;Fundulus_heteroclitus_8078	98.889	94	1.63e-87	180	0	N/A	N/A	N/A
2c504e541b03d7b08d19b6f926bf86c5	OP537867.1.<1.>216###root_1;Eukaryota_2759;Chordata_7711;Actinopteri_186623;Cyprinodontiformes_28738;Fundulidae_28756;Fundulus_8077;Fundulus_pulvereus_76054	96.354	100	7.59e-86	192	0	N/A	N/A	N/A
48cf16a79a4b1c803b7cd13949b436af	FJ445403.1.69.1011###root_1;Eukaryota_2759;Chordata_7711;Actinopteri_186623;Cyprinodontiformes_28738;Fundulidae_28756;Fundulus_8077;Fundulus_heteroclitus_8078	99.479	100	7.49e-96	192	0	N/A	N/A	N/A
48cf16a79a4b1c803b7cd13949b436af	FJ445398.1.69.1011###root_1;Eukaryota_2759;Chordata_7711;Actinopteri_186623;Cyprinodontiformes_28738;Fundulidae_28756;Fundulus_8077;Fundulus_heteroclitus_8078	99.479	100	7.49e-96	192	0	N/A	N/A	N/A
48cf16a79a4b1c803b7cd13949b436af	KT869378.1.69.1011###root_1;Eukaryota_2759;Chordata_7711;Actinopteri_186623;Cyprinodontiformes_28738;Fundulidae_28756;Fundulus_8077;Fundulus_heteroclitus_8078	99.479	100	7.49e-96	192	0	N/A	N/A	N/A
48cf16a79a4b1c803b7cd13949b436af	FJ445400.1.69.1011###root_1;Eukaryota_2759;Chordata_7711;Actinopteri_186623;Cyprinodontiformes_28738;Fundulidae_28756;Fundulus_8077;Fundulus_heteroclitus_8078	98.958	100	3.48e-94	192	0	N/A	N/A	N/A
48cf16a79a4b1c803b7cd13949b436af	FJ445402.1.69.1011###root_1;Eukaryota_2759;Chordata_7711;Actinopteri_186623;Cyprinodontiformes_28738;Fundulidae_28756;Fundulus_8077;Fundulus_heteroclitus_8078	98.958	100	3.48e-94	192	0	N/A	N/A	N/A
48cf16a79a4b1c803b7cd13949b436af	FJ445401.1.69.1011###root_1;Eukaryota_2759;Chordata_7711;Actinopteri_186623;Cyprinodontiformes_28738;Fundulidae_28756;Fundulus_8077;Fundulus_heteroclitus_8078	98.438	100	1.62e-92	192	0	N/A	N/A	N/A
48cf16a79a4b1c803b7cd13949b436af	KX686091.1.<1.>670###root_1;Eukaryota_2759;Chordata_7711;Actinopteri_186623;Cyprinodontiformes_28738;Fundulidae_28756;Fundulus_8077;Fundulus_heteroclitus_8078	99.444	94	3.51e-89	180	0	N/A	N/A	N/A
48cf16a79a4b1c803b7cd13949b436af	KX686098.1.<1.>670###root_1;Eukaryota_2759;Chordata_7711;Actinopteri_186623;Cyprinodontiformes_28738;Fundulidae_28756;Fundulus_8077;Fundulus_heteroclitus_8078	99.444	94	3.51e-89	180	0	N/A	N/A	N/A
48cf16a79a4b1c803b7cd13949b436af	KX686092.1.<1.>670###root_1;Eukaryota_2759;Chordata_7711;Actinopteri_186623;Cyprinodontiformes_28738;Fundulidae_28756;Fundulus_8077;Fundulus_heteroclitus_8078	98.889	94	1.63e-87	180	0	N/A	N/A	N/A
48cf16a79a4b1c803b7cd13949b436af	OP537867.1.<1.>216###root_1;Eukaryota_2759;Chordata_7711;Actinopteri_186623;Cyprinodontiformes_28738;Fundulidae_28756;Fundulus_8077;Fundulus_pulvereus_76054	96.354	100	7.59e-86	192	0	N/A	N/A	N/A
7babb5214201ffe4f927d56a6aa40665	FJ445403.1.69.1011###root_1;Eukaryota_2759;Chordata_7711;Actinopteri_186623;Cyprinodontiformes_28738;Fundulidae_28756;Fundulus_8077;Fundulus_heteroclitus_8078	99.479	100	7.49e-96	192	0	N/A	N/A	N/A
7babb5214201ffe4f927d56a6aa40665	FJ445398.1.69.1011###root_1;Eukaryota_2759;Chordata_7711;Actinopteri_186623;Cyprinodontiformes_28738;Fundulidae_28756;Fundulus_8077;Fundulus_heteroclitus_8078	99.479	100	7.49e-96	192	0	N/A	N/A	N/A
7babb5214201ffe4f927d56a6aa40665	KT869378.1.69.1011###root_1;Eukaryota_2759;Chordata_7711;Actinopteri_186623;Cyprinodontiformes_28738;Fundulidae_28756;Fundulus_8077;Fundulus_heteroclitus_8078	99.479	100	7.49e-96	192	0	N/A	N/A	N/A
7babb5214201ffe4f927d56a6aa40665	FJ445400.1.69.1011###root_1;Eukaryota_2759;Chordata_7711;Actinopteri_186623;Cyprinodontiformes_28738;Fundulidae_28756;Fundulus_8077;Fundulus_heteroclitus_8078	98.958	100	3.48e-94	192	0	N/A	N/A	N/A
7babb5214201ffe4f927d56a6aa40665	FJ445402.1.69.1011###root_1;Eukaryota_2759;Chordata_7711;Actinopteri_186623;Cyprinodontiformes_28738;Fundulidae_28756;Fundulus_8077;Fundulus_heteroclitus_8078	98.958	100	3.48e-94	192	0	N/A	N/A	N/A
7babb5214201ffe4f927d56a6aa40665	FJ445401.1.69.1011###root_1;Eukaryota_2759;Chordata_7711;Actinopteri_186623;Cyprinodontiformes_28738;Fundulidae_28756;Fundulus_8077;Fundulus_heteroclitus_8078	98.438	100	1.62e-92	192	0	N/A	N/A	N/A
7babb5214201ffe4f927d56a6aa40665	KX686091.1.<1.>670###root_1;Eukaryota_2759;Chordata_7711;Actinopteri_186623;Cyprinodontiformes_28738;Fundulidae_28756;Fundulus_8077;Fundulus_heteroclitus_8078	99.444	94	3.51e-89	180	0	N/A	N/A	N/A
7babb5214201ffe4f927d56a6aa40665	KX686098.1.<1.>670###root_1;Eukaryota_2759;Chordata_7711;Actinopteri_186623;Cyprinodontiformes_28738;Fundulidae_28756;Fundulus_8077;Fundulus_heteroclitus_8078	99.444	94	3.51e-89	180	0	N/A	N/A	N/A
7babb5214201ffe4f927d56a6aa40665	KX686092.1.<1.>670###root_1;Eukaryota_2759;Chordata_7711;Actinopteri_186623;Cyprinodontiformes_28738;Fundulidae_28756;Fundulus_8077;Fundulus_heteroclitus_8078	98.889	94	1.63e-87	180	0	N/A	N/A	N/A
7babb5214201ffe4f927d56a6aa40665	OP537867.1.<1.>216###root_1;Eukaryota_2759;Chordata_7711;Actinopteri_186623;Cyprinodontiformes_28738;Fundulidae_28756;Fundulus_8077;Fundulus_pulvereus_76054	96.354	100	7.59e-86	192	0	N/A	N/A	N/A
63525e9565713301c6a14ad278c69788	FJ445403.1.69.1011###root_1;Eukaryota_2759;Chordata_7711;Actinopteri_186623;Cyprinodontiformes_28738;Fundulidae_28756;Fundulus_8077;Fundulus_heteroclitus_8078	99.479	100	7.49e-96	192	0	N/A	N/A	N/A
63525e9565713301c6a14ad278c69788	FJ445398.1.69.1011###root_1;Eukaryota_2759;Chordata_7711;Actinopteri_186623;Cyprinodontiformes_28738;Fundulidae_28756;Fundulus_8077;Fundulus_heteroclitus_8078	99.479	100	7.49e-96	192	0	N/A	N/A	N/A
63525e9565713301c6a14ad278c69788	KT869378.1.69.1011###root_1;Eukaryota_2759;Chordata_7711;Actinopteri_186623;Cyprinodontiformes_28738;Fundulidae_28756;Fundulus_8077;Fundulus_heteroclitus_8078	99.479	100	7.49e-96	192	0	N/A	N/A	N/A
63525e9565713301c6a14ad278c69788	FJ445400.1.69.1011###root_1;Eukaryota_2759;Chordata_7711;Actinopteri_186623;Cyprinodontiformes_28738;Fundulidae_28756;Fundulus_8077;Fundulus_heteroclitus_8078	98.958	100	3.48e-94	192	0	N/A	N/A	N/A
63525e9565713301c6a14ad278c69788	FJ445402.1.69.1011###root_1;Eukaryota_2759;Chordata_7711;Actinopteri_186623;Cyprinodontiformes_28738;Fundulidae_28756;Fundulus_8077;Fundulus_heteroclitus_8078	98.958	100	3.48e-94	192	0	N/A	N/A	N/A
63525e9565713301c6a14ad278c69788	FJ445401.1.69.1011###root_1;Eukaryota_2759;Chordata_7711;Actinopteri_186623;Cyprinodontiformes_28738;Fundulidae_28756;Fundulus_8077;Fundulus_heteroclitus_8078	98.438	100	1.62e-92	192	0	N/A	N/A	N/A
63525e9565713301c6a14ad278c69788	KX686091.1.<1.>670###root_1;Eukaryota_2759;Chordata_7711;Actinopteri_186623;Cyprinodontiformes_28738;Fundulidae_28756;Fundulus_8077;Fundulus_heteroclitus_8078	99.444	94	3.51e-89	180	0	N/A	N/A	N/A
63525e9565713301c6a14ad278c69788	KX686098.1.<1.>670###root_1;Eukaryota_2759;Chordata_7711;Actinopteri_186623;Cyprinodontiformes_28738;Fundulidae_28756;Fundulus_8077;Fundulus_heteroclitus_8078	99.444	94	3.51e-89	180	0	N/A	N/A	N/A
63525e9565713301c6a14ad278c69788	KX686092.1.<1.>670###root_1;Eukaryota_2759;Chordata_7711;Actinopteri_186623;Cyprinodontiformes_28738;Fundulidae_28756;Fundulus_8077;Fundulus_heteroclitus_8078	98.889	94	1.63e-87	180	0	N/A	N/A	N/A
63525e9565713301c6a14ad278c69788	OP537867.1.<1.>216###root_1;Eukaryota_2759;Chordata_7711;Actinopteri_186623;Cyprinodontiformes_28738;Fundulidae_28756;Fundulus_8077;Fundulus_pulvereus_76054	96.354	100	7.59e-86	192	0	N/A	N/A	N/A
8e62ac82867eb7a28e51309ddb36a181	FJ445403.1.69.1011###root_1;Eukaryota_2759;Chordata_7711;Actinopteri_186623;Cyprinodontiformes_28738;Fundulidae_28756;Fundulus_8077;Fundulus_heteroclitus_8078	98.958	100	3.48e-94	192	0	N/A	N/A	N/A
8e62ac82867eb7a28e51309ddb36a181	FJ445398.1.69.1011###root_1;Eukaryota_2759;Chordata_7711;Actinopteri_186623;Cyprinodontiformes_28738;Fundulidae_28756;Fundulus_8077;Fundulus_heteroclitus_8078	98.958	100	3.48e-94	192	0	N/A	N/A	N/A
8e62ac82867eb7a28e51309ddb36a181	KT869378.1.69.1011###root_1;Eukaryota_2759;Chordata_7711;Actinopteri_186623;Cyprinodontiformes_28738;Fundulidae_28756;Fundulus_8077;Fundulus_heteroclitus_8078	98.958	100	3.48e-94	192	0	N/A	N/A	N/A
8e62ac82867eb7a28e51309ddb36a181	FJ445400.1.69.1011###root_1;Eukaryota_2759;Chordata_7711;Actinopteri_186623;Cyprinodontiformes_28738;Fundulidae_28756;Fundulus_8077;Fundulus_heteroclitus_8078	98.438	100	1.62e-92	192	0	N/A	N/A	N/A
8e62ac82867eb7a28e51309ddb36a181	FJ445402.1.69.1011###root_1;Eukaryota_2759;Chordata_7711;Actinopteri_186623;Cyprinodontiformes_28738;Fundulidae_28756;Fundulus_8077;Fundulus_heteroclitus_8078	98.438	100	1.62e-92	192	0	N/A	N/A	N/A
8e62ac82867eb7a28e51309ddb36a181	FJ445401.1.69.1011###root_1;Eukaryota_2759;Chordata_7711;Actinopteri_186623;Cyprinodontiformes_28738;Fundulidae_28756;Fundulus_8077;Fundulus_heteroclitus_8078	97.917	100	7.54e-91	192	0	N/A	N/A	N/A
8e62ac82867eb7a28e51309ddb36a181	OP537867.1.<1.>216###root_1;Eukaryota_2759;Chordata_7711;Actinopteri_186623;Cyprinodontiformes_28738;Fundulidae_28756;Fundulus_8077;Fundulus_pulvereus_76054	96.875	100	1.63e-87	192	0	N/A	N/A	N/A
8e62ac82867eb7a28e51309ddb36a181	KX686091.1.<1.>670###root_1;Eukaryota_2759;Chordata_7711;Actinopteri_186623;Cyprinodontiformes_28738;Fundulidae_28756;Fundulus_8077;Fundulus_heteroclitus_8078	98.889	94	1.63e-87	180	0	N/A	N/A	N/A
8e62ac82867eb7a28e51309ddb36a181	KX686098.1.<1.>670###root_1;Eukaryota_2759;Chordata_7711;Actinopteri_186623;Cyprinodontiformes_28738;Fundulidae_28756;Fundulus_8077;Fundulus_heteroclitus_8078	98.889	94	1.63e-87	180	0	N/A	N/A	N/A
8e62ac82867eb7a28e51309ddb36a181	OP537866.1.<1.>216###root_1;Eukaryota_2759;Chordata_7711;Actinopteri_186623;Cyprinodontiformes_28738;Fundulidae_28756;Fundulus_8077;Fundulus_pulvereus_76054	96.354	100	7.59e-86	192	0	N/A	N/A	N/A
6f56b8fb4e6763176d1c5e3fb72e875b	FJ445403.1.69.1011###root_1;Eukaryota_2759;Chordata_7711;Actinopteri_186623;Cyprinodontiformes_28738;Fundulidae_28756;Fundulus_8077;Fundulus_heteroclitus_8078	99.479	100	7.49e-96	192	0	N/A	N/A	N/A
6f56b8fb4e6763176d1c5e3fb72e875b	FJ445398.1.69.1011###root_1;Eukaryota_2759;Chordata_7711;Actinopteri_186623;Cyprinodontiformes_28738;Fundulidae_28756;Fundulus_8077;Fundulus_heteroclitus_8078	99.479	100	7.49e-96	192	0	N/A	N/A	N/A
6f56b8fb4e6763176d1c5e3fb72e875b	KT869378.1.69.1011###root_1;Eukaryota_2759;Chordata_7711;Actinopteri_186623;Cyprinodontiformes_28738;Fundulidae_28756;Fundulus_8077;Fundulus_heteroclitus_8078	99.479	100	7.49e-96	192	0	N/A	N/A	N/A
6f56b8fb4e6763176d1c5e3fb72e875b	FJ445400.1.69.1011###root_1;Eukaryota_2759;Chordata_7711;Actinopteri_186623;Cyprinodontiformes_28738;Fundulidae_28756;Fundulus_8077;Fundulus_heteroclitus_8078	98.958	100	3.48e-94	192	0	N/A	N/A	N/A
6f56b8fb4e6763176d1c5e3fb72e875b	FJ445402.1.69.1011###root_1;Eukaryota_2759;Chordata_7711;Actinopteri_186623;Cyprinodontiformes_28738;Fundulidae_28756;Fundulus_8077;Fundulus_heteroclitus_8078	98.958	100	3.48e-94	192	0	N/A	N/A	N/A
6f56b8fb4e6763176d1c5e3fb72e875b	FJ445401.1.69.1011###root_1;Eukaryota_2759;Chordata_7711;Actinopteri_186623;Cyprinodontiformes_28738;Fundulidae_28756;Fundulus_8077;Fundulus_heteroclitus_8078	98.438	100	1.62e-92	192	0	N/A	N/A	N/A
6f56b8fb4e6763176d1c5e3fb72e875b	KX686091.1.<1.>670###root_1;Eukaryota_2759;Chordata_7711;Actinopteri_186623;Cyprinodontiformes_28738;Fundulidae_28756;Fundulus_8077;Fundulus_heteroclitus_8078	99.444	94	3.51e-89	180	0	N/A	N/A	N/A
6f56b8fb4e6763176d1c5e3fb72e875b	KX686098.1.<1.>670###root_1;Eukaryota_2759;Chordata_7711;Actinopteri_186623;Cyprinodontiformes_28738;Fundulidae_28756;Fundulus_8077;Fundulus_heteroclitus_8078	99.444	94	3.51e-89	180	0	N/A	N/A	N/A
6f56b8fb4e6763176d1c5e3fb72e875b	KX686092.1.<1.>670###root_1;Eukaryota_2759;Chordata_7711;Actinopteri_186623;Cyprinodontiformes_28738;Fundulidae_28756;Fundulus_8077;Fundulus_heteroclitus_8078	98.889	94	1.63e-87	180	0	N/A	N/A	N/A
6f56b8fb4e6763176d1c5e3fb72e875b	OP537867.1.<1.>216###root_1;Eukaryota_2759;Chordata_7711;Actinopteri_186623;Cyprinodontiformes_28738;Fundulidae_28756;Fundulus_8077;Fundulus_pulvereus_76054	96.354	100	7.59e-86	192	0	N/A	N/A	N/A
a5a1b423529c0dff46c09a458deedda7	FJ445403.1.69.1011###root_1;Eukaryota_2759;Chordata_7711;Actinopteri_186623;Cyprinodontiformes_28738;Fundulidae_28756;Fundulus_8077;Fundulus_heteroclitus_8078	99.479	100	7.49e-96	192	0	N/A	N/A	N/A
a5a1b423529c0dff46c09a458deedda7	FJ445398.1.69.1011###root_1;Eukaryota_2759;Chordata_7711;Actinopteri_186623;Cyprinodontiformes_28738;Fundulidae_28756;Fundulus_8077;Fundulus_heteroclitus_8078	99.479	100	7.49e-96	192	0	N/A	N/A	N/A
a5a1b423529c0dff46c09a458deedda7	KT869378.1.69.1011###root_1;Eukaryota_2759;Chordata_7711;Actinopteri_186623;Cyprinodontiformes_28738;Fundulidae_28756;Fundulus_8077;Fundulus_heteroclitus_8078	99.479	100	7.49e-96	192	0	N/A	N/A	N/A
a5a1b423529c0dff46c09a458deedda7	FJ445400.1.69.1011###root_1;Eukaryota_2759;Chordata_7711;Actinopteri_186623;Cyprinodontiformes_28738;Fundulidae_28756;Fundulus_8077;Fundulus_heteroclitus_8078	98.958	100	3.48e-94	192	0	N/A	N/A	N/A
a5a1b423529c0dff46c09a458deedda7	FJ445402.1.69.1011###root_1;Eukaryota_2759;Chordata_7711;Actinopteri_186623;Cyprinodontiformes_28738;Fundulidae_28756;Fundulus_8077;Fundulus_heteroclitus_8078	98.958	100	3.48e-94	192	0	N/A	N/A	N/A
a5a1b423529c0dff46c09a458deedda7	FJ445401.1.69.1011###root_1;Eukaryota_2759;Chordata_7711;Actinopteri_186623;Cyprinodontiformes_28738;Fundulidae_28756;Fundulus_8077;Fundulus_heteroclitus_8078	98.438	100	1.62e-92	192	0	N/A	N/A	N/A
a5a1b423529c0dff46c09a458deedda7	KX686091.1.<1.>670###root_1;Eukaryota_2759;Chordata_7711;Actinopteri_186623;Cyprinodontiformes_28738;Fundulidae_28756;Fundulus_8077;Fundulus_heteroclitus_8078	99.444	94	3.51e-89	180	0	N/A	N/A	N/A
a5a1b423529c0dff46c09a458deedda7	KX686098.1.<1.>670###root_1;Eukaryota_2759;Chordata_7711;Actinopteri_186623;Cyprinodontiformes_28738;Fundulidae_28756;Fundulus_8077;Fundulus_heteroclitus_8078	99.444	94	3.51e-89	180	0	N/A	N/A	N/A
a5a1b423529c0dff46c09a458deedda7	KX686092.1.<1.>670###root_1;Eukaryota_2759;Chordata_7711;Actinopteri_186623;Cyprinodontiformes_28738;Fundulidae_28756;Fundulus_8077;Fundulus_heteroclitus_8078	98.889	94	1.63e-87	180	0	N/A	N/A	N/A
a5a1b423529c0dff46c09a458deedda7	OP537867.1.<1.>216###root_1;Eukaryota_2759;Chordata_7711;Actinopteri_186623;Cyprinodontiformes_28738;Fundulidae_28756;Fundulus_8077;Fundulus_pulvereus_76054	96.354	100	7.59e-86	192	0	N/A	N/A	N/A
9bec388d9d2eb59d7f032d09e16b4afd	FJ445403.1.69.1011###root_1;Eukaryota_2759;Chordata_7711;Actinopteri_186623;Cyprinodontiformes_28738;Fundulidae_28756;Fundulus_8077;Fundulus_heteroclitus_8078	99.479	100	7.49e-96	192	0	N/A	N/A	N/A
9bec388d9d2eb59d7f032d09e16b4afd	FJ445398.1.69.1011###root_1;Eukaryota_2759;Chordata_7711;Actinopteri_186623;Cyprinodontiformes_28738;Fundulidae_28756;Fundulus_8077;Fundulus_heteroclitus_8078	99.479	100	7.49e-96	192	0	N/A	N/A	N/A
9bec388d9d2eb59d7f032d09e16b4afd	KT869378.1.69.1011###root_1;Eukaryota_2759;Chordata_7711;Actinopteri_186623;Cyprinodontiformes_28738;Fundulidae_28756;Fundulus_8077;Fundulus_heteroclitus_8078	99.479	100	7.49e-96	192	0	N/A	N/A	N/A
9bec388d9d2eb59d7f032d09e16b4afd	FJ445400.1.69.1011###root_1;Eukaryota_2759;Chordata_7711;Actinopteri_186623;Cyprinodontiformes_28738;Fundulidae_28756;Fundulus_8077;Fundulus_heteroclitus_8078	98.958	100	3.48e-94	192	0	N/A	N/A	N/A
9bec388d9d2eb59d7f032d09e16b4afd	FJ445402.1.69.1011###root_1;Eukaryota_2759;Chordata_7711;Actinopteri_186623;Cyprinodontiformes_28738;Fundulidae_28756;Fundulus_8077;Fundulus_heteroclitus_8078	98.958	100	3.48e-94	192	0	N/A	N/A	N/A
9bec388d9d2eb59d7f032d09e16b4afd	FJ445401.1.69.1011###root_1;Eukaryota_2759;Chordata_7711;Actinopteri_186623;Cyprinodontiformes_28738;Fundulidae_28756;Fundulus_8077;Fundulus_heteroclitus_8078	98.438	100	1.62e-92	192	0	N/A	N/A	N/A
9bec388d9d2eb59d7f032d09e16b4afd	KX686091.1.<1.>670###root_1;Eukaryota_2759;Chordata_7711;Actinopteri_186623;Cyprinodontiformes_28738;Fundulidae_28756;Fundulus_8077;Fundulus_heteroclitus_8078	99.444	94	3.51e-89	180	0	N/A	N/A	N/A
9bec388d9d2eb59d7f032d09e16b4afd	KX686098.1.<1.>670###root_1;Eukaryota_2759;Chordata_7711;Actinopteri_186623;Cyprinodontiformes_28738;Fundulidae_28756;Fundulus_8077;Fundulus_heteroclitus_8078	99.444	94	3.51e-89	180	0	N/A	N/A	N/A
9bec388d9d2eb59d7f032d09e16b4afd	KX686092.1.<1.>670###root_1;Eukaryota_2759;Chordata_7711;Actinopteri_186623;Cyprinodontiformes_28738;Fundulidae_28756;Fundulus_8077;Fundulus_heteroclitus_8078	98.889	94	1.63e-87	180	0	N/A	N/A	N/A
9bec388d9d2eb59d7f032d09e16b4afd	OP537867.1.<1.>216###root_1;Eukaryota_2759;Chordata_7711;Actinopteri_186623;Cyprinodontiformes_28738;Fundulidae_28756;Fundulus_8077;Fundulus_pulvereus_76054	96.354	100	7.59e-86	192	0	N/A	N/A	N/A
1db02c3857e6f3880534c85c99c17ae3	FJ445403.1.69.1011###root_1;Eukaryota_2759;Chordata_7711;Actinopteri_186623;Cyprinodontiformes_28738;Fundulidae_28756;Fundulus_8077;Fundulus_heteroclitus_8078	99.479	100	7.49e-96	192	0	N/A	N/A	N/A
1db02c3857e6f3880534c85c99c17ae3	FJ445398.1.69.1011###root_1;Eukaryota_2759;Chordata_7711;Actinopteri_186623;Cyprinodontiformes_28738;Fundulidae_28756;Fundulus_8077;Fundulus_heteroclitus_8078	99.479	100	7.49e-96	192	0	N/A	N/A	N/A
1db02c3857e6f3880534c85c99c17ae3	KT869378.1.69.1011###root_1;Eukaryota_2759;Chordata_7711;Actinopteri_186623;Cyprinodontiformes_28738;Fundulidae_28756;Fundulus_8077;Fundulus_heteroclitus_8078	99.479	100	7.49e-96	192	0	N/A	N/A	N/A
1db02c3857e6f3880534c85c99c17ae3	FJ445400.1.69.1011###root_1;Eukaryota_2759;Chordata_7711;Actinopteri_186623;Cyprinodontiformes_28738;Fundulidae_28756;Fundulus_8077;Fundulus_heteroclitus_8078	98.958	100	3.48e-94	192	0	N/A	N/A	N/A
1db02c3857e6f3880534c85c99c17ae3	FJ445402.1.69.1011###root_1;Eukaryota_2759;Chordata_7711;Actinopteri_186623;Cyprinodontiformes_28738;Fundulidae_28756;Fundulus_8077;Fundulus_heteroclitus_8078	98.958	100	3.48e-94	192	0	N/A	N/A	N/A
1db02c3857e6f3880534c85c99c17ae3	FJ445401.1.69.1011###root_1;Eukaryota_2759;Chordata_7711;Actinopteri_186623;Cyprinodontiformes_28738;Fundulidae_28756;Fundulus_8077;Fundulus_heteroclitus_8078	98.438	100	1.62e-92	192	0	N/A	N/A	N/A
1db02c3857e6f3880534c85c99c17ae3	KX686091.1.<1.>670###root_1;Eukaryota_2759;Chordata_7711;Actinopteri_186623;Cyprinodontiformes_28738;Fundulidae_28756;Fundulus_8077;Fundulus_heteroclitus_8078	99.444	94	3.51e-89	180	0	N/A	N/A	N/A
1db02c3857e6f3880534c85c99c17ae3	KX686098.1.<1.>670###root_1;Eukaryota_2759;Chordata_7711;Actinopteri_186623;Cyprinodontiformes_28738;Fundulidae_28756;Fundulus_8077;Fundulus_heteroclitus_8078	99.444	94	3.51e-89	180	0	N/A	N/A	N/A
1db02c3857e6f3880534c85c99c17ae3	KX686092.1.<1.>670###root_1;Eukaryota_2759;Chordata_7711;Actinopteri_186623;Cyprinodontiformes_28738;Fundulidae_28756;Fundulus_8077;Fundulus_heteroclitus_8078	98.889	94	1.63e-87	180	0	N/A	N/A	N/A
1db02c3857e6f3880534c85c99c17ae3	OP537867.1.<1.>216###root_1;Eukaryota_2759;Chordata_7711;Actinopteri_186623;Cyprinodontiformes_28738;Fundulidae_28756;Fundulus_8077;Fundulus_pulvereus_76054	96.354	100	7.59e-86	192	0	N/A	N/A	N/A
c06dc1789b4b02cc00c4866fa9e46dcf	FJ445403.1.69.1011###root_1;Eukaryota_2759;Chordata_7711;Actinopteri_186623;Cyprinodontiformes_28738;Fundulidae_28756;Fundulus_8077;Fundulus_heteroclitus_8078	99.479	100	7.49e-96	192	0	N/A	N/A	N/A
c06dc1789b4b02cc00c4866fa9e46dcf	FJ445398.1.69.1011###root_1;Eukaryota_2759;Chordata_7711;Actinopteri_186623;Cyprinodontiformes_28738;Fundulidae_28756;Fundulus_8077;Fundulus_heteroclitus_8078	99.479	100	7.49e-96	192	0	N/A	N/A	N/A
c06dc1789b4b02cc00c4866fa9e46dcf	KT869378.1.69.1011###root_1;Eukaryota_2759;Chordata_7711;Actinopteri_186623;Cyprinodontiformes_28738;Fundulidae_28756;Fundulus_8077;Fundulus_heteroclitus_8078	99.479	100	7.49e-96	192	0	N/A	N/A	N/A
c06dc1789b4b02cc00c4866fa9e46dcf	FJ445400.1.69.1011###root_1;Eukaryota_2759;Chordata_7711;Actinopteri_186623;Cyprinodontiformes_28738;Fundulidae_28756;Fundulus_8077;Fundulus_heteroclitus_8078	98.958	100	3.48e-94	192	0	N/A	N/A	N/A
c06dc1789b4b02cc00c4866fa9e46dcf	FJ445402.1.69.1011###root_1;Eukaryota_2759;Chordata_7711;Actinopteri_186623;Cyprinodontiformes_28738;Fundulidae_28756;Fundulus_8077;Fundulus_heteroclitus_8078	98.958	100	3.48e-94	192	0	N/A	N/A	N/A
c06dc1789b4b02cc00c4866fa9e46dcf	FJ445401.1.69.1011###root_1;Eukaryota_2759;Chordata_7711;Actinopteri_186623;Cyprinodontiformes_28738;Fundulidae_28756;Fundulus_8077;Fundulus_heteroclitus_8078	98.438	100	1.62e-92	192	0	N/A	N/A	N/A
c06dc1789b4b02cc00c4866fa9e46dcf	KX686091.1.<1.>670###root_1;Eukaryota_2759;Chordata_7711;Actinopteri_186623;Cyprinodontiformes_28738;Fundulidae_28756;Fundulus_8077;Fundulus_heteroclitus_8078	99.444	94	3.51e-89	180	0	N/A	N/A	N/A
c06dc1789b4b02cc00c4866fa9e46dcf	KX686098.1.<1.>670###root_1;Eukaryota_2759;Chordata_7711;Actinopteri_186623;Cyprinodontiformes_28738;Fundulidae_28756;Fundulus_8077;Fundulus_heteroclitus_8078	99.444	94	3.51e-89	180	0	N/A	N/A	N/A
c06dc1789b4b02cc00c4866fa9e46dcf	KX686092.1.<1.>670###root_1;Eukaryota_2759;Chordata_7711;Actinopteri_186623;Cyprinodontiformes_28738;Fundulidae_28756;Fundulus_8077;Fundulus_heteroclitus_8078	98.889	94	1.63e-87	180	0	N/A	N/A	N/A
c06dc1789b4b02cc00c4866fa9e46dcf	OP537867.1.<1.>216###root_1;Eukaryota_2759;Chordata_7711;Actinopteri_186623;Cyprinodontiformes_28738;Fundulidae_28756;Fundulus_8077;Fundulus_pulvereus_76054	96.354	100	7.59e-86	192	0	N/A	N/A	N/A
263f78ff8b01fb58eb3ad3a8529ef8c6	FJ445403.1.69.1011###root_1;Eukaryota_2759;Chordata_7711;Actinopteri_186623;Cyprinodontiformes_28738;Fundulidae_28756;Fundulus_8077;Fundulus_heteroclitus_8078	99.479	100	7.49e-96	192	0	N/A	N/A	N/A
263f78ff8b01fb58eb3ad3a8529ef8c6	FJ445398.1.69.1011###root_1;Eukaryota_2759;Chordata_7711;Actinopteri_186623;Cyprinodontiformes_28738;Fundulidae_28756;Fundulus_8077;Fundulus_heteroclitus_8078	99.479	100	7.49e-96	192	0	N/A	N/A	N/A
263f78ff8b01fb58eb3ad3a8529ef8c6	KT869378.1.69.1011###root_1;Eukaryota_2759;Chordata_7711;Actinopteri_186623;Cyprinodontiformes_28738;Fundulidae_28756;Fundulus_8077;Fundulus_heteroclitus_8078	99.479	100	7.49e-96	192	0	N/A	N/A	N/A
263f78ff8b01fb58eb3ad3a8529ef8c6	FJ445400.1.69.1011###root_1;Eukaryota_2759;Chordata_7711;Actinopteri_186623;Cyprinodontiformes_28738;Fundulidae_28756;Fundulus_8077;Fundulus_heteroclitus_8078	98.958	100	3.48e-94	192	0	N/A	N/A	N/A
263f78ff8b01fb58eb3ad3a8529ef8c6	FJ445402.1.69.1011###root_1;Eukaryota_2759;Chordata_7711;Actinopteri_186623;Cyprinodontiformes_28738;Fundulidae_28756;Fundulus_8077;Fundulus_heteroclitus_8078	98.958	100	3.48e-94	192	0	N/A	N/A	N/A
263f78ff8b01fb58eb3ad3a8529ef8c6	FJ445401.1.69.1011###root_1;Eukaryota_2759;Chordata_7711;Actinopteri_186623;Cyprinodontiformes_28738;Fundulidae_28756;Fundulus_8077;Fundulus_heteroclitus_8078	98.438	100	1.62e-92	192	0	N/A	N/A	N/A
263f78ff8b01fb58eb3ad3a8529ef8c6	KX686091.1.<1.>670###root_1;Eukaryota_2759;Chordata_7711;Actinopteri_186623;Cyprinodontiformes_28738;Fundulidae_28756;Fundulus_8077;Fundulus_heteroclitus_8078	99.444	94	3.51e-89	180	0	N/A	N/A	N/A
263f78ff8b01fb58eb3ad3a8529ef8c6	KX686098.1.<1.>670###root_1;Eukaryota_2759;Chordata_7711;Actinopteri_186623;Cyprinodontiformes_28738;Fundulidae_28756;Fundulus_8077;Fundulus_heteroclitus_8078	99.444	94	3.51e-89	180	0	N/A	N/A	N/A
263f78ff8b01fb58eb3ad3a8529ef8c6	KX686092.1.<1.>670###root_1;Eukaryota_2759;Chordata_7711;Actinopteri_186623;Cyprinodontiformes_28738;Fundulidae_28756;Fundulus_8077;Fundulus_heteroclitus_8078	98.889	94	1.63e-87	180	0	N/A	N/A	N/A
263f78ff8b01fb58eb3ad3a8529ef8c6	OP537867.1.<1.>216###root_1;Eukaryota_2759;Chordata_7711;Actinopteri_186623;Cyprinodontiformes_28738;Fundulidae_28756;Fundulus_8077;Fundulus_pulvereus_76054	96.354	100	7.59e-86	192	0	N/A	N/A	N/A
c0f626dc3d49bb427ad2675a197a8d8e	FJ445403.1.69.1011###root_1;Eukaryota_2759;Chordata_7711;Actinopteri_186623;Cyprinodontiformes_28738;Fundulidae_28756;Fundulus_8077;Fundulus_heteroclitus_8078	99.479	100	7.49e-96	192	0	N/A	N/A	N/A
c0f626dc3d49bb427ad2675a197a8d8e	FJ445398.1.69.1011###root_1;Eukaryota_2759;Chordata_7711;Actinopteri_186623;Cyprinodontiformes_28738;Fundulidae_28756;Fundulus_8077;Fundulus_heteroclitus_8078	99.479	100	7.49e-96	192	0	N/A	N/A	N/A
c0f626dc3d49bb427ad2675a197a8d8e	KT869378.1.69.1011###root_1;Eukaryota_2759;Chordata_7711;Actinopteri_186623;Cyprinodontiformes_28738;Fundulidae_28756;Fundulus_8077;Fundulus_heteroclitus_8078	99.479	100	7.49e-96	192	0	N/A	N/A	N/A
c0f626dc3d49bb427ad2675a197a8d8e	FJ445400.1.69.1011###root_1;Eukaryota_2759;Chordata_7711;Actinopteri_186623;Cyprinodontiformes_28738;Fundulidae_28756;Fundulus_8077;Fundulus_heteroclitus_8078	98.958	100	3.48e-94	192	0	N/A	N/A	N/A
c0f626dc3d49bb427ad2675a197a8d8e	FJ445402.1.69.1011###root_1;Eukaryota_2759;Chordata_7711;Actinopteri_186623;Cyprinodontiformes_28738;Fundulidae_28756;Fundulus_8077;Fundulus_heteroclitus_8078	98.958	100	3.48e-94	192	0	N/A	N/A	N/A
c0f626dc3d49bb427ad2675a197a8d8e	FJ445401.1.69.1011###root_1;Eukaryota_2759;Chordata_7711;Actinopteri_186623;Cyprinodontiformes_28738;Fundulidae_28756;Fundulus_8077;Fundulus_heteroclitus_8078	98.438	100	1.62e-92	192	0	N/A	N/A	N/A
c0f626dc3d49bb427ad2675a197a8d8e	KX686091.1.<1.>670###root_1;Eukaryota_2759;Chordata_7711;Actinopteri_186623;Cyprinodontiformes_28738;Fundulidae_28756;Fundulus_8077;Fundulus_heteroclitus_8078	99.444	94	3.51e-89	180	0	N/A	N/A	N/A
c0f626dc3d49bb427ad2675a197a8d8e	KX686098.1.<1.>670###root_1;Eukaryota_2759;Chordata_7711;Actinopteri_186623;Cyprinodontiformes_28738;Fundulidae_28756;Fundulus_8077;Fundulus_heteroclitus_8078	99.444	94	3.51e-89	180	0	N/A	N/A	N/A
c0f626dc3d49bb427ad2675a197a8d8e	KX686092.1.<1.>670###root_1;Eukaryota_2759;Chordata_7711;Actinopteri_186623;Cyprinodontiformes_28738;Fundulidae_28756;Fundulus_8077;Fundulus_heteroclitus_8078	98.889	94	1.63e-87	180	0	N/A	N/A	N/A
c0f626dc3d49bb427ad2675a197a8d8e	OP537867.1.<1.>216###root_1;Eukaryota_2759;Chordata_7711;Actinopteri_186623;Cyprinodontiformes_28738;Fundulidae_28756;Fundulus_8077;Fundulus_pulvereus_76054	96.354	100	7.59e-86	192	0	N/A	N/A	N/A
b9e42687689a9bda4dde5efbae5de10e	FJ445403.1.69.1011###root_1;Eukaryota_2759;Chordata_7711;Actinopteri_186623;Cyprinodontiformes_28738;Fundulidae_28756;Fundulus_8077;Fundulus_heteroclitus_8078	99.479	100	7.49e-96	192	0	N/A	N/A	N/A
b9e42687689a9bda4dde5efbae5de10e	FJ445398.1.69.1011###root_1;Eukaryota_2759;Chordata_7711;Actinopteri_186623;Cyprinodontiformes_28738;Fundulidae_28756;Fundulus_8077;Fundulus_heteroclitus_8078	99.479	100	7.49e-96	192	0	N/A	N/A	N/A
b9e42687689a9bda4dde5efbae5de10e	KT869378.1.69.1011###root_1;Eukaryota_2759;Chordata_7711;Actinopteri_186623;Cyprinodontiformes_28738;Fundulidae_28756;Fundulus_8077;Fundulus_heteroclitus_8078	99.479	100	7.49e-96	192	0	N/A	N/A	N/A
b9e42687689a9bda4dde5efbae5de10e	FJ445400.1.69.1011###root_1;Eukaryota_2759;Chordata_7711;Actinopteri_186623;Cyprinodontiformes_28738;Fundulidae_28756;Fundulus_8077;Fundulus_heteroclitus_8078	98.958	100	3.48e-94	192	0	N/A	N/A	N/A
b9e42687689a9bda4dde5efbae5de10e	FJ445402.1.69.1011###root_1;Eukaryota_2759;Chordata_7711;Actinopteri_186623;Cyprinodontiformes_28738;Fundulidae_28756;Fundulus_8077;Fundulus_heteroclitus_8078	98.958	100	3.48e-94	192	0	N/A	N/A	N/A
b9e42687689a9bda4dde5efbae5de10e	FJ445401.1.69.1011###root_1;Eukaryota_2759;Chordata_7711;Actinopteri_186623;Cyprinodontiformes_28738;Fundulidae_28756;Fundulus_8077;Fundulus_heteroclitus_8078	98.438	100	1.62e-92	192	0	N/A	N/A	N/A
b9e42687689a9bda4dde5efbae5de10e	KX686091.1.<1.>670###root_1;Eukaryota_2759;Chordata_7711;Actinopteri_186623;Cyprinodontiformes_28738;Fundulidae_28756;Fundulus_8077;Fundulus_heteroclitus_8078	99.444	94	3.51e-89	180	0	N/A	N/A	N/A
b9e42687689a9bda4dde5efbae5de10e	KX686098.1.<1.>670###root_1;Eukaryota_2759;Chordata_7711;Actinopteri_186623;Cyprinodontiformes_28738;Fundulidae_28756;Fundulus_8077;Fundulus_heteroclitus_8078	99.444	94	3.51e-89	180	0	N/A	N/A	N/A
b9e42687689a9bda4dde5efbae5de10e	OP537867.1.<1.>216###root_1;Eukaryota_2759;Chordata_7711;Actinopteri_186623;Cyprinodontiformes_28738;Fundulidae_28756;Fundulus_8077;Fundulus_pulvereus_76054	96.891	100	1.63e-87	193	0	N/A	N/A	N/A
b9e42687689a9bda4dde5efbae5de10e	KX686092.1.<1.>670###root_1;Eukaryota_2759;Chordata_7711;Actinopteri_186623;Cyprinodontiformes_28738;Fundulidae_28756;Fundulus_8077;Fundulus_heteroclitus_8078	98.889	94	1.63e-87	180	0	N/A	N/A	N/A
bda729ba57a30fc89d6f100a3cabedfb	FJ445403.1.69.1011###root_1;Eukaryota_2759;Chordata_7711;Actinopteri_186623;Cyprinodontiformes_28738;Fundulidae_28756;Fundulus_8077;Fundulus_heteroclitus_8078	99.479	100	7.49e-96	192	0	N/A	N/A	N/A
bda729ba57a30fc89d6f100a3cabedfb	FJ445398.1.69.1011###root_1;Eukaryota_2759;Chordata_7711;Actinopteri_186623;Cyprinodontiformes_28738;Fundulidae_28756;Fundulus_8077;Fundulus_heteroclitus_8078	99.479	100	7.49e-96	192	0	N/A	N/A	N/A
bda729ba57a30fc89d6f100a3cabedfb	KT869378.1.69.1011###root_1;Eukaryota_2759;Chordata_7711;Actinopteri_186623;Cyprinodontiformes_28738;Fundulidae_28756;Fundulus_8077;Fundulus_heteroclitus_8078	99.479	100	7.49e-96	192	0	N/A	N/A	N/A
bda729ba57a30fc89d6f100a3cabedfb	FJ445400.1.69.1011###root_1;Eukaryota_2759;Chordata_7711;Actinopteri_186623;Cyprinodontiformes_28738;Fundulidae_28756;Fundulus_8077;Fundulus_heteroclitus_8078	98.958	100	3.48e-94	192	0	N/A	N/A	N/A
bda729ba57a30fc89d6f100a3cabedfb	FJ445402.1.69.1011###root_1;Eukaryota_2759;Chordata_7711;Actinopteri_186623;Cyprinodontiformes_28738;Fundulidae_28756;Fundulus_8077;Fundulus_heteroclitus_8078	98.958	100	3.48e-94	192	0	N/A	N/A	N/A
bda729ba57a30fc89d6f100a3cabedfb	FJ445401.1.69.1011###root_1;Eukaryota_2759;Chordata_7711;Actinopteri_186623;Cyprinodontiformes_28738;Fundulidae_28756;Fundulus_8077;Fundulus_heteroclitus_8078	98.438	100	1.62e-92	192	0	N/A	N/A	N/A
bda729ba57a30fc89d6f100a3cabedfb	KX686091.1.<1.>670###root_1;Eukaryota_2759;Chordata_7711;Actinopteri_186623;Cyprinodontiformes_28738;Fundulidae_28756;Fundulus_8077;Fundulus_heteroclitus_8078	99.444	94	3.51e-89	180	0	N/A	N/A	N/A
bda729ba57a30fc89d6f100a3cabedfb	KX686098.1.<1.>670###root_1;Eukaryota_2759;Chordata_7711;Actinopteri_186623;Cyprinodontiformes_28738;Fundulidae_28756;Fundulus_8077;Fundulus_heteroclitus_8078	99.444	94	3.51e-89	180	0	N/A	N/A	N/A
bda729ba57a30fc89d6f100a3cabedfb	OP537867.1.<1.>216###root_1;Eukaryota_2759;Chordata_7711;Actinopteri_186623;Cyprinodontiformes_28738;Fundulidae_28756;Fundulus_8077;Fundulus_pulvereus_76054	96.875	100	1.63e-87	192	0	N/A	N/A	N/A
bda729ba57a30fc89d6f100a3cabedfb	KX686092.1.<1.>670###root_1;Eukaryota_2759;Chordata_7711;Actinopteri_186623;Cyprinodontiformes_28738;Fundulidae_28756;Fundulus_8077;Fundulus_heteroclitus_8078	98.889	94	1.63e-87	180	0	N/A	N/A	N/A
bbbf20248ca17ce9e8978abe6eaa5e33	FJ445403.1.69.1011###root_1;Eukaryota_2759;Chordata_7711;Actinopteri_186623;Cyprinodontiformes_28738;Fundulidae_28756;Fundulus_8077;Fundulus_heteroclitus_8078	99.479	100	7.49e-96	192	0	N/A	N/A	N/A
bbbf20248ca17ce9e8978abe6eaa5e33	FJ445398.1.69.1011###root_1;Eukaryota_2759;Chordata_7711;Actinopteri_186623;Cyprinodontiformes_28738;Fundulidae_28756;Fundulus_8077;Fundulus_heteroclitus_8078	99.479	100	7.49e-96	192	0	N/A	N/A	N/A
bbbf20248ca17ce9e8978abe6eaa5e33	KT869378.1.69.1011###root_1;Eukaryota_2759;Chordata_7711;Actinopteri_186623;Cyprinodontiformes_28738;Fundulidae_28756;Fundulus_8077;Fundulus_heteroclitus_8078	99.479	100	7.49e-96	192	0	N/A	N/A	N/A
bbbf20248ca17ce9e8978abe6eaa5e33	FJ445400.1.69.1011###root_1;Eukaryota_2759;Chordata_7711;Actinopteri_186623;Cyprinodontiformes_28738;Fundulidae_28756;Fundulus_8077;Fundulus_heteroclitus_8078	98.958	100	3.48e-94	192	0	N/A	N/A	N/A
bbbf20248ca17ce9e8978abe6eaa5e33	FJ445402.1.69.1011###root_1;Eukaryota_2759;Chordata_7711;Actinopteri_186623;Cyprinodontiformes_28738;Fundulidae_28756;Fundulus_8077;Fundulus_heteroclitus_8078	98.958	100	3.48e-94	192	0	N/A	N/A	N/A
bbbf20248ca17ce9e8978abe6eaa5e33	FJ445401.1.69.1011###root_1;Eukaryota_2759;Chordata_7711;Actinopteri_186623;Cyprinodontiformes_28738;Fundulidae_28756;Fundulus_8077;Fundulus_heteroclitus_8078	98.438	100	1.62e-92	192	0	N/A	N/A	N/A
bbbf20248ca17ce9e8978abe6eaa5e33	OP537867.1.<1.>216###root_1;Eukaryota_2759;Chordata_7711;Actinopteri_186623;Cyprinodontiformes_28738;Fundulidae_28756;Fundulus_8077;Fundulus_pulvereus_76054	97.396	100	3.51e-89	192	0	N/A	N/A	N/A
bbbf20248ca17ce9e8978abe6eaa5e33	KX686091.1.<1.>670###root_1;Eukaryota_2759;Chordata_7711;Actinopteri_186623;Cyprinodontiformes_28738;Fundulidae_28756;Fundulus_8077;Fundulus_heteroclitus_8078	99.444	94	3.51e-89	180	0	N/A	N/A	N/A
bbbf20248ca17ce9e8978abe6eaa5e33	KX686098.1.<1.>670###root_1;Eukaryota_2759;Chordata_7711;Actinopteri_186623;Cyprinodontiformes_28738;Fundulidae_28756;Fundulus_8077;Fundulus_heteroclitus_8078	99.444	94	3.51e-89	180	0	N/A	N/A	N/A
bbbf20248ca17ce9e8978abe6eaa5e33	OP537866.1.<1.>216###root_1;Eukaryota_2759;Chordata_7711;Actinopteri_186623;Cyprinodontiformes_28738;Fundulidae_28756;Fundulus_8077;Fundulus_pulvereus_76054	96.875	100	1.63e-87	192	0	N/A	N/A	N/A
26d7ff2d3a95c5039e9839e63ad5c5ed	FJ445403.1.69.1011###root_1;Eukaryota_2759;Chordata_7711;Actinopteri_186623;Cyprinodontiformes_28738;Fundulidae_28756;Fundulus_8077;Fundulus_heteroclitus_8078	99.479	100	7.49e-96	192	0	N/A	N/A	N/A
26d7ff2d3a95c5039e9839e63ad5c5ed	FJ445398.1.69.1011###root_1;Eukaryota_2759;Chordata_7711;Actinopteri_186623;Cyprinodontiformes_28738;Fundulidae_28756;Fundulus_8077;Fundulus_heteroclitus_8078	99.479	100	7.49e-96	192	0	N/A	N/A	N/A
26d7ff2d3a95c5039e9839e63ad5c5ed	KT869378.1.69.1011###root_1;Eukaryota_2759;Chordata_7711;Actinopteri_186623;Cyprinodontiformes_28738;Fundulidae_28756;Fundulus_8077;Fundulus_heteroclitus_8078	99.479	100	7.49e-96	192	0	N/A	N/A	N/A
26d7ff2d3a95c5039e9839e63ad5c5ed	FJ445400.1.69.1011###root_1;Eukaryota_2759;Chordata_7711;Actinopteri_186623;Cyprinodontiformes_28738;Fundulidae_28756;Fundulus_8077;Fundulus_heteroclitus_8078	98.958	100	3.48e-94	192	0	N/A	N/A	N/A
26d7ff2d3a95c5039e9839e63ad5c5ed	FJ445402.1.69.1011###root_1;Eukaryota_2759;Chordata_7711;Actinopteri_186623;Cyprinodontiformes_28738;Fundulidae_28756;Fundulus_8077;Fundulus_heteroclitus_8078	98.958	100	3.48e-94	192	0	N/A	N/A	N/A
26d7ff2d3a95c5039e9839e63ad5c5ed	FJ445401.1.69.1011###root_1;Eukaryota_2759;Chordata_7711;Actinopteri_186623;Cyprinodontiformes_28738;Fundulidae_28756;Fundulus_8077;Fundulus_heteroclitus_8078	98.438	100	1.62e-92	192	0	N/A	N/A	N/A
26d7ff2d3a95c5039e9839e63ad5c5ed	KX686091.1.<1.>670###root_1;Eukaryota_2759;Chordata_7711;Actinopteri_186623;Cyprinodontiformes_28738;Fundulidae_28756;Fundulus_8077;Fundulus_heteroclitus_8078	99.444	94	3.51e-89	180	0	N/A	N/A	N/A
26d7ff2d3a95c5039e9839e63ad5c5ed	KX686098.1.<1.>670###root_1;Eukaryota_2759;Chordata_7711;Actinopteri_186623;Cyprinodontiformes_28738;Fundulidae_28756;Fundulus_8077;Fundulus_heteroclitus_8078	99.444	94	3.51e-89	180	0	N/A	N/A	N/A
26d7ff2d3a95c5039e9839e63ad5c5ed	OP537867.1.<1.>216###root_1;Eukaryota_2759;Chordata_7711;Actinopteri_186623;Cyprinodontiformes_28738;Fundulidae_28756;Fundulus_8077;Fundulus_pulvereus_76054	96.875	100	1.63e-87	192	0	N/A	N/A	N/A
26d7ff2d3a95c5039e9839e63ad5c5ed	KX686092.1.<1.>670###root_1;Eukaryota_2759;Chordata_7711;Actinopteri_186623;Cyprinodontiformes_28738;Fundulidae_28756;Fundulus_8077;Fundulus_heteroclitus_8078	98.889	94	1.63e-87	180	0	N/A	N/A	N/A
78e0e72e81a95581654ccdb6a99a1cf9	FJ445403.1.69.1011###root_1;Eukaryota_2759;Chordata_7711;Actinopteri_186623;Cyprinodontiformes_28738;Fundulidae_28756;Fundulus_8077;Fundulus_heteroclitus_8078	98.958	100	3.48e-94	192	0	N/A	N/A	N/A
78e0e72e81a95581654ccdb6a99a1cf9	FJ445398.1.69.1011###root_1;Eukaryota_2759;Chordata_7711;Actinopteri_186623;Cyprinodontiformes_28738;Fundulidae_28756;Fundulus_8077;Fundulus_heteroclitus_8078	98.958	100	3.48e-94	192	0	N/A	N/A	N/A
78e0e72e81a95581654ccdb6a99a1cf9	KT869378.1.69.1011###root_1;Eukaryota_2759;Chordata_7711;Actinopteri_186623;Cyprinodontiformes_28738;Fundulidae_28756;Fundulus_8077;Fundulus_heteroclitus_8078	98.958	100	3.48e-94	192	0	N/A	N/A	N/A
78e0e72e81a95581654ccdb6a99a1cf9	FJ445400.1.69.1011###root_1;Eukaryota_2759;Chordata_7711;Actinopteri_186623;Cyprinodontiformes_28738;Fundulidae_28756;Fundulus_8077;Fundulus_heteroclitus_8078	98.438	100	1.62e-92	192	0	N/A	N/A	N/A
78e0e72e81a95581654ccdb6a99a1cf9	FJ445402.1.69.1011###root_1;Eukaryota_2759;Chordata_7711;Actinopteri_186623;Cyprinodontiformes_28738;Fundulidae_28756;Fundulus_8077;Fundulus_heteroclitus_8078	98.438	100	1.62e-92	192	0	N/A	N/A	N/A
78e0e72e81a95581654ccdb6a99a1cf9	FJ445401.1.69.1011###root_1;Eukaryota_2759;Chordata_7711;Actinopteri_186623;Cyprinodontiformes_28738;Fundulidae_28756;Fundulus_8077;Fundulus_heteroclitus_8078	97.917	100	7.54e-91	192	0	N/A	N/A	N/A
78e0e72e81a95581654ccdb6a99a1cf9	KX686091.1.<1.>670###root_1;Eukaryota_2759;Chordata_7711;Actinopteri_186623;Cyprinodontiformes_28738;Fundulidae_28756;Fundulus_8077;Fundulus_heteroclitus_8078	98.889	94	1.63e-87	180	0	N/A	N/A	N/A
78e0e72e81a95581654ccdb6a99a1cf9	KX686098.1.<1.>670###root_1;Eukaryota_2759;Chordata_7711;Actinopteri_186623;Cyprinodontiformes_28738;Fundulidae_28756;Fundulus_8077;Fundulus_heteroclitus_8078	98.889	94	1.63e-87	180	0	N/A	N/A	N/A
78e0e72e81a95581654ccdb6a99a1cf9	OP537867.1.<1.>216###root_1;Eukaryota_2759;Chordata_7711;Actinopteri_186623;Cyprinodontiformes_28738;Fundulidae_28756;Fundulus_8077;Fundulus_pulvereus_76054	96.354	100	7.59e-86	192	0	N/A	N/A	N/A
78e0e72e81a95581654ccdb6a99a1cf9	KX686092.1.<1.>670###root_1;Eukaryota_2759;Chordata_7711;Actinopteri_186623;Cyprinodontiformes_28738;Fundulidae_28756;Fundulus_8077;Fundulus_heteroclitus_8078	98.333	94	7.59e-86	180	0	N/A	N/A	N/A
03891feee2087ab2446ebc387f07569d	FJ445403.1.69.1011###root_1;Eukaryota_2759;Chordata_7711;Actinopteri_186623;Cyprinodontiformes_28738;Fundulidae_28756;Fundulus_8077;Fundulus_heteroclitus_8078	99.479	100	7.49e-96	192	0	N/A	N/A	N/A
03891feee2087ab2446ebc387f07569d	FJ445398.1.69.1011###root_1;Eukaryota_2759;Chordata_7711;Actinopteri_186623;Cyprinodontiformes_28738;Fundulidae_28756;Fundulus_8077;Fundulus_heteroclitus_8078	99.479	100	7.49e-96	192	0	N/A	N/A	N/A
03891feee2087ab2446ebc387f07569d	KT869378.1.69.1011###root_1;Eukaryota_2759;Chordata_7711;Actinopteri_186623;Cyprinodontiformes_28738;Fundulidae_28756;Fundulus_8077;Fundulus_heteroclitus_8078	99.479	100	7.49e-96	192	0	N/A	N/A	N/A
03891feee2087ab2446ebc387f07569d	FJ445400.1.69.1011###root_1;Eukaryota_2759;Chordata_7711;Actinopteri_186623;Cyprinodontiformes_28738;Fundulidae_28756;Fundulus_8077;Fundulus_heteroclitus_8078	98.958	100	3.48e-94	192	0	N/A	N/A	N/A
03891feee2087ab2446ebc387f07569d	FJ445402.1.69.1011###root_1;Eukaryota_2759;Chordata_7711;Actinopteri_186623;Cyprinodontiformes_28738;Fundulidae_28756;Fundulus_8077;Fundulus_heteroclitus_8078	98.958	100	3.48e-94	192	0	N/A	N/A	N/A
03891feee2087ab2446ebc387f07569d	FJ445401.1.69.1011###root_1;Eukaryota_2759;Chordata_7711;Actinopteri_186623;Cyprinodontiformes_28738;Fundulidae_28756;Fundulus_8077;Fundulus_heteroclitus_8078	98.438	100	1.62e-92	192	0	N/A	N/A	N/A
03891feee2087ab2446ebc387f07569d	OP537867.1.<1.>216###root_1;Eukaryota_2759;Chordata_7711;Actinopteri_186623;Cyprinodontiformes_28738;Fundulidae_28756;Fundulus_8077;Fundulus_pulvereus_76054	97.396	100	3.51e-89	192	0	N/A	N/A	N/A
03891feee2087ab2446ebc387f07569d	KX686091.1.<1.>670###root_1;Eukaryota_2759;Chordata_7711;Actinopteri_186623;Cyprinodontiformes_28738;Fundulidae_28756;Fundulus_8077;Fundulus_heteroclitus_8078	99.444	94	3.51e-89	180	0	N/A	N/A	N/A
03891feee2087ab2446ebc387f07569d	KX686098.1.<1.>670###root_1;Eukaryota_2759;Chordata_7711;Actinopteri_186623;Cyprinodontiformes_28738;Fundulidae_28756;Fundulus_8077;Fundulus_heteroclitus_8078	99.444	94	3.51e-89	180	0	N/A	N/A	N/A
03891feee2087ab2446ebc387f07569d	OP537866.1.<1.>216###root_1;Eukaryota_2759;Chordata_7711;Actinopteri_186623;Cyprinodontiformes_28738;Fundulidae_28756;Fundulus_8077;Fundulus_pulvereus_76054	96.875	100	1.63e-87	192	0	N/A	N/A	N/A
e37fed43948b14d76d7ee6f14335044f	FJ445403.1.69.1011###root_1;Eukaryota_2759;Chordata_7711;Actinopteri_186623;Cyprinodontiformes_28738;Fundulidae_28756;Fundulus_8077;Fundulus_heteroclitus_8078	99.479	100	7.49e-96	192	0	N/A	N/A	N/A
e37fed43948b14d76d7ee6f14335044f	FJ445398.1.69.1011###root_1;Eukaryota_2759;Chordata_7711;Actinopteri_186623;Cyprinodontiformes_28738;Fundulidae_28756;Fundulus_8077;Fundulus_heteroclitus_8078	99.479	100	7.49e-96	192	0	N/A	N/A	N/A
e37fed43948b14d76d7ee6f14335044f	KT869378.1.69.1011###root_1;Eukaryota_2759;Chordata_7711;Actinopteri_186623;Cyprinodontiformes_28738;Fundulidae_28756;Fundulus_8077;Fundulus_heteroclitus_8078	99.479	100	7.49e-96	192	0	N/A	N/A	N/A
e37fed43948b14d76d7ee6f14335044f	FJ445400.1.69.1011###root_1;Eukaryota_2759;Chordata_7711;Actinopteri_186623;Cyprinodontiformes_28738;Fundulidae_28756;Fundulus_8077;Fundulus_heteroclitus_8078	98.958	100	3.48e-94	192	0	N/A	N/A	N/A
e37fed43948b14d76d7ee6f14335044f	FJ445402.1.69.1011###root_1;Eukaryota_2759;Chordata_7711;Actinopteri_186623;Cyprinodontiformes_28738;Fundulidae_28756;Fundulus_8077;Fundulus_heteroclitus_8078	98.958	100	3.48e-94	192	0	N/A	N/A	N/A
e37fed43948b14d76d7ee6f14335044f	FJ445401.1.69.1011###root_1;Eukaryota_2759;Chordata_7711;Actinopteri_186623;Cyprinodontiformes_28738;Fundulidae_28756;Fundulus_8077;Fundulus_heteroclitus_8078	98.438	100	1.62e-92	192	0	N/A	N/A	N/A
e37fed43948b14d76d7ee6f14335044f	KX686091.1.<1.>670###root_1;Eukaryota_2759;Chordata_7711;Actinopteri_186623;Cyprinodontiformes_28738;Fundulidae_28756;Fundulus_8077;Fundulus_heteroclitus_8078	99.444	94	3.51e-89	180	0	N/A	N/A	N/A
e37fed43948b14d76d7ee6f14335044f	KX686098.1.<1.>670###root_1;Eukaryota_2759;Chordata_7711;Actinopteri_186623;Cyprinodontiformes_28738;Fundulidae_28756;Fundulus_8077;Fundulus_heteroclitus_8078	99.444	94	3.51e-89	180	0	N/A	N/A	N/A
e37fed43948b14d76d7ee6f14335044f	KX686092.1.<1.>670###root_1;Eukaryota_2759;Chordata_7711;Actinopteri_186623;Cyprinodontiformes_28738;Fundulidae_28756;Fundulus_8077;Fundulus_heteroclitus_8078	98.889	94	1.63e-87	180	0	N/A	N/A	N/A
e37fed43948b14d76d7ee6f14335044f	OP537867.1.<1.>216###root_1;Eukaryota_2759;Chordata_7711;Actinopteri_186623;Cyprinodontiformes_28738;Fundulidae_28756;Fundulus_8077;Fundulus_pulvereus_76054	96.354	100	7.59e-86	192	0	N/A	N/A	N/A
bece9b4854fdf6e5549fa11662f3ce89	FJ445403.1.69.1011###root_1;Eukaryota_2759;Chordata_7711;Actinopteri_186623;Cyprinodontiformes_28738;Fundulidae_28756;Fundulus_8077;Fundulus_heteroclitus_8078	99.479	100	7.49e-96	192	0	N/A	N/A	N/A
bece9b4854fdf6e5549fa11662f3ce89	FJ445398.1.69.1011###root_1;Eukaryota_2759;Chordata_7711;Actinopteri_186623;Cyprinodontiformes_28738;Fundulidae_28756;Fundulus_8077;Fundulus_heteroclitus_8078	99.479	100	7.49e-96	192	0	N/A	N/A	N/A
bece9b4854fdf6e5549fa11662f3ce89	KT869378.1.69.1011###root_1;Eukaryota_2759;Chordata_7711;Actinopteri_186623;Cyprinodontiformes_28738;Fundulidae_28756;Fundulus_8077;Fundulus_heteroclitus_8078	99.479	100	7.49e-96	192	0	N/A	N/A	N/A
bece9b4854fdf6e5549fa11662f3ce89	FJ445400.1.69.1011###root_1;Eukaryota_2759;Chordata_7711;Actinopteri_186623;Cyprinodontiformes_28738;Fundulidae_28756;Fundulus_8077;Fundulus_heteroclitus_8078	98.958	100	3.48e-94	192	0	N/A	N/A	N/A
bece9b4854fdf6e5549fa11662f3ce89	FJ445402.1.69.1011###root_1;Eukaryota_2759;Chordata_7711;Actinopteri_186623;Cyprinodontiformes_28738;Fundulidae_28756;Fundulus_8077;Fundulus_heteroclitus_8078	98.958	100	3.48e-94	192	0	N/A	N/A	N/A
bece9b4854fdf6e5549fa11662f3ce89	FJ445401.1.69.1011###root_1;Eukaryota_2759;Chordata_7711;Actinopteri_186623;Cyprinodontiformes_28738;Fundulidae_28756;Fundulus_8077;Fundulus_heteroclitus_8078	98.438	100	1.62e-92	192	0	N/A	N/A	N/A
bece9b4854fdf6e5549fa11662f3ce89	KX686091.1.<1.>670###root_1;Eukaryota_2759;Chordata_7711;Actinopteri_186623;Cyprinodontiformes_28738;Fundulidae_28756;Fundulus_8077;Fundulus_heteroclitus_8078	99.444	94	3.51e-89	180	0	N/A	N/A	N/A
bece9b4854fdf6e5549fa11662f3ce89	KX686098.1.<1.>670###root_1;Eukaryota_2759;Chordata_7711;Actinopteri_186623;Cyprinodontiformes_28738;Fundulidae_28756;Fundulus_8077;Fundulus_heteroclitus_8078	99.444	94	3.51e-89	180	0	N/A	N/A	N/A
bece9b4854fdf6e5549fa11662f3ce89	KX686092.1.<1.>670###root_1;Eukaryota_2759;Chordata_7711;Actinopteri_186623;Cyprinodontiformes_28738;Fundulidae_28756;Fundulus_8077;Fundulus_heteroclitus_8078	98.889	94	1.63e-87	180	0	N/A	N/A	N/A
bece9b4854fdf6e5549fa11662f3ce89	OP537867.1.<1.>216###root_1;Eukaryota_2759;Chordata_7711;Actinopteri_186623;Cyprinodontiformes_28738;Fundulidae_28756;Fundulus_8077;Fundulus_pulvereus_76054	96.354	100	7.59e-86	192	0	N/A	N/A	N/A
d190b2b9943d5a33d464aaf3066eec00	FJ445403.1.69.1011###root_1;Eukaryota_2759;Chordata_7711;Actinopteri_186623;Cyprinodontiformes_28738;Fundulidae_28756;Fundulus_8077;Fundulus_heteroclitus_8078	98.958	100	3.48e-94	192	0	N/A	N/A	N/A
d190b2b9943d5a33d464aaf3066eec00	FJ445398.1.69.1011###root_1;Eukaryota_2759;Chordata_7711;Actinopteri_186623;Cyprinodontiformes_28738;Fundulidae_28756;Fundulus_8077;Fundulus_heteroclitus_8078	98.958	100	3.48e-94	192	0	N/A	N/A	N/A
d190b2b9943d5a33d464aaf3066eec00	KT869378.1.69.1011###root_1;Eukaryota_2759;Chordata_7711;Actinopteri_186623;Cyprinodontiformes_28738;Fundulidae_28756;Fundulus_8077;Fundulus_heteroclitus_8078	98.958	100	3.48e-94	192	0	N/A	N/A	N/A
d190b2b9943d5a33d464aaf3066eec00	FJ445400.1.69.1011###root_1;Eukaryota_2759;Chordata_7711;Actinopteri_186623;Cyprinodontiformes_28738;Fundulidae_28756;Fundulus_8077;Fundulus_heteroclitus_8078	98.438	100	1.62e-92	192	0	N/A	N/A	N/A
d190b2b9943d5a33d464aaf3066eec00	FJ445402.1.69.1011###root_1;Eukaryota_2759;Chordata_7711;Actinopteri_186623;Cyprinodontiformes_28738;Fundulidae_28756;Fundulus_8077;Fundulus_heteroclitus_8078	98.438	100	1.62e-92	192	0	N/A	N/A	N/A
d190b2b9943d5a33d464aaf3066eec00	FJ445401.1.69.1011###root_1;Eukaryota_2759;Chordata_7711;Actinopteri_186623;Cyprinodontiformes_28738;Fundulidae_28756;Fundulus_8077;Fundulus_heteroclitus_8078	97.917	100	7.54e-91	192	0	N/A	N/A	N/A
d190b2b9943d5a33d464aaf3066eec00	KX686091.1.<1.>670###root_1;Eukaryota_2759;Chordata_7711;Actinopteri_186623;Cyprinodontiformes_28738;Fundulidae_28756;Fundulus_8077;Fundulus_heteroclitus_8078	98.889	94	1.63e-87	180	0	N/A	N/A	N/A
d190b2b9943d5a33d464aaf3066eec00	KX686098.1.<1.>670###root_1;Eukaryota_2759;Chordata_7711;Actinopteri_186623;Cyprinodontiformes_28738;Fundulidae_28756;Fundulus_8077;Fundulus_heteroclitus_8078	98.889	94	1.63e-87	180	0	N/A	N/A	N/A
d190b2b9943d5a33d464aaf3066eec00	KX686092.1.<1.>670###root_1;Eukaryota_2759;Chordata_7711;Actinopteri_186623;Cyprinodontiformes_28738;Fundulidae_28756;Fundulus_8077;Fundulus_heteroclitus_8078	98.333	94	7.59e-86	180	0	N/A	N/A	N/A
d190b2b9943d5a33d464aaf3066eec00	OP537867.1.<1.>216###root_1;Eukaryota_2759;Chordata_7711;Actinopteri_186623;Cyprinodontiformes_28738;Fundulidae_28756;Fundulus_8077;Fundulus_pulvereus_76054	95.833	100	3.53e-84	192	0	N/A	N/A	N/A
3433435fd6ec8c493324542dd4ca5554	FJ445403.1.69.1011###root_1;Eukaryota_2759;Chordata_7711;Actinopteri_186623;Cyprinodontiformes_28738;Fundulidae_28756;Fundulus_8077;Fundulus_heteroclitus_8078	99.479	100	7.49e-96	192	0	N/A	N/A	N/A
3433435fd6ec8c493324542dd4ca5554	FJ445398.1.69.1011###root_1;Eukaryota_2759;Chordata_7711;Actinopteri_186623;Cyprinodontiformes_28738;Fundulidae_28756;Fundulus_8077;Fundulus_heteroclitus_8078	99.479	100	7.49e-96	192	0	N/A	N/A	N/A
3433435fd6ec8c493324542dd4ca5554	KT869378.1.69.1011###root_1;Eukaryota_2759;Chordata_7711;Actinopteri_186623;Cyprinodontiformes_28738;Fundulidae_28756;Fundulus_8077;Fundulus_heteroclitus_8078	99.479	100	7.49e-96	192	0	N/A	N/A	N/A
3433435fd6ec8c493324542dd4ca5554	FJ445400.1.69.1011###root_1;Eukaryota_2759;Chordata_7711;Actinopteri_186623;Cyprinodontiformes_28738;Fundulidae_28756;Fundulus_8077;Fundulus_heteroclitus_8078	98.958	100	3.48e-94	192	0	N/A	N/A	N/A
3433435fd6ec8c493324542dd4ca5554	FJ445402.1.69.1011###root_1;Eukaryota_2759;Chordata_7711;Actinopteri_186623;Cyprinodontiformes_28738;Fundulidae_28756;Fundulus_8077;Fundulus_heteroclitus_8078	98.958	100	3.48e-94	192	0	N/A	N/A	N/A
3433435fd6ec8c493324542dd4ca5554	FJ445401.1.69.1011###root_1;Eukaryota_2759;Chordata_7711;Actinopteri_186623;Cyprinodontiformes_28738;Fundulidae_28756;Fundulus_8077;Fundulus_heteroclitus_8078	98.438	100	1.62e-92	192	0	N/A	N/A	N/A
3433435fd6ec8c493324542dd4ca5554	KX686091.1.<1.>670###root_1;Eukaryota_2759;Chordata_7711;Actinopteri_186623;Cyprinodontiformes_28738;Fundulidae_28756;Fundulus_8077;Fundulus_heteroclitus_8078	99.444	94	3.51e-89	180	0	N/A	N/A	N/A
3433435fd6ec8c493324542dd4ca5554	KX686098.1.<1.>670###root_1;Eukaryota_2759;Chordata_7711;Actinopteri_186623;Cyprinodontiformes_28738;Fundulidae_28756;Fundulus_8077;Fundulus_heteroclitus_8078	99.444	94	3.51e-89	180	0	N/A	N/A	N/A
3433435fd6ec8c493324542dd4ca5554	KX686092.1.<1.>670###root_1;Eukaryota_2759;Chordata_7711;Actinopteri_186623;Cyprinodontiformes_28738;Fundulidae_28756;Fundulus_8077;Fundulus_heteroclitus_8078	98.889	94	1.63e-87	180	0	N/A	N/A	N/A
3433435fd6ec8c493324542dd4ca5554	OP537867.1.<1.>216###root_1;Eukaryota_2759;Chordata_7711;Actinopteri_186623;Cyprinodontiformes_28738;Fundulidae_28756;Fundulus_8077;Fundulus_pulvereus_76054	96.354	100	7.59e-86	192	0	N/A	N/A	N/A
f803adac19cfb77764328730f383252b	FJ445403.1.69.1011###root_1;Eukaryota_2759;Chordata_7711;Actinopteri_186623;Cyprinodontiformes_28738;Fundulidae_28756;Fundulus_8077;Fundulus_heteroclitus_8078	98.958	100	3.48e-94	192	0	N/A	N/A	N/A
f803adac19cfb77764328730f383252b	FJ445398.1.69.1011###root_1;Eukaryota_2759;Chordata_7711;Actinopteri_186623;Cyprinodontiformes_28738;Fundulidae_28756;Fundulus_8077;Fundulus_heteroclitus_8078	98.958	100	3.48e-94	192	0	N/A	N/A	N/A
f803adac19cfb77764328730f383252b	KT869378.1.69.1011###root_1;Eukaryota_2759;Chordata_7711;Actinopteri_186623;Cyprinodontiformes_28738;Fundulidae_28756;Fundulus_8077;Fundulus_heteroclitus_8078	98.958	100	3.48e-94	192	0	N/A	N/A	N/A
f803adac19cfb77764328730f383252b	FJ445400.1.69.1011###root_1;Eukaryota_2759;Chordata_7711;Actinopteri_186623;Cyprinodontiformes_28738;Fundulidae_28756;Fundulus_8077;Fundulus_heteroclitus_8078	98.438	100	1.62e-92	192	0	N/A	N/A	N/A
f803adac19cfb77764328730f383252b	FJ445402.1.69.1011###root_1;Eukaryota_2759;Chordata_7711;Actinopteri_186623;Cyprinodontiformes_28738;Fundulidae_28756;Fundulus_8077;Fundulus_heteroclitus_8078	98.438	100	1.62e-92	192	0	N/A	N/A	N/A
f803adac19cfb77764328730f383252b	FJ445401.1.69.1011###root_1;Eukaryota_2759;Chordata_7711;Actinopteri_186623;Cyprinodontiformes_28738;Fundulidae_28756;Fundulus_8077;Fundulus_heteroclitus_8078	97.917	100	7.54e-91	192	0	N/A	N/A	N/A
f803adac19cfb77764328730f383252b	KX686091.1.<1.>670###root_1;Eukaryota_2759;Chordata_7711;Actinopteri_186623;Cyprinodontiformes_28738;Fundulidae_28756;Fundulus_8077;Fundulus_heteroclitus_8078	98.889	94	1.63e-87	180	0	N/A	N/A	N/A
f803adac19cfb77764328730f383252b	KX686098.1.<1.>670###root_1;Eukaryota_2759;Chordata_7711;Actinopteri_186623;Cyprinodontiformes_28738;Fundulidae_28756;Fundulus_8077;Fundulus_heteroclitus_8078	98.889	94	1.63e-87	180	0	N/A	N/A	N/A
f803adac19cfb77764328730f383252b	KX686092.1.<1.>670###root_1;Eukaryota_2759;Chordata_7711;Actinopteri_186623;Cyprinodontiformes_28738;Fundulidae_28756;Fundulus_8077;Fundulus_heteroclitus_8078	98.333	94	7.59e-86	180	0	N/A	N/A	N/A
f803adac19cfb77764328730f383252b	OP537867.1.<1.>216###root_1;Eukaryota_2759;Chordata_7711;Actinopteri_186623;Cyprinodontiformes_28738;Fundulidae_28756;Fundulus_8077;Fundulus_pulvereus_76054	95.833	100	3.53e-84	192	0	N/A	N/A	N/A
2e6f3d15203e63c07387a89bf6284085	FJ445403.1.69.1011###root_1;Eukaryota_2759;Chordata_7711;Actinopteri_186623;Cyprinodontiformes_28738;Fundulidae_28756;Fundulus_8077;Fundulus_heteroclitus_8078	99.479	100	7.49e-96	192	0	N/A	N/A	N/A
2e6f3d15203e63c07387a89bf6284085	FJ445398.1.69.1011###root_1;Eukaryota_2759;Chordata_7711;Actinopteri_186623;Cyprinodontiformes_28738;Fundulidae_28756;Fundulus_8077;Fundulus_heteroclitus_8078	99.479	100	7.49e-96	192	0	N/A	N/A	N/A
2e6f3d15203e63c07387a89bf6284085	KT869378.1.69.1011###root_1;Eukaryota_2759;Chordata_7711;Actinopteri_186623;Cyprinodontiformes_28738;Fundulidae_28756;Fundulus_8077;Fundulus_heteroclitus_8078	99.479	100	7.49e-96	192	0	N/A	N/A	N/A
2e6f3d15203e63c07387a89bf6284085	FJ445400.1.69.1011###root_1;Eukaryota_2759;Chordata_7711;Actinopteri_186623;Cyprinodontiformes_28738;Fundulidae_28756;Fundulus_8077;Fundulus_heteroclitus_8078	98.958	100	3.48e-94	192	0	N/A	N/A	N/A
2e6f3d15203e63c07387a89bf6284085	FJ445402.1.69.1011###root_1;Eukaryota_2759;Chordata_7711;Actinopteri_186623;Cyprinodontiformes_28738;Fundulidae_28756;Fundulus_8077;Fundulus_heteroclitus_8078	98.958	100	3.48e-94	192	0	N/A	N/A	N/A
2e6f3d15203e63c07387a89bf6284085	FJ445401.1.69.1011###root_1;Eukaryota_2759;Chordata_7711;Actinopteri_186623;Cyprinodontiformes_28738;Fundulidae_28756;Fundulus_8077;Fundulus_heteroclitus_8078	98.438	100	1.62e-92	192	0	N/A	N/A	N/A
2e6f3d15203e63c07387a89bf6284085	KX686091.1.<1.>670###root_1;Eukaryota_2759;Chordata_7711;Actinopteri_186623;Cyprinodontiformes_28738;Fundulidae_28756;Fundulus_8077;Fundulus_heteroclitus_8078	99.444	94	3.51e-89	180	0	N/A	N/A	N/A
2e6f3d15203e63c07387a89bf6284085	KX686098.1.<1.>670###root_1;Eukaryota_2759;Chordata_7711;Actinopteri_186623;Cyprinodontiformes_28738;Fundulidae_28756;Fundulus_8077;Fundulus_heteroclitus_8078	99.444	94	3.51e-89	180	0	N/A	N/A	N/A
2e6f3d15203e63c07387a89bf6284085	KX686092.1.<1.>670###root_1;Eukaryota_2759;Chordata_7711;Actinopteri_186623;Cyprinodontiformes_28738;Fundulidae_28756;Fundulus_8077;Fundulus_heteroclitus_8078	98.889	94	1.63e-87	180	0	N/A	N/A	N/A
2e6f3d15203e63c07387a89bf6284085	OP537867.1.<1.>216###root_1;Eukaryota_2759;Chordata_7711;Actinopteri_186623;Cyprinodontiformes_28738;Fundulidae_28756;Fundulus_8077;Fundulus_pulvereus_76054	96.354	100	7.59e-86	192	0	N/A	N/A	N/A
e2a9bc4fa2b8ddc13c3989d7053acedc	FJ445403.1.69.1011###root_1;Eukaryota_2759;Chordata_7711;Actinopteri_186623;Cyprinodontiformes_28738;Fundulidae_28756;Fundulus_8077;Fundulus_heteroclitus_8078	99.479	100	7.49e-96	192	0	N/A	N/A	N/A
e2a9bc4fa2b8ddc13c3989d7053acedc	FJ445398.1.69.1011###root_1;Eukaryota_2759;Chordata_7711;Actinopteri_186623;Cyprinodontiformes_28738;Fundulidae_28756;Fundulus_8077;Fundulus_heteroclitus_8078	99.479	100	7.49e-96	192	0	N/A	N/A	N/A
e2a9bc4fa2b8ddc13c3989d7053acedc	KT869378.1.69.1011###root_1;Eukaryota_2759;Chordata_7711;Actinopteri_186623;Cyprinodontiformes_28738;Fundulidae_28756;Fundulus_8077;Fundulus_heteroclitus_8078	99.479	100	7.49e-96	192	0	N/A	N/A	N/A
e2a9bc4fa2b8ddc13c3989d7053acedc	FJ445400.1.69.1011###root_1;Eukaryota_2759;Chordata_7711;Actinopteri_186623;Cyprinodontiformes_28738;Fundulidae_28756;Fundulus_8077;Fundulus_heteroclitus_8078	98.958	100	3.48e-94	192	0	N/A	N/A	N/A
e2a9bc4fa2b8ddc13c3989d7053acedc	FJ445402.1.69.1011###root_1;Eukaryota_2759;Chordata_7711;Actinopteri_186623;Cyprinodontiformes_28738;Fundulidae_28756;Fundulus_8077;Fundulus_heteroclitus_8078	98.958	100	3.48e-94	192	0	N/A	N/A	N/A
e2a9bc4fa2b8ddc13c3989d7053acedc	FJ445401.1.69.1011###root_1;Eukaryota_2759;Chordata_7711;Actinopteri_186623;Cyprinodontiformes_28738;Fundulidae_28756;Fundulus_8077;Fundulus_heteroclitus_8078	98.438	100	1.62e-92	192	0	N/A	N/A	N/A
e2a9bc4fa2b8ddc13c3989d7053acedc	KX686091.1.<1.>670###root_1;Eukaryota_2759;Chordata_7711;Actinopteri_186623;Cyprinodontiformes_28738;Fundulidae_28756;Fundulus_8077;Fundulus_heteroclitus_8078	99.444	94	3.51e-89	180	0	N/A	N/A	N/A
e2a9bc4fa2b8ddc13c3989d7053acedc	KX686098.1.<1.>670###root_1;Eukaryota_2759;Chordata_7711;Actinopteri_186623;Cyprinodontiformes_28738;Fundulidae_28756;Fundulus_8077;Fundulus_heteroclitus_8078	99.444	94	3.51e-89	180	0	N/A	N/A	N/A
e2a9bc4fa2b8ddc13c3989d7053acedc	KX686092.1.<1.>670###root_1;Eukaryota_2759;Chordata_7711;Actinopteri_186623;Cyprinodontiformes_28738;Fundulidae_28756;Fundulus_8077;Fundulus_heteroclitus_8078	98.889	94	1.63e-87	180	0	N/A	N/A	N/A
e2a9bc4fa2b8ddc13c3989d7053acedc	OP537867.1.<1.>216###root_1;Eukaryota_2759;Chordata_7711;Actinopteri_186623;Cyprinodontiformes_28738;Fundulidae_28756;Fundulus_8077;Fundulus_pulvereus_76054	96.354	100	7.59e-86	192	0	N/A	N/A	N/A
38bdb3104e0ea3a830986bed49167759	FJ445403.1.69.1011###root_1;Eukaryota_2759;Chordata_7711;Actinopteri_186623;Cyprinodontiformes_28738;Fundulidae_28756;Fundulus_8077;Fundulus_heteroclitus_8078	99.479	100	7.49e-96	192	0	N/A	N/A	N/A
38bdb3104e0ea3a830986bed49167759	FJ445398.1.69.1011###root_1;Eukaryota_2759;Chordata_7711;Actinopteri_186623;Cyprinodontiformes_28738;Fundulidae_28756;Fundulus_8077;Fundulus_heteroclitus_8078	99.479	100	7.49e-96	192	0	N/A	N/A	N/A
38bdb3104e0ea3a830986bed49167759	KT869378.1.69.1011###root_1;Eukaryota_2759;Chordata_7711;Actinopteri_186623;Cyprinodontiformes_28738;Fundulidae_28756;Fundulus_8077;Fundulus_heteroclitus_8078	99.479	100	7.49e-96	192	0	N/A	N/A	N/A
38bdb3104e0ea3a830986bed49167759	FJ445400.1.69.1011###root_1;Eukaryota_2759;Chordata_7711;Actinopteri_186623;Cyprinodontiformes_28738;Fundulidae_28756;Fundulus_8077;Fundulus_heteroclitus_8078	98.958	100	3.48e-94	192	0	N/A	N/A	N/A
38bdb3104e0ea3a830986bed49167759	FJ445402.1.69.1011###root_1;Eukaryota_2759;Chordata_7711;Actinopteri_186623;Cyprinodontiformes_28738;Fundulidae_28756;Fundulus_8077;Fundulus_heteroclitus_8078	98.958	100	3.48e-94	192	0	N/A	N/A	N/A
38bdb3104e0ea3a830986bed49167759	FJ445401.1.69.1011###root_1;Eukaryota_2759;Chordata_7711;Actinopteri_186623;Cyprinodontiformes_28738;Fundulidae_28756;Fundulus_8077;Fundulus_heteroclitus_8078	98.438	100	1.62e-92	192	0	N/A	N/A	N/A
38bdb3104e0ea3a830986bed49167759	KX686091.1.<1.>670###root_1;Eukaryota_2759;Chordata_7711;Actinopteri_186623;Cyprinodontiformes_28738;Fundulidae_28756;Fundulus_8077;Fundulus_heteroclitus_8078	99.444	94	3.51e-89	180	0	N/A	N/A	N/A
38bdb3104e0ea3a830986bed49167759	KX686098.1.<1.>670###root_1;Eukaryota_2759;Chordata_7711;Actinopteri_186623;Cyprinodontiformes_28738;Fundulidae_28756;Fundulus_8077;Fundulus_heteroclitus_8078	99.444	94	3.51e-89	180	0	N/A	N/A	N/A
38bdb3104e0ea3a830986bed49167759	KX686092.1.<1.>670###root_1;Eukaryota_2759;Chordata_7711;Actinopteri_186623;Cyprinodontiformes_28738;Fundulidae_28756;Fundulus_8077;Fundulus_heteroclitus_8078	98.889	94	1.63e-87	180	0	N/A	N/A	N/A
38bdb3104e0ea3a830986bed49167759	OP537867.1.<1.>216###root_1;Eukaryota_2759;Chordata_7711;Actinopteri_186623;Cyprinodontiformes_28738;Fundulidae_28756;Fundulus_8077;Fundulus_pulvereus_76054	96.354	100	7.59e-86	192	0	N/A	N/A	N/A
0ef83715403fdeeafff9d6167129f93a	FJ445403.1.69.1011###root_1;Eukaryota_2759;Chordata_7711;Actinopteri_186623;Cyprinodontiformes_28738;Fundulidae_28756;Fundulus_8077;Fundulus_heteroclitus_8078	99.479	100	7.49e-96	192	0	N/A	N/A	N/A
0ef83715403fdeeafff9d6167129f93a	FJ445398.1.69.1011###root_1;Eukaryota_2759;Chordata_7711;Actinopteri_186623;Cyprinodontiformes_28738;Fundulidae_28756;Fundulus_8077;Fundulus_heteroclitus_8078	99.479	100	7.49e-96	192	0	N/A	N/A	N/A
0ef83715403fdeeafff9d6167129f93a	KT869378.1.69.1011###root_1;Eukaryota_2759;Chordata_7711;Actinopteri_186623;Cyprinodontiformes_28738;Fundulidae_28756;Fundulus_8077;Fundulus_heteroclitus_8078	99.479	100	7.49e-96	192	0	N/A	N/A	N/A
0ef83715403fdeeafff9d6167129f93a	FJ445400.1.69.1011###root_1;Eukaryota_2759;Chordata_7711;Actinopteri_186623;Cyprinodontiformes_28738;Fundulidae_28756;Fundulus_8077;Fundulus_heteroclitus_8078	98.958	100	3.48e-94	192	0	N/A	N/A	N/A
0ef83715403fdeeafff9d6167129f93a	FJ445402.1.69.1011###root_1;Eukaryota_2759;Chordata_7711;Actinopteri_186623;Cyprinodontiformes_28738;Fundulidae_28756;Fundulus_8077;Fundulus_heteroclitus_8078	98.958	100	3.48e-94	192	0	N/A	N/A	N/A
0ef83715403fdeeafff9d6167129f93a	FJ445401.1.69.1011###root_1;Eukaryota_2759;Chordata_7711;Actinopteri_186623;Cyprinodontiformes_28738;Fundulidae_28756;Fundulus_8077;Fundulus_heteroclitus_8078	98.438	100	1.62e-92	192	0	N/A	N/A	N/A
0ef83715403fdeeafff9d6167129f93a	KX686091.1.<1.>670###root_1;Eukaryota_2759;Chordata_7711;Actinopteri_186623;Cyprinodontiformes_28738;Fundulidae_28756;Fundulus_8077;Fundulus_heteroclitus_8078	99.444	94	3.51e-89	180	0	N/A	N/A	N/A
0ef83715403fdeeafff9d6167129f93a	KX686098.1.<1.>670###root_1;Eukaryota_2759;Chordata_7711;Actinopteri_186623;Cyprinodontiformes_28738;Fundulidae_28756;Fundulus_8077;Fundulus_heteroclitus_8078	99.444	94	3.51e-89	180	0	N/A	N/A	N/A
0ef83715403fdeeafff9d6167129f93a	KX686092.1.<1.>670###root_1;Eukaryota_2759;Chordata_7711;Actinopteri_186623;Cyprinodontiformes_28738;Fundulidae_28756;Fundulus_8077;Fundulus_heteroclitus_8078	98.889	94	1.63e-87	180	0	N/A	N/A	N/A
0ef83715403fdeeafff9d6167129f93a	OP537867.1.<1.>216###root_1;Eukaryota_2759;Chordata_7711;Actinopteri_186623;Cyprinodontiformes_28738;Fundulidae_28756;Fundulus_8077;Fundulus_pulvereus_76054	96.354	100	7.59e-86	192	0	N/A	N/A	N/A
bdea3c6bd6c3c03f49cf42fd9da337f2	FJ445403.1.69.1011###root_1;Eukaryota_2759;Chordata_7711;Actinopteri_186623;Cyprinodontiformes_28738;Fundulidae_28756;Fundulus_8077;Fundulus_heteroclitus_8078	99.479	100	7.49e-96	192	0	N/A	N/A	N/A
bdea3c6bd6c3c03f49cf42fd9da337f2	FJ445398.1.69.1011###root_1;Eukaryota_2759;Chordata_7711;Actinopteri_186623;Cyprinodontiformes_28738;Fundulidae_28756;Fundulus_8077;Fundulus_heteroclitus_8078	99.479	100	7.49e-96	192	0	N/A	N/A	N/A
bdea3c6bd6c3c03f49cf42fd9da337f2	KT869378.1.69.1011###root_1;Eukaryota_2759;Chordata_7711;Actinopteri_186623;Cyprinodontiformes_28738;Fundulidae_28756;Fundulus_8077;Fundulus_heteroclitus_8078	99.479	100	7.49e-96	192	0	N/A	N/A	N/A
bdea3c6bd6c3c03f49cf42fd9da337f2	FJ445400.1.69.1011###root_1;Eukaryota_2759;Chordata_7711;Actinopteri_186623;Cyprinodontiformes_28738;Fundulidae_28756;Fundulus_8077;Fundulus_heteroclitus_8078	98.958	100	3.48e-94	192	0	N/A	N/A	N/A
bdea3c6bd6c3c03f49cf42fd9da337f2	FJ445402.1.69.1011###root_1;Eukaryota_2759;Chordata_7711;Actinopteri_186623;Cyprinodontiformes_28738;Fundulidae_28756;Fundulus_8077;Fundulus_heteroclitus_8078	98.958	100	3.48e-94	192	0	N/A	N/A	N/A
bdea3c6bd6c3c03f49cf42fd9da337f2	FJ445401.1.69.1011###root_1;Eukaryota_2759;Chordata_7711;Actinopteri_186623;Cyprinodontiformes_28738;Fundulidae_28756;Fundulus_8077;Fundulus_heteroclitus_8078	98.438	100	1.62e-92	192	0	N/A	N/A	N/A
bdea3c6bd6c3c03f49cf42fd9da337f2	KX686091.1.<1.>670###root_1;Eukaryota_2759;Chordata_7711;Actinopteri_186623;Cyprinodontiformes_28738;Fundulidae_28756;Fundulus_8077;Fundulus_heteroclitus_8078	99.444	94	3.51e-89	180	0	N/A	N/A	N/A
bdea3c6bd6c3c03f49cf42fd9da337f2	KX686098.1.<1.>670###root_1;Eukaryota_2759;Chordata_7711;Actinopteri_186623;Cyprinodontiformes_28738;Fundulidae_28756;Fundulus_8077;Fundulus_heteroclitus_8078	99.444	94	3.51e-89	180	0	N/A	N/A	N/A
bdea3c6bd6c3c03f49cf42fd9da337f2	KX686092.1.<1.>670###root_1;Eukaryota_2759;Chordata_7711;Actinopteri_186623;Cyprinodontiformes_28738;Fundulidae_28756;Fundulus_8077;Fundulus_heteroclitus_8078	98.889	94	1.63e-87	180	0	N/A	N/A	N/A
bdea3c6bd6c3c03f49cf42fd9da337f2	OP537867.1.<1.>216###root_1;Eukaryota_2759;Chordata_7711;Actinopteri_186623;Cyprinodontiformes_28738;Fundulidae_28756;Fundulus_8077;Fundulus_pulvereus_76054	96.354	100	7.59e-86	192	0	N/A	N/A	N/A
bb74909d226c3f75f5f2434847584e9b	FJ445403.1.69.1011###root_1;Eukaryota_2759;Chordata_7711;Actinopteri_186623;Cyprinodontiformes_28738;Fundulidae_28756;Fundulus_8077;Fundulus_heteroclitus_8078	99.479	100	7.49e-96	192	0	N/A	N/A	N/A
bb74909d226c3f75f5f2434847584e9b	FJ445398.1.69.1011###root_1;Eukaryota_2759;Chordata_7711;Actinopteri_186623;Cyprinodontiformes_28738;Fundulidae_28756;Fundulus_8077;Fundulus_heteroclitus_8078	99.479	100	7.49e-96	192	0	N/A	N/A	N/A
bb74909d226c3f75f5f2434847584e9b	KT869378.1.69.1011###root_1;Eukaryota_2759;Chordata_7711;Actinopteri_186623;Cyprinodontiformes_28738;Fundulidae_28756;Fundulus_8077;Fundulus_heteroclitus_8078	99.479	100	7.49e-96	192	0	N/A	N/A	N/A
bb74909d226c3f75f5f2434847584e9b	FJ445400.1.69.1011###root_1;Eukaryota_2759;Chordata_7711;Actinopteri_186623;Cyprinodontiformes_28738;Fundulidae_28756;Fundulus_8077;Fundulus_heteroclitus_8078	98.958	100	3.48e-94	192	0	N/A	N/A	N/A
bb74909d226c3f75f5f2434847584e9b	FJ445402.1.69.1011###root_1;Eukaryota_2759;Chordata_7711;Actinopteri_186623;Cyprinodontiformes_28738;Fundulidae_28756;Fundulus_8077;Fundulus_heteroclitus_8078	98.958	100	3.48e-94	192	0	N/A	N/A	N/A
bb74909d226c3f75f5f2434847584e9b	FJ445401.1.69.1011###root_1;Eukaryota_2759;Chordata_7711;Actinopteri_186623;Cyprinodontiformes_28738;Fundulidae_28756;Fundulus_8077;Fundulus_heteroclitus_8078	98.438	100	1.62e-92	192	0	N/A	N/A	N/A
bb74909d226c3f75f5f2434847584e9b	KX686091.1.<1.>670###root_1;Eukaryota_2759;Chordata_7711;Actinopteri_186623;Cyprinodontiformes_28738;Fundulidae_28756;Fundulus_8077;Fundulus_heteroclitus_8078	99.444	94	3.51e-89	180	0	N/A	N/A	N/A
bb74909d226c3f75f5f2434847584e9b	KX686098.1.<1.>670###root_1;Eukaryota_2759;Chordata_7711;Actinopteri_186623;Cyprinodontiformes_28738;Fundulidae_28756;Fundulus_8077;Fundulus_heteroclitus_8078	99.444	94	3.51e-89	180	0	N/A	N/A	N/A
bb74909d226c3f75f5f2434847584e9b	KX686092.1.<1.>670###root_1;Eukaryota_2759;Chordata_7711;Actinopteri_186623;Cyprinodontiformes_28738;Fundulidae_28756;Fundulus_8077;Fundulus_heteroclitus_8078	98.889	94	1.63e-87	180	0	N/A	N/A	N/A
bb74909d226c3f75f5f2434847584e9b	OP537867.1.<1.>216###root_1;Eukaryota_2759;Chordata_7711;Actinopteri_186623;Cyprinodontiformes_28738;Fundulidae_28756;Fundulus_8077;Fundulus_pulvereus_76054	96.354	100	7.59e-86	192	0	N/A	N/A	N/A
2365af892006764458c4403592e06bff	FJ445403.1.69.1011###root_1;Eukaryota_2759;Chordata_7711;Actinopteri_186623;Cyprinodontiformes_28738;Fundulidae_28756;Fundulus_8077;Fundulus_heteroclitus_8078	99.479	100	7.49e-96	192	0	N/A	N/A	N/A
2365af892006764458c4403592e06bff	FJ445398.1.69.1011###root_1;Eukaryota_2759;Chordata_7711;Actinopteri_186623;Cyprinodontiformes_28738;Fundulidae_28756;Fundulus_8077;Fundulus_heteroclitus_8078	99.479	100	7.49e-96	192	0	N/A	N/A	N/A
2365af892006764458c4403592e06bff	KT869378.1.69.1011###root_1;Eukaryota_2759;Chordata_7711;Actinopteri_186623;Cyprinodontiformes_28738;Fundulidae_28756;Fundulus_8077;Fundulus_heteroclitus_8078	99.479	100	7.49e-96	192	0	N/A	N/A	N/A
2365af892006764458c4403592e06bff	FJ445400.1.69.1011###root_1;Eukaryota_2759;Chordata_7711;Actinopteri_186623;Cyprinodontiformes_28738;Fundulidae_28756;Fundulus_8077;Fundulus_heteroclitus_8078	98.958	100	3.48e-94	192	0	N/A	N/A	N/A
2365af892006764458c4403592e06bff	FJ445402.1.69.1011###root_1;Eukaryota_2759;Chordata_7711;Actinopteri_186623;Cyprinodontiformes_28738;Fundulidae_28756;Fundulus_8077;Fundulus_heteroclitus_8078	98.958	100	3.48e-94	192	0	N/A	N/A	N/A
2365af892006764458c4403592e06bff	FJ445401.1.69.1011###root_1;Eukaryota_2759;Chordata_7711;Actinopteri_186623;Cyprinodontiformes_28738;Fundulidae_28756;Fundulus_8077;Fundulus_heteroclitus_8078	98.438	100	1.62e-92	192	0	N/A	N/A	N/A
2365af892006764458c4403592e06bff	KX686091.1.<1.>670###root_1;Eukaryota_2759;Chordata_7711;Actinopteri_186623;Cyprinodontiformes_28738;Fundulidae_28756;Fundulus_8077;Fundulus_heteroclitus_8078	99.444	94	3.51e-89	180	0	N/A	N/A	N/A
2365af892006764458c4403592e06bff	KX686098.1.<1.>670###root_1;Eukaryota_2759;Chordata_7711;Actinopteri_186623;Cyprinodontiformes_28738;Fundulidae_28756;Fundulus_8077;Fundulus_heteroclitus_8078	99.444	94	3.51e-89	180	0	N/A	N/A	N/A
2365af892006764458c4403592e06bff	KX686092.1.<1.>670###root_1;Eukaryota_2759;Chordata_7711;Actinopteri_186623;Cyprinodontiformes_28738;Fundulidae_28756;Fundulus_8077;Fundulus_heteroclitus_8078	98.889	94	1.63e-87	180	0	N/A	N/A	N/A
2365af892006764458c4403592e06bff	OP537867.1.<1.>216###root_1;Eukaryota_2759;Chordata_7711;Actinopteri_186623;Cyprinodontiformes_28738;Fundulidae_28756;Fundulus_8077;Fundulus_pulvereus_76054	96.354	100	7.59e-86	192	0	N/A	N/A	N/A
f91dfbd3e70d0a35c77d4d8bc6309e69	FJ445403.1.69.1011###root_1;Eukaryota_2759;Chordata_7711;Actinopteri_186623;Cyprinodontiformes_28738;Fundulidae_28756;Fundulus_8077;Fundulus_heteroclitus_8078	99.479	100	7.49e-96	192	0	N/A	N/A	N/A
f91dfbd3e70d0a35c77d4d8bc6309e69	FJ445398.1.69.1011###root_1;Eukaryota_2759;Chordata_7711;Actinopteri_186623;Cyprinodontiformes_28738;Fundulidae_28756;Fundulus_8077;Fundulus_heteroclitus_8078	99.479	100	7.49e-96	192	0	N/A	N/A	N/A
f91dfbd3e70d0a35c77d4d8bc6309e69	KT869378.1.69.1011###root_1;Eukaryota_2759;Chordata_7711;Actinopteri_186623;Cyprinodontiformes_28738;Fundulidae_28756;Fundulus_8077;Fundulus_heteroclitus_8078	99.479	100	7.49e-96	192	0	N/A	N/A	N/A
f91dfbd3e70d0a35c77d4d8bc6309e69	FJ445400.1.69.1011###root_1;Eukaryota_2759;Chordata_7711;Actinopteri_186623;Cyprinodontiformes_28738;Fundulidae_28756;Fundulus_8077;Fundulus_heteroclitus_8078	98.958	100	3.48e-94	192	0	N/A	N/A	N/A
f91dfbd3e70d0a35c77d4d8bc6309e69	FJ445402.1.69.1011###root_1;Eukaryota_2759;Chordata_7711;Actinopteri_186623;Cyprinodontiformes_28738;Fundulidae_28756;Fundulus_8077;Fundulus_heteroclitus_8078	98.958	100	3.48e-94	192	0	N/A	N/A	N/A
f91dfbd3e70d0a35c77d4d8bc6309e69	FJ445401.1.69.1011###root_1;Eukaryota_2759;Chordata_7711;Actinopteri_186623;Cyprinodontiformes_28738;Fundulidae_28756;Fundulus_8077;Fundulus_heteroclitus_8078	98.438	100	1.62e-92	192	0	N/A	N/A	N/A
f91dfbd3e70d0a35c77d4d8bc6309e69	KX686091.1.<1.>670###root_1;Eukaryota_2759;Chordata_7711;Actinopteri_186623;Cyprinodontiformes_28738;Fundulidae_28756;Fundulus_8077;Fundulus_heteroclitus_8078	99.444	94	3.51e-89	180	0	N/A	N/A	N/A
f91dfbd3e70d0a35c77d4d8bc6309e69	KX686098.1.<1.>670###root_1;Eukaryota_2759;Chordata_7711;Actinopteri_186623;Cyprinodontiformes_28738;Fundulidae_28756;Fundulus_8077;Fundulus_heteroclitus_8078	99.444	94	3.51e-89	180	0	N/A	N/A	N/A
f91dfbd3e70d0a35c77d4d8bc6309e69	KX686092.1.<1.>670###root_1;Eukaryota_2759;Chordata_7711;Actinopteri_186623;Cyprinodontiformes_28738;Fundulidae_28756;Fundulus_8077;Fundulus_heteroclitus_8078	98.889	94	1.63e-87	180	0	N/A	N/A	N/A
f91dfbd3e70d0a35c77d4d8bc6309e69	OP537867.1.<1.>216###root_1;Eukaryota_2759;Chordata_7711;Actinopteri_186623;Cyprinodontiformes_28738;Fundulidae_28756;Fundulus_8077;Fundulus_pulvereus_76054	96.354	100	7.59e-86	192	0	N/A	N/A	N/A
136b9ed753d13901e27c68fe4d91e042	FJ445403.1.69.1011###root_1;Eukaryota_2759;Chordata_7711;Actinopteri_186623;Cyprinodontiformes_28738;Fundulidae_28756;Fundulus_8077;Fundulus_heteroclitus_8078	99.479	100	7.49e-96	192	0	N/A	N/A	N/A
136b9ed753d13901e27c68fe4d91e042	FJ445398.1.69.1011###root_1;Eukaryota_2759;Chordata_7711;Actinopteri_186623;Cyprinodontiformes_28738;Fundulidae_28756;Fundulus_8077;Fundulus_heteroclitus_8078	99.479	100	7.49e-96	192	0	N/A	N/A	N/A
136b9ed753d13901e27c68fe4d91e042	KT869378.1.69.1011###root_1;Eukaryota_2759;Chordata_7711;Actinopteri_186623;Cyprinodontiformes_28738;Fundulidae_28756;Fundulus_8077;Fundulus_heteroclitus_8078	99.479	100	7.49e-96	192	0	N/A	N/A	N/A
136b9ed753d13901e27c68fe4d91e042	FJ445400.1.69.1011###root_1;Eukaryota_2759;Chordata_7711;Actinopteri_186623;Cyprinodontiformes_28738;Fundulidae_28756;Fundulus_8077;Fundulus_heteroclitus_8078	98.958	100	3.48e-94	192	0	N/A	N/A	N/A
136b9ed753d13901e27c68fe4d91e042	FJ445402.1.69.1011###root_1;Eukaryota_2759;Chordata_7711;Actinopteri_186623;Cyprinodontiformes_28738;Fundulidae_28756;Fundulus_8077;Fundulus_heteroclitus_8078	98.958	100	3.48e-94	192	0	N/A	N/A	N/A
136b9ed753d13901e27c68fe4d91e042	FJ445401.1.69.1011###root_1;Eukaryota_2759;Chordata_7711;Actinopteri_186623;Cyprinodontiformes_28738;Fundulidae_28756;Fundulus_8077;Fundulus_heteroclitus_8078	98.438	100	1.62e-92	192	0	N/A	N/A	N/A
136b9ed753d13901e27c68fe4d91e042	KX686091.1.<1.>670###root_1;Eukaryota_2759;Chordata_7711;Actinopteri_186623;Cyprinodontiformes_28738;Fundulidae_28756;Fundulus_8077;Fundulus_heteroclitus_8078	99.444	94	3.51e-89	180	0	N/A	N/A	N/A
136b9ed753d13901e27c68fe4d91e042	KX686098.1.<1.>670###root_1;Eukaryota_2759;Chordata_7711;Actinopteri_186623;Cyprinodontiformes_28738;Fundulidae_28756;Fundulus_8077;Fundulus_heteroclitus_8078	99.444	94	3.51e-89	180	0	N/A	N/A	N/A
136b9ed753d13901e27c68fe4d91e042	KX686092.1.<1.>670###root_1;Eukaryota_2759;Chordata_7711;Actinopteri_186623;Cyprinodontiformes_28738;Fundulidae_28756;Fundulus_8077;Fundulus_heteroclitus_8078	98.889	94	1.63e-87	180	0	N/A	N/A	N/A
136b9ed753d13901e27c68fe4d91e042	OP537867.1.<1.>216###root_1;Eukaryota_2759;Chordata_7711;Actinopteri_186623;Cyprinodontiformes_28738;Fundulidae_28756;Fundulus_8077;Fundulus_pulvereus_76054	96.354	100	7.59e-86	192	0	N/A	N/A	N/A
e4a1faaa5502c55ad45c88ff007bad5a	FJ445403.1.69.1011###root_1;Eukaryota_2759;Chordata_7711;Actinopteri_186623;Cyprinodontiformes_28738;Fundulidae_28756;Fundulus_8077;Fundulus_heteroclitus_8078	99.479	100	7.49e-96	192	0	N/A	N/A	N/A
e4a1faaa5502c55ad45c88ff007bad5a	FJ445398.1.69.1011###root_1;Eukaryota_2759;Chordata_7711;Actinopteri_186623;Cyprinodontiformes_28738;Fundulidae_28756;Fundulus_8077;Fundulus_heteroclitus_8078	99.479	100	7.49e-96	192	0	N/A	N/A	N/A
e4a1faaa5502c55ad45c88ff007bad5a	KT869378.1.69.1011###root_1;Eukaryota_2759;Chordata_7711;Actinopteri_186623;Cyprinodontiformes_28738;Fundulidae_28756;Fundulus_8077;Fundulus_heteroclitus_8078	99.479	100	7.49e-96	192	0	N/A	N/A	N/A
e4a1faaa5502c55ad45c88ff007bad5a	FJ445400.1.69.1011###root_1;Eukaryota_2759;Chordata_7711;Actinopteri_186623;Cyprinodontiformes_28738;Fundulidae_28756;Fundulus_8077;Fundulus_heteroclitus_8078	98.958	100	3.48e-94	192	0	N/A	N/A	N/A
e4a1faaa5502c55ad45c88ff007bad5a	FJ445402.1.69.1011###root_1;Eukaryota_2759;Chordata_7711;Actinopteri_186623;Cyprinodontiformes_28738;Fundulidae_28756;Fundulus_8077;Fundulus_heteroclitus_8078	98.958	100	3.48e-94	192	0	N/A	N/A	N/A
e4a1faaa5502c55ad45c88ff007bad5a	FJ445401.1.69.1011###root_1;Eukaryota_2759;Chordata_7711;Actinopteri_186623;Cyprinodontiformes_28738;Fundulidae_28756;Fundulus_8077;Fundulus_heteroclitus_8078	98.438	100	1.62e-92	192	0	N/A	N/A	N/A
e4a1faaa5502c55ad45c88ff007bad5a	KX686091.1.<1.>670###root_1;Eukaryota_2759;Chordata_7711;Actinopteri_186623;Cyprinodontiformes_28738;Fundulidae_28756;Fundulus_8077;Fundulus_heteroclitus_8078	99.444	94	3.51e-89	180	0	N/A	N/A	N/A
e4a1faaa5502c55ad45c88ff007bad5a	KX686098.1.<1.>670###root_1;Eukaryota_2759;Chordata_7711;Actinopteri_186623;Cyprinodontiformes_28738;Fundulidae_28756;Fundulus_8077;Fundulus_heteroclitus_8078	99.444	94	3.51e-89	180	0	N/A	N/A	N/A
e4a1faaa5502c55ad45c88ff007bad5a	KX686092.1.<1.>670###root_1;Eukaryota_2759;Chordata_7711;Actinopteri_186623;Cyprinodontiformes_28738;Fundulidae_28756;Fundulus_8077;Fundulus_heteroclitus_8078	98.889	94	1.63e-87	180	0	N/A	N/A	N/A
e4a1faaa5502c55ad45c88ff007bad5a	OP537867.1.<1.>216###root_1;Eukaryota_2759;Chordata_7711;Actinopteri_186623;Cyprinodontiformes_28738;Fundulidae_28756;Fundulus_8077;Fundulus_pulvereus_76054	96.354	100	7.59e-86	192	0	N/A	N/A	N/A
ec663227fd082a1478f34fc98411312a	FJ445403.1.69.1011###root_1;Eukaryota_2759;Chordata_7711;Actinopteri_186623;Cyprinodontiformes_28738;Fundulidae_28756;Fundulus_8077;Fundulus_heteroclitus_8078	98.958	100	3.48e-94	192	0	N/A	N/A	N/A
ec663227fd082a1478f34fc98411312a	FJ445398.1.69.1011###root_1;Eukaryota_2759;Chordata_7711;Actinopteri_186623;Cyprinodontiformes_28738;Fundulidae_28756;Fundulus_8077;Fundulus_heteroclitus_8078	98.958	100	3.48e-94	192	0	N/A	N/A	N/A
ec663227fd082a1478f34fc98411312a	KT869378.1.69.1011###root_1;Eukaryota_2759;Chordata_7711;Actinopteri_186623;Cyprinodontiformes_28738;Fundulidae_28756;Fundulus_8077;Fundulus_heteroclitus_8078	98.958	100	3.48e-94	192	0	N/A	N/A	N/A
ec663227fd082a1478f34fc98411312a	FJ445400.1.69.1011###root_1;Eukaryota_2759;Chordata_7711;Actinopteri_186623;Cyprinodontiformes_28738;Fundulidae_28756;Fundulus_8077;Fundulus_heteroclitus_8078	98.438	100	1.62e-92	192	0	N/A	N/A	N/A
ec663227fd082a1478f34fc98411312a	FJ445402.1.69.1011###root_1;Eukaryota_2759;Chordata_7711;Actinopteri_186623;Cyprinodontiformes_28738;Fundulidae_28756;Fundulus_8077;Fundulus_heteroclitus_8078	98.438	100	1.62e-92	192	0	N/A	N/A	N/A
ec663227fd082a1478f34fc98411312a	FJ445401.1.69.1011###root_1;Eukaryota_2759;Chordata_7711;Actinopteri_186623;Cyprinodontiformes_28738;Fundulidae_28756;Fundulus_8077;Fundulus_heteroclitus_8078	97.917	100	7.54e-91	192	0	N/A	N/A	N/A
ec663227fd082a1478f34fc98411312a	KX686091.1.<1.>670###root_1;Eukaryota_2759;Chordata_7711;Actinopteri_186623;Cyprinodontiformes_28738;Fundulidae_28756;Fundulus_8077;Fundulus_heteroclitus_8078	98.889	94	1.63e-87	180	0	N/A	N/A	N/A
ec663227fd082a1478f34fc98411312a	KX686098.1.<1.>670###root_1;Eukaryota_2759;Chordata_7711;Actinopteri_186623;Cyprinodontiformes_28738;Fundulidae_28756;Fundulus_8077;Fundulus_heteroclitus_8078	98.889	94	1.63e-87	180	0	N/A	N/A	N/A
ec663227fd082a1478f34fc98411312a	KX686092.1.<1.>670###root_1;Eukaryota_2759;Chordata_7711;Actinopteri_186623;Cyprinodontiformes_28738;Fundulidae_28756;Fundulus_8077;Fundulus_heteroclitus_8078	98.333	94	7.59e-86	180	0	N/A	N/A	N/A
ec663227fd082a1478f34fc98411312a	OP537867.1.<1.>216###root_1;Eukaryota_2759;Chordata_7711;Actinopteri_186623;Cyprinodontiformes_28738;Fundulidae_28756;Fundulus_8077;Fundulus_pulvereus_76054	95.833	100	3.53e-84	192	0	N/A	N/A	N/A
349a05fdbc9f1914ba61ca4b20f47d89	FJ445403.1.69.1011###root_1;Eukaryota_2759;Chordata_7711;Actinopteri_186623;Cyprinodontiformes_28738;Fundulidae_28756;Fundulus_8077;Fundulus_heteroclitus_8078	99.479	100	7.49e-96	192	0	N/A	N/A	N/A
349a05fdbc9f1914ba61ca4b20f47d89	FJ445398.1.69.1011###root_1;Eukaryota_2759;Chordata_7711;Actinopteri_186623;Cyprinodontiformes_28738;Fundulidae_28756;Fundulus_8077;Fundulus_heteroclitus_8078	99.479	100	7.49e-96	192	0	N/A	N/A	N/A
349a05fdbc9f1914ba61ca4b20f47d89	KT869378.1.69.1011###root_1;Eukaryota_2759;Chordata_7711;Actinopteri_186623;Cyprinodontiformes_28738;Fundulidae_28756;Fundulus_8077;Fundulus_heteroclitus_8078	99.479	100	7.49e-96	192	0	N/A	N/A	N/A
349a05fdbc9f1914ba61ca4b20f47d89	FJ445400.1.69.1011###root_1;Eukaryota_2759;Chordata_7711;Actinopteri_186623;Cyprinodontiformes_28738;Fundulidae_28756;Fundulus_8077;Fundulus_heteroclitus_8078	98.958	100	3.48e-94	192	0	N/A	N/A	N/A
349a05fdbc9f1914ba61ca4b20f47d89	FJ445402.1.69.1011###root_1;Eukaryota_2759;Chordata_7711;Actinopteri_186623;Cyprinodontiformes_28738;Fundulidae_28756;Fundulus_8077;Fundulus_heteroclitus_8078	98.958	100	3.48e-94	192	0	N/A	N/A	N/A
349a05fdbc9f1914ba61ca4b20f47d89	FJ445401.1.69.1011###root_1;Eukaryota_2759;Chordata_7711;Actinopteri_186623;Cyprinodontiformes_28738;Fundulidae_28756;Fundulus_8077;Fundulus_heteroclitus_8078	98.438	100	1.62e-92	192	0	N/A	N/A	N/A
349a05fdbc9f1914ba61ca4b20f47d89	KX686091.1.<1.>670###root_1;Eukaryota_2759;Chordata_7711;Actinopteri_186623;Cyprinodontiformes_28738;Fundulidae_28756;Fundulus_8077;Fundulus_heteroclitus_8078	99.444	94	3.51e-89	180	0	N/A	N/A	N/A
349a05fdbc9f1914ba61ca4b20f47d89	KX686098.1.<1.>670###root_1;Eukaryota_2759;Chordata_7711;Actinopteri_186623;Cyprinodontiformes_28738;Fundulidae_28756;Fundulus_8077;Fundulus_heteroclitus_8078	99.444	94	3.51e-89	180	0	N/A	N/A	N/A
349a05fdbc9f1914ba61ca4b20f47d89	KX686092.1.<1.>670###root_1;Eukaryota_2759;Chordata_7711;Actinopteri_186623;Cyprinodontiformes_28738;Fundulidae_28756;Fundulus_8077;Fundulus_heteroclitus_8078	98.889	94	1.63e-87	180	0	N/A	N/A	N/A
349a05fdbc9f1914ba61ca4b20f47d89	OP537867.1.<1.>216###root_1;Eukaryota_2759;Chordata_7711;Actinopteri_186623;Cyprinodontiformes_28738;Fundulidae_28756;Fundulus_8077;Fundulus_pulvereus_76054	96.354	100	7.59e-86	192	0	N/A	N/A	N/A
3637beb3f0ceea7942bb20917413425c	FJ445403.1.69.1011###root_1;Eukaryota_2759;Chordata_7711;Actinopteri_186623;Cyprinodontiformes_28738;Fundulidae_28756;Fundulus_8077;Fundulus_heteroclitus_8078	99.479	100	7.49e-96	192	0	N/A	N/A	N/A
3637beb3f0ceea7942bb20917413425c	FJ445398.1.69.1011###root_1;Eukaryota_2759;Chordata_7711;Actinopteri_186623;Cyprinodontiformes_28738;Fundulidae_28756;Fundulus_8077;Fundulus_heteroclitus_8078	99.479	100	7.49e-96	192	0	N/A	N/A	N/A
3637beb3f0ceea7942bb20917413425c	KT869378.1.69.1011###root_1;Eukaryota_2759;Chordata_7711;Actinopteri_186623;Cyprinodontiformes_28738;Fundulidae_28756;Fundulus_8077;Fundulus_heteroclitus_8078	99.479	100	7.49e-96	192	0	N/A	N/A	N/A
3637beb3f0ceea7942bb20917413425c	FJ445400.1.69.1011###root_1;Eukaryota_2759;Chordata_7711;Actinopteri_186623;Cyprinodontiformes_28738;Fundulidae_28756;Fundulus_8077;Fundulus_heteroclitus_8078	98.958	100	3.48e-94	192	0	N/A	N/A	N/A
3637beb3f0ceea7942bb20917413425c	FJ445402.1.69.1011###root_1;Eukaryota_2759;Chordata_7711;Actinopteri_186623;Cyprinodontiformes_28738;Fundulidae_28756;Fundulus_8077;Fundulus_heteroclitus_8078	98.958	100	3.48e-94	192	0	N/A	N/A	N/A
3637beb3f0ceea7942bb20917413425c	FJ445401.1.69.1011###root_1;Eukaryota_2759;Chordata_7711;Actinopteri_186623;Cyprinodontiformes_28738;Fundulidae_28756;Fundulus_8077;Fundulus_heteroclitus_8078	98.438	100	1.62e-92	192	0	N/A	N/A	N/A
3637beb3f0ceea7942bb20917413425c	KX686091.1.<1.>670###root_1;Eukaryota_2759;Chordata_7711;Actinopteri_186623;Cyprinodontiformes_28738;Fundulidae_28756;Fundulus_8077;Fundulus_heteroclitus_8078	99.444	94	3.51e-89	180	0	N/A	N/A	N/A
3637beb3f0ceea7942bb20917413425c	KX686098.1.<1.>670###root_1;Eukaryota_2759;Chordata_7711;Actinopteri_186623;Cyprinodontiformes_28738;Fundulidae_28756;Fundulus_8077;Fundulus_heteroclitus_8078	99.444	94	3.51e-89	180	0	N/A	N/A	N/A
3637beb3f0ceea7942bb20917413425c	KX686092.1.<1.>670###root_1;Eukaryota_2759;Chordata_7711;Actinopteri_186623;Cyprinodontiformes_28738;Fundulidae_28756;Fundulus_8077;Fundulus_heteroclitus_8078	98.889	94	1.63e-87	180	0	N/A	N/A	N/A
3637beb3f0ceea7942bb20917413425c	OP537867.1.<1.>216###root_1;Eukaryota_2759;Chordata_7711;Actinopteri_186623;Cyprinodontiformes_28738;Fundulidae_28756;Fundulus_8077;Fundulus_pulvereus_76054	96.354	100	7.59e-86	192	0	N/A	N/A	N/A
467b6f8d522089b6813a0f42c8e1d343	FJ445403.1.69.1011###root_1;Eukaryota_2759;Chordata_7711;Actinopteri_186623;Cyprinodontiformes_28738;Fundulidae_28756;Fundulus_8077;Fundulus_heteroclitus_8078	98.958	100	3.48e-94	192	0	N/A	N/A	N/A
467b6f8d522089b6813a0f42c8e1d343	FJ445398.1.69.1011###root_1;Eukaryota_2759;Chordata_7711;Actinopteri_186623;Cyprinodontiformes_28738;Fundulidae_28756;Fundulus_8077;Fundulus_heteroclitus_8078	98.958	100	3.48e-94	192	0	N/A	N/A	N/A
467b6f8d522089b6813a0f42c8e1d343	KT869378.1.69.1011###root_1;Eukaryota_2759;Chordata_7711;Actinopteri_186623;Cyprinodontiformes_28738;Fundulidae_28756;Fundulus_8077;Fundulus_heteroclitus_8078	98.958	100	3.48e-94	192	0	N/A	N/A	N/A
467b6f8d522089b6813a0f42c8e1d343	FJ445400.1.69.1011###root_1;Eukaryota_2759;Chordata_7711;Actinopteri_186623;Cyprinodontiformes_28738;Fundulidae_28756;Fundulus_8077;Fundulus_heteroclitus_8078	98.438	100	1.62e-92	192	0	N/A	N/A	N/A
467b6f8d522089b6813a0f42c8e1d343	FJ445402.1.69.1011###root_1;Eukaryota_2759;Chordata_7711;Actinopteri_186623;Cyprinodontiformes_28738;Fundulidae_28756;Fundulus_8077;Fundulus_heteroclitus_8078	98.438	100	1.62e-92	192	0	N/A	N/A	N/A
467b6f8d522089b6813a0f42c8e1d343	FJ445401.1.69.1011###root_1;Eukaryota_2759;Chordata_7711;Actinopteri_186623;Cyprinodontiformes_28738;Fundulidae_28756;Fundulus_8077;Fundulus_heteroclitus_8078	97.917	100	7.54e-91	192	0	N/A	N/A	N/A
467b6f8d522089b6813a0f42c8e1d343	KX686091.1.<1.>670###root_1;Eukaryota_2759;Chordata_7711;Actinopteri_186623;Cyprinodontiformes_28738;Fundulidae_28756;Fundulus_8077;Fundulus_heteroclitus_8078	98.889	94	1.63e-87	180	0	N/A	N/A	N/A
467b6f8d522089b6813a0f42c8e1d343	KX686098.1.<1.>670###root_1;Eukaryota_2759;Chordata_7711;Actinopteri_186623;Cyprinodontiformes_28738;Fundulidae_28756;Fundulus_8077;Fundulus_heteroclitus_8078	98.889	94	1.63e-87	180	0	N/A	N/A	N/A
467b6f8d522089b6813a0f42c8e1d343	KX686092.1.<1.>670###root_1;Eukaryota_2759;Chordata_7711;Actinopteri_186623;Cyprinodontiformes_28738;Fundulidae_28756;Fundulus_8077;Fundulus_heteroclitus_8078	98.333	94	7.59e-86	180	0	N/A	N/A	N/A
467b6f8d522089b6813a0f42c8e1d343	OP537867.1.<1.>216###root_1;Eukaryota_2759;Chordata_7711;Actinopteri_186623;Cyprinodontiformes_28738;Fundulidae_28756;Fundulus_8077;Fundulus_pulvereus_76054	95.833	100	3.53e-84	192	0	N/A	N/A	N/A
f104a9dedeb33a5ecd79dd3bcd1519c4	FJ445403.1.69.1011###root_1;Eukaryota_2759;Chordata_7711;Actinopteri_186623;Cyprinodontiformes_28738;Fundulidae_28756;Fundulus_8077;Fundulus_heteroclitus_8078	99.479	100	7.49e-96	192	0	N/A	N/A	N/A
f104a9dedeb33a5ecd79dd3bcd1519c4	FJ445398.1.69.1011###root_1;Eukaryota_2759;Chordata_7711;Actinopteri_186623;Cyprinodontiformes_28738;Fundulidae_28756;Fundulus_8077;Fundulus_heteroclitus_8078	99.479	100	7.49e-96	192	0	N/A	N/A	N/A
f104a9dedeb33a5ecd79dd3bcd1519c4	KT869378.1.69.1011###root_1;Eukaryota_2759;Chordata_7711;Actinopteri_186623;Cyprinodontiformes_28738;Fundulidae_28756;Fundulus_8077;Fundulus_heteroclitus_8078	99.479	100	7.49e-96	192	0	N/A	N/A	N/A
f104a9dedeb33a5ecd79dd3bcd1519c4	FJ445400.1.69.1011###root_1;Eukaryota_2759;Chordata_7711;Actinopteri_186623;Cyprinodontiformes_28738;Fundulidae_28756;Fundulus_8077;Fundulus_heteroclitus_8078	98.958	100	3.48e-94	192	0	N/A	N/A	N/A
f104a9dedeb33a5ecd79dd3bcd1519c4	FJ445402.1.69.1011###root_1;Eukaryota_2759;Chordata_7711;Actinopteri_186623;Cyprinodontiformes_28738;Fundulidae_28756;Fundulus_8077;Fundulus_heteroclitus_8078	98.958	100	3.48e-94	192	0	N/A	N/A	N/A
f104a9dedeb33a5ecd79dd3bcd1519c4	FJ445401.1.69.1011###root_1;Eukaryota_2759;Chordata_7711;Actinopteri_186623;Cyprinodontiformes_28738;Fundulidae_28756;Fundulus_8077;Fundulus_heteroclitus_8078	98.438	100	1.62e-92	192	0	N/A	N/A	N/A
f104a9dedeb33a5ecd79dd3bcd1519c4	KX686091.1.<1.>670###root_1;Eukaryota_2759;Chordata_7711;Actinopteri_186623;Cyprinodontiformes_28738;Fundulidae_28756;Fundulus_8077;Fundulus_heteroclitus_8078	99.444	94	3.51e-89	180	0	N/A	N/A	N/A
f104a9dedeb33a5ecd79dd3bcd1519c4	KX686098.1.<1.>670###root_1;Eukaryota_2759;Chordata_7711;Actinopteri_186623;Cyprinodontiformes_28738;Fundulidae_28756;Fundulus_8077;Fundulus_heteroclitus_8078	99.444	94	3.51e-89	180	0	N/A	N/A	N/A
f104a9dedeb33a5ecd79dd3bcd1519c4	KX686092.1.<1.>670###root_1;Eukaryota_2759;Chordata_7711;Actinopteri_186623;Cyprinodontiformes_28738;Fundulidae_28756;Fundulus_8077;Fundulus_heteroclitus_8078	98.889	94	1.63e-87	180	0	N/A	N/A	N/A
f104a9dedeb33a5ecd79dd3bcd1519c4	OP537867.1.<1.>216###root_1;Eukaryota_2759;Chordata_7711;Actinopteri_186623;Cyprinodontiformes_28738;Fundulidae_28756;Fundulus_8077;Fundulus_pulvereus_76054	96.354	100	7.59e-86	192	0	N/A	N/A	N/A
564cb8fcbf3eb21da41151f762775019	FJ445403.1.69.1011###root_1;Eukaryota_2759;Chordata_7711;Actinopteri_186623;Cyprinodontiformes_28738;Fundulidae_28756;Fundulus_8077;Fundulus_heteroclitus_8078	98.438	100	1.62e-92	192	0	N/A	N/A	N/A
564cb8fcbf3eb21da41151f762775019	FJ445398.1.69.1011###root_1;Eukaryota_2759;Chordata_7711;Actinopteri_186623;Cyprinodontiformes_28738;Fundulidae_28756;Fundulus_8077;Fundulus_heteroclitus_8078	98.438	100	1.62e-92	192	0	N/A	N/A	N/A
564cb8fcbf3eb21da41151f762775019	KT869378.1.69.1011###root_1;Eukaryota_2759;Chordata_7711;Actinopteri_186623;Cyprinodontiformes_28738;Fundulidae_28756;Fundulus_8077;Fundulus_heteroclitus_8078	98.438	100	1.62e-92	192	0	N/A	N/A	N/A
564cb8fcbf3eb21da41151f762775019	FJ445400.1.69.1011###root_1;Eukaryota_2759;Chordata_7711;Actinopteri_186623;Cyprinodontiformes_28738;Fundulidae_28756;Fundulus_8077;Fundulus_heteroclitus_8078	97.917	100	7.54e-91	192	0	N/A	N/A	N/A
564cb8fcbf3eb21da41151f762775019	FJ445402.1.69.1011###root_1;Eukaryota_2759;Chordata_7711;Actinopteri_186623;Cyprinodontiformes_28738;Fundulidae_28756;Fundulus_8077;Fundulus_heteroclitus_8078	97.917	100	7.54e-91	192	0	N/A	N/A	N/A
564cb8fcbf3eb21da41151f762775019	FJ445401.1.69.1011###root_1;Eukaryota_2759;Chordata_7711;Actinopteri_186623;Cyprinodontiformes_28738;Fundulidae_28756;Fundulus_8077;Fundulus_heteroclitus_8078	97.396	100	3.51e-89	192	0	N/A	N/A	N/A
564cb8fcbf3eb21da41151f762775019	KX686091.1.<1.>670###root_1;Eukaryota_2759;Chordata_7711;Actinopteri_186623;Cyprinodontiformes_28738;Fundulidae_28756;Fundulus_8077;Fundulus_heteroclitus_8078	98.333	94	7.59e-86	180	0	N/A	N/A	N/A
564cb8fcbf3eb21da41151f762775019	KX686098.1.<1.>670###root_1;Eukaryota_2759;Chordata_7711;Actinopteri_186623;Cyprinodontiformes_28738;Fundulidae_28756;Fundulus_8077;Fundulus_heteroclitus_8078	98.333	94	7.59e-86	180	0	N/A	N/A	N/A
564cb8fcbf3eb21da41151f762775019	KX686092.1.<1.>670###root_1;Eukaryota_2759;Chordata_7711;Actinopteri_186623;Cyprinodontiformes_28738;Fundulidae_28756;Fundulus_8077;Fundulus_heteroclitus_8078	97.778	94	3.53e-84	180	0	N/A	N/A	N/A
564cb8fcbf3eb21da41151f762775019	OP537867.1.<1.>216###root_1;Eukaryota_2759;Chordata_7711;Actinopteri_186623;Cyprinodontiformes_28738;Fundulidae_28756;Fundulus_8077;Fundulus_pulvereus_76054	95.312	100	1.64e-82	192	0	N/A	N/A	N/A
8d5077c413063f1553ccf5cd3980dfa3	FJ445403.1.69.1011###root_1;Eukaryota_2759;Chordata_7711;Actinopteri_186623;Cyprinodontiformes_28738;Fundulidae_28756;Fundulus_8077;Fundulus_heteroclitus_8078	99.479	100	7.49e-96	192	0	N/A	N/A	N/A
8d5077c413063f1553ccf5cd3980dfa3	FJ445398.1.69.1011###root_1;Eukaryota_2759;Chordata_7711;Actinopteri_186623;Cyprinodontiformes_28738;Fundulidae_28756;Fundulus_8077;Fundulus_heteroclitus_8078	99.479	100	7.49e-96	192	0	N/A	N/A	N/A
8d5077c413063f1553ccf5cd3980dfa3	KT869378.1.69.1011###root_1;Eukaryota_2759;Chordata_7711;Actinopteri_186623;Cyprinodontiformes_28738;Fundulidae_28756;Fundulus_8077;Fundulus_heteroclitus_8078	99.479	100	7.49e-96	192	0	N/A	N/A	N/A
8d5077c413063f1553ccf5cd3980dfa3	FJ445400.1.69.1011###root_1;Eukaryota_2759;Chordata_7711;Actinopteri_186623;Cyprinodontiformes_28738;Fundulidae_28756;Fundulus_8077;Fundulus_heteroclitus_8078	98.958	100	3.48e-94	192	0	N/A	N/A	N/A
8d5077c413063f1553ccf5cd3980dfa3	FJ445402.1.69.1011###root_1;Eukaryota_2759;Chordata_7711;Actinopteri_186623;Cyprinodontiformes_28738;Fundulidae_28756;Fundulus_8077;Fundulus_heteroclitus_8078	98.958	100	3.48e-94	192	0	N/A	N/A	N/A
8d5077c413063f1553ccf5cd3980dfa3	FJ445401.1.69.1011###root_1;Eukaryota_2759;Chordata_7711;Actinopteri_186623;Cyprinodontiformes_28738;Fundulidae_28756;Fundulus_8077;Fundulus_heteroclitus_8078	98.438	100	1.62e-92	192	0	N/A	N/A	N/A
8d5077c413063f1553ccf5cd3980dfa3	KX686091.1.<1.>670###root_1;Eukaryota_2759;Chordata_7711;Actinopteri_186623;Cyprinodontiformes_28738;Fundulidae_28756;Fundulus_8077;Fundulus_heteroclitus_8078	99.444	94	3.51e-89	180	0	N/A	N/A	N/A
8d5077c413063f1553ccf5cd3980dfa3	KX686098.1.<1.>670###root_1;Eukaryota_2759;Chordata_7711;Actinopteri_186623;Cyprinodontiformes_28738;Fundulidae_28756;Fundulus_8077;Fundulus_heteroclitus_8078	99.444	94	3.51e-89	180	0	N/A	N/A	N/A
8d5077c413063f1553ccf5cd3980dfa3	KX686092.1.<1.>670###root_1;Eukaryota_2759;Chordata_7711;Actinopteri_186623;Cyprinodontiformes_28738;Fundulidae_28756;Fundulus_8077;Fundulus_heteroclitus_8078	98.889	94	1.63e-87	180	0	N/A	N/A	N/A
8d5077c413063f1553ccf5cd3980dfa3	OP537867.1.<1.>216###root_1;Eukaryota_2759;Chordata_7711;Actinopteri_186623;Cyprinodontiformes_28738;Fundulidae_28756;Fundulus_8077;Fundulus_pulvereus_76054	96.354	100	7.59e-86	192	0	N/A	N/A	N/A
7fa483b73eabc299c01e715110017d14	FJ445403.1.69.1011###root_1;Eukaryota_2759;Chordata_7711;Actinopteri_186623;Cyprinodontiformes_28738;Fundulidae_28756;Fundulus_8077;Fundulus_heteroclitus_8078	99.479	100	7.49e-96	192	0	N/A	N/A	N/A
7fa483b73eabc299c01e715110017d14	FJ445398.1.69.1011###root_1;Eukaryota_2759;Chordata_7711;Actinopteri_186623;Cyprinodontiformes_28738;Fundulidae_28756;Fundulus_8077;Fundulus_heteroclitus_8078	99.479	100	7.49e-96	192	0	N/A	N/A	N/A
7fa483b73eabc299c01e715110017d14	KT869378.1.69.1011###root_1;Eukaryota_2759;Chordata_7711;Actinopteri_186623;Cyprinodontiformes_28738;Fundulidae_28756;Fundulus_8077;Fundulus_heteroclitus_8078	99.479	100	7.49e-96	192	0	N/A	N/A	N/A
7fa483b73eabc299c01e715110017d14	FJ445400.1.69.1011###root_1;Eukaryota_2759;Chordata_7711;Actinopteri_186623;Cyprinodontiformes_28738;Fundulidae_28756;Fundulus_8077;Fundulus_heteroclitus_8078	98.958	100	3.48e-94	192	0	N/A	N/A	N/A
7fa483b73eabc299c01e715110017d14	FJ445402.1.69.1011###root_1;Eukaryota_2759;Chordata_7711;Actinopteri_186623;Cyprinodontiformes_28738;Fundulidae_28756;Fundulus_8077;Fundulus_heteroclitus_8078	98.958	100	3.48e-94	192	0	N/A	N/A	N/A
7fa483b73eabc299c01e715110017d14	FJ445401.1.69.1011###root_1;Eukaryota_2759;Chordata_7711;Actinopteri_186623;Cyprinodontiformes_28738;Fundulidae_28756;Fundulus_8077;Fundulus_heteroclitus_8078	98.438	100	1.62e-92	192	0	N/A	N/A	N/A
7fa483b73eabc299c01e715110017d14	KX686091.1.<1.>670###root_1;Eukaryota_2759;Chordata_7711;Actinopteri_186623;Cyprinodontiformes_28738;Fundulidae_28756;Fundulus_8077;Fundulus_heteroclitus_8078	99.444	94	3.51e-89	180	0	N/A	N/A	N/A
7fa483b73eabc299c01e715110017d14	KX686098.1.<1.>670###root_1;Eukaryota_2759;Chordata_7711;Actinopteri_186623;Cyprinodontiformes_28738;Fundulidae_28756;Fundulus_8077;Fundulus_heteroclitus_8078	99.444	94	3.51e-89	180	0	N/A	N/A	N/A
7fa483b73eabc299c01e715110017d14	KX686092.1.<1.>670###root_1;Eukaryota_2759;Chordata_7711;Actinopteri_186623;Cyprinodontiformes_28738;Fundulidae_28756;Fundulus_8077;Fundulus_heteroclitus_8078	98.889	94	1.63e-87	180	0	N/A	N/A	N/A
7fa483b73eabc299c01e715110017d14	OP537867.1.<1.>216###root_1;Eukaryota_2759;Chordata_7711;Actinopteri_186623;Cyprinodontiformes_28738;Fundulidae_28756;Fundulus_8077;Fundulus_pulvereus_76054	96.354	100	7.59e-86	192	0	N/A	N/A	N/A
b580cb8125f53b115dd49fbad469e724	FJ445403.1.69.1011###root_1;Eukaryota_2759;Chordata_7711;Actinopteri_186623;Cyprinodontiformes_28738;Fundulidae_28756;Fundulus_8077;Fundulus_heteroclitus_8078	99.479	100	7.49e-96	192	0	N/A	N/A	N/A
b580cb8125f53b115dd49fbad469e724	FJ445398.1.69.1011###root_1;Eukaryota_2759;Chordata_7711;Actinopteri_186623;Cyprinodontiformes_28738;Fundulidae_28756;Fundulus_8077;Fundulus_heteroclitus_8078	99.479	100	7.49e-96	192	0	N/A	N/A	N/A
b580cb8125f53b115dd49fbad469e724	KT869378.1.69.1011###root_1;Eukaryota_2759;Chordata_7711;Actinopteri_186623;Cyprinodontiformes_28738;Fundulidae_28756;Fundulus_8077;Fundulus_heteroclitus_8078	99.479	100	7.49e-96	192	0	N/A	N/A	N/A
b580cb8125f53b115dd49fbad469e724	FJ445400.1.69.1011###root_1;Eukaryota_2759;Chordata_7711;Actinopteri_186623;Cyprinodontiformes_28738;Fundulidae_28756;Fundulus_8077;Fundulus_heteroclitus_8078	98.958	100	3.48e-94	192	0	N/A	N/A	N/A
b580cb8125f53b115dd49fbad469e724	FJ445402.1.69.1011###root_1;Eukaryota_2759;Chordata_7711;Actinopteri_186623;Cyprinodontiformes_28738;Fundulidae_28756;Fundulus_8077;Fundulus_heteroclitus_8078	98.958	100	3.48e-94	192	0	N/A	N/A	N/A
b580cb8125f53b115dd49fbad469e724	FJ445401.1.69.1011###root_1;Eukaryota_2759;Chordata_7711;Actinopteri_186623;Cyprinodontiformes_28738;Fundulidae_28756;Fundulus_8077;Fundulus_heteroclitus_8078	98.438	100	1.62e-92	192	0	N/A	N/A	N/A
b580cb8125f53b115dd49fbad469e724	KX686091.1.<1.>670###root_1;Eukaryota_2759;Chordata_7711;Actinopteri_186623;Cyprinodontiformes_28738;Fundulidae_28756;Fundulus_8077;Fundulus_heteroclitus_8078	99.444	94	3.51e-89	180	0	N/A	N/A	N/A
b580cb8125f53b115dd49fbad469e724	KX686098.1.<1.>670###root_1;Eukaryota_2759;Chordata_7711;Actinopteri_186623;Cyprinodontiformes_28738;Fundulidae_28756;Fundulus_8077;Fundulus_heteroclitus_8078	99.444	94	3.51e-89	180	0	N/A	N/A	N/A
b580cb8125f53b115dd49fbad469e724	KX686092.1.<1.>670###root_1;Eukaryota_2759;Chordata_7711;Actinopteri_186623;Cyprinodontiformes_28738;Fundulidae_28756;Fundulus_8077;Fundulus_heteroclitus_8078	98.889	94	1.63e-87	180	0	N/A	N/A	N/A
b580cb8125f53b115dd49fbad469e724	OP537867.1.<1.>216###root_1;Eukaryota_2759;Chordata_7711;Actinopteri_186623;Cyprinodontiformes_28738;Fundulidae_28756;Fundulus_8077;Fundulus_pulvereus_76054	96.354	100	7.59e-86	192	0	N/A	N/A	N/A
24387c96f7321272eab8e8b9e44edb57	FJ445403.1.69.1011###root_1;Eukaryota_2759;Chordata_7711;Actinopteri_186623;Cyprinodontiformes_28738;Fundulidae_28756;Fundulus_8077;Fundulus_heteroclitus_8078	99.479	100	7.49e-96	192	0	N/A	N/A	N/A
24387c96f7321272eab8e8b9e44edb57	FJ445398.1.69.1011###root_1;Eukaryota_2759;Chordata_7711;Actinopteri_186623;Cyprinodontiformes_28738;Fundulidae_28756;Fundulus_8077;Fundulus_heteroclitus_8078	99.479	100	7.49e-96	192	0	N/A	N/A	N/A
24387c96f7321272eab8e8b9e44edb57	KT869378.1.69.1011###root_1;Eukaryota_2759;Chordata_7711;Actinopteri_186623;Cyprinodontiformes_28738;Fundulidae_28756;Fundulus_8077;Fundulus_heteroclitus_8078	99.479	100	7.49e-96	192	0	N/A	N/A	N/A
24387c96f7321272eab8e8b9e44edb57	FJ445400.1.69.1011###root_1;Eukaryota_2759;Chordata_7711;Actinopteri_186623;Cyprinodontiformes_28738;Fundulidae_28756;Fundulus_8077;Fundulus_heteroclitus_8078	98.958	100	3.48e-94	192	0	N/A	N/A	N/A
24387c96f7321272eab8e8b9e44edb57	FJ445402.1.69.1011###root_1;Eukaryota_2759;Chordata_7711;Actinopteri_186623;Cyprinodontiformes_28738;Fundulidae_28756;Fundulus_8077;Fundulus_heteroclitus_8078	98.958	100	3.48e-94	192	0	N/A	N/A	N/A
24387c96f7321272eab8e8b9e44edb57	FJ445401.1.69.1011###root_1;Eukaryota_2759;Chordata_7711;Actinopteri_186623;Cyprinodontiformes_28738;Fundulidae_28756;Fundulus_8077;Fundulus_heteroclitus_8078	98.438	100	1.62e-92	192	0	N/A	N/A	N/A
24387c96f7321272eab8e8b9e44edb57	KX686091.1.<1.>670###root_1;Eukaryota_2759;Chordata_7711;Actinopteri_186623;Cyprinodontiformes_28738;Fundulidae_28756;Fundulus_8077;Fundulus_heteroclitus_8078	99.444	94	3.51e-89	180	0	N/A	N/A	N/A
24387c96f7321272eab8e8b9e44edb57	KX686098.1.<1.>670###root_1;Eukaryota_2759;Chordata_7711;Actinopteri_186623;Cyprinodontiformes_28738;Fundulidae_28756;Fundulus_8077;Fundulus_heteroclitus_8078	99.444	94	3.51e-89	180	0	N/A	N/A	N/A
24387c96f7321272eab8e8b9e44edb57	KX686092.1.<1.>670###root_1;Eukaryota_2759;Chordata_7711;Actinopteri_186623;Cyprinodontiformes_28738;Fundulidae_28756;Fundulus_8077;Fundulus_heteroclitus_8078	98.889	94	1.63e-87	180	0	N/A	N/A	N/A
24387c96f7321272eab8e8b9e44edb57	OP537867.1.<1.>216###root_1;Eukaryota_2759;Chordata_7711;Actinopteri_186623;Cyprinodontiformes_28738;Fundulidae_28756;Fundulus_8077;Fundulus_pulvereus_76054	96.354	100	7.59e-86	192	0	N/A	N/A	N/A
73c0a509ec9b81a513825d740dd3a987	OR473298.1.<1.>515###root_1;Eukaryota_2759;Echinodermata_7586;Asteroidea_7588;Forcipulatida_7599;Asteriidae_7600;Asterias_7601;Asterias_amurensis_7602	94.681	98	1.28e-78	188	0	N/A	N/A	N/A
73c0a509ec9b81a513825d740dd3a987	MZ435267.1.13290.14184###root_1;Eukaryota_2759;Echinodermata_7586;Asteroidea_7588;Forcipulatida_7599;Asteriidae_7600;Asterias_7601;Asterias_amurensis_7602	94.681	98	1.28e-78	188	0	N/A	N/A	N/A
73c0a509ec9b81a513825d740dd3a987	MZ435266.1.13290.14184###root_1;Eukaryota_2759;Echinodermata_7586;Asteroidea_7588;Forcipulatida_7599;Asteriidae_7600;Asterias_7601;Asterias_amurensis_7602	94.681	98	1.28e-78	188	0	N/A	N/A	N/A
73c0a509ec9b81a513825d740dd3a987	OP747299.1.13266.14160###root_1;Eukaryota_2759;Echinodermata_7586;Asteroidea_7588;Forcipulatida_7599;Asteriidae_7600;Asterias_7601;Asterias_amurensis_7602	94.681	98	1.28e-78	188	0	N/A	N/A	N/A
73c0a509ec9b81a513825d740dd3a987	OP747301.1.13266.14160###root_1;Eukaryota_2759;Echinodermata_7586;Asteroidea_7588;Forcipulatida_7599;Asteriidae_7600;Asterias_7601;Asterias_amurensis_7602	94.681	98	1.28e-78	188	0	N/A	N/A	N/A
73c0a509ec9b81a513825d740dd3a987	OP747303.1.13266.14160###root_1;Eukaryota_2759;Echinodermata_7586;Asteroidea_7588;Forcipulatida_7599;Asteriidae_7600;Asterias_7601;Asterias_amurensis_7602	94.681	98	1.28e-78	188	0	N/A	N/A	N/A
73c0a509ec9b81a513825d740dd3a987	OP747302.1.13266.14160###root_1;Eukaryota_2759;Echinodermata_7586;Asteroidea_7588;Forcipulatida_7599;Asteriidae_7600;Asterias_7601;Asterias_amurensis_7602	94.149	98	5.95e-77	188	0	N/A	N/A	N/A
2924cc77ebf88006285c98726a21ad1c	OR473298.1.<1.>515###root_1;Eukaryota_2759;Echinodermata_7586;Asteroidea_7588;Forcipulatida_7599;Asteriidae_7600;Asterias_7601;Asterias_amurensis_7602	94.681	98	1.28e-78	188	0	N/A	N/A	N/A
2924cc77ebf88006285c98726a21ad1c	MZ435267.1.13290.14184###root_1;Eukaryota_2759;Echinodermata_7586;Asteroidea_7588;Forcipulatida_7599;Asteriidae_7600;Asterias_7601;Asterias_amurensis_7602	94.681	98	1.28e-78	188	0	N/A	N/A	N/A
2924cc77ebf88006285c98726a21ad1c	MZ435266.1.13290.14184###root_1;Eukaryota_2759;Echinodermata_7586;Asteroidea_7588;Forcipulatida_7599;Asteriidae_7600;Asterias_7601;Asterias_amurensis_7602	94.681	98	1.28e-78	188	0	N/A	N/A	N/A
2924cc77ebf88006285c98726a21ad1c	OP747299.1.13266.14160###root_1;Eukaryota_2759;Echinodermata_7586;Asteroidea_7588;Forcipulatida_7599;Asteriidae_7600;Asterias_7601;Asterias_amurensis_7602	94.681	98	1.28e-78	188	0	N/A	N/A	N/A
2924cc77ebf88006285c98726a21ad1c	OP747301.1.13266.14160###root_1;Eukaryota_2759;Echinodermata_7586;Asteroidea_7588;Forcipulatida_7599;Asteriidae_7600;Asterias_7601;Asterias_amurensis_7602	94.681	98	1.28e-78	188	0	N/A	N/A	N/A
2924cc77ebf88006285c98726a21ad1c	OP747303.1.13266.14160###root_1;Eukaryota_2759;Echinodermata_7586;Asteroidea_7588;Forcipulatida_7599;Asteriidae_7600;Asterias_7601;Asterias_amurensis_7602	94.681	98	1.28e-78	188	0	N/A	N/A	N/A
2924cc77ebf88006285c98726a21ad1c	OP747302.1.13266.14160###root_1;Eukaryota_2759;Echinodermata_7586;Asteroidea_7588;Forcipulatida_7599;Asteriidae_7600;Asterias_7601;Asterias_amurensis_7602	94.149	98	5.95e-77	188	0	N/A	N/A	N/A
ceca55a63343ef96a02b754127ee09f7	OR473298.1.<1.>515###root_1;Eukaryota_2759;Echinodermata_7586;Asteroidea_7588;Forcipulatida_7599;Asteriidae_7600;Asterias_7601;Asterias_amurensis_7602	94.149	98	5.95e-77	188	0	N/A	N/A	N/A
ceca55a63343ef96a02b754127ee09f7	MZ435267.1.13290.14184###root_1;Eukaryota_2759;Echinodermata_7586;Asteroidea_7588;Forcipulatida_7599;Asteriidae_7600;Asterias_7601;Asterias_amurensis_7602	94.149	98	5.95e-77	188	0	N/A	N/A	N/A
ceca55a63343ef96a02b754127ee09f7	MZ435266.1.13290.14184###root_1;Eukaryota_2759;Echinodermata_7586;Asteroidea_7588;Forcipulatida_7599;Asteriidae_7600;Asterias_7601;Asterias_amurensis_7602	94.149	98	5.95e-77	188	0	N/A	N/A	N/A
ceca55a63343ef96a02b754127ee09f7	OP747299.1.13266.14160###root_1;Eukaryota_2759;Echinodermata_7586;Asteroidea_7588;Forcipulatida_7599;Asteriidae_7600;Asterias_7601;Asterias_amurensis_7602	94.149	98	5.95e-77	188	0	N/A	N/A	N/A
ceca55a63343ef96a02b754127ee09f7	OP747301.1.13266.14160###root_1;Eukaryota_2759;Echinodermata_7586;Asteroidea_7588;Forcipulatida_7599;Asteriidae_7600;Asterias_7601;Asterias_amurensis_7602	94.149	98	5.95e-77	188	0	N/A	N/A	N/A
ceca55a63343ef96a02b754127ee09f7	OP747303.1.13266.14160###root_1;Eukaryota_2759;Echinodermata_7586;Asteroidea_7588;Forcipulatida_7599;Asteriidae_7600;Asterias_7601;Asterias_amurensis_7602	94.149	98	5.95e-77	188	0	N/A	N/A	N/A
ceca55a63343ef96a02b754127ee09f7	OP747302.1.13266.14160###root_1;Eukaryota_2759;Echinodermata_7586;Asteroidea_7588;Forcipulatida_7599;Asteriidae_7600;Asterias_7601;Asterias_amurensis_7602	93.617	98	2.77e-75	188	0	N/A	N/A	N/A
0a89e7543ee600c4cd09f266d22fd28f	HM106493.1.69.1013###root_1;Eukaryota_2759;Chordata_7711;Actinopteri_186623;Osmeriformes_41711;Osmeridae_8012;Osmerus_8013;Osmerus_mordax_8014	99.476	99	2.69e-95	191	0	N/A	N/A	N/A
0a89e7543ee600c4cd09f266d22fd28f	MW856836.1.69.1013###root_1;Eukaryota_2759;Chordata_7711;Actinopteri_186623;Osmeriformes_41711;Osmeridae_8012;Osmerus_8013;Osmerus_mordax_8014	99.476	99	2.69e-95	191	0	N/A	N/A	N/A
0a89e7543ee600c4cd09f266d22fd28f	MH238074.1.69.1013###root_1;Eukaryota_2759;Chordata_7711;Actinopteri_186623;Osmeriformes_41711;Osmeridae_8012;Osmerus_8013;Osmerus_eperlanus_29151	98.429	99	5.83e-92	191	0	N/A	N/A	N/A
0a89e7543ee600c4cd09f266d22fd28f	ON005619.1.69.1013###root_1;Eukaryota_2759;Chordata_7711;Actinopteri_186623;Osmeriformes_41711;Osmeridae_8012;Thaleichthys_182233;Thaleichthys_pacificus_240832	97.906	99	2.71e-90	191	0	N/A	N/A	N/A
0a89e7543ee600c4cd09f266d22fd28f	PV221282.1.1.>540###root_1;Eukaryota_2759;Chordata_7711;Actinopteri_186623;Osmeriformes_41711;Osmeridae_8012;Thaleichthys_182233;Thaleichthys_pacificus_240832	97.906	99	2.71e-90	191	0	N/A	N/A	N/A
0a89e7543ee600c4cd09f266d22fd28f	MH636616.1.69.1013###root_1;Eukaryota_2759;Chordata_7711;Actinopteri_186623;Osmeriformes_41711;Osmeridae_8012;Hypomesus_137519;Hypomesus_japonicus_203539	97.906	99	2.71e-90	191	0	N/A	N/A	N/A
0a89e7543ee600c4cd09f266d22fd28f	AB095998.1.1.945###root_1;Eukaryota_2759;Chordata_7711;Actinopteri_186623;Osmeriformes_41711;Osmeridae_8012;Spirinchus_136039;Spirinchus_lanceolatus_136040	97.382	99	1.26e-88	191	0	N/A	N/A	N/A
0a89e7543ee600c4cd09f266d22fd28f	OR559980.1.<1.>946###root_1;Eukaryota_2759;Chordata_7711;Actinopteri_186623;Osmeriformes_41711;Osmeridae_8012;Spirinchus_136039;Spirinchus_thaleichthys_260508	96.859	99	5.87e-87	191	0	N/A	N/A	N/A
0a89e7543ee600c4cd09f266d22fd28f	OR482560.1.69.1013###root_1;Eukaryota_2759;Chordata_7711;Actinopteri_186623;Osmeriformes_41711;Osmeridae_8012;Spirinchus_136039;Spirinchus_thaleichthys_260508	96.859	99	5.87e-87	191	0	N/A	N/A	N/A
0a89e7543ee600c4cd09f266d22fd28f	LC715360.1.69.1013###root_1;Eukaryota_2759;Chordata_7711;Actinopteri_186623;Osmeriformes_41711;Osmeridae_8012;Spirinchus_136039;Spirinchus_lanceolatus_136040	96.859	99	5.87e-87	191	0	N/A	N/A	N/A
d3b81eae5dd365c212d6d4b105533b14	HM106493.1.69.1013###root_1;Eukaryota_2759;Chordata_7711;Actinopteri_186623;Osmeriformes_41711;Osmeridae_8012;Osmerus_8013;Osmerus_mordax_8014	99.476	99	2.69e-95	191	0	N/A	N/A	N/A
d3b81eae5dd365c212d6d4b105533b14	MW856836.1.69.1013###root_1;Eukaryota_2759;Chordata_7711;Actinopteri_186623;Osmeriformes_41711;Osmeridae_8012;Osmerus_8013;Osmerus_mordax_8014	99.476	99	2.69e-95	191	0	N/A	N/A	N/A
d3b81eae5dd365c212d6d4b105533b14	MH238074.1.69.1013###root_1;Eukaryota_2759;Chordata_7711;Actinopteri_186623;Osmeriformes_41711;Osmeridae_8012;Osmerus_8013;Osmerus_eperlanus_29151	98.429	99	5.83e-92	191	0	N/A	N/A	N/A
d3b81eae5dd365c212d6d4b105533b14	ON005619.1.69.1013###root_1;Eukaryota_2759;Chordata_7711;Actinopteri_186623;Osmeriformes_41711;Osmeridae_8012;Thaleichthys_182233;Thaleichthys_pacificus_240832	97.906	99	2.71e-90	191	0	N/A	N/A	N/A
d3b81eae5dd365c212d6d4b105533b14	PV221282.1.1.>540###root_1;Eukaryota_2759;Chordata_7711;Actinopteri_186623;Osmeriformes_41711;Osmeridae_8012;Thaleichthys_182233;Thaleichthys_pacificus_240832	97.906	99	2.71e-90	191	0	N/A	N/A	N/A
d3b81eae5dd365c212d6d4b105533b14	MH636616.1.69.1013###root_1;Eukaryota_2759;Chordata_7711;Actinopteri_186623;Osmeriformes_41711;Osmeridae_8012;Hypomesus_137519;Hypomesus_japonicus_203539	97.906	99	2.71e-90	191	0	N/A	N/A	N/A
d3b81eae5dd365c212d6d4b105533b14	AB095998.1.1.945###root_1;Eukaryota_2759;Chordata_7711;Actinopteri_186623;Osmeriformes_41711;Osmeridae_8012;Spirinchus_136039;Spirinchus_lanceolatus_136040	97.382	99	1.26e-88	191	0	N/A	N/A	N/A
d3b81eae5dd365c212d6d4b105533b14	OR559980.1.<1.>946###root_1;Eukaryota_2759;Chordata_7711;Actinopteri_186623;Osmeriformes_41711;Osmeridae_8012;Spirinchus_136039;Spirinchus_thaleichthys_260508	96.859	99	5.87e-87	191	0	N/A	N/A	N/A
d3b81eae5dd365c212d6d4b105533b14	OR482560.1.69.1013###root_1;Eukaryota_2759;Chordata_7711;Actinopteri_186623;Osmeriformes_41711;Osmeridae_8012;Spirinchus_136039;Spirinchus_thaleichthys_260508	96.859	99	5.87e-87	191	0	N/A	N/A	N/A
d3b81eae5dd365c212d6d4b105533b14	LC715360.1.69.1013###root_1;Eukaryota_2759;Chordata_7711;Actinopteri_186623;Osmeriformes_41711;Osmeridae_8012;Spirinchus_136039;Spirinchus_lanceolatus_136040	96.859	99	5.87e-87	191	0	N/A	N/A	N/A
8f8171bff7505d45770ad635d829fe81	HM106493.1.69.1013###root_1;Eukaryota_2759;Chordata_7711;Actinopteri_186623;Osmeriformes_41711;Osmeridae_8012;Osmerus_8013;Osmerus_mordax_8014	100.000	99	5.79e-97	191	0	N/A	N/A	N/A
8f8171bff7505d45770ad635d829fe81	MW856836.1.69.1013###root_1;Eukaryota_2759;Chordata_7711;Actinopteri_186623;Osmeriformes_41711;Osmeridae_8012;Osmerus_8013;Osmerus_mordax_8014	100.000	99	5.79e-97	191	0	N/A	N/A	N/A
8f8171bff7505d45770ad635d829fe81	MH238074.1.69.1013###root_1;Eukaryota_2759;Chordata_7711;Actinopteri_186623;Osmeriformes_41711;Osmeridae_8012;Osmerus_8013;Osmerus_eperlanus_29151	98.953	99	1.25e-93	191	0	N/A	N/A	N/A
8f8171bff7505d45770ad635d829fe81	ON005619.1.69.1013###root_1;Eukaryota_2759;Chordata_7711;Actinopteri_186623;Osmeriformes_41711;Osmeridae_8012;Thaleichthys_182233;Thaleichthys_pacificus_240832	98.429	99	5.83e-92	191	0	N/A	N/A	N/A
8f8171bff7505d45770ad635d829fe81	PV221282.1.1.>540###root_1;Eukaryota_2759;Chordata_7711;Actinopteri_186623;Osmeriformes_41711;Osmeridae_8012;Thaleichthys_182233;Thaleichthys_pacificus_240832	98.429	99	5.83e-92	191	0	N/A	N/A	N/A
8f8171bff7505d45770ad635d829fe81	MH636616.1.69.1013###root_1;Eukaryota_2759;Chordata_7711;Actinopteri_186623;Osmeriformes_41711;Osmeridae_8012;Hypomesus_137519;Hypomesus_japonicus_203539	98.429	99	5.83e-92	191	0	N/A	N/A	N/A
8f8171bff7505d45770ad635d829fe81	AB095998.1.1.945###root_1;Eukaryota_2759;Chordata_7711;Actinopteri_186623;Osmeriformes_41711;Osmeridae_8012;Spirinchus_136039;Spirinchus_lanceolatus_136040	97.906	99	2.71e-90	191	0	N/A	N/A	N/A
8f8171bff7505d45770ad635d829fe81	OR559980.1.<1.>946###root_1;Eukaryota_2759;Chordata_7711;Actinopteri_186623;Osmeriformes_41711;Osmeridae_8012;Spirinchus_136039;Spirinchus_thaleichthys_260508	97.382	99	1.26e-88	191	0	N/A	N/A	N/A
8f8171bff7505d45770ad635d829fe81	OR482560.1.69.1013###root_1;Eukaryota_2759;Chordata_7711;Actinopteri_186623;Osmeriformes_41711;Osmeridae_8012;Spirinchus_136039;Spirinchus_thaleichthys_260508	97.382	99	1.26e-88	191	0	N/A	N/A	N/A
8f8171bff7505d45770ad635d829fe81	LC715360.1.69.1013###root_1;Eukaryota_2759;Chordata_7711;Actinopteri_186623;Osmeriformes_41711;Osmeridae_8012;Spirinchus_136039;Spirinchus_lanceolatus_136040	97.382	99	1.26e-88	191	0	N/A	N/A	N/A
bd9c92a34405c222a58ed2c15123ca4a	HM106493.1.69.1013###root_1;Eukaryota_2759;Chordata_7711;Actinopteri_186623;Osmeriformes_41711;Osmeridae_8012;Osmerus_8013;Osmerus_mordax_8014	99.476	99	2.69e-95	191	0	N/A	N/A	N/A
bd9c92a34405c222a58ed2c15123ca4a	MW856836.1.69.1013###root_1;Eukaryota_2759;Chordata_7711;Actinopteri_186623;Osmeriformes_41711;Osmeridae_8012;Osmerus_8013;Osmerus_mordax_8014	99.476	99	2.69e-95	191	0	N/A	N/A	N/A
bd9c92a34405c222a58ed2c15123ca4a	MH238074.1.69.1013###root_1;Eukaryota_2759;Chordata_7711;Actinopteri_186623;Osmeriformes_41711;Osmeridae_8012;Osmerus_8013;Osmerus_eperlanus_29151	98.429	99	5.83e-92	191	0	N/A	N/A	N/A
bd9c92a34405c222a58ed2c15123ca4a	ON005619.1.69.1013###root_1;Eukaryota_2759;Chordata_7711;Actinopteri_186623;Osmeriformes_41711;Osmeridae_8012;Thaleichthys_182233;Thaleichthys_pacificus_240832	97.906	99	2.71e-90	191	0	N/A	N/A	N/A
bd9c92a34405c222a58ed2c15123ca4a	PV221282.1.1.>540###root_1;Eukaryota_2759;Chordata_7711;Actinopteri_186623;Osmeriformes_41711;Osmeridae_8012;Thaleichthys_182233;Thaleichthys_pacificus_240832	97.906	99	2.71e-90	191	0	N/A	N/A	N/A
bd9c92a34405c222a58ed2c15123ca4a	MH636616.1.69.1013###root_1;Eukaryota_2759;Chordata_7711;Actinopteri_186623;Osmeriformes_41711;Osmeridae_8012;Hypomesus_137519;Hypomesus_japonicus_203539	97.906	99	2.71e-90	191	0	N/A	N/A	N/A
bd9c92a34405c222a58ed2c15123ca4a	AB095998.1.1.945###root_1;Eukaryota_2759;Chordata_7711;Actinopteri_186623;Osmeriformes_41711;Osmeridae_8012;Spirinchus_136039;Spirinchus_lanceolatus_136040	97.382	99	1.26e-88	191	0	N/A	N/A	N/A
bd9c92a34405c222a58ed2c15123ca4a	OR559980.1.<1.>946###root_1;Eukaryota_2759;Chordata_7711;Actinopteri_186623;Osmeriformes_41711;Osmeridae_8012;Spirinchus_136039;Spirinchus_thaleichthys_260508	96.859	99	5.87e-87	191	0	N/A	N/A	N/A
bd9c92a34405c222a58ed2c15123ca4a	OR482560.1.69.1013###root_1;Eukaryota_2759;Chordata_7711;Actinopteri_186623;Osmeriformes_41711;Osmeridae_8012;Spirinchus_136039;Spirinchus_thaleichthys_260508	96.859	99	5.87e-87	191	0	N/A	N/A	N/A
bd9c92a34405c222a58ed2c15123ca4a	LC715360.1.69.1013###root_1;Eukaryota_2759;Chordata_7711;Actinopteri_186623;Osmeriformes_41711;Osmeridae_8012;Spirinchus_136039;Spirinchus_lanceolatus_136040	96.859	99	5.87e-87	191	0	N/A	N/A	N/A
cfd96a5eb12d8b7337c78a8275d05ced	HM106493.1.69.1013###root_1;Eukaryota_2759;Chordata_7711;Actinopteri_186623;Osmeriformes_41711;Osmeridae_8012;Osmerus_8013;Osmerus_mordax_8014	99.476	99	2.69e-95	191	0	N/A	N/A	N/A
cfd96a5eb12d8b7337c78a8275d05ced	MW856836.1.69.1013###root_1;Eukaryota_2759;Chordata_7711;Actinopteri_186623;Osmeriformes_41711;Osmeridae_8012;Osmerus_8013;Osmerus_mordax_8014	99.476	99	2.69e-95	191	0	N/A	N/A	N/A
cfd96a5eb12d8b7337c78a8275d05ced	MH238074.1.69.1013###root_1;Eukaryota_2759;Chordata_7711;Actinopteri_186623;Osmeriformes_41711;Osmeridae_8012;Osmerus_8013;Osmerus_eperlanus_29151	98.429	99	5.83e-92	191	0	N/A	N/A	N/A
cfd96a5eb12d8b7337c78a8275d05ced	ON005619.1.69.1013###root_1;Eukaryota_2759;Chordata_7711;Actinopteri_186623;Osmeriformes_41711;Osmeridae_8012;Thaleichthys_182233;Thaleichthys_pacificus_240832	97.906	99	2.71e-90	191	0	N/A	N/A	N/A
cfd96a5eb12d8b7337c78a8275d05ced	PV221282.1.1.>540###root_1;Eukaryota_2759;Chordata_7711;Actinopteri_186623;Osmeriformes_41711;Osmeridae_8012;Thaleichthys_182233;Thaleichthys_pacificus_240832	97.906	99	2.71e-90	191	0	N/A	N/A	N/A
cfd96a5eb12d8b7337c78a8275d05ced	MH636616.1.69.1013###root_1;Eukaryota_2759;Chordata_7711;Actinopteri_186623;Osmeriformes_41711;Osmeridae_8012;Hypomesus_137519;Hypomesus_japonicus_203539	97.906	99	2.71e-90	191	0	N/A	N/A	N/A
cfd96a5eb12d8b7337c78a8275d05ced	AB095998.1.1.945###root_1;Eukaryota_2759;Chordata_7711;Actinopteri_186623;Osmeriformes_41711;Osmeridae_8012;Spirinchus_136039;Spirinchus_lanceolatus_136040	97.382	99	1.26e-88	191	0	N/A	N/A	N/A
cfd96a5eb12d8b7337c78a8275d05ced	OR559980.1.<1.>946###root_1;Eukaryota_2759;Chordata_7711;Actinopteri_186623;Osmeriformes_41711;Osmeridae_8012;Spirinchus_136039;Spirinchus_thaleichthys_260508	96.859	99	5.87e-87	191	0	N/A	N/A	N/A
cfd96a5eb12d8b7337c78a8275d05ced	OR482560.1.69.1013###root_1;Eukaryota_2759;Chordata_7711;Actinopteri_186623;Osmeriformes_41711;Osmeridae_8012;Spirinchus_136039;Spirinchus_thaleichthys_260508	96.859	99	5.87e-87	191	0	N/A	N/A	N/A
cfd96a5eb12d8b7337c78a8275d05ced	LC715360.1.69.1013###root_1;Eukaryota_2759;Chordata_7711;Actinopteri_186623;Osmeriformes_41711;Osmeridae_8012;Spirinchus_136039;Spirinchus_lanceolatus_136040	96.859	99	5.87e-87	191	0	N/A	N/A	N/A
c5e10a5e5b0cd48fd20a68ed7a2ee861	HM106493.1.69.1013###root_1;Eukaryota_2759;Chordata_7711;Actinopteri_186623;Osmeriformes_41711;Osmeridae_8012;Osmerus_8013;Osmerus_mordax_8014	99.476	99	2.69e-95	191	0	N/A	N/A	N/A
c5e10a5e5b0cd48fd20a68ed7a2ee861	MW856836.1.69.1013###root_1;Eukaryota_2759;Chordata_7711;Actinopteri_186623;Osmeriformes_41711;Osmeridae_8012;Osmerus_8013;Osmerus_mordax_8014	99.476	99	2.69e-95	191	0	N/A	N/A	N/A
c5e10a5e5b0cd48fd20a68ed7a2ee861	MH238074.1.69.1013###root_1;Eukaryota_2759;Chordata_7711;Actinopteri_186623;Osmeriformes_41711;Osmeridae_8012;Osmerus_8013;Osmerus_eperlanus_29151	98.429	99	5.83e-92	191	0	N/A	N/A	N/A
c5e10a5e5b0cd48fd20a68ed7a2ee861	ON005619.1.69.1013###root_1;Eukaryota_2759;Chordata_7711;Actinopteri_186623;Osmeriformes_41711;Osmeridae_8012;Thaleichthys_182233;Thaleichthys_pacificus_240832	97.906	99	2.71e-90	191	0	N/A	N/A	N/A
c5e10a5e5b0cd48fd20a68ed7a2ee861	PV221282.1.1.>540###root_1;Eukaryota_2759;Chordata_7711;Actinopteri_186623;Osmeriformes_41711;Osmeridae_8012;Thaleichthys_182233;Thaleichthys_pacificus_240832	97.906	99	2.71e-90	191	0	N/A	N/A	N/A
c5e10a5e5b0cd48fd20a68ed7a2ee861	MH370837.1.69.1013###root_1;Eukaryota_2759;Chordata_7711;Actinopteri_186623;Osmeriformes_41711;Osmeridae_8012;Osmerus_8013;Osmerus_mordax_8014	97.906	99	2.71e-90	191	0	N/A	N/A	N/A
c5e10a5e5b0cd48fd20a68ed7a2ee861	MH636616.1.69.1013###root_1;Eukaryota_2759;Chordata_7711;Actinopteri_186623;Osmeriformes_41711;Osmeridae_8012;Hypomesus_137519;Hypomesus_japonicus_203539	97.906	99	2.71e-90	191	0	N/A	N/A	N/A
c5e10a5e5b0cd48fd20a68ed7a2ee861	AB095998.1.1.945###root_1;Eukaryota_2759;Chordata_7711;Actinopteri_186623;Osmeriformes_41711;Osmeridae_8012;Spirinchus_136039;Spirinchus_lanceolatus_136040	97.382	99	1.26e-88	191	0	N/A	N/A	N/A
c5e10a5e5b0cd48fd20a68ed7a2ee861	OR559980.1.<1.>946###root_1;Eukaryota_2759;Chordata_7711;Actinopteri_186623;Osmeriformes_41711;Osmeridae_8012;Spirinchus_136039;Spirinchus_thaleichthys_260508	96.859	99	5.87e-87	191	0	N/A	N/A	N/A
c5e10a5e5b0cd48fd20a68ed7a2ee861	OR482560.1.69.1013###root_1;Eukaryota_2759;Chordata_7711;Actinopteri_186623;Osmeriformes_41711;Osmeridae_8012;Spirinchus_136039;Spirinchus_thaleichthys_260508	96.859	99	5.87e-87	191	0	N/A	N/A	N/A
ef68ab5ccf2e07d8dbb8b77d76d6c36b	FJ445403.1.69.1011###root_1;Eukaryota_2759;Chordata_7711;Actinopteri_186623;Cyprinodontiformes_28738;Fundulidae_28756;Fundulus_8077;Fundulus_heteroclitus_8078	99.479	100	7.49e-96	192	0	N/A	N/A	N/A
ef68ab5ccf2e07d8dbb8b77d76d6c36b	FJ445398.1.69.1011###root_1;Eukaryota_2759;Chordata_7711;Actinopteri_186623;Cyprinodontiformes_28738;Fundulidae_28756;Fundulus_8077;Fundulus_heteroclitus_8078	99.479	100	7.49e-96	192	0	N/A	N/A	N/A
ef68ab5ccf2e07d8dbb8b77d76d6c36b	KT869378.1.69.1011###root_1;Eukaryota_2759;Chordata_7711;Actinopteri_186623;Cyprinodontiformes_28738;Fundulidae_28756;Fundulus_8077;Fundulus_heteroclitus_8078	99.479	100	7.49e-96	192	0	N/A	N/A	N/A
ef68ab5ccf2e07d8dbb8b77d76d6c36b	FJ445400.1.69.1011###root_1;Eukaryota_2759;Chordata_7711;Actinopteri_186623;Cyprinodontiformes_28738;Fundulidae_28756;Fundulus_8077;Fundulus_heteroclitus_8078	98.958	100	3.48e-94	192	0	N/A	N/A	N/A
ef68ab5ccf2e07d8dbb8b77d76d6c36b	FJ445402.1.69.1011###root_1;Eukaryota_2759;Chordata_7711;Actinopteri_186623;Cyprinodontiformes_28738;Fundulidae_28756;Fundulus_8077;Fundulus_heteroclitus_8078	98.958	100	3.48e-94	192	0	N/A	N/A	N/A
ef68ab5ccf2e07d8dbb8b77d76d6c36b	FJ445401.1.69.1011###root_1;Eukaryota_2759;Chordata_7711;Actinopteri_186623;Cyprinodontiformes_28738;Fundulidae_28756;Fundulus_8077;Fundulus_heteroclitus_8078	98.438	100	1.62e-92	192	0	N/A	N/A	N/A
ef68ab5ccf2e07d8dbb8b77d76d6c36b	KX686091.1.<1.>670###root_1;Eukaryota_2759;Chordata_7711;Actinopteri_186623;Cyprinodontiformes_28738;Fundulidae_28756;Fundulus_8077;Fundulus_heteroclitus_8078	99.444	94	3.51e-89	180	0	N/A	N/A	N/A
ef68ab5ccf2e07d8dbb8b77d76d6c36b	KX686098.1.<1.>670###root_1;Eukaryota_2759;Chordata_7711;Actinopteri_186623;Cyprinodontiformes_28738;Fundulidae_28756;Fundulus_8077;Fundulus_heteroclitus_8078	99.444	94	3.51e-89	180	0	N/A	N/A	N/A
ef68ab5ccf2e07d8dbb8b77d76d6c36b	KX686092.1.<1.>670###root_1;Eukaryota_2759;Chordata_7711;Actinopteri_186623;Cyprinodontiformes_28738;Fundulidae_28756;Fundulus_8077;Fundulus_heteroclitus_8078	98.889	94	1.63e-87	180	0	N/A	N/A	N/A
ef68ab5ccf2e07d8dbb8b77d76d6c36b	OP537867.1.<1.>216###root_1;Eukaryota_2759;Chordata_7711;Actinopteri_186623;Cyprinodontiformes_28738;Fundulidae_28756;Fundulus_8077;Fundulus_pulvereus_76054	96.354	100	7.59e-86	192	0	N/A	N/A	N/A
77692d910655c4cdde0fe06611ffeac8	FJ445403.1.69.1011###root_1;Eukaryota_2759;Chordata_7711;Actinopteri_186623;Cyprinodontiformes_28738;Fundulidae_28756;Fundulus_8077;Fundulus_heteroclitus_8078	99.479	100	7.49e-96	192	0	N/A	N/A	N/A
77692d910655c4cdde0fe06611ffeac8	FJ445398.1.69.1011###root_1;Eukaryota_2759;Chordata_7711;Actinopteri_186623;Cyprinodontiformes_28738;Fundulidae_28756;Fundulus_8077;Fundulus_heteroclitus_8078	99.479	100	7.49e-96	192	0	N/A	N/A	N/A
77692d910655c4cdde0fe06611ffeac8	KT869378.1.69.1011###root_1;Eukaryota_2759;Chordata_7711;Actinopteri_186623;Cyprinodontiformes_28738;Fundulidae_28756;Fundulus_8077;Fundulus_heteroclitus_8078	99.479	100	7.49e-96	192	0	N/A	N/A	N/A
77692d910655c4cdde0fe06611ffeac8	FJ445400.1.69.1011###root_1;Eukaryota_2759;Chordata_7711;Actinopteri_186623;Cyprinodontiformes_28738;Fundulidae_28756;Fundulus_8077;Fundulus_heteroclitus_8078	98.958	100	3.48e-94	192	0	N/A	N/A	N/A
77692d910655c4cdde0fe06611ffeac8	FJ445402.1.69.1011###root_1;Eukaryota_2759;Chordata_7711;Actinopteri_186623;Cyprinodontiformes_28738;Fundulidae_28756;Fundulus_8077;Fundulus_heteroclitus_8078	98.958	100	3.48e-94	192	0	N/A	N/A	N/A
77692d910655c4cdde0fe06611ffeac8	FJ445401.1.69.1011###root_1;Eukaryota_2759;Chordata_7711;Actinopteri_186623;Cyprinodontiformes_28738;Fundulidae_28756;Fundulus_8077;Fundulus_heteroclitus_8078	98.438	100	1.62e-92	192	0	N/A	N/A	N/A
77692d910655c4cdde0fe06611ffeac8	KX686091.1.<1.>670###root_1;Eukaryota_2759;Chordata_7711;Actinopteri_186623;Cyprinodontiformes_28738;Fundulidae_28756;Fundulus_8077;Fundulus_heteroclitus_8078	99.444	94	3.51e-89	180	0	N/A	N/A	N/A
77692d910655c4cdde0fe06611ffeac8	KX686098.1.<1.>670###root_1;Eukaryota_2759;Chordata_7711;Actinopteri_186623;Cyprinodontiformes_28738;Fundulidae_28756;Fundulus_8077;Fundulus_heteroclitus_8078	99.444	94	3.51e-89	180	0	N/A	N/A	N/A
77692d910655c4cdde0fe06611ffeac8	KX686092.1.<1.>670###root_1;Eukaryota_2759;Chordata_7711;Actinopteri_186623;Cyprinodontiformes_28738;Fundulidae_28756;Fundulus_8077;Fundulus_heteroclitus_8078	98.889	94	1.63e-87	180	0	N/A	N/A	N/A
77692d910655c4cdde0fe06611ffeac8	OP537867.1.<1.>216###root_1;Eukaryota_2759;Chordata_7711;Actinopteri_186623;Cyprinodontiformes_28738;Fundulidae_28756;Fundulus_8077;Fundulus_pulvereus_76054	96.354	100	7.59e-86	192	0	N/A	N/A	N/A
17ccd2c53437c65a04308311297448c5	KU963302.1.976.1936###root_1;Eukaryota_2759;Chordata_7711;Mammalia_40674;Carnivora_33554;Phocidae_9709;Halichoerus_9710;Halichoerus_grypus_9711	100.000	99	2.08e-96	190	0	N/A	N/A	N/A
17ccd2c53437c65a04308311297448c5	GU174594.1.<1.>961###root_1;Eukaryota_2759;Chordata_7711;Mammalia_40674;Carnivora_33554;Phocidae_9709;Halichoerus_9710;Halichoerus_grypus_9711	100.000	99	2.08e-96	190	0	N/A	N/A	N/A
17ccd2c53437c65a04308311297448c5	MT410910.1.71.1031###root_1;Eukaryota_2759;Chordata_7711;Mammalia_40674;Carnivora_33554;Phocidae_9709;Halichoerus_9710;Halichoerus_grypus_9711	100.000	99	2.08e-96	190	0	N/A	N/A	N/A
17ccd2c53437c65a04308311297448c5	X72004.1.976.1935###root_1;Eukaryota_2759;Chordata_7711;Mammalia_40674;Carnivora_33554;Phocidae_9709;Halichoerus_9710;Halichoerus_grypus_9711	100.000	99	2.08e-96	190	0	N/A	N/A	N/A
17ccd2c53437c65a04308311297448c5	GU174592.1.<1.>961###root_1;Eukaryota_2759;Chordata_7711;Mammalia_40674;Carnivora_33554;Phocidae_9709;Pusa_693430;Pusa_caspica_693431	97.895	99	9.75e-90	190	0	N/A	N/A	N/A
17ccd2c53437c65a04308311297448c5	AM181033.1.71.1031###root_1;Eukaryota_2759;Chordata_7711;Mammalia_40674;Carnivora_33554;Phocidae_9709;Pusa_693430;Pusa_caspica_693431	97.895	99	9.75e-90	190	0	N/A	N/A	N/A
17ccd2c53437c65a04308311297448c5	PQ827061.1.<1.943###root_1;Eukaryota_2759;Chordata_7711;Mammalia_40674;Carnivora_33554;Phocidae_9709;Phoca_9717;Phoca_groenlandica_39089	97.895	99	9.75e-90	190	0	N/A	N/A	N/A
17ccd2c53437c65a04308311297448c5	PQ827035.1.<1.949###root_1;Eukaryota_2759;Chordata_7711;Mammalia_40674;Carnivora_33554;Phocidae_9709;Phoca_9717;Phoca_groenlandica_39089	97.895	99	9.75e-90	190	0	N/A	N/A	N/A
17ccd2c53437c65a04308311297448c5	KP942566.1.<1.949###root_1;Eukaryota_2759;Chordata_7711;Mammalia_40674;Carnivora_33554;Phocidae_9709;Phoca_9717;Phoca_groenlandica_39089	97.895	99	9.75e-90	190	0	N/A	N/A	N/A
17ccd2c53437c65a04308311297448c5	KP942570.1.<1.949###root_1;Eukaryota_2759;Chordata_7711;Mammalia_40674;Carnivora_33554;Phocidae_9709;Phoca_9717;Phoca_groenlandica_39089	97.895	99	9.75e-90	190	0	N/A	N/A	N/A
f78a5b6188acecbd07627c62db3c7373	JF489918.1.<1.>763###root_1;Eukaryota_2759;Bacillariophyta_2836;Coscinodiscophyceae_33836;Thalassiosirales_33847;Skeletonemataceae_33848;Skeletonema_2842;Skeletonema_costatum_2843	97.500	99	1.32e-93	200	0	N/A	N/A	N/A
f78a5b6188acecbd07627c62db3c7373	JF489919.1.<1.>763###root_1;Eukaryota_2759;Bacillariophyta_2836;Coscinodiscophyceae_33836;Thalassiosirales_33847;Skeletonemataceae_33848;Skeletonema_2842;Skeletonema_marinoi_267567	97.500	99	1.32e-93	200	0	N/A	N/A	N/A
f78a5b6188acecbd07627c62db3c7373	HM449710.1.<1.>891###root_1;Eukaryota_2759;Bacillariophyta_2836;Bacillariophyceae_33849;Naviculales_38748;Sellaphoraceae_216739;Sellaphora_216740;Sellaphora_minima_97222	97.000	99	6.14e-92	200	0	N/A	N/A	N/A
f78a5b6188acecbd07627c62db3c7373	JF489940.1.<1.>744###root_1;Eukaryota_2759;Bacillariophyta_2836;Bacillariophyceae_33849;Naviculales_38748;Phaeodactylaceae_38749;Phaeodactylum_2849;Phaeodactylum_tricornutum_2850	97.000	99	6.14e-92	200	0	N/A	N/A	N/A
f78a5b6188acecbd07627c62db3c7373	JF489939.1.<1.>761###root_1;Eukaryota_2759;Bacillariophyta_2836;Bacillariophyceae_33849;Naviculales_38748;Phaeodactylaceae_38749;Phaeodactylum_2849;Phaeodactylum_tricornutum_2850	97.000	99	6.14e-92	200	0	N/A	N/A	N/A
f78a5b6188acecbd07627c62db3c7373	JF489924.1.<1.>744###root_1;Eukaryota_2759;Bacillariophyta_2836;Coscinodiscophyceae_33836;Thalassiosirales_33847;Thalassiosiraceae_29202;Thalassiosira_35127;Thalassiosira_pseudonana_35128	96.500	99	2.86e-90	200	0	N/A	N/A	N/A
f78a5b6188acecbd07627c62db3c7373	JF489935.1.<1.>763###root_1;Eukaryota_2759;Bacillariophyta_2836;Coscinodiscophyceae_33836;Chaetocerotales_265576;Chaetocerotaceae_49236;Chaetoceros_49237;Chaetoceros_calcitrans_265524	96.000	99	1.33e-88	200	0	N/A	N/A	N/A
f78a5b6188acecbd07627c62db3c7373	JF489933.1.<1.>763###root_1;Eukaryota_2759;Bacillariophyta_2836;Coscinodiscophyceae_33836;Chaetocerotales_265576;Chaetocerotaceae_49236;Chaetoceros_49237;Chaetoceros_muellerii_265525	95.000	99	2.88e-85	200	0	N/A	N/A	N/A
f78a5b6188acecbd07627c62db3c7373	JF489937.1.<1.>763###root_1;Eukaryota_2759;Bacillariophyta_2836;Coscinodiscophyceae_33836;Chaetocerotales_265576;Chaetocerotaceae_49236;Chaetoceros_49237;Chaetoceros_neogracilis_240364	94.500	99	1.34e-83	200	0	N/A	N/A	N/A
f78a5b6188acecbd07627c62db3c7373	JF489936.1.<1.>763###root_1;Eukaryota_2759;Bacillariophyta_2836;Coscinodiscophyceae_33836;Chaetocerotales_265576;Chaetocerotaceae_49236;Chaetoceros_49237;Chaetoceros_calcitrans_265524	94.500	99	1.34e-83	200	0	N/A	N/A	N/A
d917d7f9d19048d85b818dfe139381a2	KX686084.1.<1.>684###root_1;Eukaryota_2759;Chordata_7711;Actinopteri_186623;Clupeiformes_32446;Clupeidae_55118;Brevoortia_224706;Brevoortia_tyrannus_224708	99.371	100	1.33e-77	159	0	N/A	N/A	N/A
d917d7f9d19048d85b818dfe139381a2	KX686086.1.<1.>684###root_1;Eukaryota_2759;Chordata_7711;Actinopteri_186623;Clupeiformes_32446;Clupeidae_55118;Brevoortia_224706;Brevoortia_tyrannus_224708	99.371	100	1.33e-77	159	0	N/A	N/A	N/A
d917d7f9d19048d85b818dfe139381a2	KX686083.1.<1.>684###root_1;Eukaryota_2759;Chordata_7711;Actinopteri_186623;Clupeiformes_32446;Clupeidae_55118;Brevoortia_224706;Brevoortia_tyrannus_224708	99.371	100	1.33e-77	159	0	N/A	N/A	N/A
d917d7f9d19048d85b818dfe139381a2	AP009618.1.69.1020###root_1;Eukaryota_2759;Chordata_7711;Actinopteri_186623;Clupeiformes_32446;Clupeidae_55118;Brevoortia_224706;Brevoortia_tyrannus_224708	99.371	100	1.33e-77	159	0	N/A	N/A	N/A
d917d7f9d19048d85b818dfe139381a2	PP824516.1.<1.>221###root_1;Eukaryota_2759;Chordata_7711;Actinopteri_186623;Clupeiformes_32446;Clupeidae_55118;Brevoortia_224706;Brevoortia_patronus_224707	99.371	100	1.33e-77	159	0	N/A	N/A	N/A
d917d7f9d19048d85b818dfe139381a2	OP154163.1.<1.>952###root_1;Eukaryota_2759;Chordata_7711;Actinopteri_186623;Clupeiformes_32446;Clupeidae_55118;Brevoortia_224706;Brevoortia_patronus_224707	99.371	100	1.33e-77	159	0	N/A	N/A	N/A
d917d7f9d19048d85b818dfe139381a2	KX686085.1.<1.>684###root_1;Eukaryota_2759;Chordata_7711;Actinopteri_186623;Clupeiformes_32446;Clupeidae_55118;Brevoortia_224706;Brevoortia_tyrannus_224708	98.742	100	6.19e-76	159	0	N/A	N/A	N/A
d917d7f9d19048d85b818dfe139381a2	PV529009.1.<1.>221###root_1;Eukaryota_2759;Chordata_7711;Actinopteri_186623;Clupeiformes_32446;Clupeidae_55118;Brevoortia_224706;Brevoortia_patronus_224707	98.742	100	6.19e-76	159	0	N/A	N/A	N/A
d917d7f9d19048d85b818dfe139381a2	PP824515.1.<1.>221###root_1;Eukaryota_2759;Chordata_7711;Actinopteri_186623;Clupeiformes_32446;Clupeidae_55118;Brevoortia_224706;Brevoortia_patronus_224707	98.742	100	6.19e-76	159	0	N/A	N/A	N/A
d917d7f9d19048d85b818dfe139381a2	OP057013.1.69.1020###root_1;Eukaryota_2759;Chordata_7711;Actinopteri_186623;Clupeiformes_32446;Clupeidae_55118;Brevoortia_224706;Brevoortia_patronus_224707	98.742	100	6.19e-76	159	0	N/A	N/A	N/A
c0f0ddd8490b88902c663d5e703589b8	JX423649.1.<1.>1741###root_1;Eukaryota_2759;Annelida_6340;Polychaeta_6341;Terebellida_6373;Melinnidae_2784885;Melinna_27392;Melinna_albicincta_1311520	93.258	100	1.18e-68	178	0	N/A	N/A	N/A
c0f0ddd8490b88902c663d5e703589b8	JX423651.1.<1.>1762###root_1;Eukaryota_2759;Annelida_6340;Polychaeta_6341;Terebellida_6373;Terebellidae_32261;Polycirrus_516039;Polycirrus_carolinensis_1311521	92.737	100	5.50e-67	179	0	N/A	N/A	N/A
a3b73ce278763265555582bd333808cc	MN356400.1.72.1045###root_1;Eukaryota_2759;Chordata_7711;Aves_8782;Suliformes_3073854;Phalacrocoracidae_9206;Phalacrocorax_9207;Phalacrocorax_auritus_56069	100.000	100	7.00e-91	180	0	N/A	N/A	N/A
a3b73ce278763265555582bd333808cc	AF173580.1.<1.973###root_1;Eukaryota_2759;Chordata_7711;Aves_8782;Suliformes_3073854;Phalacrocoracidae_9206;Phalacrocorax_9207;Phalacrocorax_brasilianus_37046	96.667	100	7.10e-81	180	0	N/A	N/A	N/A
a3b73ce278763265555582bd333808cc	KT626611.1.71.1044###root_1;Eukaryota_2759;Chordata_7711;Aves_8782;Suliformes_3073854;Phalacrocoracidae_9206;Phalacrocorax_9207;Phalacrocorax_brasilianus_37046	96.667	100	7.10e-81	180	0	N/A	N/A	N/A
a3b73ce278763265555582bd333808cc	MN356401.1.70.1045###root_1;Eukaryota_2759;Chordata_7711;Aves_8782;Suliformes_3073854;Phalacrocoracidae_9206;Phalacrocorax_9207;Phalacrocorax_harrisi_473964	93.923	100	1.55e-72	181	0	N/A	N/A	N/A
a3b73ce278763265555582bd333808cc	LC104782.1.<1.>180###root_1;Eukaryota_2759;Chordata_7711;Aves_8782;Suliformes_3073854;Phalacrocoracidae_9206;Phalacrocorax_9207;Phalacrocorax_carbo_9209	92.697	99	4.33e-68	178	0	N/A	N/A	N/A
a3b73ce278763265555582bd333808cc	LC715365.1.71.1053###root_1;Eukaryota_2759;Chordata_7711;Aves_8782;Suliformes_3073854;Phalacrocoracidae_9206;Phalacrocorax_9207;Phalacrocorax_carbo_9209	92.697	99	4.33e-68	178	0	N/A	N/A	N/A
a3b73ce278763265555582bd333808cc	MN356143.1.1.909###root_1;Eukaryota_2759;Chordata_7711;Aves_8782;Suliformes_3073854;Phalacrocoracidae_9206;Phalacrocorax_9207;Phalacrocorax_carbo_9209	92.697	99	4.33e-68	178	0	N/A	N/A	N/A
a3b73ce278763265555582bd333808cc	KR215630.1.71.1053###root_1;Eukaryota_2759;Chordata_7711;Aves_8782;Suliformes_3073854;Phalacrocoracidae_9206;Phalacrocorax_9207;Phalacrocorax_carbo_9209	92.697	99	4.33e-68	178	0	N/A	N/A	N/A
a3b73ce278763265555582bd333808cc	MZ595096.1.10.992###root_1;Eukaryota_2759;Chordata_7711;Aves_8782;Suliformes_3073854;Phalacrocoracidae_9206;Phalacrocorax_9207;Phalacrocorax_carbo_9209	92.697	99	4.33e-68	178	0	N/A	N/A	N/A
a3b73ce278763265555582bd333808cc	LC714913.1.71.1053###root_1;Eukaryota_2759;Chordata_7711;Aves_8782;Suliformes_3073854;Phalacrocoracidae_9206;Phalacrocorax_9207;Phalacrocorax_capillatus_146617	92.697	99	4.33e-68	178	0	N/A	N/A	N/A
bcb6fece7cbf57bc620a2190db8db00b	OP057106.2.70.1025###root_1;Eukaryota_2759;Chordata_7711;Actinopteri_186623;Gadiformes_8043;Phycidae_163113;Urophycis_183655;Urophycis_chuss_183656	99.471	100	3.42e-94	189	0	N/A	N/A	N/A
bcb6fece7cbf57bc620a2190db8db00b	OR380057.1.<1.>171###root_1;Eukaryota_2759;Chordata_7711;Actinopteri_186623;Gadiformes_8043;Phycidae_163113;Urophycis_183655;Urophycis_chuss_183656	99.415	90	3.47e-84	171	0	N/A	N/A	N/A
bcb6fece7cbf57bc620a2190db8db00b	OR380059.1.<1.>171###root_1;Eukaryota_2759;Chordata_7711;Actinopteri_186623;Gadiformes_8043;Phycidae_163113;Urophycis_183655;Urophycis_chuss_183656	98.830	90	1.61e-82	171	0	N/A	N/A	N/A
bcb6fece7cbf57bc620a2190db8db00b	MT103927.1.<1.>686###root_1;Eukaryota_2759;Chordata_7711;Actinopteri_186623;Gadiformes_8043;Phycidae_163113;Urophycis_183655;Urophycis_tenuis_183657	94.241	100	1.63e-77	191	0	N/A	N/A	N/A
bcb6fece7cbf57bc620a2190db8db00b	OR582684.1.69.1023###root_1;Eukaryota_2759;Chordata_7711;Actinopteri_186623;Gadiformes_8043;Phycidae_163113;Urophycis_183655;Urophycis_regia_630692	92.632	100	5.89e-72	190	0	N/A	N/A	N/A
bcb6fece7cbf57bc620a2190db8db00b	OR575619.1.70.1022###root_1;Eukaryota_2759;Chordata_7711;Actinopteri_186623;Gadiformes_8043;Phycidae_163113;Phycis_163114;Phycis_chesteri_348446	91.579	100	3.54e-69	190	0	N/A	N/A	N/A
bcb6fece7cbf57bc620a2190db8db00b	OR380257.1.<1.>169###root_1;Eukaryota_2759;Chordata_7711;Actinopteri_186623;Gadiformes_8043;Phycidae_163113;Urophycis_183655;Urophycis_regia_630692	92.398	90	1.28e-63	171	0	N/A	N/A	N/A
bcb6fece7cbf57bc620a2190db8db00b	OR380004.1.<1.>170###root_1;Eukaryota_2759;Chordata_7711;Actinopteri_186623;Gadiformes_8043;Phycidae_163113;Urophycis_183655;Urophycis_regia_630692	92.442	90	1.28e-63	172	0	N/A	N/A	N/A
bcb6fece7cbf57bc620a2190db8db00b	OR380169.1.<1.>170###root_1;Eukaryota_2759;Chordata_7711;Actinopteri_186623;Gadiformes_8043;Phycidae_163113;Urophycis_183655;Urophycis_regia_630692	91.860	90	5.97e-62	172	0	N/A	N/A	N/A
632ab7d339aff5c39643f7167b8b9919	EF657585.1.72.1025###root_1;Eukaryota_2759;Chordata_7711;Mammalia_40674;Primates_9443;Hominidae_9604;Homo_9605;Homo_sapiens_9606	100.000	100	7.35e-96	189	0	N/A	N/A	N/A
632ab7d339aff5c39643f7167b8b9919	AY495202.1.649.1602###root_1;Eukaryota_2759;Chordata_7711;Mammalia_40674;Primates_9443;Hominidae_9604;Homo_9605;Homo_sapiens_9606	100.000	100	7.35e-96	189	0	N/A	N/A	N/A
632ab7d339aff5c39643f7167b8b9919	KM986610.1.650.1603###root_1;Eukaryota_2759;Chordata_7711;Mammalia_40674;Primates_9443;Hominidae_9604;Homo_9605;Homo_sapiens_9606	100.000	100	7.35e-96	189	0	N/A	N/A	N/A
632ab7d339aff5c39643f7167b8b9919	KF451134.1.649.1602###root_1;Eukaryota_2759;Chordata_7711;Mammalia_40674;Primates_9443;Hominidae_9604;Homo_9605;Homo_sapiens_9606	100.000	100	7.35e-96	189	0	N/A	N/A	N/A
632ab7d339aff5c39643f7167b8b9919	KC152571.1.650.1603###root_1;Eukaryota_2759;Chordata_7711;Mammalia_40674;Primates_9443;Hominidae_9604;Homo_9605;Homo_sapiens_9606	100.000	100	7.35e-96	189	0	N/A	N/A	N/A
632ab7d339aff5c39643f7167b8b9919	KM101975.1.646.1599###root_1;Eukaryota_2759;Chordata_7711;Mammalia_40674;Primates_9443;Hominidae_9604;Homo_9605;Homo_sapiens_9606	100.000	100	7.35e-96	189	0	N/A	N/A	N/A
632ab7d339aff5c39643f7167b8b9919	MH553847.1.647.1600###root_1;Eukaryota_2759;Chordata_7711;Mammalia_40674;Primates_9443;Hominidae_9604;Homo_9605;Homo_sapiens_9606	100.000	100	7.35e-96	189	0	N/A	N/A	N/A
632ab7d339aff5c39643f7167b8b9919	OR438548.1.651.1604###root_1;Eukaryota_2759;Chordata_7711;Mammalia_40674;Primates_9443;Hominidae_9604;Homo_9605;Homo_sapiens_9606	100.000	100	7.35e-96	189	0	N/A	N/A	N/A
632ab7d339aff5c39643f7167b8b9919	OM489698.1.646.1599###root_1;Eukaryota_2759;Chordata_7711;Mammalia_40674;Primates_9443;Hominidae_9604;Homo_9605;Homo_sapiens_9606	100.000	100	7.35e-96	189	0	N/A	N/A	N/A
632ab7d339aff5c39643f7167b8b9919	MN687229.1.649.1602###root_1;Eukaryota_2759;Chordata_7711;Mammalia_40674;Primates_9443;Hominidae_9604;Homo_9605;Homo_sapiens_9606	100.000	100	7.35e-96	189	0	N/A	N/A	N/A
cd1294c11a0b9645e5447be00a19e95e	KM224290.1.<1.>319###root_1;Eukaryota_2759;Chordata_7711;Mammalia_40674;Primates_9443;Hominidae_9604;Homo_9605;Homo_sapiens_9606	99.471	100	3.42e-94	189	0	N/A	N/A	N/A
cd1294c11a0b9645e5447be00a19e95e	MN699881.1.<659.1579###root_1;Eukaryota_2759;Chordata_7711;Mammalia_40674;Primates_9443;Hominidae_9604;Homo_9605;Homo_sapiens_9606	99.471	100	3.42e-94	189	0	N/A	N/A	N/A
cd1294c11a0b9645e5447be00a19e95e	MN699926.1.<590.1539###root_1;Eukaryota_2759;Chordata_7711;Mammalia_40674;Primates_9443;Hominidae_9604;Homo_9605;Homo_sapiens_9606	99.471	100	3.42e-94	189	0	N/A	N/A	N/A
cd1294c11a0b9645e5447be00a19e95e	KJ937470.1.<797.1602###root_1;Eukaryota_2759;Chordata_7711;Mammalia_40674;Primates_9443;Hominidae_9604;Homo_9605;Homo_sapiens_9606	99.471	100	3.42e-94	189	0	N/A	N/A	N/A
cd1294c11a0b9645e5447be00a19e95e	MN203701.1.<1.>731###root_1;Eukaryota_2759;Chordata_7711;Mammalia_40674;Primates_9443;Hominidae_9604;Homo_9605;Homo_sapiens_9606	99.471	100	3.42e-94	189	0	N/A	N/A	N/A
cd1294c11a0b9645e5447be00a19e95e	ON597678.1.651.1604###root_1;Eukaryota_2759;Chordata_7711;Mammalia_40674;Primates_9443;Hominidae_9604;Homo_9605;Homo_sapiens_9606	99.471	100	3.42e-94	189	0	N/A	N/A	N/A
cd1294c11a0b9645e5447be00a19e95e	KM224288.1.<1.>332###root_1;Eukaryota_2759;Chordata_7711;Mammalia_40674;Primates_9443;Hominidae_9604;Homo_9605;Homo_sapiens_9606	99.471	100	3.42e-94	189	0	N/A	N/A	N/A
cd1294c11a0b9645e5447be00a19e95e	KM224289.1.<1.>331###root_1;Eukaryota_2759;Chordata_7711;Mammalia_40674;Primates_9443;Hominidae_9604;Homo_9605;Homo_sapiens_9606	99.471	100	3.42e-94	189	0	N/A	N/A	N/A
cd1294c11a0b9645e5447be00a19e95e	MW172482.1.<705.1604###root_1;Eukaryota_2759;Chordata_7711;Mammalia_40674;Primates_9443;Hominidae_9604;Homo_9605;Homo_sapiens_9606	99.471	100	3.42e-94	189	0	N/A	N/A	N/A
cd1294c11a0b9645e5447be00a19e95e	MN203703.1.<1.>708###root_1;Eukaryota_2759;Chordata_7711;Mammalia_40674;Primates_9443;Hominidae_9604;Homo_9605;Homo_sapiens_9606	99.471	100	3.42e-94	189	0	N/A	N/A	N/A
947e7bff3b711630599bb6c654a31e97	KM224290.1.<1.>319###root_1;Eukaryota_2759;Chordata_7711;Mammalia_40674;Primates_9443;Hominidae_9604;Homo_9605;Homo_sapiens_9606	100.000	100	7.35e-96	189	0	N/A	N/A	N/A
947e7bff3b711630599bb6c654a31e97	MN699881.1.<659.1579###root_1;Eukaryota_2759;Chordata_7711;Mammalia_40674;Primates_9443;Hominidae_9604;Homo_9605;Homo_sapiens_9606	100.000	100	7.35e-96	189	0	N/A	N/A	N/A
947e7bff3b711630599bb6c654a31e97	MN699926.1.<590.1539###root_1;Eukaryota_2759;Chordata_7711;Mammalia_40674;Primates_9443;Hominidae_9604;Homo_9605;Homo_sapiens_9606	100.000	100	7.35e-96	189	0	N/A	N/A	N/A
947e7bff3b711630599bb6c654a31e97	KJ937470.1.<797.1602###root_1;Eukaryota_2759;Chordata_7711;Mammalia_40674;Primates_9443;Hominidae_9604;Homo_9605;Homo_sapiens_9606	100.000	100	7.35e-96	189	0	N/A	N/A	N/A
947e7bff3b711630599bb6c654a31e97	MN203701.1.<1.>731###root_1;Eukaryota_2759;Chordata_7711;Mammalia_40674;Primates_9443;Hominidae_9604;Homo_9605;Homo_sapiens_9606	100.000	100	7.35e-96	189	0	N/A	N/A	N/A
947e7bff3b711630599bb6c654a31e97	ON597678.1.651.1604###root_1;Eukaryota_2759;Chordata_7711;Mammalia_40674;Primates_9443;Hominidae_9604;Homo_9605;Homo_sapiens_9606	100.000	100	7.35e-96	189	0	N/A	N/A	N/A
947e7bff3b711630599bb6c654a31e97	KM224288.1.<1.>332###root_1;Eukaryota_2759;Chordata_7711;Mammalia_40674;Primates_9443;Hominidae_9604;Homo_9605;Homo_sapiens_9606	100.000	100	7.35e-96	189	0	N/A	N/A	N/A
947e7bff3b711630599bb6c654a31e97	KM224289.1.<1.>331###root_1;Eukaryota_2759;Chordata_7711;Mammalia_40674;Primates_9443;Hominidae_9604;Homo_9605;Homo_sapiens_9606	100.000	100	7.35e-96	189	0	N/A	N/A	N/A
947e7bff3b711630599bb6c654a31e97	MW172482.1.<705.1604###root_1;Eukaryota_2759;Chordata_7711;Mammalia_40674;Primates_9443;Hominidae_9604;Homo_9605;Homo_sapiens_9606	100.000	100	7.35e-96	189	0	N/A	N/A	N/A
947e7bff3b711630599bb6c654a31e97	MN203703.1.<1.>708###root_1;Eukaryota_2759;Chordata_7711;Mammalia_40674;Primates_9443;Hominidae_9604;Homo_9605;Homo_sapiens_9606	100.000	100	7.35e-96	189	0	N/A	N/A	N/A
6bbb4260399bfceac2839e6d24384e3a	KM224290.1.<1.>319###root_1;Eukaryota_2759;Chordata_7711;Mammalia_40674;Primates_9443;Hominidae_9604;Homo_9605;Homo_sapiens_9606	99.471	100	3.42e-94	189	0	N/A	N/A	N/A
6bbb4260399bfceac2839e6d24384e3a	MN699881.1.<659.1579###root_1;Eukaryota_2759;Chordata_7711;Mammalia_40674;Primates_9443;Hominidae_9604;Homo_9605;Homo_sapiens_9606	99.471	100	3.42e-94	189	0	N/A	N/A	N/A
6bbb4260399bfceac2839e6d24384e3a	MN699926.1.<590.1539###root_1;Eukaryota_2759;Chordata_7711;Mammalia_40674;Primates_9443;Hominidae_9604;Homo_9605;Homo_sapiens_9606	99.471	100	3.42e-94	189	0	N/A	N/A	N/A
6bbb4260399bfceac2839e6d24384e3a	KJ937470.1.<797.1602###root_1;Eukaryota_2759;Chordata_7711;Mammalia_40674;Primates_9443;Hominidae_9604;Homo_9605;Homo_sapiens_9606	99.471	100	3.42e-94	189	0	N/A	N/A	N/A
6bbb4260399bfceac2839e6d24384e3a	MN203701.1.<1.>731###root_1;Eukaryota_2759;Chordata_7711;Mammalia_40674;Primates_9443;Hominidae_9604;Homo_9605;Homo_sapiens_9606	99.471	100	3.42e-94	189	0	N/A	N/A	N/A
6bbb4260399bfceac2839e6d24384e3a	ON597678.1.651.1604###root_1;Eukaryota_2759;Chordata_7711;Mammalia_40674;Primates_9443;Hominidae_9604;Homo_9605;Homo_sapiens_9606	99.471	100	3.42e-94	189	0	N/A	N/A	N/A
6bbb4260399bfceac2839e6d24384e3a	KM224288.1.<1.>332###root_1;Eukaryota_2759;Chordata_7711;Mammalia_40674;Primates_9443;Hominidae_9604;Homo_9605;Homo_sapiens_9606	99.471	100	3.42e-94	189	0	N/A	N/A	N/A
6bbb4260399bfceac2839e6d24384e3a	KM224289.1.<1.>331###root_1;Eukaryota_2759;Chordata_7711;Mammalia_40674;Primates_9443;Hominidae_9604;Homo_9605;Homo_sapiens_9606	99.471	100	3.42e-94	189	0	N/A	N/A	N/A
6bbb4260399bfceac2839e6d24384e3a	MW172482.1.<705.1604###root_1;Eukaryota_2759;Chordata_7711;Mammalia_40674;Primates_9443;Hominidae_9604;Homo_9605;Homo_sapiens_9606	99.471	100	3.42e-94	189	0	N/A	N/A	N/A
6bbb4260399bfceac2839e6d24384e3a	MN203703.1.<1.>708###root_1;Eukaryota_2759;Chordata_7711;Mammalia_40674;Primates_9443;Hominidae_9604;Homo_9605;Homo_sapiens_9606	99.471	100	3.42e-94	189	0	N/A	N/A	N/A
9d72886311a9f0c7c47a6996044035bb	KM224290.1.<1.>319###root_1;Eukaryota_2759;Chordata_7711;Mammalia_40674;Primates_9443;Hominidae_9604;Homo_9605;Homo_sapiens_9606	99.471	100	3.42e-94	189	0	N/A	N/A	N/A
9d72886311a9f0c7c47a6996044035bb	MN699881.1.<659.1579###root_1;Eukaryota_2759;Chordata_7711;Mammalia_40674;Primates_9443;Hominidae_9604;Homo_9605;Homo_sapiens_9606	99.471	100	3.42e-94	189	0	N/A	N/A	N/A
9d72886311a9f0c7c47a6996044035bb	MN699926.1.<590.1539###root_1;Eukaryota_2759;Chordata_7711;Mammalia_40674;Primates_9443;Hominidae_9604;Homo_9605;Homo_sapiens_9606	99.471	100	3.42e-94	189	0	N/A	N/A	N/A
9d72886311a9f0c7c47a6996044035bb	KJ937470.1.<797.1602###root_1;Eukaryota_2759;Chordata_7711;Mammalia_40674;Primates_9443;Hominidae_9604;Homo_9605;Homo_sapiens_9606	99.471	100	3.42e-94	189	0	N/A	N/A	N/A
9d72886311a9f0c7c47a6996044035bb	MN203701.1.<1.>731###root_1;Eukaryota_2759;Chordata_7711;Mammalia_40674;Primates_9443;Hominidae_9604;Homo_9605;Homo_sapiens_9606	99.471	100	3.42e-94	189	0	N/A	N/A	N/A
9d72886311a9f0c7c47a6996044035bb	ON597678.1.651.1604###root_1;Eukaryota_2759;Chordata_7711;Mammalia_40674;Primates_9443;Hominidae_9604;Homo_9605;Homo_sapiens_9606	99.471	100	3.42e-94	189	0	N/A	N/A	N/A
9d72886311a9f0c7c47a6996044035bb	KM224288.1.<1.>332###root_1;Eukaryota_2759;Chordata_7711;Mammalia_40674;Primates_9443;Hominidae_9604;Homo_9605;Homo_sapiens_9606	99.471	100	3.42e-94	189	0	N/A	N/A	N/A
9d72886311a9f0c7c47a6996044035bb	KM224289.1.<1.>331###root_1;Eukaryota_2759;Chordata_7711;Mammalia_40674;Primates_9443;Hominidae_9604;Homo_9605;Homo_sapiens_9606	99.471	100	3.42e-94	189	0	N/A	N/A	N/A
9d72886311a9f0c7c47a6996044035bb	MW172482.1.<705.1604###root_1;Eukaryota_2759;Chordata_7711;Mammalia_40674;Primates_9443;Hominidae_9604;Homo_9605;Homo_sapiens_9606	99.471	100	3.42e-94	189	0	N/A	N/A	N/A
9d72886311a9f0c7c47a6996044035bb	MN203703.1.<1.>708###root_1;Eukaryota_2759;Chordata_7711;Mammalia_40674;Primates_9443;Hominidae_9604;Homo_9605;Homo_sapiens_9606	99.471	100	3.42e-94	189	0	N/A	N/A	N/A
8512f83f8ff8251a6e8c1ed1d0c15d8f	KM224290.1.<1.>319###root_1;Eukaryota_2759;Chordata_7711;Mammalia_40674;Primates_9443;Hominidae_9604;Homo_9605;Homo_sapiens_9606	99.471	100	3.42e-94	189	0	N/A	N/A	N/A
8512f83f8ff8251a6e8c1ed1d0c15d8f	MN699881.1.<659.1579###root_1;Eukaryota_2759;Chordata_7711;Mammalia_40674;Primates_9443;Hominidae_9604;Homo_9605;Homo_sapiens_9606	99.471	100	3.42e-94	189	0	N/A	N/A	N/A
8512f83f8ff8251a6e8c1ed1d0c15d8f	MN699926.1.<590.1539###root_1;Eukaryota_2759;Chordata_7711;Mammalia_40674;Primates_9443;Hominidae_9604;Homo_9605;Homo_sapiens_9606	99.471	100	3.42e-94	189	0	N/A	N/A	N/A
8512f83f8ff8251a6e8c1ed1d0c15d8f	KJ937470.1.<797.1602###root_1;Eukaryota_2759;Chordata_7711;Mammalia_40674;Primates_9443;Hominidae_9604;Homo_9605;Homo_sapiens_9606	99.471	100	3.42e-94	189	0	N/A	N/A	N/A
8512f83f8ff8251a6e8c1ed1d0c15d8f	MN203701.1.<1.>731###root_1;Eukaryota_2759;Chordata_7711;Mammalia_40674;Primates_9443;Hominidae_9604;Homo_9605;Homo_sapiens_9606	99.471	100	3.42e-94	189	0	N/A	N/A	N/A
8512f83f8ff8251a6e8c1ed1d0c15d8f	ON597678.1.651.1604###root_1;Eukaryota_2759;Chordata_7711;Mammalia_40674;Primates_9443;Hominidae_9604;Homo_9605;Homo_sapiens_9606	99.471	100	3.42e-94	189	0	N/A	N/A	N/A
8512f83f8ff8251a6e8c1ed1d0c15d8f	KM224288.1.<1.>332###root_1;Eukaryota_2759;Chordata_7711;Mammalia_40674;Primates_9443;Hominidae_9604;Homo_9605;Homo_sapiens_9606	99.471	100	3.42e-94	189	0	N/A	N/A	N/A
8512f83f8ff8251a6e8c1ed1d0c15d8f	KM224289.1.<1.>331###root_1;Eukaryota_2759;Chordata_7711;Mammalia_40674;Primates_9443;Hominidae_9604;Homo_9605;Homo_sapiens_9606	99.471	100	3.42e-94	189	0	N/A	N/A	N/A
8512f83f8ff8251a6e8c1ed1d0c15d8f	MW172482.1.<705.1604###root_1;Eukaryota_2759;Chordata_7711;Mammalia_40674;Primates_9443;Hominidae_9604;Homo_9605;Homo_sapiens_9606	99.471	100	3.42e-94	189	0	N/A	N/A	N/A
8512f83f8ff8251a6e8c1ed1d0c15d8f	MN203703.1.<1.>708###root_1;Eukaryota_2759;Chordata_7711;Mammalia_40674;Primates_9443;Hominidae_9604;Homo_9605;Homo_sapiens_9606	99.471	100	3.42e-94	189	0	N/A	N/A	N/A
8c0591e48d9924c2df1b807706426dfc	OP057106.2.70.1025###root_1;Eukaryota_2759;Chordata_7711;Actinopteri_186623;Gadiformes_8043;Phycidae_163113;Urophycis_183655;Urophycis_chuss_183656	99.471	100	3.42e-94	189	0	N/A	N/A	N/A
8c0591e48d9924c2df1b807706426dfc	OR380057.1.<1.>171###root_1;Eukaryota_2759;Chordata_7711;Actinopteri_186623;Gadiformes_8043;Phycidae_163113;Urophycis_183655;Urophycis_chuss_183656	99.415	90	3.47e-84	171	0	N/A	N/A	N/A
8c0591e48d9924c2df1b807706426dfc	OR380059.1.<1.>171###root_1;Eukaryota_2759;Chordata_7711;Actinopteri_186623;Gadiformes_8043;Phycidae_163113;Urophycis_183655;Urophycis_chuss_183656	98.830	90	1.61e-82	171	0	N/A	N/A	N/A
8c0591e48d9924c2df1b807706426dfc	MT103927.1.<1.>686###root_1;Eukaryota_2759;Chordata_7711;Actinopteri_186623;Gadiformes_8043;Phycidae_163113;Urophycis_183655;Urophycis_tenuis_183657	94.241	100	1.63e-77	191	0	N/A	N/A	N/A
8c0591e48d9924c2df1b807706426dfc	OR582684.1.69.1023###root_1;Eukaryota_2759;Chordata_7711;Actinopteri_186623;Gadiformes_8043;Phycidae_163113;Urophycis_183655;Urophycis_regia_630692	92.632	100	5.89e-72	190	0	N/A	N/A	N/A
8c0591e48d9924c2df1b807706426dfc	OR575619.1.70.1022###root_1;Eukaryota_2759;Chordata_7711;Actinopteri_186623;Gadiformes_8043;Phycidae_163113;Phycis_163114;Phycis_chesteri_348446	91.579	100	3.54e-69	190	0	N/A	N/A	N/A
8c0591e48d9924c2df1b807706426dfc	OR380257.1.<1.>169###root_1;Eukaryota_2759;Chordata_7711;Actinopteri_186623;Gadiformes_8043;Phycidae_163113;Urophycis_183655;Urophycis_regia_630692	92.398	90	1.28e-63	171	0	N/A	N/A	N/A
8c0591e48d9924c2df1b807706426dfc	OR380004.1.<1.>170###root_1;Eukaryota_2759;Chordata_7711;Actinopteri_186623;Gadiformes_8043;Phycidae_163113;Urophycis_183655;Urophycis_regia_630692	92.442	90	1.28e-63	172	0	N/A	N/A	N/A
8c0591e48d9924c2df1b807706426dfc	OR380169.1.<1.>170###root_1;Eukaryota_2759;Chordata_7711;Actinopteri_186623;Gadiformes_8043;Phycidae_163113;Urophycis_183655;Urophycis_regia_630692	91.860	90	5.97e-62	172	0	N/A	N/A	N/A
c97137b73582b0d8dc6018ec415b31bb	OP057106.2.70.1025###root_1;Eukaryota_2759;Chordata_7711;Actinopteri_186623;Gadiformes_8043;Phycidae_163113;Urophycis_183655;Urophycis_chuss_183656	99.471	100	3.42e-94	189	0	N/A	N/A	N/A
c97137b73582b0d8dc6018ec415b31bb	OR380057.1.<1.>171###root_1;Eukaryota_2759;Chordata_7711;Actinopteri_186623;Gadiformes_8043;Phycidae_163113;Urophycis_183655;Urophycis_chuss_183656	99.415	90	3.47e-84	171	0	N/A	N/A	N/A
c97137b73582b0d8dc6018ec415b31bb	OR380059.1.<1.>171###root_1;Eukaryota_2759;Chordata_7711;Actinopteri_186623;Gadiformes_8043;Phycidae_163113;Urophycis_183655;Urophycis_chuss_183656	98.830	90	1.61e-82	171	0	N/A	N/A	N/A
c97137b73582b0d8dc6018ec415b31bb	MT103927.1.<1.>686###root_1;Eukaryota_2759;Chordata_7711;Actinopteri_186623;Gadiformes_8043;Phycidae_163113;Urophycis_183655;Urophycis_tenuis_183657	94.241	100	1.63e-77	191	0	N/A	N/A	N/A
c97137b73582b0d8dc6018ec415b31bb	OR582684.1.69.1023###root_1;Eukaryota_2759;Chordata_7711;Actinopteri_186623;Gadiformes_8043;Phycidae_163113;Urophycis_183655;Urophycis_regia_630692	92.632	100	5.89e-72	190	0	N/A	N/A	N/A
c97137b73582b0d8dc6018ec415b31bb	OR575619.1.70.1022###root_1;Eukaryota_2759;Chordata_7711;Actinopteri_186623;Gadiformes_8043;Phycidae_163113;Phycis_163114;Phycis_chesteri_348446	91.579	100	3.54e-69	190	0	N/A	N/A	N/A
c97137b73582b0d8dc6018ec415b31bb	OR380257.1.<1.>169###root_1;Eukaryota_2759;Chordata_7711;Actinopteri_186623;Gadiformes_8043;Phycidae_163113;Urophycis_183655;Urophycis_regia_630692	92.398	90	1.28e-63	171	0	N/A	N/A	N/A
c97137b73582b0d8dc6018ec415b31bb	OR380004.1.<1.>170###root_1;Eukaryota_2759;Chordata_7711;Actinopteri_186623;Gadiformes_8043;Phycidae_163113;Urophycis_183655;Urophycis_regia_630692	92.442	90	1.28e-63	172	0	N/A	N/A	N/A
c97137b73582b0d8dc6018ec415b31bb	OR380169.1.<1.>170###root_1;Eukaryota_2759;Chordata_7711;Actinopteri_186623;Gadiformes_8043;Phycidae_163113;Urophycis_183655;Urophycis_regia_630692	91.860	90	5.97e-62	172	0	N/A	N/A	N/A
8ac934c375ee214162abffc6f8650f95	OP057106.2.70.1025###root_1;Eukaryota_2759;Chordata_7711;Actinopteri_186623;Gadiformes_8043;Phycidae_163113;Urophycis_183655;Urophycis_chuss_183656	99.471	100	3.42e-94	189	0	N/A	N/A	N/A
8ac934c375ee214162abffc6f8650f95	OR380057.1.<1.>171###root_1;Eukaryota_2759;Chordata_7711;Actinopteri_186623;Gadiformes_8043;Phycidae_163113;Urophycis_183655;Urophycis_chuss_183656	99.415	90	3.47e-84	171	0	N/A	N/A	N/A
8ac934c375ee214162abffc6f8650f95	OR380059.1.<1.>171###root_1;Eukaryota_2759;Chordata_7711;Actinopteri_186623;Gadiformes_8043;Phycidae_163113;Urophycis_183655;Urophycis_chuss_183656	98.830	90	1.61e-82	171	0	N/A	N/A	N/A
8ac934c375ee214162abffc6f8650f95	MT103927.1.<1.>686###root_1;Eukaryota_2759;Chordata_7711;Actinopteri_186623;Gadiformes_8043;Phycidae_163113;Urophycis_183655;Urophycis_tenuis_183657	94.241	100	1.63e-77	191	0	N/A	N/A	N/A
8ac934c375ee214162abffc6f8650f95	PP033016.1.70.1028###root_1;Eukaryota_2759;Chordata_7711;Actinopteri_186623;Gadiformes_8043;Phycidae_163113;Urophycis_183655;Urophycis_brasiliensis_1154667	93.194	100	3.52e-74	191	0	N/A	N/A	N/A
8ac934c375ee214162abffc6f8650f95	OR582684.1.69.1023###root_1;Eukaryota_2759;Chordata_7711;Actinopteri_186623;Gadiformes_8043;Phycidae_163113;Urophycis_183655;Urophycis_regia_630692	92.632	100	5.89e-72	190	0	N/A	N/A	N/A
8ac934c375ee214162abffc6f8650f95	OR575619.1.70.1022###root_1;Eukaryota_2759;Chordata_7711;Actinopteri_186623;Gadiformes_8043;Phycidae_163113;Phycis_163114;Phycis_chesteri_348446	91.579	100	3.54e-69	190	0	N/A	N/A	N/A
8ac934c375ee214162abffc6f8650f95	OR380257.1.<1.>169###root_1;Eukaryota_2759;Chordata_7711;Actinopteri_186623;Gadiformes_8043;Phycidae_163113;Urophycis_183655;Urophycis_regia_630692	92.398	90	1.28e-63	171	0	N/A	N/A	N/A
8ac934c375ee214162abffc6f8650f95	OR380004.1.<1.>170###root_1;Eukaryota_2759;Chordata_7711;Actinopteri_186623;Gadiformes_8043;Phycidae_163113;Urophycis_183655;Urophycis_regia_630692	92.442	90	1.28e-63	172	0	N/A	N/A	N/A
3c5a89fc4d14c5fd105836f4709582f8	OP057106.2.70.1025###root_1;Eukaryota_2759;Chordata_7711;Actinopteri_186623;Gadiformes_8043;Phycidae_163113;Urophycis_183655;Urophycis_chuss_183656	99.471	100	3.42e-94	189	0	N/A	N/A	N/A
3c5a89fc4d14c5fd105836f4709582f8	OR380057.1.<1.>171###root_1;Eukaryota_2759;Chordata_7711;Actinopteri_186623;Gadiformes_8043;Phycidae_163113;Urophycis_183655;Urophycis_chuss_183656	99.415	90	3.47e-84	171	0	N/A	N/A	N/A
3c5a89fc4d14c5fd105836f4709582f8	OR380059.1.<1.>171###root_1;Eukaryota_2759;Chordata_7711;Actinopteri_186623;Gadiformes_8043;Phycidae_163113;Urophycis_183655;Urophycis_chuss_183656	98.830	90	1.61e-82	171	0	N/A	N/A	N/A
3c5a89fc4d14c5fd105836f4709582f8	MT103927.1.<1.>686###root_1;Eukaryota_2759;Chordata_7711;Actinopteri_186623;Gadiformes_8043;Phycidae_163113;Urophycis_183655;Urophycis_tenuis_183657	94.241	100	1.63e-77	191	0	N/A	N/A	N/A
3c5a89fc4d14c5fd105836f4709582f8	PP033016.1.70.1028###root_1;Eukaryota_2759;Chordata_7711;Actinopteri_186623;Gadiformes_8043;Phycidae_163113;Urophycis_183655;Urophycis_brasiliensis_1154667	93.194	100	3.52e-74	191	0	N/A	N/A	N/A
3c5a89fc4d14c5fd105836f4709582f8	OR582684.1.69.1023###root_1;Eukaryota_2759;Chordata_7711;Actinopteri_186623;Gadiformes_8043;Phycidae_163113;Urophycis_183655;Urophycis_regia_630692	92.632	100	5.89e-72	190	0	N/A	N/A	N/A
3c5a89fc4d14c5fd105836f4709582f8	OR575619.1.70.1022###root_1;Eukaryota_2759;Chordata_7711;Actinopteri_186623;Gadiformes_8043;Phycidae_163113;Phycis_163114;Phycis_chesteri_348446	91.579	100	3.54e-69	190	0	N/A	N/A	N/A
3c5a89fc4d14c5fd105836f4709582f8	OR380257.1.<1.>169###root_1;Eukaryota_2759;Chordata_7711;Actinopteri_186623;Gadiformes_8043;Phycidae_163113;Urophycis_183655;Urophycis_regia_630692	92.398	90	1.28e-63	171	0	N/A	N/A	N/A
3c5a89fc4d14c5fd105836f4709582f8	OR380004.1.<1.>170###root_1;Eukaryota_2759;Chordata_7711;Actinopteri_186623;Gadiformes_8043;Phycidae_163113;Urophycis_183655;Urophycis_regia_630692	92.442	90	1.28e-63	172	0	N/A	N/A	N/A
e534f0dab3bb9b1f3464bf3997e5f2d2	OP057106.2.70.1025###root_1;Eukaryota_2759;Chordata_7711;Actinopteri_186623;Gadiformes_8043;Phycidae_163113;Urophycis_183655;Urophycis_chuss_183656	98.942	100	1.59e-92	189	0	N/A	N/A	N/A
e534f0dab3bb9b1f3464bf3997e5f2d2	OR380057.1.<1.>171###root_1;Eukaryota_2759;Chordata_7711;Actinopteri_186623;Gadiformes_8043;Phycidae_163113;Urophycis_183655;Urophycis_chuss_183656	98.830	90	1.61e-82	171	0	N/A	N/A	N/A
e534f0dab3bb9b1f3464bf3997e5f2d2	OR380059.1.<1.>171###root_1;Eukaryota_2759;Chordata_7711;Actinopteri_186623;Gadiformes_8043;Phycidae_163113;Urophycis_183655;Urophycis_chuss_183656	98.246	90	7.51e-81	171	0	N/A	N/A	N/A
e534f0dab3bb9b1f3464bf3997e5f2d2	MT103927.1.<1.>686###root_1;Eukaryota_2759;Chordata_7711;Actinopteri_186623;Gadiformes_8043;Phycidae_163113;Urophycis_183655;Urophycis_tenuis_183657	93.717	100	7.56e-76	191	0	N/A	N/A	N/A
e534f0dab3bb9b1f3464bf3997e5f2d2	PP033016.1.70.1028###root_1;Eukaryota_2759;Chordata_7711;Actinopteri_186623;Gadiformes_8043;Phycidae_163113;Urophycis_183655;Urophycis_brasiliensis_1154667	92.670	100	1.64e-72	191	0	N/A	N/A	N/A
e534f0dab3bb9b1f3464bf3997e5f2d2	OR582684.1.69.1023###root_1;Eukaryota_2759;Chordata_7711;Actinopteri_186623;Gadiformes_8043;Phycidae_163113;Urophycis_183655;Urophycis_regia_630692	92.105	100	2.74e-70	190	0	N/A	N/A	N/A
e534f0dab3bb9b1f3464bf3997e5f2d2	OR575619.1.70.1022###root_1;Eukaryota_2759;Chordata_7711;Actinopteri_186623;Gadiformes_8043;Phycidae_163113;Phycis_163114;Phycis_chesteri_348446	91.053	100	1.65e-67	190	0	N/A	N/A	N/A
e534f0dab3bb9b1f3464bf3997e5f2d2	OR380257.1.<1.>169###root_1;Eukaryota_2759;Chordata_7711;Actinopteri_186623;Gadiformes_8043;Phycidae_163113;Urophycis_183655;Urophycis_regia_630692	91.813	90	5.97e-62	171	0	N/A	N/A	N/A
e534f0dab3bb9b1f3464bf3997e5f2d2	OR380004.1.<1.>170###root_1;Eukaryota_2759;Chordata_7711;Actinopteri_186623;Gadiformes_8043;Phycidae_163113;Urophycis_183655;Urophycis_regia_630692	91.860	90	5.97e-62	172	0	N/A	N/A	N/A
4906e381373cc38674bc3476b6fbbacd	OP057106.2.70.1025###root_1;Eukaryota_2759;Chordata_7711;Actinopteri_186623;Gadiformes_8043;Phycidae_163113;Urophycis_183655;Urophycis_chuss_183656	98.413	100	7.40e-91	189	0	N/A	N/A	N/A
4906e381373cc38674bc3476b6fbbacd	OR380057.1.<1.>171###root_1;Eukaryota_2759;Chordata_7711;Actinopteri_186623;Gadiformes_8043;Phycidae_163113;Urophycis_183655;Urophycis_chuss_183656	98.246	90	7.51e-81	171	0	N/A	N/A	N/A
4906e381373cc38674bc3476b6fbbacd	OR380059.1.<1.>171###root_1;Eukaryota_2759;Chordata_7711;Actinopteri_186623;Gadiformes_8043;Phycidae_163113;Urophycis_183655;Urophycis_chuss_183656	97.661	90	3.49e-79	171	0	N/A	N/A	N/A
4906e381373cc38674bc3476b6fbbacd	MT103927.1.<1.>686###root_1;Eukaryota_2759;Chordata_7711;Actinopteri_186623;Gadiformes_8043;Phycidae_163113;Urophycis_183655;Urophycis_tenuis_183657	93.194	100	3.52e-74	191	0	N/A	N/A	N/A
4906e381373cc38674bc3476b6fbbacd	PP033016.1.70.1028###root_1;Eukaryota_2759;Chordata_7711;Actinopteri_186623;Gadiformes_8043;Phycidae_163113;Urophycis_183655;Urophycis_brasiliensis_1154667	92.147	100	7.62e-71	191	0	N/A	N/A	N/A
4906e381373cc38674bc3476b6fbbacd	OR582684.1.69.1023###root_1;Eukaryota_2759;Chordata_7711;Actinopteri_186623;Gadiformes_8043;Phycidae_163113;Urophycis_183655;Urophycis_regia_630692	91.579	100	1.27e-68	190	0	N/A	N/A	N/A
4906e381373cc38674bc3476b6fbbacd	OR575619.1.70.1022###root_1;Eukaryota_2759;Chordata_7711;Actinopteri_186623;Gadiformes_8043;Phycidae_163113;Phycis_163114;Phycis_chesteri_348446	90.526	100	7.67e-66	190	0	N/A	N/A	N/A
4906e381373cc38674bc3476b6fbbacd	OR380257.1.<1.>169###root_1;Eukaryota_2759;Chordata_7711;Actinopteri_186623;Gadiformes_8043;Phycidae_163113;Urophycis_183655;Urophycis_regia_630692	91.228	90	2.78e-60	171	0	N/A	N/A	N/A
4906e381373cc38674bc3476b6fbbacd	OR380004.1.<1.>170###root_1;Eukaryota_2759;Chordata_7711;Actinopteri_186623;Gadiformes_8043;Phycidae_163113;Urophycis_183655;Urophycis_regia_630692	91.279	90	2.78e-60	172	0	N/A	N/A	N/A
d6c1bde62e29570322ae4560a6e00786	OP057106.2.70.1025###root_1;Eukaryota_2759;Chordata_7711;Actinopteri_186623;Gadiformes_8043;Phycidae_163113;Urophycis_183655;Urophycis_chuss_183656	99.471	100	3.42e-94	189	0	N/A	N/A	N/A
d6c1bde62e29570322ae4560a6e00786	OR380057.1.<1.>171###root_1;Eukaryota_2759;Chordata_7711;Actinopteri_186623;Gadiformes_8043;Phycidae_163113;Urophycis_183655;Urophycis_chuss_183656	99.415	90	3.47e-84	171	0	N/A	N/A	N/A
d6c1bde62e29570322ae4560a6e00786	OR380059.1.<1.>171###root_1;Eukaryota_2759;Chordata_7711;Actinopteri_186623;Gadiformes_8043;Phycidae_163113;Urophycis_183655;Urophycis_chuss_183656	98.830	90	1.61e-82	171	0	N/A	N/A	N/A
d6c1bde62e29570322ae4560a6e00786	MT103927.1.<1.>686###root_1;Eukaryota_2759;Chordata_7711;Actinopteri_186623;Gadiformes_8043;Phycidae_163113;Urophycis_183655;Urophycis_tenuis_183657	94.241	100	1.63e-77	191	0	N/A	N/A	N/A
d6c1bde62e29570322ae4560a6e00786	PP033016.1.70.1028###root_1;Eukaryota_2759;Chordata_7711;Actinopteri_186623;Gadiformes_8043;Phycidae_163113;Urophycis_183655;Urophycis_brasiliensis_1154667	93.717	100	7.56e-76	191	0	N/A	N/A	N/A
d6c1bde62e29570322ae4560a6e00786	OR582684.1.69.1023###root_1;Eukaryota_2759;Chordata_7711;Actinopteri_186623;Gadiformes_8043;Phycidae_163113;Urophycis_183655;Urophycis_regia_630692	92.632	100	5.89e-72	190	0	N/A	N/A	N/A
d6c1bde62e29570322ae4560a6e00786	OR575619.1.70.1022###root_1;Eukaryota_2759;Chordata_7711;Actinopteri_186623;Gadiformes_8043;Phycidae_163113;Phycis_163114;Phycis_chesteri_348446	91.579	100	3.54e-69	190	0	N/A	N/A	N/A
d6c1bde62e29570322ae4560a6e00786	OR380257.1.<1.>169###root_1;Eukaryota_2759;Chordata_7711;Actinopteri_186623;Gadiformes_8043;Phycidae_163113;Urophycis_183655;Urophycis_regia_630692	92.398	90	1.28e-63	171	0	N/A	N/A	N/A
d6c1bde62e29570322ae4560a6e00786	OR380004.1.<1.>170###root_1;Eukaryota_2759;Chordata_7711;Actinopteri_186623;Gadiformes_8043;Phycidae_163113;Urophycis_183655;Urophycis_regia_630692	92.442	90	1.28e-63	172	0	N/A	N/A	N/A
96b82be35f772dbff9cf03ce26c556f9	OP057106.2.70.1025###root_1;Eukaryota_2759;Chordata_7711;Actinopteri_186623;Gadiformes_8043;Phycidae_163113;Urophycis_183655;Urophycis_chuss_183656	98.413	100	7.40e-91	189	0	N/A	N/A	N/A
96b82be35f772dbff9cf03ce26c556f9	OR380057.1.<1.>171###root_1;Eukaryota_2759;Chordata_7711;Actinopteri_186623;Gadiformes_8043;Phycidae_163113;Urophycis_183655;Urophycis_chuss_183656	98.246	90	7.51e-81	171	0	N/A	N/A	N/A
96b82be35f772dbff9cf03ce26c556f9	OR380059.1.<1.>171###root_1;Eukaryota_2759;Chordata_7711;Actinopteri_186623;Gadiformes_8043;Phycidae_163113;Urophycis_183655;Urophycis_chuss_183656	97.661	90	3.49e-79	171	0	N/A	N/A	N/A
96b82be35f772dbff9cf03ce26c556f9	MT103927.1.<1.>686###root_1;Eukaryota_2759;Chordata_7711;Actinopteri_186623;Gadiformes_8043;Phycidae_163113;Urophycis_183655;Urophycis_tenuis_183657	93.717	100	7.56e-76	191	0	N/A	N/A	N/A
96b82be35f772dbff9cf03ce26c556f9	PP033016.1.70.1028###root_1;Eukaryota_2759;Chordata_7711;Actinopteri_186623;Gadiformes_8043;Phycidae_163113;Urophycis_183655;Urophycis_brasiliensis_1154667	92.147	100	7.62e-71	191	0	N/A	N/A	N/A
96b82be35f772dbff9cf03ce26c556f9	OR582684.1.69.1023###root_1;Eukaryota_2759;Chordata_7711;Actinopteri_186623;Gadiformes_8043;Phycidae_163113;Urophycis_183655;Urophycis_regia_630692	91.579	100	1.27e-68	190	0	N/A	N/A	N/A
96b82be35f772dbff9cf03ce26c556f9	OR575619.1.70.1022###root_1;Eukaryota_2759;Chordata_7711;Actinopteri_186623;Gadiformes_8043;Phycidae_163113;Phycis_163114;Phycis_chesteri_348446	91.053	100	1.65e-67	190	0	N/A	N/A	N/A
96b82be35f772dbff9cf03ce26c556f9	OR380257.1.<1.>169###root_1;Eukaryota_2759;Chordata_7711;Actinopteri_186623;Gadiformes_8043;Phycidae_163113;Urophycis_183655;Urophycis_regia_630692	91.228	90	2.78e-60	171	0	N/A	N/A	N/A
96b82be35f772dbff9cf03ce26c556f9	OR380004.1.<1.>170###root_1;Eukaryota_2759;Chordata_7711;Actinopteri_186623;Gadiformes_8043;Phycidae_163113;Urophycis_183655;Urophycis_regia_630692	91.279	90	2.78e-60	172	0	N/A	N/A	N/A
66dacce9b499091fc17013fffcf2d83d	OP057106.2.70.1025###root_1;Eukaryota_2759;Chordata_7711;Actinopteri_186623;Gadiformes_8043;Phycidae_163113;Urophycis_183655;Urophycis_chuss_183656	99.471	100	3.42e-94	189	0	N/A	N/A	N/A
66dacce9b499091fc17013fffcf2d83d	OR380057.1.<1.>171###root_1;Eukaryota_2759;Chordata_7711;Actinopteri_186623;Gadiformes_8043;Phycidae_163113;Urophycis_183655;Urophycis_chuss_183656	99.415	90	3.47e-84	171	0	N/A	N/A	N/A
66dacce9b499091fc17013fffcf2d83d	OR380059.1.<1.>171###root_1;Eukaryota_2759;Chordata_7711;Actinopteri_186623;Gadiformes_8043;Phycidae_163113;Urophycis_183655;Urophycis_chuss_183656	98.830	90	1.61e-82	171	0	N/A	N/A	N/A
66dacce9b499091fc17013fffcf2d83d	MT103927.1.<1.>686###root_1;Eukaryota_2759;Chordata_7711;Actinopteri_186623;Gadiformes_8043;Phycidae_163113;Urophycis_183655;Urophycis_tenuis_183657	94.241	100	1.63e-77	191	0	N/A	N/A	N/A
66dacce9b499091fc17013fffcf2d83d	PP033016.1.70.1028###root_1;Eukaryota_2759;Chordata_7711;Actinopteri_186623;Gadiformes_8043;Phycidae_163113;Urophycis_183655;Urophycis_brasiliensis_1154667	93.194	100	3.52e-74	191	0	N/A	N/A	N/A
66dacce9b499091fc17013fffcf2d83d	OR582684.1.69.1023###root_1;Eukaryota_2759;Chordata_7711;Actinopteri_186623;Gadiformes_8043;Phycidae_163113;Urophycis_183655;Urophycis_regia_630692	92.632	100	5.89e-72	190	0	N/A	N/A	N/A
66dacce9b499091fc17013fffcf2d83d	OR575619.1.70.1022###root_1;Eukaryota_2759;Chordata_7711;Actinopteri_186623;Gadiformes_8043;Phycidae_163113;Phycis_163114;Phycis_chesteri_348446	91.579	100	3.54e-69	190	0	N/A	N/A	N/A
66dacce9b499091fc17013fffcf2d83d	OR380257.1.<1.>169###root_1;Eukaryota_2759;Chordata_7711;Actinopteri_186623;Gadiformes_8043;Phycidae_163113;Urophycis_183655;Urophycis_regia_630692	92.398	90	1.28e-63	171	0	N/A	N/A	N/A
66dacce9b499091fc17013fffcf2d83d	OR380004.1.<1.>170###root_1;Eukaryota_2759;Chordata_7711;Actinopteri_186623;Gadiformes_8043;Phycidae_163113;Urophycis_183655;Urophycis_regia_630692	92.442	90	1.28e-63	172	0	N/A	N/A	N/A
4718464d76449c3bb344900d85b50ac1	OP057106.2.70.1025###root_1;Eukaryota_2759;Chordata_7711;Actinopteri_186623;Gadiformes_8043;Phycidae_163113;Urophycis_183655;Urophycis_chuss_183656	99.471	100	3.42e-94	189	0	N/A	N/A	N/A
4718464d76449c3bb344900d85b50ac1	OR380057.1.<1.>171###root_1;Eukaryota_2759;Chordata_7711;Actinopteri_186623;Gadiformes_8043;Phycidae_163113;Urophycis_183655;Urophycis_chuss_183656	99.415	90	3.47e-84	171	0	N/A	N/A	N/A
4718464d76449c3bb344900d85b50ac1	OR380059.1.<1.>171###root_1;Eukaryota_2759;Chordata_7711;Actinopteri_186623;Gadiformes_8043;Phycidae_163113;Urophycis_183655;Urophycis_chuss_183656	98.830	90	1.61e-82	171	0	N/A	N/A	N/A
4718464d76449c3bb344900d85b50ac1	MT103927.1.<1.>686###root_1;Eukaryota_2759;Chordata_7711;Actinopteri_186623;Gadiformes_8043;Phycidae_163113;Urophycis_183655;Urophycis_tenuis_183657	94.241	100	1.63e-77	191	0	N/A	N/A	N/A
4718464d76449c3bb344900d85b50ac1	PP033016.1.70.1028###root_1;Eukaryota_2759;Chordata_7711;Actinopteri_186623;Gadiformes_8043;Phycidae_163113;Urophycis_183655;Urophycis_brasiliensis_1154667	93.194	100	3.52e-74	191	0	N/A	N/A	N/A
4718464d76449c3bb344900d85b50ac1	OR582684.1.69.1023###root_1;Eukaryota_2759;Chordata_7711;Actinopteri_186623;Gadiformes_8043;Phycidae_163113;Urophycis_183655;Urophycis_regia_630692	92.632	100	5.89e-72	190	0	N/A	N/A	N/A
4718464d76449c3bb344900d85b50ac1	OR575619.1.70.1022###root_1;Eukaryota_2759;Chordata_7711;Actinopteri_186623;Gadiformes_8043;Phycidae_163113;Phycis_163114;Phycis_chesteri_348446	91.579	100	3.54e-69	190	0	N/A	N/A	N/A
4718464d76449c3bb344900d85b50ac1	OR380257.1.<1.>169###root_1;Eukaryota_2759;Chordata_7711;Actinopteri_186623;Gadiformes_8043;Phycidae_163113;Urophycis_183655;Urophycis_regia_630692	92.398	90	1.28e-63	171	0	N/A	N/A	N/A
4718464d76449c3bb344900d85b50ac1	OR380004.1.<1.>170###root_1;Eukaryota_2759;Chordata_7711;Actinopteri_186623;Gadiformes_8043;Phycidae_163113;Urophycis_183655;Urophycis_regia_630692	92.442	90	1.28e-63	172	0	N/A	N/A	N/A
0f049975c398743d9ad2160cfa8b9248	OP057106.2.70.1025###root_1;Eukaryota_2759;Chordata_7711;Actinopteri_186623;Gadiformes_8043;Phycidae_163113;Urophycis_183655;Urophycis_chuss_183656	99.471	100	3.42e-94	189	0	N/A	N/A	N/A
0f049975c398743d9ad2160cfa8b9248	OR380057.1.<1.>171###root_1;Eukaryota_2759;Chordata_7711;Actinopteri_186623;Gadiformes_8043;Phycidae_163113;Urophycis_183655;Urophycis_chuss_183656	99.415	90	3.47e-84	171	0	N/A	N/A	N/A
0f049975c398743d9ad2160cfa8b9248	OR380059.1.<1.>171###root_1;Eukaryota_2759;Chordata_7711;Actinopteri_186623;Gadiformes_8043;Phycidae_163113;Urophycis_183655;Urophycis_chuss_183656	98.830	90	1.61e-82	171	0	N/A	N/A	N/A
0f049975c398743d9ad2160cfa8b9248	MT103927.1.<1.>686###root_1;Eukaryota_2759;Chordata_7711;Actinopteri_186623;Gadiformes_8043;Phycidae_163113;Urophycis_183655;Urophycis_tenuis_183657	94.241	100	1.63e-77	191	0	N/A	N/A	N/A
0f049975c398743d9ad2160cfa8b9248	PP033016.1.70.1028###root_1;Eukaryota_2759;Chordata_7711;Actinopteri_186623;Gadiformes_8043;Phycidae_163113;Urophycis_183655;Urophycis_brasiliensis_1154667	93.194	100	3.52e-74	191	0	N/A	N/A	N/A
0f049975c398743d9ad2160cfa8b9248	OR582684.1.69.1023###root_1;Eukaryota_2759;Chordata_7711;Actinopteri_186623;Gadiformes_8043;Phycidae_163113;Urophycis_183655;Urophycis_regia_630692	92.632	100	5.89e-72	190	0	N/A	N/A	N/A
0f049975c398743d9ad2160cfa8b9248	OR575619.1.70.1022###root_1;Eukaryota_2759;Chordata_7711;Actinopteri_186623;Gadiformes_8043;Phycidae_163113;Phycis_163114;Phycis_chesteri_348446	91.579	100	3.54e-69	190	0	N/A	N/A	N/A
0f049975c398743d9ad2160cfa8b9248	OR380257.1.<1.>169###root_1;Eukaryota_2759;Chordata_7711;Actinopteri_186623;Gadiformes_8043;Phycidae_163113;Urophycis_183655;Urophycis_regia_630692	92.398	90	1.28e-63	171	0	N/A	N/A	N/A
0f049975c398743d9ad2160cfa8b9248	OR380004.1.<1.>170###root_1;Eukaryota_2759;Chordata_7711;Actinopteri_186623;Gadiformes_8043;Phycidae_163113;Urophycis_183655;Urophycis_regia_630692	92.442	90	1.28e-63	172	0	N/A	N/A	N/A
dca179baeceaa0b2d3a40c747e452a86	OP057106.2.70.1025###root_1;Eukaryota_2759;Chordata_7711;Actinopteri_186623;Gadiformes_8043;Phycidae_163113;Urophycis_183655;Urophycis_chuss_183656	99.471	100	3.42e-94	189	0	N/A	N/A	N/A
dca179baeceaa0b2d3a40c747e452a86	OR380057.1.<1.>171###root_1;Eukaryota_2759;Chordata_7711;Actinopteri_186623;Gadiformes_8043;Phycidae_163113;Urophycis_183655;Urophycis_chuss_183656	99.415	90	3.47e-84	171	0	N/A	N/A	N/A
dca179baeceaa0b2d3a40c747e452a86	OR380059.1.<1.>171###root_1;Eukaryota_2759;Chordata_7711;Actinopteri_186623;Gadiformes_8043;Phycidae_163113;Urophycis_183655;Urophycis_chuss_183656	98.830	90	1.61e-82	171	0	N/A	N/A	N/A
dca179baeceaa0b2d3a40c747e452a86	MT103927.1.<1.>686###root_1;Eukaryota_2759;Chordata_7711;Actinopteri_186623;Gadiformes_8043;Phycidae_163113;Urophycis_183655;Urophycis_tenuis_183657	94.241	100	1.63e-77	191	0	N/A	N/A	N/A
dca179baeceaa0b2d3a40c747e452a86	PP033016.1.70.1028###root_1;Eukaryota_2759;Chordata_7711;Actinopteri_186623;Gadiformes_8043;Phycidae_163113;Urophycis_183655;Urophycis_brasiliensis_1154667	93.194	100	3.52e-74	191	0	N/A	N/A	N/A
dca179baeceaa0b2d3a40c747e452a86	OR582684.1.69.1023###root_1;Eukaryota_2759;Chordata_7711;Actinopteri_186623;Gadiformes_8043;Phycidae_163113;Urophycis_183655;Urophycis_regia_630692	92.632	100	5.89e-72	190	0	N/A	N/A	N/A
dca179baeceaa0b2d3a40c747e452a86	OR575619.1.70.1022###root_1;Eukaryota_2759;Chordata_7711;Actinopteri_186623;Gadiformes_8043;Phycidae_163113;Phycis_163114;Phycis_chesteri_348446	91.579	100	3.54e-69	190	0	N/A	N/A	N/A
dca179baeceaa0b2d3a40c747e452a86	OR380257.1.<1.>169###root_1;Eukaryota_2759;Chordata_7711;Actinopteri_186623;Gadiformes_8043;Phycidae_163113;Urophycis_183655;Urophycis_regia_630692	92.398	90	1.28e-63	171	0	N/A	N/A	N/A
dca179baeceaa0b2d3a40c747e452a86	OR380004.1.<1.>170###root_1;Eukaryota_2759;Chordata_7711;Actinopteri_186623;Gadiformes_8043;Phycidae_163113;Urophycis_183655;Urophycis_regia_630692	92.442	90	1.28e-63	172	0	N/A	N/A	N/A
e49b6b6894094c6326b06dc82ccb8f79	OP057106.2.70.1025###root_1;Eukaryota_2759;Chordata_7711;Actinopteri_186623;Gadiformes_8043;Phycidae_163113;Urophycis_183655;Urophycis_chuss_183656	98.413	100	7.40e-91	189	0	N/A	N/A	N/A
e49b6b6894094c6326b06dc82ccb8f79	OR380057.1.<1.>171###root_1;Eukaryota_2759;Chordata_7711;Actinopteri_186623;Gadiformes_8043;Phycidae_163113;Urophycis_183655;Urophycis_chuss_183656	98.246	90	7.51e-81	171	0	N/A	N/A	N/A
e49b6b6894094c6326b06dc82ccb8f79	OR380059.1.<1.>171###root_1;Eukaryota_2759;Chordata_7711;Actinopteri_186623;Gadiformes_8043;Phycidae_163113;Urophycis_183655;Urophycis_chuss_183656	97.661	90	3.49e-79	171	0	N/A	N/A	N/A
e49b6b6894094c6326b06dc82ccb8f79	MT103927.1.<1.>686###root_1;Eukaryota_2759;Chordata_7711;Actinopteri_186623;Gadiformes_8043;Phycidae_163113;Urophycis_183655;Urophycis_tenuis_183657	93.194	100	3.52e-74	191	0	N/A	N/A	N/A
e49b6b6894094c6326b06dc82ccb8f79	PP033016.1.70.1028###root_1;Eukaryota_2759;Chordata_7711;Actinopteri_186623;Gadiformes_8043;Phycidae_163113;Urophycis_183655;Urophycis_brasiliensis_1154667	92.147	100	7.62e-71	191	0	N/A	N/A	N/A
e49b6b6894094c6326b06dc82ccb8f79	OR582684.1.69.1023###root_1;Eukaryota_2759;Chordata_7711;Actinopteri_186623;Gadiformes_8043;Phycidae_163113;Urophycis_183655;Urophycis_regia_630692	91.579	100	1.27e-68	190	0	N/A	N/A	N/A
e49b6b6894094c6326b06dc82ccb8f79	OR575619.1.70.1022###root_1;Eukaryota_2759;Chordata_7711;Actinopteri_186623;Gadiformes_8043;Phycidae_163113;Phycis_163114;Phycis_chesteri_348446	90.526	100	7.67e-66	190	0	N/A	N/A	N/A
e49b6b6894094c6326b06dc82ccb8f79	OR380257.1.<1.>169###root_1;Eukaryota_2759;Chordata_7711;Actinopteri_186623;Gadiformes_8043;Phycidae_163113;Urophycis_183655;Urophycis_regia_630692	91.228	90	2.78e-60	171	0	N/A	N/A	N/A
e49b6b6894094c6326b06dc82ccb8f79	OR380004.1.<1.>170###root_1;Eukaryota_2759;Chordata_7711;Actinopteri_186623;Gadiformes_8043;Phycidae_163113;Urophycis_183655;Urophycis_regia_630692	91.279	90	2.78e-60	172	0	N/A	N/A	N/A
09392282ad8dcea3fe4394231116c29f	OP057106.2.70.1025###root_1;Eukaryota_2759;Chordata_7711;Actinopteri_186623;Gadiformes_8043;Phycidae_163113;Urophycis_183655;Urophycis_chuss_183656	98.942	100	1.59e-92	189	0	N/A	N/A	N/A
09392282ad8dcea3fe4394231116c29f	OR380057.1.<1.>171###root_1;Eukaryota_2759;Chordata_7711;Actinopteri_186623;Gadiformes_8043;Phycidae_163113;Urophycis_183655;Urophycis_chuss_183656	98.830	90	1.61e-82	171	0	N/A	N/A	N/A
09392282ad8dcea3fe4394231116c29f	OR380059.1.<1.>171###root_1;Eukaryota_2759;Chordata_7711;Actinopteri_186623;Gadiformes_8043;Phycidae_163113;Urophycis_183655;Urophycis_chuss_183656	98.246	90	7.51e-81	171	0	N/A	N/A	N/A
09392282ad8dcea3fe4394231116c29f	MT103927.1.<1.>686###root_1;Eukaryota_2759;Chordata_7711;Actinopteri_186623;Gadiformes_8043;Phycidae_163113;Urophycis_183655;Urophycis_tenuis_183657	93.717	100	7.56e-76	191	0	N/A	N/A	N/A
09392282ad8dcea3fe4394231116c29f	PP033016.1.70.1028###root_1;Eukaryota_2759;Chordata_7711;Actinopteri_186623;Gadiformes_8043;Phycidae_163113;Urophycis_183655;Urophycis_brasiliensis_1154667	93.194	100	3.52e-74	191	0	N/A	N/A	N/A
09392282ad8dcea3fe4394231116c29f	OR582684.1.69.1023###root_1;Eukaryota_2759;Chordata_7711;Actinopteri_186623;Gadiformes_8043;Phycidae_163113;Urophycis_183655;Urophycis_regia_630692	92.105	100	2.74e-70	190	0	N/A	N/A	N/A
09392282ad8dcea3fe4394231116c29f	OR575619.1.70.1022###root_1;Eukaryota_2759;Chordata_7711;Actinopteri_186623;Gadiformes_8043;Phycidae_163113;Phycis_163114;Phycis_chesteri_348446	91.053	100	1.65e-67	190	0	N/A	N/A	N/A
09392282ad8dcea3fe4394231116c29f	OR380257.1.<1.>169###root_1;Eukaryota_2759;Chordata_7711;Actinopteri_186623;Gadiformes_8043;Phycidae_163113;Urophycis_183655;Urophycis_regia_630692	91.813	90	5.97e-62	171	0	N/A	N/A	N/A
09392282ad8dcea3fe4394231116c29f	OR380004.1.<1.>170###root_1;Eukaryota_2759;Chordata_7711;Actinopteri_186623;Gadiformes_8043;Phycidae_163113;Urophycis_183655;Urophycis_regia_630692	91.860	90	5.97e-62	172	0	N/A	N/A	N/A
0717a31b580ffad169e18a68660cc16a	OP057106.2.70.1025###root_1;Eukaryota_2759;Chordata_7711;Actinopteri_186623;Gadiformes_8043;Phycidae_163113;Urophycis_183655;Urophycis_chuss_183656	98.413	100	7.40e-91	189	0	N/A	N/A	N/A
0717a31b580ffad169e18a68660cc16a	OR380057.1.<1.>171###root_1;Eukaryota_2759;Chordata_7711;Actinopteri_186623;Gadiformes_8043;Phycidae_163113;Urophycis_183655;Urophycis_chuss_183656	98.246	90	7.51e-81	171	0	N/A	N/A	N/A
0717a31b580ffad169e18a68660cc16a	OR380059.1.<1.>171###root_1;Eukaryota_2759;Chordata_7711;Actinopteri_186623;Gadiformes_8043;Phycidae_163113;Urophycis_183655;Urophycis_chuss_183656	97.661	90	3.49e-79	171	0	N/A	N/A	N/A
0717a31b580ffad169e18a68660cc16a	MT103927.1.<1.>686###root_1;Eukaryota_2759;Chordata_7711;Actinopteri_186623;Gadiformes_8043;Phycidae_163113;Urophycis_183655;Urophycis_tenuis_183657	93.194	100	3.52e-74	191	0	N/A	N/A	N/A
0717a31b580ffad169e18a68660cc16a	PP033016.1.70.1028###root_1;Eukaryota_2759;Chordata_7711;Actinopteri_186623;Gadiformes_8043;Phycidae_163113;Urophycis_183655;Urophycis_brasiliensis_1154667	92.670	100	1.64e-72	191	0	N/A	N/A	N/A
0717a31b580ffad169e18a68660cc16a	OR582684.1.69.1023###root_1;Eukaryota_2759;Chordata_7711;Actinopteri_186623;Gadiformes_8043;Phycidae_163113;Urophycis_183655;Urophycis_regia_630692	92.632	100	5.89e-72	190	0	N/A	N/A	N/A
0717a31b580ffad169e18a68660cc16a	OR575619.1.70.1022###root_1;Eukaryota_2759;Chordata_7711;Actinopteri_186623;Gadiformes_8043;Phycidae_163113;Phycis_163114;Phycis_chesteri_348446	90.526	100	7.67e-66	190	0	N/A	N/A	N/A
0717a31b580ffad169e18a68660cc16a	OR380257.1.<1.>169###root_1;Eukaryota_2759;Chordata_7711;Actinopteri_186623;Gadiformes_8043;Phycidae_163113;Urophycis_183655;Urophycis_regia_630692	92.398	90	1.28e-63	171	0	N/A	N/A	N/A
0717a31b580ffad169e18a68660cc16a	OR380004.1.<1.>170###root_1;Eukaryota_2759;Chordata_7711;Actinopteri_186623;Gadiformes_8043;Phycidae_163113;Urophycis_183655;Urophycis_regia_630692	92.442	90	1.28e-63	172	0	N/A	N/A	N/A
8f1a72f240933d43b9e2ce935893c8fd	OP057106.2.70.1025###root_1;Eukaryota_2759;Chordata_7711;Actinopteri_186623;Gadiformes_8043;Phycidae_163113;Urophycis_183655;Urophycis_chuss_183656	99.471	100	3.42e-94	189	0	N/A	N/A	N/A
8f1a72f240933d43b9e2ce935893c8fd	OR380057.1.<1.>171###root_1;Eukaryota_2759;Chordata_7711;Actinopteri_186623;Gadiformes_8043;Phycidae_163113;Urophycis_183655;Urophycis_chuss_183656	99.415	90	3.47e-84	171	0	N/A	N/A	N/A
8f1a72f240933d43b9e2ce935893c8fd	OR380059.1.<1.>171###root_1;Eukaryota_2759;Chordata_7711;Actinopteri_186623;Gadiformes_8043;Phycidae_163113;Urophycis_183655;Urophycis_chuss_183656	98.830	90	1.61e-82	171	0	N/A	N/A	N/A
8f1a72f240933d43b9e2ce935893c8fd	MT103927.1.<1.>686###root_1;Eukaryota_2759;Chordata_7711;Actinopteri_186623;Gadiformes_8043;Phycidae_163113;Urophycis_183655;Urophycis_tenuis_183657	94.241	100	1.63e-77	191	0	N/A	N/A	N/A
8f1a72f240933d43b9e2ce935893c8fd	PP033016.1.70.1028###root_1;Eukaryota_2759;Chordata_7711;Actinopteri_186623;Gadiformes_8043;Phycidae_163113;Urophycis_183655;Urophycis_brasiliensis_1154667	93.194	100	3.52e-74	191	0	N/A	N/A	N/A
8f1a72f240933d43b9e2ce935893c8fd	OR582684.1.69.1023###root_1;Eukaryota_2759;Chordata_7711;Actinopteri_186623;Gadiformes_8043;Phycidae_163113;Urophycis_183655;Urophycis_regia_630692	92.632	100	5.89e-72	190	0	N/A	N/A	N/A
8f1a72f240933d43b9e2ce935893c8fd	OR575619.1.70.1022###root_1;Eukaryota_2759;Chordata_7711;Actinopteri_186623;Gadiformes_8043;Phycidae_163113;Phycis_163114;Phycis_chesteri_348446	91.579	100	3.54e-69	190	0	N/A	N/A	N/A
8f1a72f240933d43b9e2ce935893c8fd	OR380257.1.<1.>169###root_1;Eukaryota_2759;Chordata_7711;Actinopteri_186623;Gadiformes_8043;Phycidae_163113;Urophycis_183655;Urophycis_regia_630692	92.398	90	1.28e-63	171	0	N/A	N/A	N/A
8f1a72f240933d43b9e2ce935893c8fd	OR380004.1.<1.>170###root_1;Eukaryota_2759;Chordata_7711;Actinopteri_186623;Gadiformes_8043;Phycidae_163113;Urophycis_183655;Urophycis_regia_630692	92.442	90	1.28e-63	172	0	N/A	N/A	N/A
35df59a19a0a33d129c5bdfdc2572f54	OP057106.2.70.1025###root_1;Eukaryota_2759;Chordata_7711;Actinopteri_186623;Gadiformes_8043;Phycidae_163113;Urophycis_183655;Urophycis_chuss_183656	98.413	100	7.40e-91	189	0	N/A	N/A	N/A
35df59a19a0a33d129c5bdfdc2572f54	OR380057.1.<1.>171###root_1;Eukaryota_2759;Chordata_7711;Actinopteri_186623;Gadiformes_8043;Phycidae_163113;Urophycis_183655;Urophycis_chuss_183656	98.824	90	5.81e-82	170	0	N/A	N/A	N/A
35df59a19a0a33d129c5bdfdc2572f54	OR380059.1.<1.>171###root_1;Eukaryota_2759;Chordata_7711;Actinopteri_186623;Gadiformes_8043;Phycidae_163113;Urophycis_183655;Urophycis_chuss_183656	98.235	90	2.70e-80	170	0	N/A	N/A	N/A
35df59a19a0a33d129c5bdfdc2572f54	MT103927.1.<1.>686###root_1;Eukaryota_2759;Chordata_7711;Actinopteri_186623;Gadiformes_8043;Phycidae_163113;Urophycis_183655;Urophycis_tenuis_183657	93.194	100	3.52e-74	191	0	N/A	N/A	N/A
35df59a19a0a33d129c5bdfdc2572f54	PP033016.1.70.1028###root_1;Eukaryota_2759;Chordata_7711;Actinopteri_186623;Gadiformes_8043;Phycidae_163113;Urophycis_183655;Urophycis_brasiliensis_1154667	92.147	100	7.62e-71	191	0	N/A	N/A	N/A
35df59a19a0a33d129c5bdfdc2572f54	OR582684.1.69.1023###root_1;Eukaryota_2759;Chordata_7711;Actinopteri_186623;Gadiformes_8043;Phycidae_163113;Urophycis_183655;Urophycis_regia_630692	91.579	100	1.27e-68	190	0	N/A	N/A	N/A
35df59a19a0a33d129c5bdfdc2572f54	OR575619.1.70.1022###root_1;Eukaryota_2759;Chordata_7711;Actinopteri_186623;Gadiformes_8043;Phycidae_163113;Phycis_163114;Phycis_chesteri_348446	90.526	100	7.67e-66	190	0	N/A	N/A	N/A
35df59a19a0a33d129c5bdfdc2572f54	OR380257.1.<1.>169###root_1;Eukaryota_2759;Chordata_7711;Actinopteri_186623;Gadiformes_8043;Phycidae_163113;Urophycis_183655;Urophycis_regia_630692	91.765	90	2.15e-61	170	0	N/A	N/A	N/A
35df59a19a0a33d129c5bdfdc2572f54	OR380004.1.<1.>170###root_1;Eukaryota_2759;Chordata_7711;Actinopteri_186623;Gadiformes_8043;Phycidae_163113;Urophycis_183655;Urophycis_regia_630692	91.813	90	2.15e-61	171	0	N/A	N/A	N/A
9f3d3616d53a23ffcdeb701a8c3d0f65	OP057106.2.70.1025###root_1;Eukaryota_2759;Chordata_7711;Actinopteri_186623;Gadiformes_8043;Phycidae_163113;Urophycis_183655;Urophycis_chuss_183656	99.471	100	3.42e-94	189	0	N/A	N/A	N/A
9f3d3616d53a23ffcdeb701a8c3d0f65	OR380057.1.<1.>171###root_1;Eukaryota_2759;Chordata_7711;Actinopteri_186623;Gadiformes_8043;Phycidae_163113;Urophycis_183655;Urophycis_chuss_183656	99.415	90	3.47e-84	171	0	N/A	N/A	N/A
9f3d3616d53a23ffcdeb701a8c3d0f65	OR380059.1.<1.>171###root_1;Eukaryota_2759;Chordata_7711;Actinopteri_186623;Gadiformes_8043;Phycidae_163113;Urophycis_183655;Urophycis_chuss_183656	98.830	90	1.61e-82	171	0	N/A	N/A	N/A
9f3d3616d53a23ffcdeb701a8c3d0f65	MT103927.1.<1.>686###root_1;Eukaryota_2759;Chordata_7711;Actinopteri_186623;Gadiformes_8043;Phycidae_163113;Urophycis_183655;Urophycis_tenuis_183657	94.241	100	1.63e-77	191	0	N/A	N/A	N/A
9f3d3616d53a23ffcdeb701a8c3d0f65	PP033016.1.70.1028###root_1;Eukaryota_2759;Chordata_7711;Actinopteri_186623;Gadiformes_8043;Phycidae_163113;Urophycis_183655;Urophycis_brasiliensis_1154667	93.194	100	3.52e-74	191	0	N/A	N/A	N/A
9f3d3616d53a23ffcdeb701a8c3d0f65	OR582684.1.69.1023###root_1;Eukaryota_2759;Chordata_7711;Actinopteri_186623;Gadiformes_8043;Phycidae_163113;Urophycis_183655;Urophycis_regia_630692	92.632	100	5.89e-72	190	0	N/A	N/A	N/A
9f3d3616d53a23ffcdeb701a8c3d0f65	OR575619.1.70.1022###root_1;Eukaryota_2759;Chordata_7711;Actinopteri_186623;Gadiformes_8043;Phycidae_163113;Phycis_163114;Phycis_chesteri_348446	91.579	100	3.54e-69	190	0	N/A	N/A	N/A
9f3d3616d53a23ffcdeb701a8c3d0f65	OR380257.1.<1.>169###root_1;Eukaryota_2759;Chordata_7711;Actinopteri_186623;Gadiformes_8043;Phycidae_163113;Urophycis_183655;Urophycis_regia_630692	92.398	90	1.28e-63	171	0	N/A	N/A	N/A
9f3d3616d53a23ffcdeb701a8c3d0f65	OR380004.1.<1.>170###root_1;Eukaryota_2759;Chordata_7711;Actinopteri_186623;Gadiformes_8043;Phycidae_163113;Urophycis_183655;Urophycis_regia_630692	92.442	90	1.28e-63	172	0	N/A	N/A	N/A
69e8b9a7d2d2f634e2fb821e59bd5905	OP057106.2.70.1025###root_1;Eukaryota_2759;Chordata_7711;Actinopteri_186623;Gadiformes_8043;Phycidae_163113;Urophycis_183655;Urophycis_chuss_183656	99.471	100	3.42e-94	189	0	N/A	N/A	N/A
69e8b9a7d2d2f634e2fb821e59bd5905	OR380057.1.<1.>171###root_1;Eukaryota_2759;Chordata_7711;Actinopteri_186623;Gadiformes_8043;Phycidae_163113;Urophycis_183655;Urophycis_chuss_183656	99.415	90	3.47e-84	171	0	N/A	N/A	N/A
69e8b9a7d2d2f634e2fb821e59bd5905	OR380059.1.<1.>171###root_1;Eukaryota_2759;Chordata_7711;Actinopteri_186623;Gadiformes_8043;Phycidae_163113;Urophycis_183655;Urophycis_chuss_183656	98.830	90	1.61e-82	171	0	N/A	N/A	N/A
69e8b9a7d2d2f634e2fb821e59bd5905	MT103927.1.<1.>686###root_1;Eukaryota_2759;Chordata_7711;Actinopteri_186623;Gadiformes_8043;Phycidae_163113;Urophycis_183655;Urophycis_tenuis_183657	94.241	100	1.63e-77	191	0	N/A	N/A	N/A
69e8b9a7d2d2f634e2fb821e59bd5905	PP033016.1.70.1028###root_1;Eukaryota_2759;Chordata_7711;Actinopteri_186623;Gadiformes_8043;Phycidae_163113;Urophycis_183655;Urophycis_brasiliensis_1154667	93.194	100	3.52e-74	191	0	N/A	N/A	N/A
69e8b9a7d2d2f634e2fb821e59bd5905	OR582684.1.69.1023###root_1;Eukaryota_2759;Chordata_7711;Actinopteri_186623;Gadiformes_8043;Phycidae_163113;Urophycis_183655;Urophycis_regia_630692	92.632	100	5.89e-72	190	0	N/A	N/A	N/A
69e8b9a7d2d2f634e2fb821e59bd5905	OR575619.1.70.1022###root_1;Eukaryota_2759;Chordata_7711;Actinopteri_186623;Gadiformes_8043;Phycidae_163113;Phycis_163114;Phycis_chesteri_348446	91.579	100	3.54e-69	190	0	N/A	N/A	N/A
69e8b9a7d2d2f634e2fb821e59bd5905	OR380257.1.<1.>169###root_1;Eukaryota_2759;Chordata_7711;Actinopteri_186623;Gadiformes_8043;Phycidae_163113;Urophycis_183655;Urophycis_regia_630692	92.398	90	1.28e-63	171	0	N/A	N/A	N/A
69e8b9a7d2d2f634e2fb821e59bd5905	OR380004.1.<1.>170###root_1;Eukaryota_2759;Chordata_7711;Actinopteri_186623;Gadiformes_8043;Phycidae_163113;Urophycis_183655;Urophycis_regia_630692	92.442	90	1.28e-63	172	0	N/A	N/A	N/A
aae4810f0bac90f002979dfee30112fa	OP057106.2.70.1025###root_1;Eukaryota_2759;Chordata_7711;Actinopteri_186623;Gadiformes_8043;Phycidae_163113;Urophycis_183655;Urophycis_chuss_183656	99.471	100	3.42e-94	189	0	N/A	N/A	N/A
aae4810f0bac90f002979dfee30112fa	OR380057.1.<1.>171###root_1;Eukaryota_2759;Chordata_7711;Actinopteri_186623;Gadiformes_8043;Phycidae_163113;Urophycis_183655;Urophycis_chuss_183656	99.415	90	3.47e-84	171	0	N/A	N/A	N/A
aae4810f0bac90f002979dfee30112fa	OR380059.1.<1.>171###root_1;Eukaryota_2759;Chordata_7711;Actinopteri_186623;Gadiformes_8043;Phycidae_163113;Urophycis_183655;Urophycis_chuss_183656	98.830	90	1.61e-82	171	0	N/A	N/A	N/A
aae4810f0bac90f002979dfee30112fa	MT103927.1.<1.>686###root_1;Eukaryota_2759;Chordata_7711;Actinopteri_186623;Gadiformes_8043;Phycidae_163113;Urophycis_183655;Urophycis_tenuis_183657	94.241	100	1.63e-77	191	0	N/A	N/A	N/A
aae4810f0bac90f002979dfee30112fa	PP033016.1.70.1028###root_1;Eukaryota_2759;Chordata_7711;Actinopteri_186623;Gadiformes_8043;Phycidae_163113;Urophycis_183655;Urophycis_brasiliensis_1154667	93.194	100	3.52e-74	191	0	N/A	N/A	N/A
aae4810f0bac90f002979dfee30112fa	OR582684.1.69.1023###root_1;Eukaryota_2759;Chordata_7711;Actinopteri_186623;Gadiformes_8043;Phycidae_163113;Urophycis_183655;Urophycis_regia_630692	92.632	100	5.89e-72	190	0	N/A	N/A	N/A
aae4810f0bac90f002979dfee30112fa	OR575619.1.70.1022###root_1;Eukaryota_2759;Chordata_7711;Actinopteri_186623;Gadiformes_8043;Phycidae_163113;Phycis_163114;Phycis_chesteri_348446	92.105	100	7.62e-71	190	0	N/A	N/A	N/A
aae4810f0bac90f002979dfee30112fa	OR380257.1.<1.>169###root_1;Eukaryota_2759;Chordata_7711;Actinopteri_186623;Gadiformes_8043;Phycidae_163113;Urophycis_183655;Urophycis_regia_630692	92.398	90	1.28e-63	171	0	N/A	N/A	N/A
aae4810f0bac90f002979dfee30112fa	OR380004.1.<1.>170###root_1;Eukaryota_2759;Chordata_7711;Actinopteri_186623;Gadiformes_8043;Phycidae_163113;Urophycis_183655;Urophycis_regia_630692	92.442	90	1.28e-63	172	0	N/A	N/A	N/A
1c444ec4d566795d994a118be14660f0	OP057106.2.70.1025###root_1;Eukaryota_2759;Chordata_7711;Actinopteri_186623;Gadiformes_8043;Phycidae_163113;Urophycis_183655;Urophycis_chuss_183656	99.471	100	3.42e-94	189	0	N/A	N/A	N/A
1c444ec4d566795d994a118be14660f0	OR380057.1.<1.>171###root_1;Eukaryota_2759;Chordata_7711;Actinopteri_186623;Gadiformes_8043;Phycidae_163113;Urophycis_183655;Urophycis_chuss_183656	99.415	90	3.47e-84	171	0	N/A	N/A	N/A
1c444ec4d566795d994a118be14660f0	OR380059.1.<1.>171###root_1;Eukaryota_2759;Chordata_7711;Actinopteri_186623;Gadiformes_8043;Phycidae_163113;Urophycis_183655;Urophycis_chuss_183656	98.830	90	1.61e-82	171	0	N/A	N/A	N/A
1c444ec4d566795d994a118be14660f0	MT103927.1.<1.>686###root_1;Eukaryota_2759;Chordata_7711;Actinopteri_186623;Gadiformes_8043;Phycidae_163113;Urophycis_183655;Urophycis_tenuis_183657	94.241	100	1.63e-77	191	0	N/A	N/A	N/A
1c444ec4d566795d994a118be14660f0	PP033016.1.70.1028###root_1;Eukaryota_2759;Chordata_7711;Actinopteri_186623;Gadiformes_8043;Phycidae_163113;Urophycis_183655;Urophycis_brasiliensis_1154667	93.194	100	3.52e-74	191	0	N/A	N/A	N/A
1c444ec4d566795d994a118be14660f0	OR582684.1.69.1023###root_1;Eukaryota_2759;Chordata_7711;Actinopteri_186623;Gadiformes_8043;Phycidae_163113;Urophycis_183655;Urophycis_regia_630692	92.632	100	5.89e-72	190	0	N/A	N/A	N/A
1c444ec4d566795d994a118be14660f0	OR575619.1.70.1022###root_1;Eukaryota_2759;Chordata_7711;Actinopteri_186623;Gadiformes_8043;Phycidae_163113;Phycis_163114;Phycis_chesteri_348446	91.579	100	3.54e-69	190	0	N/A	N/A	N/A
1c444ec4d566795d994a118be14660f0	OR380257.1.<1.>169###root_1;Eukaryota_2759;Chordata_7711;Actinopteri_186623;Gadiformes_8043;Phycidae_163113;Urophycis_183655;Urophycis_regia_630692	92.398	90	1.28e-63	171	0	N/A	N/A	N/A
1c444ec4d566795d994a118be14660f0	OR380004.1.<1.>170###root_1;Eukaryota_2759;Chordata_7711;Actinopteri_186623;Gadiformes_8043;Phycidae_163113;Urophycis_183655;Urophycis_regia_630692	92.442	90	1.28e-63	172	0	N/A	N/A	N/A
23d819c17ccde080ac695560741ab2d4	OP057106.2.70.1025###root_1;Eukaryota_2759;Chordata_7711;Actinopteri_186623;Gadiformes_8043;Phycidae_163113;Urophycis_183655;Urophycis_chuss_183656	99.471	100	3.42e-94	189	0	N/A	N/A	N/A
23d819c17ccde080ac695560741ab2d4	OR380057.1.<1.>171###root_1;Eukaryota_2759;Chordata_7711;Actinopteri_186623;Gadiformes_8043;Phycidae_163113;Urophycis_183655;Urophycis_chuss_183656	99.415	90	3.47e-84	171	0	N/A	N/A	N/A
23d819c17ccde080ac695560741ab2d4	OR380059.1.<1.>171###root_1;Eukaryota_2759;Chordata_7711;Actinopteri_186623;Gadiformes_8043;Phycidae_163113;Urophycis_183655;Urophycis_chuss_183656	98.830	90	1.61e-82	171	0	N/A	N/A	N/A
23d819c17ccde080ac695560741ab2d4	MT103927.1.<1.>686###root_1;Eukaryota_2759;Chordata_7711;Actinopteri_186623;Gadiformes_8043;Phycidae_163113;Urophycis_183655;Urophycis_tenuis_183657	94.241	100	1.63e-77	191	0	N/A	N/A	N/A
23d819c17ccde080ac695560741ab2d4	PP033016.1.70.1028###root_1;Eukaryota_2759;Chordata_7711;Actinopteri_186623;Gadiformes_8043;Phycidae_163113;Urophycis_183655;Urophycis_brasiliensis_1154667	93.194	100	3.52e-74	191	0	N/A	N/A	N/A
23d819c17ccde080ac695560741ab2d4	OR582684.1.69.1023###root_1;Eukaryota_2759;Chordata_7711;Actinopteri_186623;Gadiformes_8043;Phycidae_163113;Urophycis_183655;Urophycis_regia_630692	92.632	100	5.89e-72	190	0	N/A	N/A	N/A
23d819c17ccde080ac695560741ab2d4	OR575619.1.70.1022###root_1;Eukaryota_2759;Chordata_7711;Actinopteri_186623;Gadiformes_8043;Phycidae_163113;Phycis_163114;Phycis_chesteri_348446	91.579	100	3.54e-69	190	0	N/A	N/A	N/A
23d819c17ccde080ac695560741ab2d4	OR380257.1.<1.>169###root_1;Eukaryota_2759;Chordata_7711;Actinopteri_186623;Gadiformes_8043;Phycidae_163113;Urophycis_183655;Urophycis_regia_630692	92.398	90	1.28e-63	171	0	N/A	N/A	N/A
23d819c17ccde080ac695560741ab2d4	OR380004.1.<1.>170###root_1;Eukaryota_2759;Chordata_7711;Actinopteri_186623;Gadiformes_8043;Phycidae_163113;Urophycis_183655;Urophycis_regia_630692	92.442	90	1.28e-63	172	0	N/A	N/A	N/A
71932cbf6653e6d44d5770c9df8f694a	OP057106.2.70.1025###root_1;Eukaryota_2759;Chordata_7711;Actinopteri_186623;Gadiformes_8043;Phycidae_163113;Urophycis_183655;Urophycis_chuss_183656	99.471	100	3.42e-94	189	0	N/A	N/A	N/A
71932cbf6653e6d44d5770c9df8f694a	OR380057.1.<1.>171###root_1;Eukaryota_2759;Chordata_7711;Actinopteri_186623;Gadiformes_8043;Phycidae_163113;Urophycis_183655;Urophycis_chuss_183656	99.415	90	3.47e-84	171	0	N/A	N/A	N/A
71932cbf6653e6d44d5770c9df8f694a	OR380059.1.<1.>171###root_1;Eukaryota_2759;Chordata_7711;Actinopteri_186623;Gadiformes_8043;Phycidae_163113;Urophycis_183655;Urophycis_chuss_183656	98.830	90	1.61e-82	171	0	N/A	N/A	N/A
71932cbf6653e6d44d5770c9df8f694a	MT103927.1.<1.>686###root_1;Eukaryota_2759;Chordata_7711;Actinopteri_186623;Gadiformes_8043;Phycidae_163113;Urophycis_183655;Urophycis_tenuis_183657	94.241	100	1.63e-77	191	0	N/A	N/A	N/A
71932cbf6653e6d44d5770c9df8f694a	OR582684.1.69.1023###root_1;Eukaryota_2759;Chordata_7711;Actinopteri_186623;Gadiformes_8043;Phycidae_163113;Urophycis_183655;Urophycis_regia_630692	93.684	100	2.72e-75	190	0	N/A	N/A	N/A
71932cbf6653e6d44d5770c9df8f694a	PP033016.1.70.1028###root_1;Eukaryota_2759;Chordata_7711;Actinopteri_186623;Gadiformes_8043;Phycidae_163113;Urophycis_183655;Urophycis_brasiliensis_1154667	93.194	100	3.52e-74	191	0	N/A	N/A	N/A
71932cbf6653e6d44d5770c9df8f694a	OR575619.1.70.1022###root_1;Eukaryota_2759;Chordata_7711;Actinopteri_186623;Gadiformes_8043;Phycidae_163113;Phycis_163114;Phycis_chesteri_348446	92.632	100	1.64e-72	190	0	N/A	N/A	N/A
71932cbf6653e6d44d5770c9df8f694a	OR380257.1.<1.>169###root_1;Eukaryota_2759;Chordata_7711;Actinopteri_186623;Gadiformes_8043;Phycidae_163113;Urophycis_183655;Urophycis_regia_630692	93.567	90	5.93e-67	171	0	N/A	N/A	N/A
71932cbf6653e6d44d5770c9df8f694a	OR380004.1.<1.>170###root_1;Eukaryota_2759;Chordata_7711;Actinopteri_186623;Gadiformes_8043;Phycidae_163113;Urophycis_183655;Urophycis_regia_630692	93.605	90	5.93e-67	172	0	N/A	N/A	N/A
092eb4632ea0dcd620c0dd8de2686dc8	OP057106.2.70.1025###root_1;Eukaryota_2759;Chordata_7711;Actinopteri_186623;Gadiformes_8043;Phycidae_163113;Urophycis_183655;Urophycis_chuss_183656	99.471	100	3.42e-94	189	0	N/A	N/A	N/A
092eb4632ea0dcd620c0dd8de2686dc8	OR380057.1.<1.>171###root_1;Eukaryota_2759;Chordata_7711;Actinopteri_186623;Gadiformes_8043;Phycidae_163113;Urophycis_183655;Urophycis_chuss_183656	99.415	90	3.47e-84	171	0	N/A	N/A	N/A
092eb4632ea0dcd620c0dd8de2686dc8	OR380059.1.<1.>171###root_1;Eukaryota_2759;Chordata_7711;Actinopteri_186623;Gadiformes_8043;Phycidae_163113;Urophycis_183655;Urophycis_chuss_183656	98.830	90	1.61e-82	171	0	N/A	N/A	N/A
092eb4632ea0dcd620c0dd8de2686dc8	MT103927.1.<1.>686###root_1;Eukaryota_2759;Chordata_7711;Actinopteri_186623;Gadiformes_8043;Phycidae_163113;Urophycis_183655;Urophycis_tenuis_183657	94.241	100	1.63e-77	191	0	N/A	N/A	N/A
092eb4632ea0dcd620c0dd8de2686dc8	PP033016.1.70.1028###root_1;Eukaryota_2759;Chordata_7711;Actinopteri_186623;Gadiformes_8043;Phycidae_163113;Urophycis_183655;Urophycis_brasiliensis_1154667	93.194	100	3.52e-74	191	0	N/A	N/A	N/A
092eb4632ea0dcd620c0dd8de2686dc8	OR582684.1.69.1023###root_1;Eukaryota_2759;Chordata_7711;Actinopteri_186623;Gadiformes_8043;Phycidae_163113;Urophycis_183655;Urophycis_regia_630692	92.632	100	5.89e-72	190	0	N/A	N/A	N/A
092eb4632ea0dcd620c0dd8de2686dc8	OR575619.1.70.1022###root_1;Eukaryota_2759;Chordata_7711;Actinopteri_186623;Gadiformes_8043;Phycidae_163113;Phycis_163114;Phycis_chesteri_348446	91.579	100	3.54e-69	190	0	N/A	N/A	N/A
092eb4632ea0dcd620c0dd8de2686dc8	OR380257.1.<1.>169###root_1;Eukaryota_2759;Chordata_7711;Actinopteri_186623;Gadiformes_8043;Phycidae_163113;Urophycis_183655;Urophycis_regia_630692	92.398	90	1.28e-63	171	0	N/A	N/A	N/A
092eb4632ea0dcd620c0dd8de2686dc8	OR380004.1.<1.>170###root_1;Eukaryota_2759;Chordata_7711;Actinopteri_186623;Gadiformes_8043;Phycidae_163113;Urophycis_183655;Urophycis_regia_630692	92.442	90	1.28e-63	172	0	N/A	N/A	N/A
b3d3ea0154c7581ded792db1f159e9a9	OP057106.2.70.1025###root_1;Eukaryota_2759;Chordata_7711;Actinopteri_186623;Gadiformes_8043;Phycidae_163113;Urophycis_183655;Urophycis_chuss_183656	99.471	100	3.42e-94	189	0	N/A	N/A	N/A
b3d3ea0154c7581ded792db1f159e9a9	OR380057.1.<1.>171###root_1;Eukaryota_2759;Chordata_7711;Actinopteri_186623;Gadiformes_8043;Phycidae_163113;Urophycis_183655;Urophycis_chuss_183656	99.415	90	3.47e-84	171	0	N/A	N/A	N/A
b3d3ea0154c7581ded792db1f159e9a9	OR380059.1.<1.>171###root_1;Eukaryota_2759;Chordata_7711;Actinopteri_186623;Gadiformes_8043;Phycidae_163113;Urophycis_183655;Urophycis_chuss_183656	98.830	90	1.61e-82	171	0	N/A	N/A	N/A
b3d3ea0154c7581ded792db1f159e9a9	MT103927.1.<1.>686###root_1;Eukaryota_2759;Chordata_7711;Actinopteri_186623;Gadiformes_8043;Phycidae_163113;Urophycis_183655;Urophycis_tenuis_183657	94.764	100	3.49e-79	191	0	N/A	N/A	N/A
b3d3ea0154c7581ded792db1f159e9a9	PP033016.1.70.1028###root_1;Eukaryota_2759;Chordata_7711;Actinopteri_186623;Gadiformes_8043;Phycidae_163113;Urophycis_183655;Urophycis_brasiliensis_1154667	93.717	100	7.56e-76	191	0	N/A	N/A	N/A
b3d3ea0154c7581ded792db1f159e9a9	OR582684.1.69.1023###root_1;Eukaryota_2759;Chordata_7711;Actinopteri_186623;Gadiformes_8043;Phycidae_163113;Urophycis_183655;Urophycis_regia_630692	93.158	100	1.27e-73	190	0	N/A	N/A	N/A
b3d3ea0154c7581ded792db1f159e9a9	OR575619.1.70.1022###root_1;Eukaryota_2759;Chordata_7711;Actinopteri_186623;Gadiformes_8043;Phycidae_163113;Phycis_163114;Phycis_chesteri_348446	92.105	100	7.62e-71	190	0	N/A	N/A	N/A
b3d3ea0154c7581ded792db1f159e9a9	OR380257.1.<1.>169###root_1;Eukaryota_2759;Chordata_7711;Actinopteri_186623;Gadiformes_8043;Phycidae_163113;Urophycis_183655;Urophycis_regia_630692	92.982	90	2.76e-65	171	0	N/A	N/A	N/A
b3d3ea0154c7581ded792db1f159e9a9	OR380004.1.<1.>170###root_1;Eukaryota_2759;Chordata_7711;Actinopteri_186623;Gadiformes_8043;Phycidae_163113;Urophycis_183655;Urophycis_regia_630692	93.023	90	2.76e-65	172	0	N/A	N/A	N/A
76d841e6bc261a502e570a29bb3d7f31	OP057106.2.70.1025###root_1;Eukaryota_2759;Chordata_7711;Actinopteri_186623;Gadiformes_8043;Phycidae_163113;Urophycis_183655;Urophycis_chuss_183656	99.471	100	3.42e-94	189	0	N/A	N/A	N/A
76d841e6bc261a502e570a29bb3d7f31	OR380057.1.<1.>171###root_1;Eukaryota_2759;Chordata_7711;Actinopteri_186623;Gadiformes_8043;Phycidae_163113;Urophycis_183655;Urophycis_chuss_183656	99.415	90	3.47e-84	171	0	N/A	N/A	N/A
76d841e6bc261a502e570a29bb3d7f31	OR380059.1.<1.>171###root_1;Eukaryota_2759;Chordata_7711;Actinopteri_186623;Gadiformes_8043;Phycidae_163113;Urophycis_183655;Urophycis_chuss_183656	98.830	90	1.61e-82	171	0	N/A	N/A	N/A
76d841e6bc261a502e570a29bb3d7f31	MT103927.1.<1.>686###root_1;Eukaryota_2759;Chordata_7711;Actinopteri_186623;Gadiformes_8043;Phycidae_163113;Urophycis_183655;Urophycis_tenuis_183657	94.241	100	1.63e-77	191	0	N/A	N/A	N/A
76d841e6bc261a502e570a29bb3d7f31	PP033016.1.70.1028###root_1;Eukaryota_2759;Chordata_7711;Actinopteri_186623;Gadiformes_8043;Phycidae_163113;Urophycis_183655;Urophycis_brasiliensis_1154667	93.194	100	3.52e-74	191	0	N/A	N/A	N/A
76d841e6bc261a502e570a29bb3d7f31	OR582684.1.69.1023###root_1;Eukaryota_2759;Chordata_7711;Actinopteri_186623;Gadiformes_8043;Phycidae_163113;Urophycis_183655;Urophycis_regia_630692	92.632	100	5.89e-72	190	0	N/A	N/A	N/A
76d841e6bc261a502e570a29bb3d7f31	OR575619.1.70.1022###root_1;Eukaryota_2759;Chordata_7711;Actinopteri_186623;Gadiformes_8043;Phycidae_163113;Phycis_163114;Phycis_chesteri_348446	91.579	100	3.54e-69	190	0	N/A	N/A	N/A
76d841e6bc261a502e570a29bb3d7f31	OR380257.1.<1.>169###root_1;Eukaryota_2759;Chordata_7711;Actinopteri_186623;Gadiformes_8043;Phycidae_163113;Urophycis_183655;Urophycis_regia_630692	92.398	90	1.28e-63	171	0	N/A	N/A	N/A
76d841e6bc261a502e570a29bb3d7f31	OR380004.1.<1.>170###root_1;Eukaryota_2759;Chordata_7711;Actinopteri_186623;Gadiformes_8043;Phycidae_163113;Urophycis_183655;Urophycis_regia_630692	92.442	90	1.28e-63	172	0	N/A	N/A	N/A
cd8677b204a7f90c0d8e363d5b89015b	OP057106.2.70.1025###root_1;Eukaryota_2759;Chordata_7711;Actinopteri_186623;Gadiformes_8043;Phycidae_163113;Urophycis_183655;Urophycis_chuss_183656	100.000	100	7.35e-96	189	0	N/A	N/A	N/A
cd8677b204a7f90c0d8e363d5b89015b	OR380057.1.<1.>171###root_1;Eukaryota_2759;Chordata_7711;Actinopteri_186623;Gadiformes_8043;Phycidae_163113;Urophycis_183655;Urophycis_chuss_183656	100.000	90	7.46e-86	171	0	N/A	N/A	N/A
cd8677b204a7f90c0d8e363d5b89015b	OR380059.1.<1.>171###root_1;Eukaryota_2759;Chordata_7711;Actinopteri_186623;Gadiformes_8043;Phycidae_163113;Urophycis_183655;Urophycis_chuss_183656	99.415	90	3.47e-84	171	0	N/A	N/A	N/A
cd8677b204a7f90c0d8e363d5b89015b	MT103927.1.<1.>686###root_1;Eukaryota_2759;Chordata_7711;Actinopteri_186623;Gadiformes_8043;Phycidae_163113;Urophycis_183655;Urophycis_tenuis_183657	94.764	100	3.49e-79	191	0	N/A	N/A	N/A
cd8677b204a7f90c0d8e363d5b89015b	PP033016.1.70.1028###root_1;Eukaryota_2759;Chordata_7711;Actinopteri_186623;Gadiformes_8043;Phycidae_163113;Urophycis_183655;Urophycis_brasiliensis_1154667	93.717	100	7.56e-76	191	0	N/A	N/A	N/A
cd8677b204a7f90c0d8e363d5b89015b	OR582684.1.69.1023###root_1;Eukaryota_2759;Chordata_7711;Actinopteri_186623;Gadiformes_8043;Phycidae_163113;Urophycis_183655;Urophycis_regia_630692	93.158	100	1.27e-73	190	0	N/A	N/A	N/A
cd8677b204a7f90c0d8e363d5b89015b	OR575619.1.70.1022###root_1;Eukaryota_2759;Chordata_7711;Actinopteri_186623;Gadiformes_8043;Phycidae_163113;Phycis_163114;Phycis_chesteri_348446	92.105	100	7.62e-71	190	0	N/A	N/A	N/A
cd8677b204a7f90c0d8e363d5b89015b	OR380257.1.<1.>169###root_1;Eukaryota_2759;Chordata_7711;Actinopteri_186623;Gadiformes_8043;Phycidae_163113;Urophycis_183655;Urophycis_regia_630692	92.982	90	2.76e-65	171	0	N/A	N/A	N/A
cd8677b204a7f90c0d8e363d5b89015b	OR380004.1.<1.>170###root_1;Eukaryota_2759;Chordata_7711;Actinopteri_186623;Gadiformes_8043;Phycidae_163113;Urophycis_183655;Urophycis_regia_630692	93.023	90	2.76e-65	172	0	N/A	N/A	N/A
dc009f5e55ff27a7189d265ff93c2857	OP057106.2.70.1025###root_1;Eukaryota_2759;Chordata_7711;Actinopteri_186623;Gadiformes_8043;Phycidae_163113;Urophycis_183655;Urophycis_chuss_183656	99.471	100	3.42e-94	189	0	N/A	N/A	N/A
dc009f5e55ff27a7189d265ff93c2857	OR380057.1.<1.>171###root_1;Eukaryota_2759;Chordata_7711;Actinopteri_186623;Gadiformes_8043;Phycidae_163113;Urophycis_183655;Urophycis_chuss_183656	100.000	90	2.68e-85	170	0	N/A	N/A	N/A
dc009f5e55ff27a7189d265ff93c2857	OR380059.1.<1.>171###root_1;Eukaryota_2759;Chordata_7711;Actinopteri_186623;Gadiformes_8043;Phycidae_163113;Urophycis_183655;Urophycis_chuss_183656	99.412	90	1.25e-83	170	0	N/A	N/A	N/A
dc009f5e55ff27a7189d265ff93c2857	MT103927.1.<1.>686###root_1;Eukaryota_2759;Chordata_7711;Actinopteri_186623;Gadiformes_8043;Phycidae_163113;Urophycis_183655;Urophycis_tenuis_183657	94.241	100	1.63e-77	191	0	N/A	N/A	N/A
dc009f5e55ff27a7189d265ff93c2857	PP033016.1.70.1028###root_1;Eukaryota_2759;Chordata_7711;Actinopteri_186623;Gadiformes_8043;Phycidae_163113;Urophycis_183655;Urophycis_brasiliensis_1154667	93.194	100	3.52e-74	191	0	N/A	N/A	N/A
dc009f5e55ff27a7189d265ff93c2857	OR582684.1.69.1023###root_1;Eukaryota_2759;Chordata_7711;Actinopteri_186623;Gadiformes_8043;Phycidae_163113;Urophycis_183655;Urophycis_regia_630692	92.632	100	5.89e-72	190	0	N/A	N/A	N/A
dc009f5e55ff27a7189d265ff93c2857	OR575619.1.70.1022###root_1;Eukaryota_2759;Chordata_7711;Actinopteri_186623;Gadiformes_8043;Phycidae_163113;Phycis_163114;Phycis_chesteri_348446	91.579	100	3.54e-69	190	0	N/A	N/A	N/A
dc009f5e55ff27a7189d265ff93c2857	OR380257.1.<1.>169###root_1;Eukaryota_2759;Chordata_7711;Actinopteri_186623;Gadiformes_8043;Phycidae_163113;Urophycis_183655;Urophycis_regia_630692	92.941	90	9.92e-65	170	0	N/A	N/A	N/A
dc009f5e55ff27a7189d265ff93c2857	OR380004.1.<1.>170###root_1;Eukaryota_2759;Chordata_7711;Actinopteri_186623;Gadiformes_8043;Phycidae_163113;Urophycis_183655;Urophycis_regia_630692	92.982	90	9.92e-65	171	0	N/A	N/A	N/A
58fc9770383a33ddc0b61bf854671cf5	OP057106.2.70.1025###root_1;Eukaryota_2759;Chordata_7711;Actinopteri_186623;Gadiformes_8043;Phycidae_163113;Urophycis_183655;Urophycis_chuss_183656	99.471	100	3.42e-94	189	0	N/A	N/A	N/A
58fc9770383a33ddc0b61bf854671cf5	OR380057.1.<1.>171###root_1;Eukaryota_2759;Chordata_7711;Actinopteri_186623;Gadiformes_8043;Phycidae_163113;Urophycis_183655;Urophycis_chuss_183656	100.000	90	2.68e-85	170	0	N/A	N/A	N/A
58fc9770383a33ddc0b61bf854671cf5	OR380059.1.<1.>171###root_1;Eukaryota_2759;Chordata_7711;Actinopteri_186623;Gadiformes_8043;Phycidae_163113;Urophycis_183655;Urophycis_chuss_183656	99.412	90	1.25e-83	170	0	N/A	N/A	N/A
58fc9770383a33ddc0b61bf854671cf5	MT103927.1.<1.>686###root_1;Eukaryota_2759;Chordata_7711;Actinopteri_186623;Gadiformes_8043;Phycidae_163113;Urophycis_183655;Urophycis_tenuis_183657	94.241	100	1.63e-77	191	0	N/A	N/A	N/A
58fc9770383a33ddc0b61bf854671cf5	PP033016.1.70.1028###root_1;Eukaryota_2759;Chordata_7711;Actinopteri_186623;Gadiformes_8043;Phycidae_163113;Urophycis_183655;Urophycis_brasiliensis_1154667	93.194	100	3.52e-74	191	0	N/A	N/A	N/A
58fc9770383a33ddc0b61bf854671cf5	OR582684.1.69.1023###root_1;Eukaryota_2759;Chordata_7711;Actinopteri_186623;Gadiformes_8043;Phycidae_163113;Urophycis_183655;Urophycis_regia_630692	92.632	100	5.89e-72	190	0	N/A	N/A	N/A
58fc9770383a33ddc0b61bf854671cf5	OR575619.1.70.1022###root_1;Eukaryota_2759;Chordata_7711;Actinopteri_186623;Gadiformes_8043;Phycidae_163113;Phycis_163114;Phycis_chesteri_348446	91.579	100	3.54e-69	190	0	N/A	N/A	N/A
58fc9770383a33ddc0b61bf854671cf5	OR380257.1.<1.>169###root_1;Eukaryota_2759;Chordata_7711;Actinopteri_186623;Gadiformes_8043;Phycidae_163113;Urophycis_183655;Urophycis_regia_630692	92.941	90	9.92e-65	170	0	N/A	N/A	N/A
58fc9770383a33ddc0b61bf854671cf5	OR380004.1.<1.>170###root_1;Eukaryota_2759;Chordata_7711;Actinopteri_186623;Gadiformes_8043;Phycidae_163113;Urophycis_183655;Urophycis_regia_630692	92.982	90	9.92e-65	171	0	N/A	N/A	N/A
fdbc30abf5b3c102428c50cefc074da5	OP057106.2.70.1025###root_1;Eukaryota_2759;Chordata_7711;Actinopteri_186623;Gadiformes_8043;Phycidae_163113;Urophycis_183655;Urophycis_chuss_183656	99.471	100	3.42e-94	189	0	N/A	N/A	N/A
fdbc30abf5b3c102428c50cefc074da5	OR380057.1.<1.>171###root_1;Eukaryota_2759;Chordata_7711;Actinopteri_186623;Gadiformes_8043;Phycidae_163113;Urophycis_183655;Urophycis_chuss_183656	99.415	90	3.47e-84	171	0	N/A	N/A	N/A
fdbc30abf5b3c102428c50cefc074da5	OR380059.1.<1.>171###root_1;Eukaryota_2759;Chordata_7711;Actinopteri_186623;Gadiformes_8043;Phycidae_163113;Urophycis_183655;Urophycis_chuss_183656	98.830	90	1.61e-82	171	0	N/A	N/A	N/A
fdbc30abf5b3c102428c50cefc074da5	MT103927.1.<1.>686###root_1;Eukaryota_2759;Chordata_7711;Actinopteri_186623;Gadiformes_8043;Phycidae_163113;Urophycis_183655;Urophycis_tenuis_183657	94.241	100	1.63e-77	191	0	N/A	N/A	N/A
fdbc30abf5b3c102428c50cefc074da5	PP033016.1.70.1028###root_1;Eukaryota_2759;Chordata_7711;Actinopteri_186623;Gadiformes_8043;Phycidae_163113;Urophycis_183655;Urophycis_brasiliensis_1154667	93.194	100	3.52e-74	191	0	N/A	N/A	N/A
fdbc30abf5b3c102428c50cefc074da5	OR582684.1.69.1023###root_1;Eukaryota_2759;Chordata_7711;Actinopteri_186623;Gadiformes_8043;Phycidae_163113;Urophycis_183655;Urophycis_regia_630692	92.632	100	5.89e-72	190	0	N/A	N/A	N/A
fdbc30abf5b3c102428c50cefc074da5	OR575619.1.70.1022###root_1;Eukaryota_2759;Chordata_7711;Actinopteri_186623;Gadiformes_8043;Phycidae_163113;Phycis_163114;Phycis_chesteri_348446	91.579	100	3.54e-69	190	0	N/A	N/A	N/A
fdbc30abf5b3c102428c50cefc074da5	OR380257.1.<1.>169###root_1;Eukaryota_2759;Chordata_7711;Actinopteri_186623;Gadiformes_8043;Phycidae_163113;Urophycis_183655;Urophycis_regia_630692	92.398	90	1.28e-63	171	0	N/A	N/A	N/A
fdbc30abf5b3c102428c50cefc074da5	OR380004.1.<1.>170###root_1;Eukaryota_2759;Chordata_7711;Actinopteri_186623;Gadiformes_8043;Phycidae_163113;Urophycis_183655;Urophycis_regia_630692	92.442	90	1.28e-63	172	0	N/A	N/A	N/A
1511e1a9c0f1fa66caf0fdd197d8f0e1	OP057106.2.70.1025###root_1;Eukaryota_2759;Chordata_7711;Actinopteri_186623;Gadiformes_8043;Phycidae_163113;Urophycis_183655;Urophycis_chuss_183656	99.471	100	3.42e-94	189	0	N/A	N/A	N/A
1511e1a9c0f1fa66caf0fdd197d8f0e1	OR380057.1.<1.>171###root_1;Eukaryota_2759;Chordata_7711;Actinopteri_186623;Gadiformes_8043;Phycidae_163113;Urophycis_183655;Urophycis_chuss_183656	99.415	90	3.47e-84	171	0	N/A	N/A	N/A
1511e1a9c0f1fa66caf0fdd197d8f0e1	OR380059.1.<1.>171###root_1;Eukaryota_2759;Chordata_7711;Actinopteri_186623;Gadiformes_8043;Phycidae_163113;Urophycis_183655;Urophycis_chuss_183656	98.830	90	1.61e-82	171	0	N/A	N/A	N/A
1511e1a9c0f1fa66caf0fdd197d8f0e1	MT103927.1.<1.>686###root_1;Eukaryota_2759;Chordata_7711;Actinopteri_186623;Gadiformes_8043;Phycidae_163113;Urophycis_183655;Urophycis_tenuis_183657	94.241	100	1.63e-77	191	0	N/A	N/A	N/A
1511e1a9c0f1fa66caf0fdd197d8f0e1	PP033016.1.70.1028###root_1;Eukaryota_2759;Chordata_7711;Actinopteri_186623;Gadiformes_8043;Phycidae_163113;Urophycis_183655;Urophycis_brasiliensis_1154667	93.194	100	3.52e-74	191	0	N/A	N/A	N/A
1511e1a9c0f1fa66caf0fdd197d8f0e1	OR582684.1.69.1023###root_1;Eukaryota_2759;Chordata_7711;Actinopteri_186623;Gadiformes_8043;Phycidae_163113;Urophycis_183655;Urophycis_regia_630692	92.632	100	5.89e-72	190	0	N/A	N/A	N/A
1511e1a9c0f1fa66caf0fdd197d8f0e1	OR575619.1.70.1022###root_1;Eukaryota_2759;Chordata_7711;Actinopteri_186623;Gadiformes_8043;Phycidae_163113;Phycis_163114;Phycis_chesteri_348446	91.579	100	3.54e-69	190	0	N/A	N/A	N/A
1511e1a9c0f1fa66caf0fdd197d8f0e1	OR380257.1.<1.>169###root_1;Eukaryota_2759;Chordata_7711;Actinopteri_186623;Gadiformes_8043;Phycidae_163113;Urophycis_183655;Urophycis_regia_630692	92.398	90	1.28e-63	171	0	N/A	N/A	N/A
1511e1a9c0f1fa66caf0fdd197d8f0e1	OR380004.1.<1.>170###root_1;Eukaryota_2759;Chordata_7711;Actinopteri_186623;Gadiformes_8043;Phycidae_163113;Urophycis_183655;Urophycis_regia_630692	92.442	90	1.28e-63	172	0	N/A	N/A	N/A
f689b598fcb09398d9e8a22a9ced4f1d	OP057106.2.70.1025###root_1;Eukaryota_2759;Chordata_7711;Actinopteri_186623;Gadiformes_8043;Phycidae_163113;Urophycis_183655;Urophycis_chuss_183656	99.471	100	3.42e-94	189	0	N/A	N/A	N/A
f689b598fcb09398d9e8a22a9ced4f1d	OR380057.1.<1.>171###root_1;Eukaryota_2759;Chordata_7711;Actinopteri_186623;Gadiformes_8043;Phycidae_163113;Urophycis_183655;Urophycis_chuss_183656	99.415	90	3.47e-84	171	0	N/A	N/A	N/A
f689b598fcb09398d9e8a22a9ced4f1d	OR380059.1.<1.>171###root_1;Eukaryota_2759;Chordata_7711;Actinopteri_186623;Gadiformes_8043;Phycidae_163113;Urophycis_183655;Urophycis_chuss_183656	98.830	90	1.61e-82	171	0	N/A	N/A	N/A
f689b598fcb09398d9e8a22a9ced4f1d	MT103927.1.<1.>686###root_1;Eukaryota_2759;Chordata_7711;Actinopteri_186623;Gadiformes_8043;Phycidae_163113;Urophycis_183655;Urophycis_tenuis_183657	94.241	100	1.63e-77	191	0	N/A	N/A	N/A
f689b598fcb09398d9e8a22a9ced4f1d	PP033016.1.70.1028###root_1;Eukaryota_2759;Chordata_7711;Actinopteri_186623;Gadiformes_8043;Phycidae_163113;Urophycis_183655;Urophycis_brasiliensis_1154667	93.194	100	3.52e-74	191	0	N/A	N/A	N/A
f689b598fcb09398d9e8a22a9ced4f1d	OR582684.1.69.1023###root_1;Eukaryota_2759;Chordata_7711;Actinopteri_186623;Gadiformes_8043;Phycidae_163113;Urophycis_183655;Urophycis_regia_630692	92.632	100	5.89e-72	190	0	N/A	N/A	N/A
f689b598fcb09398d9e8a22a9ced4f1d	OR575619.1.70.1022###root_1;Eukaryota_2759;Chordata_7711;Actinopteri_186623;Gadiformes_8043;Phycidae_163113;Phycis_163114;Phycis_chesteri_348446	91.579	100	3.54e-69	190	0	N/A	N/A	N/A
f689b598fcb09398d9e8a22a9ced4f1d	OR380257.1.<1.>169###root_1;Eukaryota_2759;Chordata_7711;Actinopteri_186623;Gadiformes_8043;Phycidae_163113;Urophycis_183655;Urophycis_regia_630692	92.398	90	1.28e-63	171	0	N/A	N/A	N/A
f689b598fcb09398d9e8a22a9ced4f1d	OR380004.1.<1.>170###root_1;Eukaryota_2759;Chordata_7711;Actinopteri_186623;Gadiformes_8043;Phycidae_163113;Urophycis_183655;Urophycis_regia_630692	92.442	90	1.28e-63	172	0	N/A	N/A	N/A
8fe8e66036f8b8fa82f2a31659e374c9	OP057106.2.70.1025###root_1;Eukaryota_2759;Chordata_7711;Actinopteri_186623;Gadiformes_8043;Phycidae_163113;Urophycis_183655;Urophycis_chuss_183656	99.471	100	3.42e-94	189	0	N/A	N/A	N/A
8fe8e66036f8b8fa82f2a31659e374c9	OR380057.1.<1.>171###root_1;Eukaryota_2759;Chordata_7711;Actinopteri_186623;Gadiformes_8043;Phycidae_163113;Urophycis_183655;Urophycis_chuss_183656	99.415	90	3.47e-84	171	0	N/A	N/A	N/A
8fe8e66036f8b8fa82f2a31659e374c9	OR380059.1.<1.>171###root_1;Eukaryota_2759;Chordata_7711;Actinopteri_186623;Gadiformes_8043;Phycidae_163113;Urophycis_183655;Urophycis_chuss_183656	98.830	90	1.61e-82	171	0	N/A	N/A	N/A
8fe8e66036f8b8fa82f2a31659e374c9	MT103927.1.<1.>686###root_1;Eukaryota_2759;Chordata_7711;Actinopteri_186623;Gadiformes_8043;Phycidae_163113;Urophycis_183655;Urophycis_tenuis_183657	94.241	100	1.63e-77	191	0	N/A	N/A	N/A
8fe8e66036f8b8fa82f2a31659e374c9	PP033016.1.70.1028###root_1;Eukaryota_2759;Chordata_7711;Actinopteri_186623;Gadiformes_8043;Phycidae_163113;Urophycis_183655;Urophycis_brasiliensis_1154667	93.194	100	3.52e-74	191	0	N/A	N/A	N/A
8fe8e66036f8b8fa82f2a31659e374c9	OR582684.1.69.1023###root_1;Eukaryota_2759;Chordata_7711;Actinopteri_186623;Gadiformes_8043;Phycidae_163113;Urophycis_183655;Urophycis_regia_630692	92.632	100	5.89e-72	190	0	N/A	N/A	N/A
8fe8e66036f8b8fa82f2a31659e374c9	OR575619.1.70.1022###root_1;Eukaryota_2759;Chordata_7711;Actinopteri_186623;Gadiformes_8043;Phycidae_163113;Phycis_163114;Phycis_chesteri_348446	91.579	100	3.54e-69	190	0	N/A	N/A	N/A
8fe8e66036f8b8fa82f2a31659e374c9	OR380257.1.<1.>169###root_1;Eukaryota_2759;Chordata_7711;Actinopteri_186623;Gadiformes_8043;Phycidae_163113;Urophycis_183655;Urophycis_regia_630692	92.398	90	1.28e-63	171	0	N/A	N/A	N/A
8fe8e66036f8b8fa82f2a31659e374c9	OR380004.1.<1.>170###root_1;Eukaryota_2759;Chordata_7711;Actinopteri_186623;Gadiformes_8043;Phycidae_163113;Urophycis_183655;Urophycis_regia_630692	92.442	90	1.28e-63	172	0	N/A	N/A	N/A
585a9f7ec9f454174ee2afa00c6e73c9	OP057106.2.70.1025###root_1;Eukaryota_2759;Chordata_7711;Actinopteri_186623;Gadiformes_8043;Phycidae_163113;Urophycis_183655;Urophycis_chuss_183656	99.471	100	3.42e-94	189	0	N/A	N/A	N/A
585a9f7ec9f454174ee2afa00c6e73c9	OR380057.1.<1.>171###root_1;Eukaryota_2759;Chordata_7711;Actinopteri_186623;Gadiformes_8043;Phycidae_163113;Urophycis_183655;Urophycis_chuss_183656	99.415	90	3.47e-84	171	0	N/A	N/A	N/A
585a9f7ec9f454174ee2afa00c6e73c9	OR380059.1.<1.>171###root_1;Eukaryota_2759;Chordata_7711;Actinopteri_186623;Gadiformes_8043;Phycidae_163113;Urophycis_183655;Urophycis_chuss_183656	98.830	90	1.61e-82	171	0	N/A	N/A	N/A
585a9f7ec9f454174ee2afa00c6e73c9	MT103927.1.<1.>686###root_1;Eukaryota_2759;Chordata_7711;Actinopteri_186623;Gadiformes_8043;Phycidae_163113;Urophycis_183655;Urophycis_tenuis_183657	94.241	100	1.63e-77	191	0	N/A	N/A	N/A
585a9f7ec9f454174ee2afa00c6e73c9	PP033016.1.70.1028###root_1;Eukaryota_2759;Chordata_7711;Actinopteri_186623;Gadiformes_8043;Phycidae_163113;Urophycis_183655;Urophycis_brasiliensis_1154667	93.194	100	3.52e-74	191	0	N/A	N/A	N/A
585a9f7ec9f454174ee2afa00c6e73c9	OR582684.1.69.1023###root_1;Eukaryota_2759;Chordata_7711;Actinopteri_186623;Gadiformes_8043;Phycidae_163113;Urophycis_183655;Urophycis_regia_630692	92.632	100	5.89e-72	190	0	N/A	N/A	N/A
585a9f7ec9f454174ee2afa00c6e73c9	OR575619.1.70.1022###root_1;Eukaryota_2759;Chordata_7711;Actinopteri_186623;Gadiformes_8043;Phycidae_163113;Phycis_163114;Phycis_chesteri_348446	91.579	100	3.54e-69	190	0	N/A	N/A	N/A
585a9f7ec9f454174ee2afa00c6e73c9	OR380257.1.<1.>169###root_1;Eukaryota_2759;Chordata_7711;Actinopteri_186623;Gadiformes_8043;Phycidae_163113;Urophycis_183655;Urophycis_regia_630692	92.398	90	1.28e-63	171	0	N/A	N/A	N/A
585a9f7ec9f454174ee2afa00c6e73c9	OR380004.1.<1.>170###root_1;Eukaryota_2759;Chordata_7711;Actinopteri_186623;Gadiformes_8043;Phycidae_163113;Urophycis_183655;Urophycis_regia_630692	92.442	90	1.28e-63	172	0	N/A	N/A	N/A
18e516e529de1ce139031d355ec3d959	OP057106.2.70.1025###root_1;Eukaryota_2759;Chordata_7711;Actinopteri_186623;Gadiformes_8043;Phycidae_163113;Urophycis_183655;Urophycis_chuss_183656	99.471	100	3.42e-94	189	0	N/A	N/A	N/A
18e516e529de1ce139031d355ec3d959	OR380057.1.<1.>171###root_1;Eukaryota_2759;Chordata_7711;Actinopteri_186623;Gadiformes_8043;Phycidae_163113;Urophycis_183655;Urophycis_chuss_183656	99.415	90	3.47e-84	171	0	N/A	N/A	N/A
18e516e529de1ce139031d355ec3d959	OR380059.1.<1.>171###root_1;Eukaryota_2759;Chordata_7711;Actinopteri_186623;Gadiformes_8043;Phycidae_163113;Urophycis_183655;Urophycis_chuss_183656	98.830	90	1.61e-82	171	0	N/A	N/A	N/A
18e516e529de1ce139031d355ec3d959	MT103927.1.<1.>686###root_1;Eukaryota_2759;Chordata_7711;Actinopteri_186623;Gadiformes_8043;Phycidae_163113;Urophycis_183655;Urophycis_tenuis_183657	94.241	100	1.63e-77	191	0	N/A	N/A	N/A
18e516e529de1ce139031d355ec3d959	PP033016.1.70.1028###root_1;Eukaryota_2759;Chordata_7711;Actinopteri_186623;Gadiformes_8043;Phycidae_163113;Urophycis_183655;Urophycis_brasiliensis_1154667	93.194	100	3.52e-74	191	0	N/A	N/A	N/A
18e516e529de1ce139031d355ec3d959	OR582684.1.69.1023###root_1;Eukaryota_2759;Chordata_7711;Actinopteri_186623;Gadiformes_8043;Phycidae_163113;Urophycis_183655;Urophycis_regia_630692	92.632	100	5.89e-72	190	0	N/A	N/A	N/A
18e516e529de1ce139031d355ec3d959	OR575619.1.70.1022###root_1;Eukaryota_2759;Chordata_7711;Actinopteri_186623;Gadiformes_8043;Phycidae_163113;Phycis_163114;Phycis_chesteri_348446	91.579	100	3.54e-69	190	0	N/A	N/A	N/A
18e516e529de1ce139031d355ec3d959	OR380257.1.<1.>169###root_1;Eukaryota_2759;Chordata_7711;Actinopteri_186623;Gadiformes_8043;Phycidae_163113;Urophycis_183655;Urophycis_regia_630692	92.398	90	1.28e-63	171	0	N/A	N/A	N/A
18e516e529de1ce139031d355ec3d959	OR380004.1.<1.>170###root_1;Eukaryota_2759;Chordata_7711;Actinopteri_186623;Gadiformes_8043;Phycidae_163113;Urophycis_183655;Urophycis_regia_630692	92.442	90	1.28e-63	172	0	N/A	N/A	N/A
7d2057c89843734e61ddaf792fec683d	OP057106.2.70.1025###root_1;Eukaryota_2759;Chordata_7711;Actinopteri_186623;Gadiformes_8043;Phycidae_163113;Urophycis_183655;Urophycis_chuss_183656	99.471	100	3.42e-94	189	0	N/A	N/A	N/A
7d2057c89843734e61ddaf792fec683d	OR380057.1.<1.>171###root_1;Eukaryota_2759;Chordata_7711;Actinopteri_186623;Gadiformes_8043;Phycidae_163113;Urophycis_183655;Urophycis_chuss_183656	99.415	90	3.47e-84	171	0	N/A	N/A	N/A
7d2057c89843734e61ddaf792fec683d	OR380059.1.<1.>171###root_1;Eukaryota_2759;Chordata_7711;Actinopteri_186623;Gadiformes_8043;Phycidae_163113;Urophycis_183655;Urophycis_chuss_183656	98.830	90	1.61e-82	171	0	N/A	N/A	N/A
7d2057c89843734e61ddaf792fec683d	MT103927.1.<1.>686###root_1;Eukaryota_2759;Chordata_7711;Actinopteri_186623;Gadiformes_8043;Phycidae_163113;Urophycis_183655;Urophycis_tenuis_183657	94.241	100	1.63e-77	191	0	N/A	N/A	N/A
7d2057c89843734e61ddaf792fec683d	PP033016.1.70.1028###root_1;Eukaryota_2759;Chordata_7711;Actinopteri_186623;Gadiformes_8043;Phycidae_163113;Urophycis_183655;Urophycis_brasiliensis_1154667	93.194	100	3.52e-74	191	0	N/A	N/A	N/A
7d2057c89843734e61ddaf792fec683d	OR582684.1.69.1023###root_1;Eukaryota_2759;Chordata_7711;Actinopteri_186623;Gadiformes_8043;Phycidae_163113;Urophycis_183655;Urophycis_regia_630692	92.632	100	5.89e-72	190	0	N/A	N/A	N/A
7d2057c89843734e61ddaf792fec683d	OR575619.1.70.1022###root_1;Eukaryota_2759;Chordata_7711;Actinopteri_186623;Gadiformes_8043;Phycidae_163113;Phycis_163114;Phycis_chesteri_348446	91.579	100	3.54e-69	190	0	N/A	N/A	N/A
7d2057c89843734e61ddaf792fec683d	OR380257.1.<1.>169###root_1;Eukaryota_2759;Chordata_7711;Actinopteri_186623;Gadiformes_8043;Phycidae_163113;Urophycis_183655;Urophycis_regia_630692	92.398	90	1.28e-63	171	0	N/A	N/A	N/A
7d2057c89843734e61ddaf792fec683d	OR380004.1.<1.>170###root_1;Eukaryota_2759;Chordata_7711;Actinopteri_186623;Gadiformes_8043;Phycidae_163113;Urophycis_183655;Urophycis_regia_630692	92.442	90	1.28e-63	172	0	N/A	N/A	N/A
c117772290b0308f7e46ec21c8041669	OP057106.2.70.1025###root_1;Eukaryota_2759;Chordata_7711;Actinopteri_186623;Gadiformes_8043;Phycidae_163113;Urophycis_183655;Urophycis_chuss_183656	99.471	100	3.42e-94	189	0	N/A	N/A	N/A
c117772290b0308f7e46ec21c8041669	OR380057.1.<1.>171###root_1;Eukaryota_2759;Chordata_7711;Actinopteri_186623;Gadiformes_8043;Phycidae_163113;Urophycis_183655;Urophycis_chuss_183656	99.415	90	3.47e-84	171	0	N/A	N/A	N/A
c117772290b0308f7e46ec21c8041669	OR380059.1.<1.>171###root_1;Eukaryota_2759;Chordata_7711;Actinopteri_186623;Gadiformes_8043;Phycidae_163113;Urophycis_183655;Urophycis_chuss_183656	98.830	90	1.61e-82	171	0	N/A	N/A	N/A
c117772290b0308f7e46ec21c8041669	MT103927.1.<1.>686###root_1;Eukaryota_2759;Chordata_7711;Actinopteri_186623;Gadiformes_8043;Phycidae_163113;Urophycis_183655;Urophycis_tenuis_183657	94.241	100	1.63e-77	191	0	N/A	N/A	N/A
c117772290b0308f7e46ec21c8041669	PP033016.1.70.1028###root_1;Eukaryota_2759;Chordata_7711;Actinopteri_186623;Gadiformes_8043;Phycidae_163113;Urophycis_183655;Urophycis_brasiliensis_1154667	93.194	100	3.52e-74	191	0	N/A	N/A	N/A
c117772290b0308f7e46ec21c8041669	OR582684.1.69.1023###root_1;Eukaryota_2759;Chordata_7711;Actinopteri_186623;Gadiformes_8043;Phycidae_163113;Urophycis_183655;Urophycis_regia_630692	92.632	100	5.89e-72	190	0	N/A	N/A	N/A
c117772290b0308f7e46ec21c8041669	OR575619.1.70.1022###root_1;Eukaryota_2759;Chordata_7711;Actinopteri_186623;Gadiformes_8043;Phycidae_163113;Phycis_163114;Phycis_chesteri_348446	92.105	100	7.62e-71	190	0	N/A	N/A	N/A
c117772290b0308f7e46ec21c8041669	OR380257.1.<1.>169###root_1;Eukaryota_2759;Chordata_7711;Actinopteri_186623;Gadiformes_8043;Phycidae_163113;Urophycis_183655;Urophycis_regia_630692	92.398	90	1.28e-63	171	0	N/A	N/A	N/A
c117772290b0308f7e46ec21c8041669	OR380004.1.<1.>170###root_1;Eukaryota_2759;Chordata_7711;Actinopteri_186623;Gadiformes_8043;Phycidae_163113;Urophycis_183655;Urophycis_regia_630692	92.442	90	1.28e-63	172	0	N/A	N/A	N/A
7dc4d731c3224b89e8413b109e5489e2	OP057106.2.70.1025###root_1;Eukaryota_2759;Chordata_7711;Actinopteri_186623;Gadiformes_8043;Phycidae_163113;Urophycis_183655;Urophycis_chuss_183656	99.471	100	3.42e-94	189	0	N/A	N/A	N/A
7dc4d731c3224b89e8413b109e5489e2	OR380057.1.<1.>171###root_1;Eukaryota_2759;Chordata_7711;Actinopteri_186623;Gadiformes_8043;Phycidae_163113;Urophycis_183655;Urophycis_chuss_183656	99.415	90	3.47e-84	171	0	N/A	N/A	N/A
7dc4d731c3224b89e8413b109e5489e2	OR380059.1.<1.>171###root_1;Eukaryota_2759;Chordata_7711;Actinopteri_186623;Gadiformes_8043;Phycidae_163113;Urophycis_183655;Urophycis_chuss_183656	98.830	90	1.61e-82	171	0	N/A	N/A	N/A
7dc4d731c3224b89e8413b109e5489e2	MT103927.1.<1.>686###root_1;Eukaryota_2759;Chordata_7711;Actinopteri_186623;Gadiformes_8043;Phycidae_163113;Urophycis_183655;Urophycis_tenuis_183657	94.241	100	1.63e-77	191	0	N/A	N/A	N/A
7dc4d731c3224b89e8413b109e5489e2	PP033016.1.70.1028###root_1;Eukaryota_2759;Chordata_7711;Actinopteri_186623;Gadiformes_8043;Phycidae_163113;Urophycis_183655;Urophycis_brasiliensis_1154667	93.194	100	3.52e-74	191	0	N/A	N/A	N/A
7dc4d731c3224b89e8413b109e5489e2	OR575619.1.70.1022###root_1;Eukaryota_2759;Chordata_7711;Actinopteri_186623;Gadiformes_8043;Phycidae_163113;Phycis_163114;Phycis_chesteri_348446	92.632	100	1.64e-72	190	0	N/A	N/A	N/A
7dc4d731c3224b89e8413b109e5489e2	OR582684.1.69.1023###root_1;Eukaryota_2759;Chordata_7711;Actinopteri_186623;Gadiformes_8043;Phycidae_163113;Urophycis_183655;Urophycis_regia_630692	92.632	100	5.89e-72	190	0	N/A	N/A	N/A
7dc4d731c3224b89e8413b109e5489e2	OR380257.1.<1.>169###root_1;Eukaryota_2759;Chordata_7711;Actinopteri_186623;Gadiformes_8043;Phycidae_163113;Urophycis_183655;Urophycis_regia_630692	92.398	90	1.28e-63	171	0	N/A	N/A	N/A
7dc4d731c3224b89e8413b109e5489e2	OR380004.1.<1.>170###root_1;Eukaryota_2759;Chordata_7711;Actinopteri_186623;Gadiformes_8043;Phycidae_163113;Urophycis_183655;Urophycis_regia_630692	92.442	90	1.28e-63	172	0	N/A	N/A	N/A
0013d5cc314d74375f4e77d3c500b90a	OP057106.2.70.1025###root_1;Eukaryota_2759;Chordata_7711;Actinopteri_186623;Gadiformes_8043;Phycidae_163113;Urophycis_183655;Urophycis_chuss_183656	99.471	100	3.42e-94	189	0	N/A	N/A	N/A
0013d5cc314d74375f4e77d3c500b90a	OR380057.1.<1.>171###root_1;Eukaryota_2759;Chordata_7711;Actinopteri_186623;Gadiformes_8043;Phycidae_163113;Urophycis_183655;Urophycis_chuss_183656	99.415	90	3.47e-84	171	0	N/A	N/A	N/A
0013d5cc314d74375f4e77d3c500b90a	OR380059.1.<1.>171###root_1;Eukaryota_2759;Chordata_7711;Actinopteri_186623;Gadiformes_8043;Phycidae_163113;Urophycis_183655;Urophycis_chuss_183656	98.830	90	1.61e-82	171	0	N/A	N/A	N/A
0013d5cc314d74375f4e77d3c500b90a	MT103927.1.<1.>686###root_1;Eukaryota_2759;Chordata_7711;Actinopteri_186623;Gadiformes_8043;Phycidae_163113;Urophycis_183655;Urophycis_tenuis_183657	94.241	100	1.63e-77	191	0	N/A	N/A	N/A
0013d5cc314d74375f4e77d3c500b90a	PP033016.1.70.1028###root_1;Eukaryota_2759;Chordata_7711;Actinopteri_186623;Gadiformes_8043;Phycidae_163113;Urophycis_183655;Urophycis_brasiliensis_1154667	93.194	100	3.52e-74	191	0	N/A	N/A	N/A
0013d5cc314d74375f4e77d3c500b90a	OR582684.1.69.1023###root_1;Eukaryota_2759;Chordata_7711;Actinopteri_186623;Gadiformes_8043;Phycidae_163113;Urophycis_183655;Urophycis_regia_630692	92.632	100	5.89e-72	190	0	N/A	N/A	N/A
0013d5cc314d74375f4e77d3c500b90a	OR575619.1.70.1022###root_1;Eukaryota_2759;Chordata_7711;Actinopteri_186623;Gadiformes_8043;Phycidae_163113;Phycis_163114;Phycis_chesteri_348446	91.579	100	3.54e-69	190	0	N/A	N/A	N/A
0013d5cc314d74375f4e77d3c500b90a	OR380257.1.<1.>169###root_1;Eukaryota_2759;Chordata_7711;Actinopteri_186623;Gadiformes_8043;Phycidae_163113;Urophycis_183655;Urophycis_regia_630692	92.398	90	1.28e-63	171	0	N/A	N/A	N/A
0013d5cc314d74375f4e77d3c500b90a	OR380004.1.<1.>170###root_1;Eukaryota_2759;Chordata_7711;Actinopteri_186623;Gadiformes_8043;Phycidae_163113;Urophycis_183655;Urophycis_regia_630692	92.442	90	1.28e-63	172	0	N/A	N/A	N/A
c1e464bb15b5e71815e98c96840d4c6f	OP057106.2.70.1025###root_1;Eukaryota_2759;Chordata_7711;Actinopteri_186623;Gadiformes_8043;Phycidae_163113;Urophycis_183655;Urophycis_chuss_183656	99.471	100	3.42e-94	189	0	N/A	N/A	N/A
c1e464bb15b5e71815e98c96840d4c6f	OR380057.1.<1.>171###root_1;Eukaryota_2759;Chordata_7711;Actinopteri_186623;Gadiformes_8043;Phycidae_163113;Urophycis_183655;Urophycis_chuss_183656	99.415	90	3.47e-84	171	0	N/A	N/A	N/A
c1e464bb15b5e71815e98c96840d4c6f	OR380059.1.<1.>171###root_1;Eukaryota_2759;Chordata_7711;Actinopteri_186623;Gadiformes_8043;Phycidae_163113;Urophycis_183655;Urophycis_chuss_183656	98.830	90	1.61e-82	171	0	N/A	N/A	N/A
c1e464bb15b5e71815e98c96840d4c6f	MT103927.1.<1.>686###root_1;Eukaryota_2759;Chordata_7711;Actinopteri_186623;Gadiformes_8043;Phycidae_163113;Urophycis_183655;Urophycis_tenuis_183657	94.241	100	1.63e-77	191	0	N/A	N/A	N/A
c1e464bb15b5e71815e98c96840d4c6f	PP033016.1.70.1028###root_1;Eukaryota_2759;Chordata_7711;Actinopteri_186623;Gadiformes_8043;Phycidae_163113;Urophycis_183655;Urophycis_brasiliensis_1154667	93.194	100	3.52e-74	191	0	N/A	N/A	N/A
c1e464bb15b5e71815e98c96840d4c6f	OR582684.1.69.1023###root_1;Eukaryota_2759;Chordata_7711;Actinopteri_186623;Gadiformes_8043;Phycidae_163113;Urophycis_183655;Urophycis_regia_630692	92.632	100	5.89e-72	190	0	N/A	N/A	N/A
c1e464bb15b5e71815e98c96840d4c6f	OR575619.1.70.1022###root_1;Eukaryota_2759;Chordata_7711;Actinopteri_186623;Gadiformes_8043;Phycidae_163113;Phycis_163114;Phycis_chesteri_348446	91.579	100	3.54e-69	190	0	N/A	N/A	N/A
c1e464bb15b5e71815e98c96840d4c6f	OR380257.1.<1.>169###root_1;Eukaryota_2759;Chordata_7711;Actinopteri_186623;Gadiformes_8043;Phycidae_163113;Urophycis_183655;Urophycis_regia_630692	92.398	90	1.28e-63	171	0	N/A	N/A	N/A
c1e464bb15b5e71815e98c96840d4c6f	OR380004.1.<1.>170###root_1;Eukaryota_2759;Chordata_7711;Actinopteri_186623;Gadiformes_8043;Phycidae_163113;Urophycis_183655;Urophycis_regia_630692	92.442	90	1.28e-63	172	0	N/A	N/A	N/A
06647b793614e737b5f6d47276f717d5	OP057106.2.70.1025###root_1;Eukaryota_2759;Chordata_7711;Actinopteri_186623;Gadiformes_8043;Phycidae_163113;Urophycis_183655;Urophycis_chuss_183656	99.471	100	3.42e-94	189	0	N/A	N/A	N/A
06647b793614e737b5f6d47276f717d5	OR380057.1.<1.>171###root_1;Eukaryota_2759;Chordata_7711;Actinopteri_186623;Gadiformes_8043;Phycidae_163113;Urophycis_183655;Urophycis_chuss_183656	99.415	90	3.47e-84	171	0	N/A	N/A	N/A
06647b793614e737b5f6d47276f717d5	OR380059.1.<1.>171###root_1;Eukaryota_2759;Chordata_7711;Actinopteri_186623;Gadiformes_8043;Phycidae_163113;Urophycis_183655;Urophycis_chuss_183656	98.830	90	1.61e-82	171	0	N/A	N/A	N/A
06647b793614e737b5f6d47276f717d5	MT103927.1.<1.>686###root_1;Eukaryota_2759;Chordata_7711;Actinopteri_186623;Gadiformes_8043;Phycidae_163113;Urophycis_183655;Urophycis_tenuis_183657	94.241	100	1.63e-77	191	0	N/A	N/A	N/A
06647b793614e737b5f6d47276f717d5	PP033016.1.70.1028###root_1;Eukaryota_2759;Chordata_7711;Actinopteri_186623;Gadiformes_8043;Phycidae_163113;Urophycis_183655;Urophycis_brasiliensis_1154667	93.194	100	3.52e-74	191	0	N/A	N/A	N/A
06647b793614e737b5f6d47276f717d5	OR582684.1.69.1023###root_1;Eukaryota_2759;Chordata_7711;Actinopteri_186623;Gadiformes_8043;Phycidae_163113;Urophycis_183655;Urophycis_regia_630692	92.632	100	5.89e-72	190	0	N/A	N/A	N/A
06647b793614e737b5f6d47276f717d5	OR575619.1.70.1022###root_1;Eukaryota_2759;Chordata_7711;Actinopteri_186623;Gadiformes_8043;Phycidae_163113;Phycis_163114;Phycis_chesteri_348446	91.579	100	3.54e-69	190	0	N/A	N/A	N/A
06647b793614e737b5f6d47276f717d5	OR380257.1.<1.>169###root_1;Eukaryota_2759;Chordata_7711;Actinopteri_186623;Gadiformes_8043;Phycidae_163113;Urophycis_183655;Urophycis_regia_630692	92.398	90	1.28e-63	171	0	N/A	N/A	N/A
06647b793614e737b5f6d47276f717d5	OR380004.1.<1.>170###root_1;Eukaryota_2759;Chordata_7711;Actinopteri_186623;Gadiformes_8043;Phycidae_163113;Urophycis_183655;Urophycis_regia_630692	92.442	90	1.28e-63	172	0	N/A	N/A	N/A
11baf87a008fcf0085e77addac220759	OP057106.2.70.1025###root_1;Eukaryota_2759;Chordata_7711;Actinopteri_186623;Gadiformes_8043;Phycidae_163113;Urophycis_183655;Urophycis_chuss_183656	99.471	100	3.42e-94	189	0	N/A	N/A	N/A
11baf87a008fcf0085e77addac220759	OR380057.1.<1.>171###root_1;Eukaryota_2759;Chordata_7711;Actinopteri_186623;Gadiformes_8043;Phycidae_163113;Urophycis_183655;Urophycis_chuss_183656	99.415	90	3.47e-84	171	0	N/A	N/A	N/A
11baf87a008fcf0085e77addac220759	OR380059.1.<1.>171###root_1;Eukaryota_2759;Chordata_7711;Actinopteri_186623;Gadiformes_8043;Phycidae_163113;Urophycis_183655;Urophycis_chuss_183656	98.830	90	1.61e-82	171	0	N/A	N/A	N/A
11baf87a008fcf0085e77addac220759	MT103927.1.<1.>686###root_1;Eukaryota_2759;Chordata_7711;Actinopteri_186623;Gadiformes_8043;Phycidae_163113;Urophycis_183655;Urophycis_tenuis_183657	94.241	100	1.63e-77	191	0	N/A	N/A	N/A
11baf87a008fcf0085e77addac220759	PP033016.1.70.1028###root_1;Eukaryota_2759;Chordata_7711;Actinopteri_186623;Gadiformes_8043;Phycidae_163113;Urophycis_183655;Urophycis_brasiliensis_1154667	93.194	100	3.52e-74	191	0	N/A	N/A	N/A
11baf87a008fcf0085e77addac220759	OR582684.1.69.1023###root_1;Eukaryota_2759;Chordata_7711;Actinopteri_186623;Gadiformes_8043;Phycidae_163113;Urophycis_183655;Urophycis_regia_630692	92.632	100	5.89e-72	190	0	N/A	N/A	N/A
11baf87a008fcf0085e77addac220759	OR575619.1.70.1022###root_1;Eukaryota_2759;Chordata_7711;Actinopteri_186623;Gadiformes_8043;Phycidae_163113;Phycis_163114;Phycis_chesteri_348446	91.579	100	3.54e-69	190	0	N/A	N/A	N/A
11baf87a008fcf0085e77addac220759	OR380257.1.<1.>169###root_1;Eukaryota_2759;Chordata_7711;Actinopteri_186623;Gadiformes_8043;Phycidae_163113;Urophycis_183655;Urophycis_regia_630692	92.398	90	1.28e-63	171	0	N/A	N/A	N/A
11baf87a008fcf0085e77addac220759	OR380004.1.<1.>170###root_1;Eukaryota_2759;Chordata_7711;Actinopteri_186623;Gadiformes_8043;Phycidae_163113;Urophycis_183655;Urophycis_regia_630692	92.442	90	1.28e-63	172	0	N/A	N/A	N/A
d01a1a8534363f6a32a33ad761b92ccd	OP057106.2.70.1025###root_1;Eukaryota_2759;Chordata_7711;Actinopteri_186623;Gadiformes_8043;Phycidae_163113;Urophycis_183655;Urophycis_chuss_183656	99.471	100	3.42e-94	189	0	N/A	N/A	N/A
d01a1a8534363f6a32a33ad761b92ccd	OR380057.1.<1.>171###root_1;Eukaryota_2759;Chordata_7711;Actinopteri_186623;Gadiformes_8043;Phycidae_163113;Urophycis_183655;Urophycis_chuss_183656	99.415	90	3.47e-84	171	0	N/A	N/A	N/A
d01a1a8534363f6a32a33ad761b92ccd	OR380059.1.<1.>171###root_1;Eukaryota_2759;Chordata_7711;Actinopteri_186623;Gadiformes_8043;Phycidae_163113;Urophycis_183655;Urophycis_chuss_183656	98.830	90	1.61e-82	171	0	N/A	N/A	N/A
d01a1a8534363f6a32a33ad761b92ccd	MT103927.1.<1.>686###root_1;Eukaryota_2759;Chordata_7711;Actinopteri_186623;Gadiformes_8043;Phycidae_163113;Urophycis_183655;Urophycis_tenuis_183657	94.241	100	1.63e-77	191	0	N/A	N/A	N/A
d01a1a8534363f6a32a33ad761b92ccd	PP033016.1.70.1028###root_1;Eukaryota_2759;Chordata_7711;Actinopteri_186623;Gadiformes_8043;Phycidae_163113;Urophycis_183655;Urophycis_brasiliensis_1154667	93.194	100	3.52e-74	191	0	N/A	N/A	N/A
d01a1a8534363f6a32a33ad761b92ccd	OR582684.1.69.1023###root_1;Eukaryota_2759;Chordata_7711;Actinopteri_186623;Gadiformes_8043;Phycidae_163113;Urophycis_183655;Urophycis_regia_630692	92.632	100	5.89e-72	190	0	N/A	N/A	N/A
d01a1a8534363f6a32a33ad761b92ccd	OR575619.1.70.1022###root_1;Eukaryota_2759;Chordata_7711;Actinopteri_186623;Gadiformes_8043;Phycidae_163113;Phycis_163114;Phycis_chesteri_348446	91.579	100	3.54e-69	190	0	N/A	N/A	N/A
d01a1a8534363f6a32a33ad761b92ccd	OR380257.1.<1.>169###root_1;Eukaryota_2759;Chordata_7711;Actinopteri_186623;Gadiformes_8043;Phycidae_163113;Urophycis_183655;Urophycis_regia_630692	92.398	90	1.28e-63	171	0	N/A	N/A	N/A
d01a1a8534363f6a32a33ad761b92ccd	OR380004.1.<1.>170###root_1;Eukaryota_2759;Chordata_7711;Actinopteri_186623;Gadiformes_8043;Phycidae_163113;Urophycis_183655;Urophycis_regia_630692	92.442	90	1.28e-63	172	0	N/A	N/A	N/A
90a4bd55148e673922d51fdbc92b5543	OP057106.2.70.1025###root_1;Eukaryota_2759;Chordata_7711;Actinopteri_186623;Gadiformes_8043;Phycidae_163113;Urophycis_183655;Urophycis_chuss_183656	99.471	100	3.42e-94	189	0	N/A	N/A	N/A
90a4bd55148e673922d51fdbc92b5543	OR380057.1.<1.>171###root_1;Eukaryota_2759;Chordata_7711;Actinopteri_186623;Gadiformes_8043;Phycidae_163113;Urophycis_183655;Urophycis_chuss_183656	99.415	90	3.47e-84	171	0	N/A	N/A	N/A
90a4bd55148e673922d51fdbc92b5543	OR380059.1.<1.>171###root_1;Eukaryota_2759;Chordata_7711;Actinopteri_186623;Gadiformes_8043;Phycidae_163113;Urophycis_183655;Urophycis_chuss_183656	98.830	90	1.61e-82	171	0	N/A	N/A	N/A
90a4bd55148e673922d51fdbc92b5543	MT103927.1.<1.>686###root_1;Eukaryota_2759;Chordata_7711;Actinopteri_186623;Gadiformes_8043;Phycidae_163113;Urophycis_183655;Urophycis_tenuis_183657	94.241	100	1.63e-77	191	0	N/A	N/A	N/A
90a4bd55148e673922d51fdbc92b5543	PP033016.1.70.1028###root_1;Eukaryota_2759;Chordata_7711;Actinopteri_186623;Gadiformes_8043;Phycidae_163113;Urophycis_183655;Urophycis_brasiliensis_1154667	93.194	100	3.52e-74	191	0	N/A	N/A	N/A
90a4bd55148e673922d51fdbc92b5543	OR582684.1.69.1023###root_1;Eukaryota_2759;Chordata_7711;Actinopteri_186623;Gadiformes_8043;Phycidae_163113;Urophycis_183655;Urophycis_regia_630692	92.632	100	5.89e-72	190	0	N/A	N/A	N/A
90a4bd55148e673922d51fdbc92b5543	OR575619.1.70.1022###root_1;Eukaryota_2759;Chordata_7711;Actinopteri_186623;Gadiformes_8043;Phycidae_163113;Phycis_163114;Phycis_chesteri_348446	91.579	100	3.54e-69	190	0	N/A	N/A	N/A
90a4bd55148e673922d51fdbc92b5543	OR380257.1.<1.>169###root_1;Eukaryota_2759;Chordata_7711;Actinopteri_186623;Gadiformes_8043;Phycidae_163113;Urophycis_183655;Urophycis_regia_630692	92.398	90	1.28e-63	171	0	N/A	N/A	N/A
90a4bd55148e673922d51fdbc92b5543	OR380004.1.<1.>170###root_1;Eukaryota_2759;Chordata_7711;Actinopteri_186623;Gadiformes_8043;Phycidae_163113;Urophycis_183655;Urophycis_regia_630692	92.442	90	1.28e-63	172	0	N/A	N/A	N/A
aa662bc7541deb24170a6eeafc689afd	OP057106.2.70.1025###root_1;Eukaryota_2759;Chordata_7711;Actinopteri_186623;Gadiformes_8043;Phycidae_163113;Urophycis_183655;Urophycis_chuss_183656	99.471	100	3.42e-94	189	0	N/A	N/A	N/A
aa662bc7541deb24170a6eeafc689afd	OR380057.1.<1.>171###root_1;Eukaryota_2759;Chordata_7711;Actinopteri_186623;Gadiformes_8043;Phycidae_163113;Urophycis_183655;Urophycis_chuss_183656	99.415	90	3.47e-84	171	0	N/A	N/A	N/A
aa662bc7541deb24170a6eeafc689afd	OR380059.1.<1.>171###root_1;Eukaryota_2759;Chordata_7711;Actinopteri_186623;Gadiformes_8043;Phycidae_163113;Urophycis_183655;Urophycis_chuss_183656	98.830	90	1.61e-82	171	0	N/A	N/A	N/A
aa662bc7541deb24170a6eeafc689afd	MT103927.1.<1.>686###root_1;Eukaryota_2759;Chordata_7711;Actinopteri_186623;Gadiformes_8043;Phycidae_163113;Urophycis_183655;Urophycis_tenuis_183657	94.241	100	1.63e-77	191	0	N/A	N/A	N/A
aa662bc7541deb24170a6eeafc689afd	PP033016.1.70.1028###root_1;Eukaryota_2759;Chordata_7711;Actinopteri_186623;Gadiformes_8043;Phycidae_163113;Urophycis_183655;Urophycis_brasiliensis_1154667	93.194	100	3.52e-74	191	0	N/A	N/A	N/A
aa662bc7541deb24170a6eeafc689afd	OR582684.1.69.1023###root_1;Eukaryota_2759;Chordata_7711;Actinopteri_186623;Gadiformes_8043;Phycidae_163113;Urophycis_183655;Urophycis_regia_630692	92.632	100	5.89e-72	190	0	N/A	N/A	N/A
aa662bc7541deb24170a6eeafc689afd	OR575619.1.70.1022###root_1;Eukaryota_2759;Chordata_7711;Actinopteri_186623;Gadiformes_8043;Phycidae_163113;Phycis_163114;Phycis_chesteri_348446	91.579	100	3.54e-69	190	0	N/A	N/A	N/A
aa662bc7541deb24170a6eeafc689afd	OR380257.1.<1.>169###root_1;Eukaryota_2759;Chordata_7711;Actinopteri_186623;Gadiformes_8043;Phycidae_163113;Urophycis_183655;Urophycis_regia_630692	92.398	90	1.28e-63	171	0	N/A	N/A	N/A
aa662bc7541deb24170a6eeafc689afd	OR380004.1.<1.>170###root_1;Eukaryota_2759;Chordata_7711;Actinopteri_186623;Gadiformes_8043;Phycidae_163113;Urophycis_183655;Urophycis_regia_630692	92.442	90	1.28e-63	172	0	N/A	N/A	N/A
95f2c20f54f4cf38bb02305cd38bf7c0	OP057106.2.70.1025###root_1;Eukaryota_2759;Chordata_7711;Actinopteri_186623;Gadiformes_8043;Phycidae_163113;Urophycis_183655;Urophycis_chuss_183656	99.471	100	3.42e-94	189	0	N/A	N/A	N/A
95f2c20f54f4cf38bb02305cd38bf7c0	OR380057.1.<1.>171###root_1;Eukaryota_2759;Chordata_7711;Actinopteri_186623;Gadiformes_8043;Phycidae_163113;Urophycis_183655;Urophycis_chuss_183656	99.415	90	3.47e-84	171	0	N/A	N/A	N/A
95f2c20f54f4cf38bb02305cd38bf7c0	OR380059.1.<1.>171###root_1;Eukaryota_2759;Chordata_7711;Actinopteri_186623;Gadiformes_8043;Phycidae_163113;Urophycis_183655;Urophycis_chuss_183656	98.830	90	1.61e-82	171	0	N/A	N/A	N/A
95f2c20f54f4cf38bb02305cd38bf7c0	MT103927.1.<1.>686###root_1;Eukaryota_2759;Chordata_7711;Actinopteri_186623;Gadiformes_8043;Phycidae_163113;Urophycis_183655;Urophycis_tenuis_183657	94.241	100	1.63e-77	191	0	N/A	N/A	N/A
95f2c20f54f4cf38bb02305cd38bf7c0	PP033016.1.70.1028###root_1;Eukaryota_2759;Chordata_7711;Actinopteri_186623;Gadiformes_8043;Phycidae_163113;Urophycis_183655;Urophycis_brasiliensis_1154667	93.194	100	3.52e-74	191	0	N/A	N/A	N/A
95f2c20f54f4cf38bb02305cd38bf7c0	OR582684.1.69.1023###root_1;Eukaryota_2759;Chordata_7711;Actinopteri_186623;Gadiformes_8043;Phycidae_163113;Urophycis_183655;Urophycis_regia_630692	92.632	100	5.89e-72	190	0	N/A	N/A	N/A
95f2c20f54f4cf38bb02305cd38bf7c0	OR575619.1.70.1022###root_1;Eukaryota_2759;Chordata_7711;Actinopteri_186623;Gadiformes_8043;Phycidae_163113;Phycis_163114;Phycis_chesteri_348446	91.579	100	3.54e-69	190	0	N/A	N/A	N/A
95f2c20f54f4cf38bb02305cd38bf7c0	OR380257.1.<1.>169###root_1;Eukaryota_2759;Chordata_7711;Actinopteri_186623;Gadiformes_8043;Phycidae_163113;Urophycis_183655;Urophycis_regia_630692	92.398	90	1.28e-63	171	0	N/A	N/A	N/A
95f2c20f54f4cf38bb02305cd38bf7c0	OR380004.1.<1.>170###root_1;Eukaryota_2759;Chordata_7711;Actinopteri_186623;Gadiformes_8043;Phycidae_163113;Urophycis_183655;Urophycis_regia_630692	92.442	90	1.28e-63	172	0	N/A	N/A	N/A
7224f14bc60fc12ece646d252c06b89e	OP057106.2.70.1025###root_1;Eukaryota_2759;Chordata_7711;Actinopteri_186623;Gadiformes_8043;Phycidae_163113;Urophycis_183655;Urophycis_chuss_183656	99.471	100	3.42e-94	189	0	N/A	N/A	N/A
7224f14bc60fc12ece646d252c06b89e	OR380057.1.<1.>171###root_1;Eukaryota_2759;Chordata_7711;Actinopteri_186623;Gadiformes_8043;Phycidae_163113;Urophycis_183655;Urophycis_chuss_183656	99.415	90	3.47e-84	171	0	N/A	N/A	N/A
7224f14bc60fc12ece646d252c06b89e	OR380059.1.<1.>171###root_1;Eukaryota_2759;Chordata_7711;Actinopteri_186623;Gadiformes_8043;Phycidae_163113;Urophycis_183655;Urophycis_chuss_183656	98.830	90	1.61e-82	171	0	N/A	N/A	N/A
7224f14bc60fc12ece646d252c06b89e	MT103927.1.<1.>686###root_1;Eukaryota_2759;Chordata_7711;Actinopteri_186623;Gadiformes_8043;Phycidae_163113;Urophycis_183655;Urophycis_tenuis_183657	94.241	100	1.63e-77	191	0	N/A	N/A	N/A
7224f14bc60fc12ece646d252c06b89e	PP033016.1.70.1028###root_1;Eukaryota_2759;Chordata_7711;Actinopteri_186623;Gadiformes_8043;Phycidae_163113;Urophycis_183655;Urophycis_brasiliensis_1154667	93.194	100	3.52e-74	191	0	N/A	N/A	N/A
7224f14bc60fc12ece646d252c06b89e	OR582684.1.69.1023###root_1;Eukaryota_2759;Chordata_7711;Actinopteri_186623;Gadiformes_8043;Phycidae_163113;Urophycis_183655;Urophycis_regia_630692	92.632	100	5.89e-72	190	0	N/A	N/A	N/A
7224f14bc60fc12ece646d252c06b89e	OR575619.1.70.1022###root_1;Eukaryota_2759;Chordata_7711;Actinopteri_186623;Gadiformes_8043;Phycidae_163113;Phycis_163114;Phycis_chesteri_348446	91.579	100	3.54e-69	190	0	N/A	N/A	N/A
7224f14bc60fc12ece646d252c06b89e	OR380257.1.<1.>169###root_1;Eukaryota_2759;Chordata_7711;Actinopteri_186623;Gadiformes_8043;Phycidae_163113;Urophycis_183655;Urophycis_regia_630692	92.398	90	1.28e-63	171	0	N/A	N/A	N/A
7224f14bc60fc12ece646d252c06b89e	OR380004.1.<1.>170###root_1;Eukaryota_2759;Chordata_7711;Actinopteri_186623;Gadiformes_8043;Phycidae_163113;Urophycis_183655;Urophycis_regia_630692	92.442	90	1.28e-63	172	0	N/A	N/A	N/A
01464759b7b72e5337ddc9c93a918bc6	OP057106.2.70.1025###root_1;Eukaryota_2759;Chordata_7711;Actinopteri_186623;Gadiformes_8043;Phycidae_163113;Urophycis_183655;Urophycis_chuss_183656	99.471	100	3.42e-94	189	0	N/A	N/A	N/A
01464759b7b72e5337ddc9c93a918bc6	OR380057.1.<1.>171###root_1;Eukaryota_2759;Chordata_7711;Actinopteri_186623;Gadiformes_8043;Phycidae_163113;Urophycis_183655;Urophycis_chuss_183656	99.415	90	3.47e-84	171	0	N/A	N/A	N/A
01464759b7b72e5337ddc9c93a918bc6	OR380059.1.<1.>171###root_1;Eukaryota_2759;Chordata_7711;Actinopteri_186623;Gadiformes_8043;Phycidae_163113;Urophycis_183655;Urophycis_chuss_183656	98.830	90	1.61e-82	171	0	N/A	N/A	N/A
01464759b7b72e5337ddc9c93a918bc6	MT103927.1.<1.>686###root_1;Eukaryota_2759;Chordata_7711;Actinopteri_186623;Gadiformes_8043;Phycidae_163113;Urophycis_183655;Urophycis_tenuis_183657	94.241	100	1.63e-77	191	0	N/A	N/A	N/A
01464759b7b72e5337ddc9c93a918bc6	PP033016.1.70.1028###root_1;Eukaryota_2759;Chordata_7711;Actinopteri_186623;Gadiformes_8043;Phycidae_163113;Urophycis_183655;Urophycis_brasiliensis_1154667	93.194	100	3.52e-74	191	0	N/A	N/A	N/A
01464759b7b72e5337ddc9c93a918bc6	OR582684.1.69.1023###root_1;Eukaryota_2759;Chordata_7711;Actinopteri_186623;Gadiformes_8043;Phycidae_163113;Urophycis_183655;Urophycis_regia_630692	92.632	100	5.89e-72	190	0	N/A	N/A	N/A
01464759b7b72e5337ddc9c93a918bc6	OR575619.1.70.1022###root_1;Eukaryota_2759;Chordata_7711;Actinopteri_186623;Gadiformes_8043;Phycidae_163113;Phycis_163114;Phycis_chesteri_348446	91.579	100	3.54e-69	190	0	N/A	N/A	N/A
01464759b7b72e5337ddc9c93a918bc6	OR380257.1.<1.>169###root_1;Eukaryota_2759;Chordata_7711;Actinopteri_186623;Gadiformes_8043;Phycidae_163113;Urophycis_183655;Urophycis_regia_630692	92.398	90	1.28e-63	171	0	N/A	N/A	N/A
01464759b7b72e5337ddc9c93a918bc6	OR380004.1.<1.>170###root_1;Eukaryota_2759;Chordata_7711;Actinopteri_186623;Gadiformes_8043;Phycidae_163113;Urophycis_183655;Urophycis_regia_630692	92.442	90	1.28e-63	172	0	N/A	N/A	N/A
61ff20ef14e3b49fc764f4e6cca0a6a0	OP057106.2.70.1025###root_1;Eukaryota_2759;Chordata_7711;Actinopteri_186623;Gadiformes_8043;Phycidae_163113;Urophycis_183655;Urophycis_chuss_183656	98.413	100	7.40e-91	189	0	N/A	N/A	N/A
61ff20ef14e3b49fc764f4e6cca0a6a0	OR380057.1.<1.>171###root_1;Eukaryota_2759;Chordata_7711;Actinopteri_186623;Gadiformes_8043;Phycidae_163113;Urophycis_183655;Urophycis_chuss_183656	98.246	90	7.51e-81	171	0	N/A	N/A	N/A
61ff20ef14e3b49fc764f4e6cca0a6a0	OR380059.1.<1.>171###root_1;Eukaryota_2759;Chordata_7711;Actinopteri_186623;Gadiformes_8043;Phycidae_163113;Urophycis_183655;Urophycis_chuss_183656	97.661	90	3.49e-79	171	0	N/A	N/A	N/A
61ff20ef14e3b49fc764f4e6cca0a6a0	MT103927.1.<1.>686###root_1;Eukaryota_2759;Chordata_7711;Actinopteri_186623;Gadiformes_8043;Phycidae_163113;Urophycis_183655;Urophycis_tenuis_183657	93.194	100	3.52e-74	191	0	N/A	N/A	N/A
61ff20ef14e3b49fc764f4e6cca0a6a0	PP033016.1.70.1028###root_1;Eukaryota_2759;Chordata_7711;Actinopteri_186623;Gadiformes_8043;Phycidae_163113;Urophycis_183655;Urophycis_brasiliensis_1154667	92.147	100	7.62e-71	191	0	N/A	N/A	N/A
61ff20ef14e3b49fc764f4e6cca0a6a0	OR582684.1.69.1023###root_1;Eukaryota_2759;Chordata_7711;Actinopteri_186623;Gadiformes_8043;Phycidae_163113;Urophycis_183655;Urophycis_regia_630692	91.579	100	1.27e-68	190	0	N/A	N/A	N/A
61ff20ef14e3b49fc764f4e6cca0a6a0	OR575619.1.70.1022###root_1;Eukaryota_2759;Chordata_7711;Actinopteri_186623;Gadiformes_8043;Phycidae_163113;Phycis_163114;Phycis_chesteri_348446	90.526	100	7.67e-66	190	0	N/A	N/A	N/A
61ff20ef14e3b49fc764f4e6cca0a6a0	OR380257.1.<1.>169###root_1;Eukaryota_2759;Chordata_7711;Actinopteri_186623;Gadiformes_8043;Phycidae_163113;Urophycis_183655;Urophycis_regia_630692	91.228	90	2.78e-60	171	0	N/A	N/A	N/A
61ff20ef14e3b49fc764f4e6cca0a6a0	OR380004.1.<1.>170###root_1;Eukaryota_2759;Chordata_7711;Actinopteri_186623;Gadiformes_8043;Phycidae_163113;Urophycis_183655;Urophycis_regia_630692	91.279	90	2.78e-60	172	0	N/A	N/A	N/A
82807b19e5bb28196e79e78d8a9ffa56	OP057106.2.70.1025###root_1;Eukaryota_2759;Chordata_7711;Actinopteri_186623;Gadiformes_8043;Phycidae_163113;Urophycis_183655;Urophycis_chuss_183656	99.471	100	3.42e-94	189	0	N/A	N/A	N/A
82807b19e5bb28196e79e78d8a9ffa56	OR380057.1.<1.>171###root_1;Eukaryota_2759;Chordata_7711;Actinopteri_186623;Gadiformes_8043;Phycidae_163113;Urophycis_183655;Urophycis_chuss_183656	99.415	90	3.47e-84	171	0	N/A	N/A	N/A
82807b19e5bb28196e79e78d8a9ffa56	OR380059.1.<1.>171###root_1;Eukaryota_2759;Chordata_7711;Actinopteri_186623;Gadiformes_8043;Phycidae_163113;Urophycis_183655;Urophycis_chuss_183656	98.830	90	1.61e-82	171	0	N/A	N/A	N/A
82807b19e5bb28196e79e78d8a9ffa56	MT103927.1.<1.>686###root_1;Eukaryota_2759;Chordata_7711;Actinopteri_186623;Gadiformes_8043;Phycidae_163113;Urophycis_183655;Urophycis_tenuis_183657	95.288	100	7.51e-81	191	0	N/A	N/A	N/A
82807b19e5bb28196e79e78d8a9ffa56	PP033016.1.70.1028###root_1;Eukaryota_2759;Chordata_7711;Actinopteri_186623;Gadiformes_8043;Phycidae_163113;Urophycis_183655;Urophycis_brasiliensis_1154667	94.241	100	1.63e-77	191	0	N/A	N/A	N/A
82807b19e5bb28196e79e78d8a9ffa56	OR582684.1.69.1023###root_1;Eukaryota_2759;Chordata_7711;Actinopteri_186623;Gadiformes_8043;Phycidae_163113;Urophycis_183655;Urophycis_regia_630692	92.632	100	5.89e-72	190	0	N/A	N/A	N/A
82807b19e5bb28196e79e78d8a9ffa56	OR575619.1.70.1022###root_1;Eukaryota_2759;Chordata_7711;Actinopteri_186623;Gadiformes_8043;Phycidae_163113;Phycis_163114;Phycis_chesteri_348446	91.579	100	3.54e-69	190	0	N/A	N/A	N/A
82807b19e5bb28196e79e78d8a9ffa56	OR380257.1.<1.>169###root_1;Eukaryota_2759;Chordata_7711;Actinopteri_186623;Gadiformes_8043;Phycidae_163113;Urophycis_183655;Urophycis_regia_630692	92.398	90	1.28e-63	171	0	N/A	N/A	N/A
82807b19e5bb28196e79e78d8a9ffa56	OR380004.1.<1.>170###root_1;Eukaryota_2759;Chordata_7711;Actinopteri_186623;Gadiformes_8043;Phycidae_163113;Urophycis_183655;Urophycis_regia_630692	92.442	90	1.28e-63	172	0	N/A	N/A	N/A
f697ac3915397b3ce1b75b6b9ac8cffc	OP057106.2.70.1025###root_1;Eukaryota_2759;Chordata_7711;Actinopteri_186623;Gadiformes_8043;Phycidae_163113;Urophycis_183655;Urophycis_chuss_183656	99.471	100	3.42e-94	189	0	N/A	N/A	N/A
f697ac3915397b3ce1b75b6b9ac8cffc	OR380057.1.<1.>171###root_1;Eukaryota_2759;Chordata_7711;Actinopteri_186623;Gadiformes_8043;Phycidae_163113;Urophycis_183655;Urophycis_chuss_183656	99.415	90	3.47e-84	171	0	N/A	N/A	N/A
f697ac3915397b3ce1b75b6b9ac8cffc	OR380059.1.<1.>171###root_1;Eukaryota_2759;Chordata_7711;Actinopteri_186623;Gadiformes_8043;Phycidae_163113;Urophycis_183655;Urophycis_chuss_183656	98.830	90	1.61e-82	171	0	N/A	N/A	N/A
f697ac3915397b3ce1b75b6b9ac8cffc	MT103927.1.<1.>686###root_1;Eukaryota_2759;Chordata_7711;Actinopteri_186623;Gadiformes_8043;Phycidae_163113;Urophycis_183655;Urophycis_tenuis_183657	94.764	100	3.49e-79	191	0	N/A	N/A	N/A
f697ac3915397b3ce1b75b6b9ac8cffc	PP033016.1.70.1028###root_1;Eukaryota_2759;Chordata_7711;Actinopteri_186623;Gadiformes_8043;Phycidae_163113;Urophycis_183655;Urophycis_brasiliensis_1154667	93.194	100	3.52e-74	191	0	N/A	N/A	N/A
f697ac3915397b3ce1b75b6b9ac8cffc	OR582684.1.69.1023###root_1;Eukaryota_2759;Chordata_7711;Actinopteri_186623;Gadiformes_8043;Phycidae_163113;Urophycis_183655;Urophycis_regia_630692	93.158	100	1.27e-73	190	0	N/A	N/A	N/A
f697ac3915397b3ce1b75b6b9ac8cffc	OR575619.1.70.1022###root_1;Eukaryota_2759;Chordata_7711;Actinopteri_186623;Gadiformes_8043;Phycidae_163113;Phycis_163114;Phycis_chesteri_348446	91.579	100	3.54e-69	190	0	N/A	N/A	N/A
f697ac3915397b3ce1b75b6b9ac8cffc	OR380257.1.<1.>169###root_1;Eukaryota_2759;Chordata_7711;Actinopteri_186623;Gadiformes_8043;Phycidae_163113;Urophycis_183655;Urophycis_regia_630692	92.982	90	2.76e-65	171	0	N/A	N/A	N/A
f697ac3915397b3ce1b75b6b9ac8cffc	OR380004.1.<1.>170###root_1;Eukaryota_2759;Chordata_7711;Actinopteri_186623;Gadiformes_8043;Phycidae_163113;Urophycis_183655;Urophycis_regia_630692	93.023	90	2.76e-65	172	0	N/A	N/A	N/A
2b152e7c88ee095cfc079b307a19c1d3	OP057106.2.70.1025###root_1;Eukaryota_2759;Chordata_7711;Actinopteri_186623;Gadiformes_8043;Phycidae_163113;Urophycis_183655;Urophycis_chuss_183656	99.471	100	3.42e-94	189	0	N/A	N/A	N/A
2b152e7c88ee095cfc079b307a19c1d3	OR380057.1.<1.>171###root_1;Eukaryota_2759;Chordata_7711;Actinopteri_186623;Gadiformes_8043;Phycidae_163113;Urophycis_183655;Urophycis_chuss_183656	99.415	90	3.47e-84	171	0	N/A	N/A	N/A
2b152e7c88ee095cfc079b307a19c1d3	OR380059.1.<1.>171###root_1;Eukaryota_2759;Chordata_7711;Actinopteri_186623;Gadiformes_8043;Phycidae_163113;Urophycis_183655;Urophycis_chuss_183656	98.830	90	1.61e-82	171	0	N/A	N/A	N/A
2b152e7c88ee095cfc079b307a19c1d3	MT103927.1.<1.>686###root_1;Eukaryota_2759;Chordata_7711;Actinopteri_186623;Gadiformes_8043;Phycidae_163113;Urophycis_183655;Urophycis_tenuis_183657	94.764	100	3.49e-79	191	0	N/A	N/A	N/A
2b152e7c88ee095cfc079b307a19c1d3	PP033016.1.70.1028###root_1;Eukaryota_2759;Chordata_7711;Actinopteri_186623;Gadiformes_8043;Phycidae_163113;Urophycis_183655;Urophycis_brasiliensis_1154667	93.194	100	3.52e-74	191	0	N/A	N/A	N/A
2b152e7c88ee095cfc079b307a19c1d3	OR582684.1.69.1023###root_1;Eukaryota_2759;Chordata_7711;Actinopteri_186623;Gadiformes_8043;Phycidae_163113;Urophycis_183655;Urophycis_regia_630692	93.158	100	1.27e-73	190	0	N/A	N/A	N/A
2b152e7c88ee095cfc079b307a19c1d3	OR575619.1.70.1022###root_1;Eukaryota_2759;Chordata_7711;Actinopteri_186623;Gadiformes_8043;Phycidae_163113;Phycis_163114;Phycis_chesteri_348446	92.105	100	7.62e-71	190	0	N/A	N/A	N/A
2b152e7c88ee095cfc079b307a19c1d3	OR380257.1.<1.>169###root_1;Eukaryota_2759;Chordata_7711;Actinopteri_186623;Gadiformes_8043;Phycidae_163113;Urophycis_183655;Urophycis_regia_630692	92.982	90	2.76e-65	171	0	N/A	N/A	N/A
2b152e7c88ee095cfc079b307a19c1d3	OR380004.1.<1.>170###root_1;Eukaryota_2759;Chordata_7711;Actinopteri_186623;Gadiformes_8043;Phycidae_163113;Urophycis_183655;Urophycis_regia_630692	93.023	90	2.76e-65	172	0	N/A	N/A	N/A
11e8098035d355e49fd117477d3990e9	OP057106.2.70.1025###root_1;Eukaryota_2759;Chordata_7711;Actinopteri_186623;Gadiformes_8043;Phycidae_163113;Urophycis_183655;Urophycis_chuss_183656	99.471	100	3.42e-94	189	0	N/A	N/A	N/A
11e8098035d355e49fd117477d3990e9	OR380057.1.<1.>171###root_1;Eukaryota_2759;Chordata_7711;Actinopteri_186623;Gadiformes_8043;Phycidae_163113;Urophycis_183655;Urophycis_chuss_183656	99.415	90	3.47e-84	171	0	N/A	N/A	N/A
11e8098035d355e49fd117477d3990e9	OR380059.1.<1.>171###root_1;Eukaryota_2759;Chordata_7711;Actinopteri_186623;Gadiformes_8043;Phycidae_163113;Urophycis_183655;Urophycis_chuss_183656	98.830	90	1.61e-82	171	0	N/A	N/A	N/A
11e8098035d355e49fd117477d3990e9	MT103927.1.<1.>686###root_1;Eukaryota_2759;Chordata_7711;Actinopteri_186623;Gadiformes_8043;Phycidae_163113;Urophycis_183655;Urophycis_tenuis_183657	94.764	100	3.49e-79	191	0	N/A	N/A	N/A
11e8098035d355e49fd117477d3990e9	PP033016.1.70.1028###root_1;Eukaryota_2759;Chordata_7711;Actinopteri_186623;Gadiformes_8043;Phycidae_163113;Urophycis_183655;Urophycis_brasiliensis_1154667	93.194	100	3.52e-74	191	0	N/A	N/A	N/A
11e8098035d355e49fd117477d3990e9	OR582684.1.69.1023###root_1;Eukaryota_2759;Chordata_7711;Actinopteri_186623;Gadiformes_8043;Phycidae_163113;Urophycis_183655;Urophycis_regia_630692	93.158	100	1.27e-73	190	0	N/A	N/A	N/A
11e8098035d355e49fd117477d3990e9	OR575619.1.70.1022###root_1;Eukaryota_2759;Chordata_7711;Actinopteri_186623;Gadiformes_8043;Phycidae_163113;Phycis_163114;Phycis_chesteri_348446	92.632	100	1.64e-72	190	0	N/A	N/A	N/A
11e8098035d355e49fd117477d3990e9	OR380257.1.<1.>169###root_1;Eukaryota_2759;Chordata_7711;Actinopteri_186623;Gadiformes_8043;Phycidae_163113;Urophycis_183655;Urophycis_regia_630692	92.982	90	2.76e-65	171	0	N/A	N/A	N/A
11e8098035d355e49fd117477d3990e9	OR380004.1.<1.>170###root_1;Eukaryota_2759;Chordata_7711;Actinopteri_186623;Gadiformes_8043;Phycidae_163113;Urophycis_183655;Urophycis_regia_630692	93.023	90	2.76e-65	172	0	N/A	N/A	N/A
827a44b026c9d56a884cb31e644394bd	OP057106.2.70.1025###root_1;Eukaryota_2759;Chordata_7711;Actinopteri_186623;Gadiformes_8043;Phycidae_163113;Urophycis_183655;Urophycis_chuss_183656	99.471	100	3.42e-94	189	0	N/A	N/A	N/A
827a44b026c9d56a884cb31e644394bd	OR380057.1.<1.>171###root_1;Eukaryota_2759;Chordata_7711;Actinopteri_186623;Gadiformes_8043;Phycidae_163113;Urophycis_183655;Urophycis_chuss_183656	99.415	90	3.47e-84	171	0	N/A	N/A	N/A
827a44b026c9d56a884cb31e644394bd	OR380059.1.<1.>171###root_1;Eukaryota_2759;Chordata_7711;Actinopteri_186623;Gadiformes_8043;Phycidae_163113;Urophycis_183655;Urophycis_chuss_183656	98.830	90	1.61e-82	171	0	N/A	N/A	N/A
827a44b026c9d56a884cb31e644394bd	MT103927.1.<1.>686###root_1;Eukaryota_2759;Chordata_7711;Actinopteri_186623;Gadiformes_8043;Phycidae_163113;Urophycis_183655;Urophycis_tenuis_183657	94.241	100	1.63e-77	191	0	N/A	N/A	N/A
827a44b026c9d56a884cb31e644394bd	PP033016.1.70.1028###root_1;Eukaryota_2759;Chordata_7711;Actinopteri_186623;Gadiformes_8043;Phycidae_163113;Urophycis_183655;Urophycis_brasiliensis_1154667	93.194	100	3.52e-74	191	0	N/A	N/A	N/A
827a44b026c9d56a884cb31e644394bd	OR582684.1.69.1023###root_1;Eukaryota_2759;Chordata_7711;Actinopteri_186623;Gadiformes_8043;Phycidae_163113;Urophycis_183655;Urophycis_regia_630692	92.632	100	5.89e-72	190	0	N/A	N/A	N/A
827a44b026c9d56a884cb31e644394bd	OR575619.1.70.1022###root_1;Eukaryota_2759;Chordata_7711;Actinopteri_186623;Gadiformes_8043;Phycidae_163113;Phycis_163114;Phycis_chesteri_348446	91.579	100	3.54e-69	190	0	N/A	N/A	N/A
827a44b026c9d56a884cb31e644394bd	OR380257.1.<1.>169###root_1;Eukaryota_2759;Chordata_7711;Actinopteri_186623;Gadiformes_8043;Phycidae_163113;Urophycis_183655;Urophycis_regia_630692	92.398	90	1.28e-63	171	0	N/A	N/A	N/A
827a44b026c9d56a884cb31e644394bd	OR380004.1.<1.>170###root_1;Eukaryota_2759;Chordata_7711;Actinopteri_186623;Gadiformes_8043;Phycidae_163113;Urophycis_183655;Urophycis_regia_630692	92.442	90	1.28e-63	172	0	N/A	N/A	N/A
f0474658779049e7b8fbe41b46179c01	OP057106.2.70.1025###root_1;Eukaryota_2759;Chordata_7711;Actinopteri_186623;Gadiformes_8043;Phycidae_163113;Urophycis_183655;Urophycis_chuss_183656	99.471	100	3.42e-94	189	0	N/A	N/A	N/A
f0474658779049e7b8fbe41b46179c01	OR380057.1.<1.>171###root_1;Eukaryota_2759;Chordata_7711;Actinopteri_186623;Gadiformes_8043;Phycidae_163113;Urophycis_183655;Urophycis_chuss_183656	99.415	90	3.47e-84	171	0	N/A	N/A	N/A
f0474658779049e7b8fbe41b46179c01	OR380059.1.<1.>171###root_1;Eukaryota_2759;Chordata_7711;Actinopteri_186623;Gadiformes_8043;Phycidae_163113;Urophycis_183655;Urophycis_chuss_183656	98.830	90	1.61e-82	171	0	N/A	N/A	N/A
f0474658779049e7b8fbe41b46179c01	MT103927.1.<1.>686###root_1;Eukaryota_2759;Chordata_7711;Actinopteri_186623;Gadiformes_8043;Phycidae_163113;Urophycis_183655;Urophycis_tenuis_183657	94.241	100	1.63e-77	191	0	N/A	N/A	N/A
f0474658779049e7b8fbe41b46179c01	PP033016.1.70.1028###root_1;Eukaryota_2759;Chordata_7711;Actinopteri_186623;Gadiformes_8043;Phycidae_163113;Urophycis_183655;Urophycis_brasiliensis_1154667	93.194	100	3.52e-74	191	0	N/A	N/A	N/A
f0474658779049e7b8fbe41b46179c01	OR582684.1.69.1023###root_1;Eukaryota_2759;Chordata_7711;Actinopteri_186623;Gadiformes_8043;Phycidae_163113;Urophycis_183655;Urophycis_regia_630692	92.632	100	5.89e-72	190	0	N/A	N/A	N/A
f0474658779049e7b8fbe41b46179c01	OR575619.1.70.1022###root_1;Eukaryota_2759;Chordata_7711;Actinopteri_186623;Gadiformes_8043;Phycidae_163113;Phycis_163114;Phycis_chesteri_348446	91.579	100	3.54e-69	190	0	N/A	N/A	N/A
f0474658779049e7b8fbe41b46179c01	OR380257.1.<1.>169###root_1;Eukaryota_2759;Chordata_7711;Actinopteri_186623;Gadiformes_8043;Phycidae_163113;Urophycis_183655;Urophycis_regia_630692	92.398	90	1.28e-63	171	0	N/A	N/A	N/A
f0474658779049e7b8fbe41b46179c01	OR380004.1.<1.>170###root_1;Eukaryota_2759;Chordata_7711;Actinopteri_186623;Gadiformes_8043;Phycidae_163113;Urophycis_183655;Urophycis_regia_630692	92.442	90	1.28e-63	172	0	N/A	N/A	N/A
ef65845fc6e7e261ec0d897818d60924	OP057106.2.70.1025###root_1;Eukaryota_2759;Chordata_7711;Actinopteri_186623;Gadiformes_8043;Phycidae_163113;Urophycis_183655;Urophycis_chuss_183656	99.471	100	3.42e-94	189	0	N/A	N/A	N/A
ef65845fc6e7e261ec0d897818d60924	OR380059.1.<1.>171###root_1;Eukaryota_2759;Chordata_7711;Actinopteri_186623;Gadiformes_8043;Phycidae_163113;Urophycis_183655;Urophycis_chuss_183656	99.415	90	3.47e-84	171	0	N/A	N/A	N/A
ef65845fc6e7e261ec0d897818d60924	OR380057.1.<1.>171###root_1;Eukaryota_2759;Chordata_7711;Actinopteri_186623;Gadiformes_8043;Phycidae_163113;Urophycis_183655;Urophycis_chuss_183656	99.415	90	3.47e-84	171	0	N/A	N/A	N/A
ef65845fc6e7e261ec0d897818d60924	MT103927.1.<1.>686###root_1;Eukaryota_2759;Chordata_7711;Actinopteri_186623;Gadiformes_8043;Phycidae_163113;Urophycis_183655;Urophycis_tenuis_183657	94.241	100	1.63e-77	191	0	N/A	N/A	N/A
ef65845fc6e7e261ec0d897818d60924	PP033016.1.70.1028###root_1;Eukaryota_2759;Chordata_7711;Actinopteri_186623;Gadiformes_8043;Phycidae_163113;Urophycis_183655;Urophycis_brasiliensis_1154667	93.194	100	3.52e-74	191	0	N/A	N/A	N/A
ef65845fc6e7e261ec0d897818d60924	OR582684.1.69.1023###root_1;Eukaryota_2759;Chordata_7711;Actinopteri_186623;Gadiformes_8043;Phycidae_163113;Urophycis_183655;Urophycis_regia_630692	92.632	100	5.89e-72	190	0	N/A	N/A	N/A
ef65845fc6e7e261ec0d897818d60924	OR575619.1.70.1022###root_1;Eukaryota_2759;Chordata_7711;Actinopteri_186623;Gadiformes_8043;Phycidae_163113;Phycis_163114;Phycis_chesteri_348446	91.579	100	3.54e-69	190	0	N/A	N/A	N/A
ef65845fc6e7e261ec0d897818d60924	OR380257.1.<1.>169###root_1;Eukaryota_2759;Chordata_7711;Actinopteri_186623;Gadiformes_8043;Phycidae_163113;Urophycis_183655;Urophycis_regia_630692	92.398	90	1.28e-63	171	0	N/A	N/A	N/A
ef65845fc6e7e261ec0d897818d60924	OR380004.1.<1.>170###root_1;Eukaryota_2759;Chordata_7711;Actinopteri_186623;Gadiformes_8043;Phycidae_163113;Urophycis_183655;Urophycis_regia_630692	92.442	90	1.28e-63	172	0	N/A	N/A	N/A
f347fe5de3320a3e3fb89d9f3cdd524a	OP057106.2.70.1025###root_1;Eukaryota_2759;Chordata_7711;Actinopteri_186623;Gadiformes_8043;Phycidae_163113;Urophycis_183655;Urophycis_chuss_183656	99.471	100	3.42e-94	189	0	N/A	N/A	N/A
f347fe5de3320a3e3fb89d9f3cdd524a	OR380059.1.<1.>171###root_1;Eukaryota_2759;Chordata_7711;Actinopteri_186623;Gadiformes_8043;Phycidae_163113;Urophycis_183655;Urophycis_chuss_183656	100.000	90	7.46e-86	171	0	N/A	N/A	N/A
f347fe5de3320a3e3fb89d9f3cdd524a	OR380057.1.<1.>171###root_1;Eukaryota_2759;Chordata_7711;Actinopteri_186623;Gadiformes_8043;Phycidae_163113;Urophycis_183655;Urophycis_chuss_183656	99.415	90	3.47e-84	171	0	N/A	N/A	N/A
f347fe5de3320a3e3fb89d9f3cdd524a	MT103927.1.<1.>686###root_1;Eukaryota_2759;Chordata_7711;Actinopteri_186623;Gadiformes_8043;Phycidae_163113;Urophycis_183655;Urophycis_tenuis_183657	94.241	100	1.63e-77	191	0	N/A	N/A	N/A
f347fe5de3320a3e3fb89d9f3cdd524a	PP033016.1.70.1028###root_1;Eukaryota_2759;Chordata_7711;Actinopteri_186623;Gadiformes_8043;Phycidae_163113;Urophycis_183655;Urophycis_brasiliensis_1154667	93.194	100	3.52e-74	191	0	N/A	N/A	N/A
f347fe5de3320a3e3fb89d9f3cdd524a	OR582684.1.69.1023###root_1;Eukaryota_2759;Chordata_7711;Actinopteri_186623;Gadiformes_8043;Phycidae_163113;Urophycis_183655;Urophycis_regia_630692	92.632	100	5.89e-72	190	0	N/A	N/A	N/A
f347fe5de3320a3e3fb89d9f3cdd524a	OR575619.1.70.1022###root_1;Eukaryota_2759;Chordata_7711;Actinopteri_186623;Gadiformes_8043;Phycidae_163113;Phycis_163114;Phycis_chesteri_348446	91.579	100	3.54e-69	190	0	N/A	N/A	N/A
f347fe5de3320a3e3fb89d9f3cdd524a	OR380257.1.<1.>169###root_1;Eukaryota_2759;Chordata_7711;Actinopteri_186623;Gadiformes_8043;Phycidae_163113;Urophycis_183655;Urophycis_regia_630692	92.398	90	1.28e-63	171	0	N/A	N/A	N/A
f347fe5de3320a3e3fb89d9f3cdd524a	OR380004.1.<1.>170###root_1;Eukaryota_2759;Chordata_7711;Actinopteri_186623;Gadiformes_8043;Phycidae_163113;Urophycis_183655;Urophycis_regia_630692	92.442	90	1.28e-63	172	0	N/A	N/A	N/A
a1964ae429b0aee263cf2dc93abc1a6b	OP057106.2.70.1025###root_1;Eukaryota_2759;Chordata_7711;Actinopteri_186623;Gadiformes_8043;Phycidae_163113;Urophycis_183655;Urophycis_chuss_183656	99.471	100	3.42e-94	189	0	N/A	N/A	N/A
a1964ae429b0aee263cf2dc93abc1a6b	OR380057.1.<1.>171###root_1;Eukaryota_2759;Chordata_7711;Actinopteri_186623;Gadiformes_8043;Phycidae_163113;Urophycis_183655;Urophycis_chuss_183656	99.415	90	3.47e-84	171	0	N/A	N/A	N/A
a1964ae429b0aee263cf2dc93abc1a6b	OR380059.1.<1.>171###root_1;Eukaryota_2759;Chordata_7711;Actinopteri_186623;Gadiformes_8043;Phycidae_163113;Urophycis_183655;Urophycis_chuss_183656	98.830	90	1.61e-82	171	0	N/A	N/A	N/A
a1964ae429b0aee263cf2dc93abc1a6b	MT103927.1.<1.>686###root_1;Eukaryota_2759;Chordata_7711;Actinopteri_186623;Gadiformes_8043;Phycidae_163113;Urophycis_183655;Urophycis_tenuis_183657	94.241	100	1.63e-77	191	0	N/A	N/A	N/A
a1964ae429b0aee263cf2dc93abc1a6b	PP033016.1.70.1028###root_1;Eukaryota_2759;Chordata_7711;Actinopteri_186623;Gadiformes_8043;Phycidae_163113;Urophycis_183655;Urophycis_brasiliensis_1154667	93.194	100	3.52e-74	191	0	N/A	N/A	N/A
a1964ae429b0aee263cf2dc93abc1a6b	OR582684.1.69.1023###root_1;Eukaryota_2759;Chordata_7711;Actinopteri_186623;Gadiformes_8043;Phycidae_163113;Urophycis_183655;Urophycis_regia_630692	92.632	100	5.89e-72	190	0	N/A	N/A	N/A
a1964ae429b0aee263cf2dc93abc1a6b	OR575619.1.70.1022###root_1;Eukaryota_2759;Chordata_7711;Actinopteri_186623;Gadiformes_8043;Phycidae_163113;Phycis_163114;Phycis_chesteri_348446	91.579	100	3.54e-69	190	0	N/A	N/A	N/A
a1964ae429b0aee263cf2dc93abc1a6b	OR380257.1.<1.>169###root_1;Eukaryota_2759;Chordata_7711;Actinopteri_186623;Gadiformes_8043;Phycidae_163113;Urophycis_183655;Urophycis_regia_630692	92.398	90	1.28e-63	171	0	N/A	N/A	N/A
a1964ae429b0aee263cf2dc93abc1a6b	OR380004.1.<1.>170###root_1;Eukaryota_2759;Chordata_7711;Actinopteri_186623;Gadiformes_8043;Phycidae_163113;Urophycis_183655;Urophycis_regia_630692	92.442	90	1.28e-63	172	0	N/A	N/A	N/A
0f5f7739bd46c9290e96aee85690c549	OP057106.2.70.1025###root_1;Eukaryota_2759;Chordata_7711;Actinopteri_186623;Gadiformes_8043;Phycidae_163113;Urophycis_183655;Urophycis_chuss_183656	99.471	100	3.42e-94	189	0	N/A	N/A	N/A
0f5f7739bd46c9290e96aee85690c549	OR380057.1.<1.>171###root_1;Eukaryota_2759;Chordata_7711;Actinopteri_186623;Gadiformes_8043;Phycidae_163113;Urophycis_183655;Urophycis_chuss_183656	99.415	90	3.47e-84	171	0	N/A	N/A	N/A
0f5f7739bd46c9290e96aee85690c549	OR380059.1.<1.>171###root_1;Eukaryota_2759;Chordata_7711;Actinopteri_186623;Gadiformes_8043;Phycidae_163113;Urophycis_183655;Urophycis_chuss_183656	98.830	90	1.61e-82	171	0	N/A	N/A	N/A
0f5f7739bd46c9290e96aee85690c549	MT103927.1.<1.>686###root_1;Eukaryota_2759;Chordata_7711;Actinopteri_186623;Gadiformes_8043;Phycidae_163113;Urophycis_183655;Urophycis_tenuis_183657	94.241	100	1.63e-77	191	0	N/A	N/A	N/A
0f5f7739bd46c9290e96aee85690c549	PP033016.1.70.1028###root_1;Eukaryota_2759;Chordata_7711;Actinopteri_186623;Gadiformes_8043;Phycidae_163113;Urophycis_183655;Urophycis_brasiliensis_1154667	93.194	100	3.52e-74	191	0	N/A	N/A	N/A
0f5f7739bd46c9290e96aee85690c549	OR582684.1.69.1023###root_1;Eukaryota_2759;Chordata_7711;Actinopteri_186623;Gadiformes_8043;Phycidae_163113;Urophycis_183655;Urophycis_regia_630692	92.632	100	5.89e-72	190	0	N/A	N/A	N/A
0f5f7739bd46c9290e96aee85690c549	OR575619.1.70.1022###root_1;Eukaryota_2759;Chordata_7711;Actinopteri_186623;Gadiformes_8043;Phycidae_163113;Phycis_163114;Phycis_chesteri_348446	91.579	100	3.54e-69	190	0	N/A	N/A	N/A
0f5f7739bd46c9290e96aee85690c549	OR380257.1.<1.>169###root_1;Eukaryota_2759;Chordata_7711;Actinopteri_186623;Gadiformes_8043;Phycidae_163113;Urophycis_183655;Urophycis_regia_630692	92.398	90	1.28e-63	171	0	N/A	N/A	N/A
0f5f7739bd46c9290e96aee85690c549	OR380004.1.<1.>170###root_1;Eukaryota_2759;Chordata_7711;Actinopteri_186623;Gadiformes_8043;Phycidae_163113;Urophycis_183655;Urophycis_regia_630692	92.442	90	1.28e-63	172	0	N/A	N/A	N/A
03b213b8918c3687c386093ff95e7e63	OP057106.2.70.1025###root_1;Eukaryota_2759;Chordata_7711;Actinopteri_186623;Gadiformes_8043;Phycidae_163113;Urophycis_183655;Urophycis_chuss_183656	99.471	100	3.42e-94	189	0	N/A	N/A	N/A
03b213b8918c3687c386093ff95e7e63	OR380057.1.<1.>171###root_1;Eukaryota_2759;Chordata_7711;Actinopteri_186623;Gadiformes_8043;Phycidae_163113;Urophycis_183655;Urophycis_chuss_183656	99.415	90	3.47e-84	171	0	N/A	N/A	N/A
03b213b8918c3687c386093ff95e7e63	OR380059.1.<1.>171###root_1;Eukaryota_2759;Chordata_7711;Actinopteri_186623;Gadiformes_8043;Phycidae_163113;Urophycis_183655;Urophycis_chuss_183656	98.830	90	1.61e-82	171	0	N/A	N/A	N/A
03b213b8918c3687c386093ff95e7e63	MT103927.1.<1.>686###root_1;Eukaryota_2759;Chordata_7711;Actinopteri_186623;Gadiformes_8043;Phycidae_163113;Urophycis_183655;Urophycis_tenuis_183657	94.241	100	1.63e-77	191	0	N/A	N/A	N/A
03b213b8918c3687c386093ff95e7e63	PP033016.1.70.1028###root_1;Eukaryota_2759;Chordata_7711;Actinopteri_186623;Gadiformes_8043;Phycidae_163113;Urophycis_183655;Urophycis_brasiliensis_1154667	93.194	100	3.52e-74	191	0	N/A	N/A	N/A
03b213b8918c3687c386093ff95e7e63	OR582684.1.69.1023###root_1;Eukaryota_2759;Chordata_7711;Actinopteri_186623;Gadiformes_8043;Phycidae_163113;Urophycis_183655;Urophycis_regia_630692	92.632	100	5.89e-72	190	0	N/A	N/A	N/A
03b213b8918c3687c386093ff95e7e63	OR575619.1.70.1022###root_1;Eukaryota_2759;Chordata_7711;Actinopteri_186623;Gadiformes_8043;Phycidae_163113;Phycis_163114;Phycis_chesteri_348446	91.579	100	3.54e-69	190	0	N/A	N/A	N/A
03b213b8918c3687c386093ff95e7e63	OR380257.1.<1.>169###root_1;Eukaryota_2759;Chordata_7711;Actinopteri_186623;Gadiformes_8043;Phycidae_163113;Urophycis_183655;Urophycis_regia_630692	92.398	90	1.28e-63	171	0	N/A	N/A	N/A
03b213b8918c3687c386093ff95e7e63	OR380004.1.<1.>170###root_1;Eukaryota_2759;Chordata_7711;Actinopteri_186623;Gadiformes_8043;Phycidae_163113;Urophycis_183655;Urophycis_regia_630692	92.442	90	1.28e-63	172	0	N/A	N/A	N/A
ae331deead92faee925ba2fdce061545	OP057106.2.70.1025###root_1;Eukaryota_2759;Chordata_7711;Actinopteri_186623;Gadiformes_8043;Phycidae_163113;Urophycis_183655;Urophycis_chuss_183656	99.471	100	3.42e-94	189	0	N/A	N/A	N/A
ae331deead92faee925ba2fdce061545	OR380057.1.<1.>171###root_1;Eukaryota_2759;Chordata_7711;Actinopteri_186623;Gadiformes_8043;Phycidae_163113;Urophycis_183655;Urophycis_chuss_183656	99.415	90	3.47e-84	171	0	N/A	N/A	N/A
ae331deead92faee925ba2fdce061545	OR380059.1.<1.>171###root_1;Eukaryota_2759;Chordata_7711;Actinopteri_186623;Gadiformes_8043;Phycidae_163113;Urophycis_183655;Urophycis_chuss_183656	98.830	90	1.61e-82	171	0	N/A	N/A	N/A
ae331deead92faee925ba2fdce061545	MT103927.1.<1.>686###root_1;Eukaryota_2759;Chordata_7711;Actinopteri_186623;Gadiformes_8043;Phycidae_163113;Urophycis_183655;Urophycis_tenuis_183657	94.241	100	1.63e-77	191	0	N/A	N/A	N/A
ae331deead92faee925ba2fdce061545	PP033016.1.70.1028###root_1;Eukaryota_2759;Chordata_7711;Actinopteri_186623;Gadiformes_8043;Phycidae_163113;Urophycis_183655;Urophycis_brasiliensis_1154667	93.194	100	3.52e-74	191	0	N/A	N/A	N/A
ae331deead92faee925ba2fdce061545	OR582684.1.69.1023###root_1;Eukaryota_2759;Chordata_7711;Actinopteri_186623;Gadiformes_8043;Phycidae_163113;Urophycis_183655;Urophycis_regia_630692	92.632	100	5.89e-72	190	0	N/A	N/A	N/A
ae331deead92faee925ba2fdce061545	OR575619.1.70.1022###root_1;Eukaryota_2759;Chordata_7711;Actinopteri_186623;Gadiformes_8043;Phycidae_163113;Phycis_163114;Phycis_chesteri_348446	91.579	100	3.54e-69	190	0	N/A	N/A	N/A
ae331deead92faee925ba2fdce061545	OR380257.1.<1.>169###root_1;Eukaryota_2759;Chordata_7711;Actinopteri_186623;Gadiformes_8043;Phycidae_163113;Urophycis_183655;Urophycis_regia_630692	92.398	90	1.28e-63	171	0	N/A	N/A	N/A
ae331deead92faee925ba2fdce061545	OR380004.1.<1.>170###root_1;Eukaryota_2759;Chordata_7711;Actinopteri_186623;Gadiformes_8043;Phycidae_163113;Urophycis_183655;Urophycis_regia_630692	92.442	90	1.28e-63	172	0	N/A	N/A	N/A
a93982d4ef3082be8ae0748cf7e2eff6	OP057106.2.70.1025###root_1;Eukaryota_2759;Chordata_7711;Actinopteri_186623;Gadiformes_8043;Phycidae_163113;Urophycis_183655;Urophycis_chuss_183656	99.471	100	3.42e-94	189	0	N/A	N/A	N/A
a93982d4ef3082be8ae0748cf7e2eff6	OR380057.1.<1.>171###root_1;Eukaryota_2759;Chordata_7711;Actinopteri_186623;Gadiformes_8043;Phycidae_163113;Urophycis_183655;Urophycis_chuss_183656	99.415	90	3.47e-84	171	0	N/A	N/A	N/A
a93982d4ef3082be8ae0748cf7e2eff6	OR380059.1.<1.>171###root_1;Eukaryota_2759;Chordata_7711;Actinopteri_186623;Gadiformes_8043;Phycidae_163113;Urophycis_183655;Urophycis_chuss_183656	98.830	90	1.61e-82	171	0	N/A	N/A	N/A
a93982d4ef3082be8ae0748cf7e2eff6	MT103927.1.<1.>686###root_1;Eukaryota_2759;Chordata_7711;Actinopteri_186623;Gadiformes_8043;Phycidae_163113;Urophycis_183655;Urophycis_tenuis_183657	94.241	100	1.63e-77	191	0	N/A	N/A	N/A
a93982d4ef3082be8ae0748cf7e2eff6	PP033016.1.70.1028###root_1;Eukaryota_2759;Chordata_7711;Actinopteri_186623;Gadiformes_8043;Phycidae_163113;Urophycis_183655;Urophycis_brasiliensis_1154667	93.194	100	3.52e-74	191	0	N/A	N/A	N/A
a93982d4ef3082be8ae0748cf7e2eff6	OR582684.1.69.1023###root_1;Eukaryota_2759;Chordata_7711;Actinopteri_186623;Gadiformes_8043;Phycidae_163113;Urophycis_183655;Urophycis_regia_630692	92.632	100	5.89e-72	190	0	N/A	N/A	N/A
a93982d4ef3082be8ae0748cf7e2eff6	OR575619.1.70.1022###root_1;Eukaryota_2759;Chordata_7711;Actinopteri_186623;Gadiformes_8043;Phycidae_163113;Phycis_163114;Phycis_chesteri_348446	91.579	100	3.54e-69	190	0	N/A	N/A	N/A
a93982d4ef3082be8ae0748cf7e2eff6	OR380257.1.<1.>169###root_1;Eukaryota_2759;Chordata_7711;Actinopteri_186623;Gadiformes_8043;Phycidae_163113;Urophycis_183655;Urophycis_regia_630692	92.398	90	1.28e-63	171	0	N/A	N/A	N/A
a93982d4ef3082be8ae0748cf7e2eff6	OR380004.1.<1.>170###root_1;Eukaryota_2759;Chordata_7711;Actinopteri_186623;Gadiformes_8043;Phycidae_163113;Urophycis_183655;Urophycis_regia_630692	92.442	90	1.28e-63	172	0	N/A	N/A	N/A
a03536f586f320eb232142a29298db30	OP057106.2.70.1025###root_1;Eukaryota_2759;Chordata_7711;Actinopteri_186623;Gadiformes_8043;Phycidae_163113;Urophycis_183655;Urophycis_chuss_183656	99.471	100	3.42e-94	189	0	N/A	N/A	N/A
a03536f586f320eb232142a29298db30	OR380057.1.<1.>171###root_1;Eukaryota_2759;Chordata_7711;Actinopteri_186623;Gadiformes_8043;Phycidae_163113;Urophycis_183655;Urophycis_chuss_183656	99.415	90	3.47e-84	171	0	N/A	N/A	N/A
a03536f586f320eb232142a29298db30	OR380059.1.<1.>171###root_1;Eukaryota_2759;Chordata_7711;Actinopteri_186623;Gadiformes_8043;Phycidae_163113;Urophycis_183655;Urophycis_chuss_183656	98.830	90	1.61e-82	171	0	N/A	N/A	N/A
a03536f586f320eb232142a29298db30	MT103927.1.<1.>686###root_1;Eukaryota_2759;Chordata_7711;Actinopteri_186623;Gadiformes_8043;Phycidae_163113;Urophycis_183655;Urophycis_tenuis_183657	94.241	100	1.63e-77	191	0	N/A	N/A	N/A
a03536f586f320eb232142a29298db30	PP033016.1.70.1028###root_1;Eukaryota_2759;Chordata_7711;Actinopteri_186623;Gadiformes_8043;Phycidae_163113;Urophycis_183655;Urophycis_brasiliensis_1154667	93.194	100	3.52e-74	191	0	N/A	N/A	N/A
a03536f586f320eb232142a29298db30	OR582684.1.69.1023###root_1;Eukaryota_2759;Chordata_7711;Actinopteri_186623;Gadiformes_8043;Phycidae_163113;Urophycis_183655;Urophycis_regia_630692	92.632	100	5.89e-72	190	0	N/A	N/A	N/A
a03536f586f320eb232142a29298db30	OR575619.1.70.1022###root_1;Eukaryota_2759;Chordata_7711;Actinopteri_186623;Gadiformes_8043;Phycidae_163113;Phycis_163114;Phycis_chesteri_348446	91.579	100	3.54e-69	190	0	N/A	N/A	N/A
a03536f586f320eb232142a29298db30	OR380257.1.<1.>169###root_1;Eukaryota_2759;Chordata_7711;Actinopteri_186623;Gadiformes_8043;Phycidae_163113;Urophycis_183655;Urophycis_regia_630692	92.398	90	1.28e-63	171	0	N/A	N/A	N/A
a03536f586f320eb232142a29298db30	OR380004.1.<1.>170###root_1;Eukaryota_2759;Chordata_7711;Actinopteri_186623;Gadiformes_8043;Phycidae_163113;Urophycis_183655;Urophycis_regia_630692	92.442	90	1.28e-63	172	0	N/A	N/A	N/A
c0d74ed0f1bd21f3c77bcdb55c8741e2	OP057106.2.70.1025###root_1;Eukaryota_2759;Chordata_7711;Actinopteri_186623;Gadiformes_8043;Phycidae_163113;Urophycis_183655;Urophycis_chuss_183656	99.471	100	3.42e-94	189	0	N/A	N/A	N/A
c0d74ed0f1bd21f3c77bcdb55c8741e2	OR380057.1.<1.>171###root_1;Eukaryota_2759;Chordata_7711;Actinopteri_186623;Gadiformes_8043;Phycidae_163113;Urophycis_183655;Urophycis_chuss_183656	99.415	90	3.47e-84	171	0	N/A	N/A	N/A
c0d74ed0f1bd21f3c77bcdb55c8741e2	OR380059.1.<1.>171###root_1;Eukaryota_2759;Chordata_7711;Actinopteri_186623;Gadiformes_8043;Phycidae_163113;Urophycis_183655;Urophycis_chuss_183656	98.830	90	1.61e-82	171	0	N/A	N/A	N/A
c0d74ed0f1bd21f3c77bcdb55c8741e2	MT103927.1.<1.>686###root_1;Eukaryota_2759;Chordata_7711;Actinopteri_186623;Gadiformes_8043;Phycidae_163113;Urophycis_183655;Urophycis_tenuis_183657	94.241	100	1.63e-77	191	0	N/A	N/A	N/A
c0d74ed0f1bd21f3c77bcdb55c8741e2	PP033016.1.70.1028###root_1;Eukaryota_2759;Chordata_7711;Actinopteri_186623;Gadiformes_8043;Phycidae_163113;Urophycis_183655;Urophycis_brasiliensis_1154667	93.194	100	3.52e-74	191	0	N/A	N/A	N/A
c0d74ed0f1bd21f3c77bcdb55c8741e2	OR582684.1.69.1023###root_1;Eukaryota_2759;Chordata_7711;Actinopteri_186623;Gadiformes_8043;Phycidae_163113;Urophycis_183655;Urophycis_regia_630692	92.632	100	5.89e-72	190	0	N/A	N/A	N/A
c0d74ed0f1bd21f3c77bcdb55c8741e2	OR575619.1.70.1022###root_1;Eukaryota_2759;Chordata_7711;Actinopteri_186623;Gadiformes_8043;Phycidae_163113;Phycis_163114;Phycis_chesteri_348446	91.579	100	3.54e-69	190	0	N/A	N/A	N/A
c0d74ed0f1bd21f3c77bcdb55c8741e2	OR380257.1.<1.>169###root_1;Eukaryota_2759;Chordata_7711;Actinopteri_186623;Gadiformes_8043;Phycidae_163113;Urophycis_183655;Urophycis_regia_630692	92.398	90	1.28e-63	171	0	N/A	N/A	N/A
c0d74ed0f1bd21f3c77bcdb55c8741e2	OR380004.1.<1.>170###root_1;Eukaryota_2759;Chordata_7711;Actinopteri_186623;Gadiformes_8043;Phycidae_163113;Urophycis_183655;Urophycis_regia_630692	92.442	90	1.28e-63	172	0	N/A	N/A	N/A
d20e9ee1101883d0ba3860cb04a679d5	OP057106.2.70.1025###root_1;Eukaryota_2759;Chordata_7711;Actinopteri_186623;Gadiformes_8043;Phycidae_163113;Urophycis_183655;Urophycis_chuss_183656	99.471	100	3.42e-94	189	0	N/A	N/A	N/A
d20e9ee1101883d0ba3860cb04a679d5	OR380057.1.<1.>171###root_1;Eukaryota_2759;Chordata_7711;Actinopteri_186623;Gadiformes_8043;Phycidae_163113;Urophycis_183655;Urophycis_chuss_183656	99.415	90	3.47e-84	171	0	N/A	N/A	N/A
d20e9ee1101883d0ba3860cb04a679d5	OR380059.1.<1.>171###root_1;Eukaryota_2759;Chordata_7711;Actinopteri_186623;Gadiformes_8043;Phycidae_163113;Urophycis_183655;Urophycis_chuss_183656	98.830	90	1.61e-82	171	0	N/A	N/A	N/A
d20e9ee1101883d0ba3860cb04a679d5	MT103927.1.<1.>686###root_1;Eukaryota_2759;Chordata_7711;Actinopteri_186623;Gadiformes_8043;Phycidae_163113;Urophycis_183655;Urophycis_tenuis_183657	94.241	100	1.63e-77	191	0	N/A	N/A	N/A
d20e9ee1101883d0ba3860cb04a679d5	PP033016.1.70.1028###root_1;Eukaryota_2759;Chordata_7711;Actinopteri_186623;Gadiformes_8043;Phycidae_163113;Urophycis_183655;Urophycis_brasiliensis_1154667	93.194	100	3.52e-74	191	0	N/A	N/A	N/A
d20e9ee1101883d0ba3860cb04a679d5	OR582684.1.69.1023###root_1;Eukaryota_2759;Chordata_7711;Actinopteri_186623;Gadiformes_8043;Phycidae_163113;Urophycis_183655;Urophycis_regia_630692	92.632	100	5.89e-72	190	0	N/A	N/A	N/A
d20e9ee1101883d0ba3860cb04a679d5	OR575619.1.70.1022###root_1;Eukaryota_2759;Chordata_7711;Actinopteri_186623;Gadiformes_8043;Phycidae_163113;Phycis_163114;Phycis_chesteri_348446	91.579	100	3.54e-69	190	0	N/A	N/A	N/A
d20e9ee1101883d0ba3860cb04a679d5	OR380257.1.<1.>169###root_1;Eukaryota_2759;Chordata_7711;Actinopteri_186623;Gadiformes_8043;Phycidae_163113;Urophycis_183655;Urophycis_regia_630692	92.398	90	1.28e-63	171	0	N/A	N/A	N/A
d20e9ee1101883d0ba3860cb04a679d5	OR380004.1.<1.>170###root_1;Eukaryota_2759;Chordata_7711;Actinopteri_186623;Gadiformes_8043;Phycidae_163113;Urophycis_183655;Urophycis_regia_630692	92.442	90	1.28e-63	172	0	N/A	N/A	N/A
9bd6d83e91d969a2c43d8159e90fd7c3	OP057106.2.70.1025###root_1;Eukaryota_2759;Chordata_7711;Actinopteri_186623;Gadiformes_8043;Phycidae_163113;Urophycis_183655;Urophycis_chuss_183656	99.471	100	3.42e-94	189	0	N/A	N/A	N/A
9bd6d83e91d969a2c43d8159e90fd7c3	OR380057.1.<1.>171###root_1;Eukaryota_2759;Chordata_7711;Actinopteri_186623;Gadiformes_8043;Phycidae_163113;Urophycis_183655;Urophycis_chuss_183656	99.415	90	3.47e-84	171	0	N/A	N/A	N/A
9bd6d83e91d969a2c43d8159e90fd7c3	OR380059.1.<1.>171###root_1;Eukaryota_2759;Chordata_7711;Actinopteri_186623;Gadiformes_8043;Phycidae_163113;Urophycis_183655;Urophycis_chuss_183656	98.830	90	1.61e-82	171	0	N/A	N/A	N/A
9bd6d83e91d969a2c43d8159e90fd7c3	MT103927.1.<1.>686###root_1;Eukaryota_2759;Chordata_7711;Actinopteri_186623;Gadiformes_8043;Phycidae_163113;Urophycis_183655;Urophycis_tenuis_183657	94.241	100	1.63e-77	191	0	N/A	N/A	N/A
9bd6d83e91d969a2c43d8159e90fd7c3	PP033016.1.70.1028###root_1;Eukaryota_2759;Chordata_7711;Actinopteri_186623;Gadiformes_8043;Phycidae_163113;Urophycis_183655;Urophycis_brasiliensis_1154667	93.194	100	3.52e-74	191	0	N/A	N/A	N/A
9bd6d83e91d969a2c43d8159e90fd7c3	OR582684.1.69.1023###root_1;Eukaryota_2759;Chordata_7711;Actinopteri_186623;Gadiformes_8043;Phycidae_163113;Urophycis_183655;Urophycis_regia_630692	92.632	100	5.89e-72	190	0	N/A	N/A	N/A
9bd6d83e91d969a2c43d8159e90fd7c3	OR575619.1.70.1022###root_1;Eukaryota_2759;Chordata_7711;Actinopteri_186623;Gadiformes_8043;Phycidae_163113;Phycis_163114;Phycis_chesteri_348446	91.579	100	3.54e-69	190	0	N/A	N/A	N/A
9bd6d83e91d969a2c43d8159e90fd7c3	OR380257.1.<1.>169###root_1;Eukaryota_2759;Chordata_7711;Actinopteri_186623;Gadiformes_8043;Phycidae_163113;Urophycis_183655;Urophycis_regia_630692	92.398	90	1.28e-63	171	0	N/A	N/A	N/A
9bd6d83e91d969a2c43d8159e90fd7c3	OR380004.1.<1.>170###root_1;Eukaryota_2759;Chordata_7711;Actinopteri_186623;Gadiformes_8043;Phycidae_163113;Urophycis_183655;Urophycis_regia_630692	92.442	90	1.28e-63	172	0	N/A	N/A	N/A
b08a1b6a73d8433ca08b282ed0f5ec93	OP057106.2.70.1025###root_1;Eukaryota_2759;Chordata_7711;Actinopteri_186623;Gadiformes_8043;Phycidae_163113;Urophycis_183655;Urophycis_chuss_183656	99.471	100	3.42e-94	189	0	N/A	N/A	N/A
b08a1b6a73d8433ca08b282ed0f5ec93	OR380057.1.<1.>171###root_1;Eukaryota_2759;Chordata_7711;Actinopteri_186623;Gadiformes_8043;Phycidae_163113;Urophycis_183655;Urophycis_chuss_183656	99.415	90	3.47e-84	171	0	N/A	N/A	N/A
b08a1b6a73d8433ca08b282ed0f5ec93	OR380059.1.<1.>171###root_1;Eukaryota_2759;Chordata_7711;Actinopteri_186623;Gadiformes_8043;Phycidae_163113;Urophycis_183655;Urophycis_chuss_183656	98.830	90	1.61e-82	171	0	N/A	N/A	N/A
b08a1b6a73d8433ca08b282ed0f5ec93	MT103927.1.<1.>686###root_1;Eukaryota_2759;Chordata_7711;Actinopteri_186623;Gadiformes_8043;Phycidae_163113;Urophycis_183655;Urophycis_tenuis_183657	94.241	100	1.63e-77	191	0	N/A	N/A	N/A
b08a1b6a73d8433ca08b282ed0f5ec93	PP033016.1.70.1028###root_1;Eukaryota_2759;Chordata_7711;Actinopteri_186623;Gadiformes_8043;Phycidae_163113;Urophycis_183655;Urophycis_brasiliensis_1154667	93.194	100	3.52e-74	191	0	N/A	N/A	N/A
b08a1b6a73d8433ca08b282ed0f5ec93	OR582684.1.69.1023###root_1;Eukaryota_2759;Chordata_7711;Actinopteri_186623;Gadiformes_8043;Phycidae_163113;Urophycis_183655;Urophycis_regia_630692	92.632	100	5.89e-72	190	0	N/A	N/A	N/A
b08a1b6a73d8433ca08b282ed0f5ec93	OR575619.1.70.1022###root_1;Eukaryota_2759;Chordata_7711;Actinopteri_186623;Gadiformes_8043;Phycidae_163113;Phycis_163114;Phycis_chesteri_348446	91.579	100	3.54e-69	190	0	N/A	N/A	N/A
b08a1b6a73d8433ca08b282ed0f5ec93	OR380257.1.<1.>169###root_1;Eukaryota_2759;Chordata_7711;Actinopteri_186623;Gadiformes_8043;Phycidae_163113;Urophycis_183655;Urophycis_regia_630692	92.398	90	1.28e-63	171	0	N/A	N/A	N/A
b08a1b6a73d8433ca08b282ed0f5ec93	OR380004.1.<1.>170###root_1;Eukaryota_2759;Chordata_7711;Actinopteri_186623;Gadiformes_8043;Phycidae_163113;Urophycis_183655;Urophycis_regia_630692	92.442	90	1.28e-63	172	0	N/A	N/A	N/A
5c03e01e8d3945c210f646de3cc049b0	OP057106.2.70.1025###root_1;Eukaryota_2759;Chordata_7711;Actinopteri_186623;Gadiformes_8043;Phycidae_163113;Urophycis_183655;Urophycis_chuss_183656	99.471	100	3.42e-94	189	0	N/A	N/A	N/A
5c03e01e8d3945c210f646de3cc049b0	OR380057.1.<1.>171###root_1;Eukaryota_2759;Chordata_7711;Actinopteri_186623;Gadiformes_8043;Phycidae_163113;Urophycis_183655;Urophycis_chuss_183656	99.415	90	3.47e-84	171	0	N/A	N/A	N/A
5c03e01e8d3945c210f646de3cc049b0	OR380059.1.<1.>171###root_1;Eukaryota_2759;Chordata_7711;Actinopteri_186623;Gadiformes_8043;Phycidae_163113;Urophycis_183655;Urophycis_chuss_183656	98.830	90	1.61e-82	171	0	N/A	N/A	N/A
5c03e01e8d3945c210f646de3cc049b0	MT103927.1.<1.>686###root_1;Eukaryota_2759;Chordata_7711;Actinopteri_186623;Gadiformes_8043;Phycidae_163113;Urophycis_183655;Urophycis_tenuis_183657	94.241	100	1.63e-77	191	0	N/A	N/A	N/A
5c03e01e8d3945c210f646de3cc049b0	PP033016.1.70.1028###root_1;Eukaryota_2759;Chordata_7711;Actinopteri_186623;Gadiformes_8043;Phycidae_163113;Urophycis_183655;Urophycis_brasiliensis_1154667	93.194	100	3.52e-74	191	0	N/A	N/A	N/A
5c03e01e8d3945c210f646de3cc049b0	OR582684.1.69.1023###root_1;Eukaryota_2759;Chordata_7711;Actinopteri_186623;Gadiformes_8043;Phycidae_163113;Urophycis_183655;Urophycis_regia_630692	92.632	100	5.89e-72	190	0	N/A	N/A	N/A
5c03e01e8d3945c210f646de3cc049b0	OR575619.1.70.1022###root_1;Eukaryota_2759;Chordata_7711;Actinopteri_186623;Gadiformes_8043;Phycidae_163113;Phycis_163114;Phycis_chesteri_348446	91.579	100	3.54e-69	190	0	N/A	N/A	N/A
5c03e01e8d3945c210f646de3cc049b0	OR380257.1.<1.>169###root_1;Eukaryota_2759;Chordata_7711;Actinopteri_186623;Gadiformes_8043;Phycidae_163113;Urophycis_183655;Urophycis_regia_630692	92.398	90	1.28e-63	171	0	N/A	N/A	N/A
5c03e01e8d3945c210f646de3cc049b0	OR380004.1.<1.>170###root_1;Eukaryota_2759;Chordata_7711;Actinopteri_186623;Gadiformes_8043;Phycidae_163113;Urophycis_183655;Urophycis_regia_630692	92.442	90	1.28e-63	172	0	N/A	N/A	N/A
e4141ea55a026a161e508b6c046a5ced	OP057106.2.70.1025###root_1;Eukaryota_2759;Chordata_7711;Actinopteri_186623;Gadiformes_8043;Phycidae_163113;Urophycis_183655;Urophycis_chuss_183656	99.471	100	3.42e-94	189	0	N/A	N/A	N/A
e4141ea55a026a161e508b6c046a5ced	OR380057.1.<1.>171###root_1;Eukaryota_2759;Chordata_7711;Actinopteri_186623;Gadiformes_8043;Phycidae_163113;Urophycis_183655;Urophycis_chuss_183656	99.415	90	3.47e-84	171	0	N/A	N/A	N/A
e4141ea55a026a161e508b6c046a5ced	OR380059.1.<1.>171###root_1;Eukaryota_2759;Chordata_7711;Actinopteri_186623;Gadiformes_8043;Phycidae_163113;Urophycis_183655;Urophycis_chuss_183656	98.830	90	1.61e-82	171	0	N/A	N/A	N/A
e4141ea55a026a161e508b6c046a5ced	MT103927.1.<1.>686###root_1;Eukaryota_2759;Chordata_7711;Actinopteri_186623;Gadiformes_8043;Phycidae_163113;Urophycis_183655;Urophycis_tenuis_183657	94.241	100	1.63e-77	191	0	N/A	N/A	N/A
e4141ea55a026a161e508b6c046a5ced	PP033016.1.70.1028###root_1;Eukaryota_2759;Chordata_7711;Actinopteri_186623;Gadiformes_8043;Phycidae_163113;Urophycis_183655;Urophycis_brasiliensis_1154667	93.194	100	3.52e-74	191	0	N/A	N/A	N/A
e4141ea55a026a161e508b6c046a5ced	OR582684.1.69.1023###root_1;Eukaryota_2759;Chordata_7711;Actinopteri_186623;Gadiformes_8043;Phycidae_163113;Urophycis_183655;Urophycis_regia_630692	92.632	100	5.89e-72	190	0	N/A	N/A	N/A
e4141ea55a026a161e508b6c046a5ced	OR575619.1.70.1022###root_1;Eukaryota_2759;Chordata_7711;Actinopteri_186623;Gadiformes_8043;Phycidae_163113;Phycis_163114;Phycis_chesteri_348446	91.579	100	3.54e-69	190	0	N/A	N/A	N/A
e4141ea55a026a161e508b6c046a5ced	OR380257.1.<1.>169###root_1;Eukaryota_2759;Chordata_7711;Actinopteri_186623;Gadiformes_8043;Phycidae_163113;Urophycis_183655;Urophycis_regia_630692	92.398	90	1.28e-63	171	0	N/A	N/A	N/A
e4141ea55a026a161e508b6c046a5ced	OR380004.1.<1.>170###root_1;Eukaryota_2759;Chordata_7711;Actinopteri_186623;Gadiformes_8043;Phycidae_163113;Urophycis_183655;Urophycis_regia_630692	92.442	90	1.28e-63	172	0	N/A	N/A	N/A
857817da7356c074dc2ed31653a9f815	OP057106.2.70.1025###root_1;Eukaryota_2759;Chordata_7711;Actinopteri_186623;Gadiformes_8043;Phycidae_163113;Urophycis_183655;Urophycis_chuss_183656	99.471	100	3.42e-94	189	0	N/A	N/A	N/A
857817da7356c074dc2ed31653a9f815	OR380057.1.<1.>171###root_1;Eukaryota_2759;Chordata_7711;Actinopteri_186623;Gadiformes_8043;Phycidae_163113;Urophycis_183655;Urophycis_chuss_183656	99.415	90	3.47e-84	171	0	N/A	N/A	N/A
857817da7356c074dc2ed31653a9f815	OR380059.1.<1.>171###root_1;Eukaryota_2759;Chordata_7711;Actinopteri_186623;Gadiformes_8043;Phycidae_163113;Urophycis_183655;Urophycis_chuss_183656	98.830	90	1.61e-82	171	0	N/A	N/A	N/A
857817da7356c074dc2ed31653a9f815	MT103927.1.<1.>686###root_1;Eukaryota_2759;Chordata_7711;Actinopteri_186623;Gadiformes_8043;Phycidae_163113;Urophycis_183655;Urophycis_tenuis_183657	94.241	100	1.63e-77	191	0	N/A	N/A	N/A
857817da7356c074dc2ed31653a9f815	PP033016.1.70.1028###root_1;Eukaryota_2759;Chordata_7711;Actinopteri_186623;Gadiformes_8043;Phycidae_163113;Urophycis_183655;Urophycis_brasiliensis_1154667	93.194	100	3.52e-74	191	0	N/A	N/A	N/A
857817da7356c074dc2ed31653a9f815	OR582684.1.69.1023###root_1;Eukaryota_2759;Chordata_7711;Actinopteri_186623;Gadiformes_8043;Phycidae_163113;Urophycis_183655;Urophycis_regia_630692	92.632	100	5.89e-72	190	0	N/A	N/A	N/A
857817da7356c074dc2ed31653a9f815	OR575619.1.70.1022###root_1;Eukaryota_2759;Chordata_7711;Actinopteri_186623;Gadiformes_8043;Phycidae_163113;Phycis_163114;Phycis_chesteri_348446	91.579	100	3.54e-69	190	0	N/A	N/A	N/A
857817da7356c074dc2ed31653a9f815	OR380257.1.<1.>169###root_1;Eukaryota_2759;Chordata_7711;Actinopteri_186623;Gadiformes_8043;Phycidae_163113;Urophycis_183655;Urophycis_regia_630692	92.398	90	1.28e-63	171	0	N/A	N/A	N/A
857817da7356c074dc2ed31653a9f815	OR380004.1.<1.>170###root_1;Eukaryota_2759;Chordata_7711;Actinopteri_186623;Gadiformes_8043;Phycidae_163113;Urophycis_183655;Urophycis_regia_630692	92.442	90	1.28e-63	172	0	N/A	N/A	N/A
029cfa8c38efec70ad722f8fdfbbeff7	OP057106.2.70.1025###root_1;Eukaryota_2759;Chordata_7711;Actinopteri_186623;Gadiformes_8043;Phycidae_163113;Urophycis_183655;Urophycis_chuss_183656	99.471	100	3.42e-94	189	0	N/A	N/A	N/A
029cfa8c38efec70ad722f8fdfbbeff7	OR380057.1.<1.>171###root_1;Eukaryota_2759;Chordata_7711;Actinopteri_186623;Gadiformes_8043;Phycidae_163113;Urophycis_183655;Urophycis_chuss_183656	99.415	90	3.47e-84	171	0	N/A	N/A	N/A
029cfa8c38efec70ad722f8fdfbbeff7	OR380059.1.<1.>171###root_1;Eukaryota_2759;Chordata_7711;Actinopteri_186623;Gadiformes_8043;Phycidae_163113;Urophycis_183655;Urophycis_chuss_183656	98.830	90	1.61e-82	171	0	N/A	N/A	N/A
029cfa8c38efec70ad722f8fdfbbeff7	MT103927.1.<1.>686###root_1;Eukaryota_2759;Chordata_7711;Actinopteri_186623;Gadiformes_8043;Phycidae_163113;Urophycis_183655;Urophycis_tenuis_183657	94.241	100	1.63e-77	191	0	N/A	N/A	N/A
029cfa8c38efec70ad722f8fdfbbeff7	PP033016.1.70.1028###root_1;Eukaryota_2759;Chordata_7711;Actinopteri_186623;Gadiformes_8043;Phycidae_163113;Urophycis_183655;Urophycis_brasiliensis_1154667	93.194	100	3.52e-74	191	0	N/A	N/A	N/A
029cfa8c38efec70ad722f8fdfbbeff7	OR582684.1.69.1023###root_1;Eukaryota_2759;Chordata_7711;Actinopteri_186623;Gadiformes_8043;Phycidae_163113;Urophycis_183655;Urophycis_regia_630692	92.632	100	5.89e-72	190	0	N/A	N/A	N/A
029cfa8c38efec70ad722f8fdfbbeff7	OR575619.1.70.1022###root_1;Eukaryota_2759;Chordata_7711;Actinopteri_186623;Gadiformes_8043;Phycidae_163113;Phycis_163114;Phycis_chesteri_348446	91.579	100	3.54e-69	190	0	N/A	N/A	N/A
029cfa8c38efec70ad722f8fdfbbeff7	OR380257.1.<1.>169###root_1;Eukaryota_2759;Chordata_7711;Actinopteri_186623;Gadiformes_8043;Phycidae_163113;Urophycis_183655;Urophycis_regia_630692	92.398	90	1.28e-63	171	0	N/A	N/A	N/A
029cfa8c38efec70ad722f8fdfbbeff7	OR380004.1.<1.>170###root_1;Eukaryota_2759;Chordata_7711;Actinopteri_186623;Gadiformes_8043;Phycidae_163113;Urophycis_183655;Urophycis_regia_630692	92.442	90	1.28e-63	172	0	N/A	N/A	N/A
23d2a9fc7c7e777c3a380626e7844a34	OP057106.2.70.1025###root_1;Eukaryota_2759;Chordata_7711;Actinopteri_186623;Gadiformes_8043;Phycidae_163113;Urophycis_183655;Urophycis_chuss_183656	99.471	100	3.42e-94	189	0	N/A	N/A	N/A
23d2a9fc7c7e777c3a380626e7844a34	OR380057.1.<1.>171###root_1;Eukaryota_2759;Chordata_7711;Actinopteri_186623;Gadiformes_8043;Phycidae_163113;Urophycis_183655;Urophycis_chuss_183656	99.415	90	3.47e-84	171	0	N/A	N/A	N/A
23d2a9fc7c7e777c3a380626e7844a34	OR380059.1.<1.>171###root_1;Eukaryota_2759;Chordata_7711;Actinopteri_186623;Gadiformes_8043;Phycidae_163113;Urophycis_183655;Urophycis_chuss_183656	98.830	90	1.61e-82	171	0	N/A	N/A	N/A
23d2a9fc7c7e777c3a380626e7844a34	MT103927.1.<1.>686###root_1;Eukaryota_2759;Chordata_7711;Actinopteri_186623;Gadiformes_8043;Phycidae_163113;Urophycis_183655;Urophycis_tenuis_183657	94.241	100	1.63e-77	191	0	N/A	N/A	N/A
23d2a9fc7c7e777c3a380626e7844a34	PP033016.1.70.1028###root_1;Eukaryota_2759;Chordata_7711;Actinopteri_186623;Gadiformes_8043;Phycidae_163113;Urophycis_183655;Urophycis_brasiliensis_1154667	93.194	100	3.52e-74	191	0	N/A	N/A	N/A
23d2a9fc7c7e777c3a380626e7844a34	OR582684.1.69.1023###root_1;Eukaryota_2759;Chordata_7711;Actinopteri_186623;Gadiformes_8043;Phycidae_163113;Urophycis_183655;Urophycis_regia_630692	92.632	100	5.89e-72	190	0	N/A	N/A	N/A
23d2a9fc7c7e777c3a380626e7844a34	OR575619.1.70.1022###root_1;Eukaryota_2759;Chordata_7711;Actinopteri_186623;Gadiformes_8043;Phycidae_163113;Phycis_163114;Phycis_chesteri_348446	91.579	100	3.54e-69	190	0	N/A	N/A	N/A
23d2a9fc7c7e777c3a380626e7844a34	OR380257.1.<1.>169###root_1;Eukaryota_2759;Chordata_7711;Actinopteri_186623;Gadiformes_8043;Phycidae_163113;Urophycis_183655;Urophycis_regia_630692	92.398	90	1.28e-63	171	0	N/A	N/A	N/A
23d2a9fc7c7e777c3a380626e7844a34	OR380004.1.<1.>170###root_1;Eukaryota_2759;Chordata_7711;Actinopteri_186623;Gadiformes_8043;Phycidae_163113;Urophycis_183655;Urophycis_regia_630692	92.442	90	1.28e-63	172	0	N/A	N/A	N/A
a6d33067e1999ee516bf38e11c4cbf6a	OP057106.2.70.1025###root_1;Eukaryota_2759;Chordata_7711;Actinopteri_186623;Gadiformes_8043;Phycidae_163113;Urophycis_183655;Urophycis_chuss_183656	99.471	100	3.42e-94	189	0	N/A	N/A	N/A
a6d33067e1999ee516bf38e11c4cbf6a	OR380057.1.<1.>171###root_1;Eukaryota_2759;Chordata_7711;Actinopteri_186623;Gadiformes_8043;Phycidae_163113;Urophycis_183655;Urophycis_chuss_183656	99.415	90	3.47e-84	171	0	N/A	N/A	N/A
a6d33067e1999ee516bf38e11c4cbf6a	OR380059.1.<1.>171###root_1;Eukaryota_2759;Chordata_7711;Actinopteri_186623;Gadiformes_8043;Phycidae_163113;Urophycis_183655;Urophycis_chuss_183656	98.830	90	1.61e-82	171	0	N/A	N/A	N/A
a6d33067e1999ee516bf38e11c4cbf6a	MT103927.1.<1.>686###root_1;Eukaryota_2759;Chordata_7711;Actinopteri_186623;Gadiformes_8043;Phycidae_163113;Urophycis_183655;Urophycis_tenuis_183657	94.241	100	1.63e-77	191	0	N/A	N/A	N/A
a6d33067e1999ee516bf38e11c4cbf6a	PP033016.1.70.1028###root_1;Eukaryota_2759;Chordata_7711;Actinopteri_186623;Gadiformes_8043;Phycidae_163113;Urophycis_183655;Urophycis_brasiliensis_1154667	93.194	100	3.52e-74	191	0	N/A	N/A	N/A
a6d33067e1999ee516bf38e11c4cbf6a	OR582684.1.69.1023###root_1;Eukaryota_2759;Chordata_7711;Actinopteri_186623;Gadiformes_8043;Phycidae_163113;Urophycis_183655;Urophycis_regia_630692	92.632	100	5.89e-72	190	0	N/A	N/A	N/A
a6d33067e1999ee516bf38e11c4cbf6a	OR575619.1.70.1022###root_1;Eukaryota_2759;Chordata_7711;Actinopteri_186623;Gadiformes_8043;Phycidae_163113;Phycis_163114;Phycis_chesteri_348446	91.579	100	3.54e-69	190	0	N/A	N/A	N/A
a6d33067e1999ee516bf38e11c4cbf6a	OR380257.1.<1.>169###root_1;Eukaryota_2759;Chordata_7711;Actinopteri_186623;Gadiformes_8043;Phycidae_163113;Urophycis_183655;Urophycis_regia_630692	92.398	90	1.28e-63	171	0	N/A	N/A	N/A
a6d33067e1999ee516bf38e11c4cbf6a	OR380004.1.<1.>170###root_1;Eukaryota_2759;Chordata_7711;Actinopteri_186623;Gadiformes_8043;Phycidae_163113;Urophycis_183655;Urophycis_regia_630692	92.442	90	1.28e-63	172	0	N/A	N/A	N/A
