d0f33c0ac9c9192e1398c02a899b2b1d	gi|288956725|gb|GQ501998.1|	96.078	99	4.57e-133	306	673114	uncultured Kareniaceae	dinoflagellates	uncultured Kareniaceae
d0f33c0ac9c9192e1398c02a899b2b1d	gi|288956715|gb|GQ501988.1|	96.078	99	4.57e-133	306	673114	uncultured Kareniaceae	dinoflagellates	uncultured Kareniaceae
d0f33c0ac9c9192e1398c02a899b2b1d	gi|288956727|gb|GQ502000.1|	95.738	99	7.64e-131	305	673114	uncultured Kareniaceae	dinoflagellates	uncultured Kareniaceae
d0f33c0ac9c9192e1398c02a899b2b1d	gi|288956755|gb|GQ502028.1|	95.425	99	9.89e-130	306	673114	uncultured Kareniaceae	dinoflagellates	uncultured Kareniaceae
d0f33c0ac9c9192e1398c02a899b2b1d	gi|288956746|gb|GQ502019.1|	95.425	99	9.89e-130	306	673114	uncultured Kareniaceae	dinoflagellates	uncultured Kareniaceae
d0f33c0ac9c9192e1398c02a899b2b1d	gi|288956743|gb|GQ502016.1|	95.425	99	9.89e-130	306	673114	uncultured Kareniaceae	dinoflagellates	uncultured Kareniaceae
d0f33c0ac9c9192e1398c02a899b2b1d	gi|288956738|gb|GQ502011.1|	95.425	99	9.89e-130	306	673114	uncultured Kareniaceae	dinoflagellates	uncultured Kareniaceae
d0f33c0ac9c9192e1398c02a899b2b1d	gi|288956694|gb|GQ501967.1|	95.425	99	9.89e-130	306	673114	uncultured Kareniaceae	dinoflagellates	uncultured Kareniaceae
d0f33c0ac9c9192e1398c02a899b2b1d	gi|288956692|gb|GQ501965.1|	95.425	99	9.89e-130	306	673114	uncultured Kareniaceae	dinoflagellates	uncultured Kareniaceae
d0f33c0ac9c9192e1398c02a899b2b1d	gi|288956686|gb|GQ501959.1|	95.425	99	9.89e-130	306	673114	uncultured Kareniaceae	dinoflagellates	uncultured Kareniaceae
c45b30c68cf49713f3a60d7102942417	gi|1502975375|gb|MG319313.1|	100.000	100	7.61e-156	305	1582901	Monocorophium insidiosum	amphipods	Monocorophium insidiosum
c45b30c68cf49713f3a60d7102942417	gi|1502973940|gb|MG318625.1|	100.000	100	7.61e-156	305	1582901	Monocorophium insidiosum	amphipods	Monocorophium insidiosum
c45b30c68cf49713f3a60d7102942417	gi|1497452138|gb|MG315700.1|	100.000	100	7.61e-156	305	1582901	Monocorophium insidiosum	amphipods	Monocorophium insidiosum
c45b30c68cf49713f3a60d7102942417	gi|1465189620|gb|MG936189.1|	100.000	100	7.61e-156	305	1582901	Monocorophium insidiosum	amphipods	Monocorophium insidiosum
c45b30c68cf49713f3a60d7102942417	gi|2656475368|gb|PP192182.1|	100.000	100	7.61e-156	305	1582901	Monocorophium insidiosum	amphipods	Monocorophium insidiosum
c45b30c68cf49713f3a60d7102942417	gi|936253676|gb|KT209139.1|	100.000	100	7.61e-156	305	1582901	Monocorophium insidiosum	amphipods	Monocorophium insidiosum
c45b30c68cf49713f3a60d7102942417	gi|936253568|gb|KT209085.1|	100.000	100	7.61e-156	305	1582901	Monocorophium insidiosum	amphipods	Monocorophium insidiosum
c45b30c68cf49713f3a60d7102942417	gi|936253526|gb|KT209064.1|	100.000	100	7.61e-156	305	1582901	Monocorophium insidiosum	amphipods	Monocorophium insidiosum
c45b30c68cf49713f3a60d7102942417	gi|936253466|gb|KT209034.1|	100.000	100	7.61e-156	305	1582901	Monocorophium insidiosum	amphipods	Monocorophium insidiosum
c45b30c68cf49713f3a60d7102942417	gi|936253306|gb|KT208954.1|	100.000	100	7.61e-156	305	1582901	Monocorophium insidiosum	amphipods	Monocorophium insidiosum
c0e9f830c9b4aa71bf6d4479aa512545	gi|1502977615|gb|MG320366.1|	99.672	100	3.54e-154	305	1582901	Monocorophium insidiosum	amphipods	Monocorophium insidiosum
c0e9f830c9b4aa71bf6d4479aa512545	gi|1497448502|gb|MG313882.1|	99.672	100	3.54e-154	305	1582901	Monocorophium insidiosum	amphipods	Monocorophium insidiosum
c0e9f830c9b4aa71bf6d4479aa512545	gi|1495346764|gb|MG310516.1|	99.672	100	3.54e-154	305	1582901	Monocorophium insidiosum	amphipods	Monocorophium insidiosum
c0e9f830c9b4aa71bf6d4479aa512545	gi|1122285235|gb|KU697731.1|	99.672	100	3.54e-154	305	1582901	Monocorophium insidiosum	amphipods	Monocorophium insidiosum
c0e9f830c9b4aa71bf6d4479aa512545	gi|936254236|gb|KT209419.1|	99.672	100	3.54e-154	305	1582901	Monocorophium insidiosum	amphipods	Monocorophium insidiosum
c0e9f830c9b4aa71bf6d4479aa512545	gi|332323580|gb|HQ966519.1|	99.672	100	3.54e-154	305	1582901	Monocorophium insidiosum	amphipods	Monocorophium insidiosum
c0e9f830c9b4aa71bf6d4479aa512545	gi|332323578|gb|HQ966518.1|	99.672	100	3.54e-154	305	1582901	Monocorophium insidiosum	amphipods	Monocorophium insidiosum
c0e9f830c9b4aa71bf6d4479aa512545	gi|312933703|gb|HM900381.1|	99.672	100	3.54e-154	305	1582901	Monocorophium insidiosum	amphipods	Monocorophium insidiosum
c0e9f830c9b4aa71bf6d4479aa512545	gi|936253460|gb|KT209031.1|	99.344	100	1.65e-152	305	1582901	Monocorophium insidiosum	amphipods	Monocorophium insidiosum
c0e9f830c9b4aa71bf6d4479aa512545	gi|1465189418|gb|MG936088.1|	99.331	98	3.56e-149	299	1582901	Monocorophium insidiosum	amphipods	Monocorophium insidiosum
b5390eac2c1a8b218760846e5b6fa1bb	gi|1502977615|gb|MG320366.1|	100.000	100	7.61e-156	305	1582901	Monocorophium insidiosum	amphipods	Monocorophium insidiosum
b5390eac2c1a8b218760846e5b6fa1bb	gi|1497448502|gb|MG313882.1|	100.000	100	7.61e-156	305	1582901	Monocorophium insidiosum	amphipods	Monocorophium insidiosum
b5390eac2c1a8b218760846e5b6fa1bb	gi|1495346764|gb|MG310516.1|	100.000	100	7.61e-156	305	1582901	Monocorophium insidiosum	amphipods	Monocorophium insidiosum
b5390eac2c1a8b218760846e5b6fa1bb	gi|1122285235|gb|KU697731.1|	100.000	100	7.61e-156	305	1582901	Monocorophium insidiosum	amphipods	Monocorophium insidiosum
b5390eac2c1a8b218760846e5b6fa1bb	gi|936254236|gb|KT209419.1|	100.000	100	7.61e-156	305	1582901	Monocorophium insidiosum	amphipods	Monocorophium insidiosum
b5390eac2c1a8b218760846e5b6fa1bb	gi|332323580|gb|HQ966519.1|	100.000	100	7.61e-156	305	1582901	Monocorophium insidiosum	amphipods	Monocorophium insidiosum
b5390eac2c1a8b218760846e5b6fa1bb	gi|332323578|gb|HQ966518.1|	100.000	100	7.61e-156	305	1582901	Monocorophium insidiosum	amphipods	Monocorophium insidiosum
b5390eac2c1a8b218760846e5b6fa1bb	gi|312933703|gb|HM900381.1|	100.000	100	7.61e-156	305	1582901	Monocorophium insidiosum	amphipods	Monocorophium insidiosum
b5390eac2c1a8b218760846e5b6fa1bb	gi|936253460|gb|KT209031.1|	99.672	100	3.54e-154	305	1582901	Monocorophium insidiosum	amphipods	Monocorophium insidiosum
b5390eac2c1a8b218760846e5b6fa1bb	gi|1465189418|gb|MG936088.1|	99.666	98	7.66e-151	299	1582901	Monocorophium insidiosum	amphipods	Monocorophium insidiosum
e1891f87091ab36c22b78c58df8fb979	gi|1502977615|gb|MG320366.1|	99.672	100	3.54e-154	305	1582901	Monocorophium insidiosum	amphipods	Monocorophium insidiosum
e1891f87091ab36c22b78c58df8fb979	gi|1497448502|gb|MG313882.1|	99.672	100	3.54e-154	305	1582901	Monocorophium insidiosum	amphipods	Monocorophium insidiosum
e1891f87091ab36c22b78c58df8fb979	gi|1495346764|gb|MG310516.1|	99.672	100	3.54e-154	305	1582901	Monocorophium insidiosum	amphipods	Monocorophium insidiosum
e1891f87091ab36c22b78c58df8fb979	gi|1122285235|gb|KU697731.1|	99.672	100	3.54e-154	305	1582901	Monocorophium insidiosum	amphipods	Monocorophium insidiosum
e1891f87091ab36c22b78c58df8fb979	gi|936254236|gb|KT209419.1|	99.672	100	3.54e-154	305	1582901	Monocorophium insidiosum	amphipods	Monocorophium insidiosum
e1891f87091ab36c22b78c58df8fb979	gi|332323580|gb|HQ966519.1|	99.672	100	3.54e-154	305	1582901	Monocorophium insidiosum	amphipods	Monocorophium insidiosum
e1891f87091ab36c22b78c58df8fb979	gi|332323578|gb|HQ966518.1|	99.672	100	3.54e-154	305	1582901	Monocorophium insidiosum	amphipods	Monocorophium insidiosum
e1891f87091ab36c22b78c58df8fb979	gi|312933703|gb|HM900381.1|	99.672	100	3.54e-154	305	1582901	Monocorophium insidiosum	amphipods	Monocorophium insidiosum
e1891f87091ab36c22b78c58df8fb979	gi|936253460|gb|KT209031.1|	99.344	100	1.65e-152	305	1582901	Monocorophium insidiosum	amphipods	Monocorophium insidiosum
e1891f87091ab36c22b78c58df8fb979	gi|1465189418|gb|MG936088.1|	99.331	98	3.56e-149	299	1582901	Monocorophium insidiosum	amphipods	Monocorophium insidiosum
750ca7f2bfd8deea15e18f5a3c28c2f3	gi|2868138098|gb|PQ739544.1|	97.690	99	4.64e-143	303	97259	Electra pilosa	bryozoans	Electra pilosa
750ca7f2bfd8deea15e18f5a3c28c2f3	gi|2868138040|gb|PQ739515.1|	97.690	99	4.64e-143	303	97259	Electra pilosa	bryozoans	Electra pilosa
750ca7f2bfd8deea15e18f5a3c28c2f3	gi|1898550053|gb|MT293123.1|	97.690	99	4.64e-143	303	97259	Electra pilosa	bryozoans	Electra pilosa
d2e2f3c6e43f9e3f42b7f3636655dd8e	gi|2868138098|gb|PQ739544.1|	98.361	100	1.66e-147	305	97259	Electra pilosa	bryozoans	Electra pilosa
d2e2f3c6e43f9e3f42b7f3636655dd8e	gi|2868138040|gb|PQ739515.1|	98.361	100	1.66e-147	305	97259	Electra pilosa	bryozoans	Electra pilosa
d2e2f3c6e43f9e3f42b7f3636655dd8e	gi|1898550053|gb|MT293123.1|	98.361	100	1.66e-147	305	97259	Electra pilosa	bryozoans	Electra pilosa
99ba1ec09315502b1435098e7b567cde	gi|2868138098|gb|PQ739544.1|	98.350	99	2.14e-146	303	97259	Electra pilosa	bryozoans	Electra pilosa
99ba1ec09315502b1435098e7b567cde	gi|2868138040|gb|PQ739515.1|	98.350	99	2.14e-146	303	97259	Electra pilosa	bryozoans	Electra pilosa
99ba1ec09315502b1435098e7b567cde	gi|1898550053|gb|MT293123.1|	98.350	99	2.14e-146	303	97259	Electra pilosa	bryozoans	Electra pilosa
b835e31ff49f55d000f06441863c6748	gi|2868138098|gb|PQ739544.1|	99.010	99	9.91e-150	303	97259	Electra pilosa	bryozoans	Electra pilosa
b835e31ff49f55d000f06441863c6748	gi|2868138040|gb|PQ739515.1|	99.010	99	9.91e-150	303	97259	Electra pilosa	bryozoans	Electra pilosa
b835e31ff49f55d000f06441863c6748	gi|1898550053|gb|MT293123.1|	99.010	99	9.91e-150	303	97259	Electra pilosa	bryozoans	Electra pilosa
f688f7da8e965e271c9c90964b2ddc32	gi|2868138098|gb|PQ739544.1|	92.459	100	1.73e-117	305	97259	Electra pilosa	bryozoans	Electra pilosa
f688f7da8e965e271c9c90964b2ddc32	gi|2868138040|gb|PQ739515.1|	92.459	100	1.73e-117	305	97259	Electra pilosa	bryozoans	Electra pilosa
f688f7da8e965e271c9c90964b2ddc32	gi|1898550053|gb|MT293123.1|	92.459	100	1.73e-117	305	97259	Electra pilosa	bryozoans	Electra pilosa
a5e8317d6ab1c14bc0cf25b4acb35877	gi|2868138098|gb|PQ739544.1|	98.361	100	1.66e-147	305	97259	Electra pilosa	bryozoans	Electra pilosa
a5e8317d6ab1c14bc0cf25b4acb35877	gi|2868138040|gb|PQ739515.1|	98.361	100	1.66e-147	305	97259	Electra pilosa	bryozoans	Electra pilosa
a5e8317d6ab1c14bc0cf25b4acb35877	gi|1898550053|gb|MT293123.1|	98.361	100	1.66e-147	305	97259	Electra pilosa	bryozoans	Electra pilosa
60dbe34875c35385a6620cccf4f95ce4	gi|2868138098|gb|PQ739544.1|	98.361	100	1.66e-147	305	97259	Electra pilosa	bryozoans	Electra pilosa
60dbe34875c35385a6620cccf4f95ce4	gi|2868138040|gb|PQ739515.1|	98.361	100	1.66e-147	305	97259	Electra pilosa	bryozoans	Electra pilosa
60dbe34875c35385a6620cccf4f95ce4	gi|1898550053|gb|MT293123.1|	98.361	100	1.66e-147	305	97259	Electra pilosa	bryozoans	Electra pilosa
28b9fe6f1019223245a44f665bf95407	gi|2868138098|gb|PQ739544.1|	98.689	100	3.56e-149	305	97259	Electra pilosa	bryozoans	Electra pilosa
28b9fe6f1019223245a44f665bf95407	gi|2868138040|gb|PQ739515.1|	98.689	100	3.56e-149	305	97259	Electra pilosa	bryozoans	Electra pilosa
28b9fe6f1019223245a44f665bf95407	gi|1898550053|gb|MT293123.1|	98.689	100	3.56e-149	305	97259	Electra pilosa	bryozoans	Electra pilosa
18e4eda98561bdc98846c8d1f096f203	gi|2868138098|gb|PQ739544.1|	98.361	100	1.66e-147	305	97259	Electra pilosa	bryozoans	Electra pilosa
18e4eda98561bdc98846c8d1f096f203	gi|2868138040|gb|PQ739515.1|	98.361	100	1.66e-147	305	97259	Electra pilosa	bryozoans	Electra pilosa
18e4eda98561bdc98846c8d1f096f203	gi|1898550053|gb|MT293123.1|	98.361	100	1.66e-147	305	97259	Electra pilosa	bryozoans	Electra pilosa
6699005afe5e25ebbacf8c5c6a1ef027	gi|2868138098|gb|PQ739544.1|	98.350	99	2.14e-146	303	97259	Electra pilosa	bryozoans	Electra pilosa
6699005afe5e25ebbacf8c5c6a1ef027	gi|2868138040|gb|PQ739515.1|	98.350	99	2.14e-146	303	97259	Electra pilosa	bryozoans	Electra pilosa
6699005afe5e25ebbacf8c5c6a1ef027	gi|1898550053|gb|MT293123.1|	98.350	99	2.14e-146	303	97259	Electra pilosa	bryozoans	Electra pilosa
84d62a86a9e039ad257ac6aef0b0ee88	gi|2868138098|gb|PQ739544.1|	98.361	100	1.66e-147	305	97259	Electra pilosa	bryozoans	Electra pilosa
84d62a86a9e039ad257ac6aef0b0ee88	gi|2868138040|gb|PQ739515.1|	98.361	100	1.66e-147	305	97259	Electra pilosa	bryozoans	Electra pilosa
84d62a86a9e039ad257ac6aef0b0ee88	gi|1898550053|gb|MT293123.1|	98.361	100	1.66e-147	305	97259	Electra pilosa	bryozoans	Electra pilosa
5bbaf50153b4bbd850069ed20c6d7536	gi|1199895506|ref|NC_034948.1|	98.361	100	1.66e-147	305	504439	Isodiametra pulchra	animals	Isodiametra pulchra
f6f477ebe95de68ab68311f56ac7cd8d	gi|1199895506|ref|NC_034948.1|	98.689	100	3.56e-149	305	504439	Isodiametra pulchra	animals	Isodiametra pulchra
d06d0c3ab7375df99470fb3d52712f9f	gi|2463908321|gb|OQ682282.1|	92.754	90	2.27e-106	276	3036333	Cletocamptus sp.	crustaceans	Cletocamptus sp.
d06d0c3ab7375df99470fb3d52712f9f	gi|2463908334|gb|OQ682287.1|	92.391	90	1.06e-104	276	3036333	Cletocamptus sp.	crustaceans	Cletocamptus sp.
d06d0c3ab7375df99470fb3d52712f9f	gi|2463908319|gb|OQ682281.1|	92.391	90	1.06e-104	276	3036333	Cletocamptus sp.	crustaceans	Cletocamptus sp.
d06d0c3ab7375df99470fb3d52712f9f	gi|2463908377|gb|OQ682304.1|	91.667	90	2.29e-101	276	3036333	Cletocamptus sp.	crustaceans	Cletocamptus sp.
d06d0c3ab7375df99470fb3d52712f9f	gi|2463908375|gb|OQ682303.1|	91.667	90	2.29e-101	276	3036333	Cletocamptus sp.	crustaceans	Cletocamptus sp.
d06d0c3ab7375df99470fb3d52712f9f	gi|2463908370|gb|OQ682301.1|	91.667	90	2.29e-101	276	3036333	Cletocamptus sp.	crustaceans	Cletocamptus sp.
ef7f0feb31552e7e42c8a17e7d4131d6	gi|1772913137|gb|MK803436.1|	92.000	90	4.91e-103	275	2664504	Michthyops parvus	crustaceans	Michthyops parvus
9197158e278900eeb77ee40cdec427d6	gi|1772913137|gb|MK803436.1|	93.091	90	4.88e-108	275	2664504	Michthyops parvus	crustaceans	Michthyops parvus
5275929ba29569a4ee41f658108c3b2a	gi|1772913137|gb|MK803436.1|	92.727	90	2.27e-106	275	2664504	Michthyops parvus	crustaceans	Michthyops parvus
edfd0d6e02a93299fe4218559e5eac99	gi|288956239|gb|GQ501512.1|	98.701	100	7.74e-151	308	187300	uncultured dinoflagellate	dinoflagellates	uncultured dinoflagellate
edfd0d6e02a93299fe4218559e5eac99	gi|288956173|gb|GQ501446.1|	98.701	100	7.74e-151	308	187300	uncultured dinoflagellate	dinoflagellates	uncultured dinoflagellate
edfd0d6e02a93299fe4218559e5eac99	gi|288956166|gb|GQ501439.1|	98.701	100	7.74e-151	308	187300	uncultured dinoflagellate	dinoflagellates	uncultured dinoflagellate
edfd0d6e02a93299fe4218559e5eac99	gi|288956632|gb|GQ501905.1|	98.377	100	3.60e-149	308	673114	uncultured Kareniaceae	dinoflagellates	uncultured Kareniaceae
edfd0d6e02a93299fe4218559e5eac99	gi|288956238|gb|GQ501511.1|	98.377	100	3.60e-149	308	187300	uncultured dinoflagellate	dinoflagellates	uncultured dinoflagellate
edfd0d6e02a93299fe4218559e5eac99	gi|288956259|gb|GQ501532.1|	98.052	100	1.68e-147	308	187300	uncultured dinoflagellate	dinoflagellates	uncultured dinoflagellate
edfd0d6e02a93299fe4218559e5eac99	gi|288956256|gb|GQ501529.1|	98.052	100	1.68e-147	308	187300	uncultured dinoflagellate	dinoflagellates	uncultured dinoflagellate
edfd0d6e02a93299fe4218559e5eac99	gi|288950129|gb|GQ501183.1|	97.727	100	7.80e-146	308	2926	Alexandrium tamarense	dinoflagellates	Alexandrium tamarense
edfd0d6e02a93299fe4218559e5eac99	gi|288950127|gb|GQ501181.1|	97.727	100	7.80e-146	308	2926	Alexandrium tamarense	dinoflagellates	Alexandrium tamarense
edfd0d6e02a93299fe4218559e5eac99	gi|288950125|gb|GQ501179.1|	97.727	100	7.80e-146	308	2926	Alexandrium tamarense	dinoflagellates	Alexandrium tamarense
dbda7dce6bf55a6beb563e5d1a27d6c4	gi|902642722|gb|KP899801.1|	95.033	100	3.62e-129	302	1562708	Parasagitta elegans	arrow worms	Parasagitta elegans
dbda7dce6bf55a6beb563e5d1a27d6c4	gi|902642351|gb|KP899772.1|	95.033	100	3.62e-129	302	1562708	Parasagitta elegans	arrow worms	Parasagitta elegans
dbda7dce6bf55a6beb563e5d1a27d6c4	gi|902642579|gb|KP899790.1|	94.702	100	1.69e-127	302	1562708	Parasagitta elegans	arrow worms	Parasagitta elegans
dbda7dce6bf55a6beb563e5d1a27d6c4	gi|902642276|gb|KP899766.1|	94.702	100	1.69e-127	302	1562708	Parasagitta elegans	arrow worms	Parasagitta elegans
dbda7dce6bf55a6beb563e5d1a27d6c4	gi|902642605|gb|KP899792.1|	94.371	100	7.85e-126	302	1562708	Parasagitta elegans	arrow worms	Parasagitta elegans
dbda7dce6bf55a6beb563e5d1a27d6c4	gi|902642566|gb|KP899789.1|	94.371	100	7.85e-126	302	1562708	Parasagitta elegans	arrow worms	Parasagitta elegans
dbda7dce6bf55a6beb563e5d1a27d6c4	gi|902642377|gb|KP899774.1|	94.371	100	7.85e-126	302	1562708	Parasagitta elegans	arrow worms	Parasagitta elegans
dbda7dce6bf55a6beb563e5d1a27d6c4	gi|902642683|gb|KP899798.1|	94.040	100	3.65e-124	302	1562708	Parasagitta elegans	arrow worms	Parasagitta elegans
dbda7dce6bf55a6beb563e5d1a27d6c4	gi|902642670|gb|KP899797.1|	94.040	100	3.65e-124	302	1562708	Parasagitta elegans	arrow worms	Parasagitta elegans
dbda7dce6bf55a6beb563e5d1a27d6c4	gi|902642657|gb|KP899796.1|	94.040	100	3.65e-124	302	1562708	Parasagitta elegans	arrow worms	Parasagitta elegans
4f24b31c04bfd9207102dac1e282d2f8	gi|902642276|gb|KP899766.1|	95.033	100	3.62e-129	302	1562708	Parasagitta elegans	arrow worms	Parasagitta elegans
4f24b31c04bfd9207102dac1e282d2f8	gi|902642722|gb|KP899801.1|	94.702	100	1.69e-127	302	1562708	Parasagitta elegans	arrow worms	Parasagitta elegans
4f24b31c04bfd9207102dac1e282d2f8	gi|902642579|gb|KP899790.1|	94.371	100	7.85e-126	302	1562708	Parasagitta elegans	arrow worms	Parasagitta elegans
4f24b31c04bfd9207102dac1e282d2f8	gi|902642670|gb|KP899797.1|	94.040	100	3.65e-124	302	1562708	Parasagitta elegans	arrow worms	Parasagitta elegans
4f24b31c04bfd9207102dac1e282d2f8	gi|902642592|gb|KP899791.1|	94.040	100	3.65e-124	302	1562708	Parasagitta elegans	arrow worms	Parasagitta elegans
4f24b31c04bfd9207102dac1e282d2f8	gi|902642566|gb|KP899789.1|	94.040	100	3.65e-124	302	1562708	Parasagitta elegans	arrow worms	Parasagitta elegans
4f24b31c04bfd9207102dac1e282d2f8	gi|902642377|gb|KP899774.1|	94.040	100	3.65e-124	302	1562708	Parasagitta elegans	arrow worms	Parasagitta elegans
4f24b31c04bfd9207102dac1e282d2f8	gi|902642351|gb|KP899772.1|	94.040	100	3.65e-124	302	1562708	Parasagitta elegans	arrow worms	Parasagitta elegans
4f24b31c04bfd9207102dac1e282d2f8	gi|902642683|gb|KP899798.1|	93.709	100	1.70e-122	302	1562708	Parasagitta elegans	arrow worms	Parasagitta elegans
4f24b31c04bfd9207102dac1e282d2f8	gi|902642657|gb|KP899796.1|	93.709	100	1.70e-122	302	1562708	Parasagitta elegans	arrow worms	Parasagitta elegans
d9dac4d328e235f73e905e781609c6f4	gi|288950243|gb|GQ501314.1|	99.351	100	9.95e-155	308	268946	Scrippsiella sp. DINOB785-08	dinoflagellates	Scrippsiella sp. DINOB785-08
d9dac4d328e235f73e905e781609c6f4	gi|288950329|gb|GQ501400.1|	99.351	100	3.58e-154	308	2923	Thoracosphaera heimii	dinoflagellates	Thoracosphaera heimii
d9dac4d328e235f73e905e781609c6f4	gi|288950328|gb|GQ501399.1|	99.351	100	3.58e-154	308	2923	Thoracosphaera heimii	dinoflagellates	Thoracosphaera heimii
d9dac4d328e235f73e905e781609c6f4	gi|288950129|gb|GQ501183.1|	99.351	100	3.58e-154	308	2926	Alexandrium tamarense	dinoflagellates	Alexandrium tamarense
d9dac4d328e235f73e905e781609c6f4	gi|288950127|gb|GQ501181.1|	99.351	100	3.58e-154	308	2926	Alexandrium tamarense	dinoflagellates	Alexandrium tamarense
d9dac4d328e235f73e905e781609c6f4	gi|288950125|gb|GQ501179.1|	99.351	100	3.58e-154	308	2926	Alexandrium tamarense	dinoflagellates	Alexandrium tamarense
d9dac4d328e235f73e905e781609c6f4	gi|288950118|gb|GQ501172.1|	99.351	100	3.58e-154	308	671315	Alexandrium sp. CCMP2079	dinoflagellates	Alexandrium sp. CCMP2079
d9dac4d328e235f73e905e781609c6f4	gi|288950113|gb|GQ501167.1|	99.351	100	3.58e-154	308	671316;671317	Alexandrium sp. CCMP2080	dinoflagellates	Alexandrium sp. CCMP2080
d9dac4d328e235f73e905e781609c6f4	gi|288950112|gb|GQ501166.1|	99.351	100	3.58e-154	308	671321	Alexandrium sp. CCMP2724	dinoflagellates	Alexandrium sp. CCMP2724
d9dac4d328e235f73e905e781609c6f4	gi|288950106|gb|GQ501160.1|	99.351	100	3.58e-154	308	65670	Alexandrium pseudogonyaulax	dinoflagellates	Alexandrium pseudogonyaulax
43421c36619fd7fbe11fe4baa44a04b5	gi|288956725|gb|GQ501998.1|	97.078	100	1.69e-142	308	673114	uncultured Kareniaceae	dinoflagellates	uncultured Kareniaceae
43421c36619fd7fbe11fe4baa44a04b5	gi|288956715|gb|GQ501988.1|	97.078	100	1.69e-142	308	673114	uncultured Kareniaceae	dinoflagellates	uncultured Kareniaceae
43421c36619fd7fbe11fe4baa44a04b5	gi|288956655|gb|GQ501928.1|	97.078	100	1.69e-142	308	673114	uncultured Kareniaceae	dinoflagellates	uncultured Kareniaceae
43421c36619fd7fbe11fe4baa44a04b5	gi|288956639|gb|GQ501912.1|	97.078	100	1.69e-142	308	673114	uncultured Kareniaceae	dinoflagellates	uncultured Kareniaceae
43421c36619fd7fbe11fe4baa44a04b5	gi|288956631|gb|GQ501904.1|	97.078	100	1.69e-142	308	673114	uncultured Kareniaceae	dinoflagellates	uncultured Kareniaceae
43421c36619fd7fbe11fe4baa44a04b5	gi|288956727|gb|GQ502000.1|	96.753	100	2.18e-141	308	673114	uncultured Kareniaceae	dinoflagellates	uncultured Kareniaceae
43421c36619fd7fbe11fe4baa44a04b5	gi|288956755|gb|GQ502028.1|	96.753	100	7.86e-141	308	673114	uncultured Kareniaceae	dinoflagellates	uncultured Kareniaceae
43421c36619fd7fbe11fe4baa44a04b5	gi|288956746|gb|GQ502019.1|	96.753	100	7.86e-141	308	673114	uncultured Kareniaceae	dinoflagellates	uncultured Kareniaceae
43421c36619fd7fbe11fe4baa44a04b5	gi|288956743|gb|GQ502016.1|	96.753	100	7.86e-141	308	673114	uncultured Kareniaceae	dinoflagellates	uncultured Kareniaceae
43421c36619fd7fbe11fe4baa44a04b5	gi|288956742|gb|GQ502015.1|	96.753	100	7.86e-141	308	673114	uncultured Kareniaceae	dinoflagellates	uncultured Kareniaceae
a6af14b2d12b38f441b2d714e9dcce8b	gi|288956725|gb|GQ501998.1|	99.351	100	3.58e-154	308	673114	uncultured Kareniaceae	dinoflagellates	uncultured Kareniaceae
a6af14b2d12b38f441b2d714e9dcce8b	gi|288956715|gb|GQ501988.1|	99.351	100	3.58e-154	308	673114	uncultured Kareniaceae	dinoflagellates	uncultured Kareniaceae
a6af14b2d12b38f441b2d714e9dcce8b	gi|288956727|gb|GQ502000.1|	98.701	100	2.15e-151	308	673114	uncultured Kareniaceae	dinoflagellates	uncultured Kareniaceae
a6af14b2d12b38f441b2d714e9dcce8b	gi|288956755|gb|GQ502028.1|	98.701	100	7.74e-151	308	673114	uncultured Kareniaceae	dinoflagellates	uncultured Kareniaceae
a6af14b2d12b38f441b2d714e9dcce8b	gi|288956746|gb|GQ502019.1|	98.701	100	7.74e-151	308	673114	uncultured Kareniaceae	dinoflagellates	uncultured Kareniaceae
a6af14b2d12b38f441b2d714e9dcce8b	gi|288956743|gb|GQ502016.1|	98.701	100	7.74e-151	308	673114	uncultured Kareniaceae	dinoflagellates	uncultured Kareniaceae
a6af14b2d12b38f441b2d714e9dcce8b	gi|288956738|gb|GQ502011.1|	98.701	100	7.74e-151	308	673114	uncultured Kareniaceae	dinoflagellates	uncultured Kareniaceae
a6af14b2d12b38f441b2d714e9dcce8b	gi|288956694|gb|GQ501967.1|	98.701	100	7.74e-151	308	673114	uncultured Kareniaceae	dinoflagellates	uncultured Kareniaceae
a6af14b2d12b38f441b2d714e9dcce8b	gi|288956692|gb|GQ501965.1|	98.701	100	7.74e-151	308	673114	uncultured Kareniaceae	dinoflagellates	uncultured Kareniaceae
a6af14b2d12b38f441b2d714e9dcce8b	gi|288956686|gb|GQ501959.1|	98.701	100	7.74e-151	308	673114	uncultured Kareniaceae	dinoflagellates	uncultured Kareniaceae
8896fd604f24fa547967ca550bc5baaa	gi|288956725|gb|GQ501998.1|	99.675	100	7.69e-156	308	673114	uncultured Kareniaceae	dinoflagellates	uncultured Kareniaceae
8896fd604f24fa547967ca550bc5baaa	gi|288956715|gb|GQ501988.1|	99.675	100	7.69e-156	308	673114	uncultured Kareniaceae	dinoflagellates	uncultured Kareniaceae
8896fd604f24fa547967ca550bc5baaa	gi|288956727|gb|GQ502000.1|	99.026	100	4.63e-153	308	673114	uncultured Kareniaceae	dinoflagellates	uncultured Kareniaceae
8896fd604f24fa547967ca550bc5baaa	gi|288956755|gb|GQ502028.1|	99.026	100	1.66e-152	308	673114	uncultured Kareniaceae	dinoflagellates	uncultured Kareniaceae
8896fd604f24fa547967ca550bc5baaa	gi|288956746|gb|GQ502019.1|	99.026	100	1.66e-152	308	673114	uncultured Kareniaceae	dinoflagellates	uncultured Kareniaceae
8896fd604f24fa547967ca550bc5baaa	gi|288956743|gb|GQ502016.1|	99.026	100	1.66e-152	308	673114	uncultured Kareniaceae	dinoflagellates	uncultured Kareniaceae
8896fd604f24fa547967ca550bc5baaa	gi|288956738|gb|GQ502011.1|	99.026	100	1.66e-152	308	673114	uncultured Kareniaceae	dinoflagellates	uncultured Kareniaceae
8896fd604f24fa547967ca550bc5baaa	gi|288956694|gb|GQ501967.1|	99.026	100	1.66e-152	308	673114	uncultured Kareniaceae	dinoflagellates	uncultured Kareniaceae
8896fd604f24fa547967ca550bc5baaa	gi|288956692|gb|GQ501965.1|	99.026	100	1.66e-152	308	673114	uncultured Kareniaceae	dinoflagellates	uncultured Kareniaceae
8896fd604f24fa547967ca550bc5baaa	gi|288956686|gb|GQ501959.1|	99.026	100	1.66e-152	308	673114	uncultured Kareniaceae	dinoflagellates	uncultured Kareniaceae
78176492e4b7ca70cb2ce3e0521e33a7	gi|288956725|gb|GQ501998.1|	99.351	100	3.58e-154	308	673114	uncultured Kareniaceae	dinoflagellates	uncultured Kareniaceae
78176492e4b7ca70cb2ce3e0521e33a7	gi|288956715|gb|GQ501988.1|	99.351	100	3.58e-154	308	673114	uncultured Kareniaceae	dinoflagellates	uncultured Kareniaceae
78176492e4b7ca70cb2ce3e0521e33a7	gi|288956655|gb|GQ501928.1|	99.026	100	1.66e-152	308	673114	uncultured Kareniaceae	dinoflagellates	uncultured Kareniaceae
78176492e4b7ca70cb2ce3e0521e33a7	gi|288956727|gb|GQ502000.1|	98.701	100	2.15e-151	308	673114	uncultured Kareniaceae	dinoflagellates	uncultured Kareniaceae
78176492e4b7ca70cb2ce3e0521e33a7	gi|288956755|gb|GQ502028.1|	98.701	100	7.74e-151	308	673114	uncultured Kareniaceae	dinoflagellates	uncultured Kareniaceae
78176492e4b7ca70cb2ce3e0521e33a7	gi|288956746|gb|GQ502019.1|	98.701	100	7.74e-151	308	673114	uncultured Kareniaceae	dinoflagellates	uncultured Kareniaceae
78176492e4b7ca70cb2ce3e0521e33a7	gi|288956743|gb|GQ502016.1|	98.701	100	7.74e-151	308	673114	uncultured Kareniaceae	dinoflagellates	uncultured Kareniaceae
78176492e4b7ca70cb2ce3e0521e33a7	gi|288956738|gb|GQ502011.1|	98.701	100	7.74e-151	308	673114	uncultured Kareniaceae	dinoflagellates	uncultured Kareniaceae
78176492e4b7ca70cb2ce3e0521e33a7	gi|288956694|gb|GQ501967.1|	98.701	100	7.74e-151	308	673114	uncultured Kareniaceae	dinoflagellates	uncultured Kareniaceae
78176492e4b7ca70cb2ce3e0521e33a7	gi|288956692|gb|GQ501965.1|	98.701	100	7.74e-151	308	673114	uncultured Kareniaceae	dinoflagellates	uncultured Kareniaceae
48fa32d2f66b9fcc400228f7cdf2a406	gi|288956725|gb|GQ501998.1|	97.727	100	7.80e-146	308	673114	uncultured Kareniaceae	dinoflagellates	uncultured Kareniaceae
48fa32d2f66b9fcc400228f7cdf2a406	gi|288956715|gb|GQ501988.1|	97.727	100	7.80e-146	308	673114	uncultured Kareniaceae	dinoflagellates	uncultured Kareniaceae
48fa32d2f66b9fcc400228f7cdf2a406	gi|288956655|gb|GQ501928.1|	97.727	100	7.80e-146	308	673114	uncultured Kareniaceae	dinoflagellates	uncultured Kareniaceae
48fa32d2f66b9fcc400228f7cdf2a406	gi|288956727|gb|GQ502000.1|	97.403	100	1.01e-144	308	673114	uncultured Kareniaceae	dinoflagellates	uncultured Kareniaceae
48fa32d2f66b9fcc400228f7cdf2a406	gi|288956755|gb|GQ502028.1|	97.403	100	3.63e-144	308	673114	uncultured Kareniaceae	dinoflagellates	uncultured Kareniaceae
48fa32d2f66b9fcc400228f7cdf2a406	gi|288956746|gb|GQ502019.1|	97.403	100	3.63e-144	308	673114	uncultured Kareniaceae	dinoflagellates	uncultured Kareniaceae
48fa32d2f66b9fcc400228f7cdf2a406	gi|288956743|gb|GQ502016.1|	97.403	100	3.63e-144	308	673114	uncultured Kareniaceae	dinoflagellates	uncultured Kareniaceae
48fa32d2f66b9fcc400228f7cdf2a406	gi|288956742|gb|GQ502015.1|	97.403	100	3.63e-144	308	673114	uncultured Kareniaceae	dinoflagellates	uncultured Kareniaceae
48fa32d2f66b9fcc400228f7cdf2a406	gi|288956738|gb|GQ502011.1|	97.403	100	3.63e-144	308	673114	uncultured Kareniaceae	dinoflagellates	uncultured Kareniaceae
48fa32d2f66b9fcc400228f7cdf2a406	gi|288956729|gb|GQ502002.1|	97.403	100	3.63e-144	308	673114	uncultured Kareniaceae	dinoflagellates	uncultured Kareniaceae
bc9345ba13abee53897a2258cf6a3bb7	gi|288956727|gb|GQ502000.1|	99.675	100	2.14e-156	308	673114	uncultured Kareniaceae	dinoflagellates	uncultured Kareniaceae
bc9345ba13abee53897a2258cf6a3bb7	gi|288956755|gb|GQ502028.1|	99.675	100	7.69e-156	308	673114	uncultured Kareniaceae	dinoflagellates	uncultured Kareniaceae
bc9345ba13abee53897a2258cf6a3bb7	gi|288956746|gb|GQ502019.1|	99.675	100	7.69e-156	308	673114	uncultured Kareniaceae	dinoflagellates	uncultured Kareniaceae
bc9345ba13abee53897a2258cf6a3bb7	gi|288956743|gb|GQ502016.1|	99.675	100	7.69e-156	308	673114	uncultured Kareniaceae	dinoflagellates	uncultured Kareniaceae
bc9345ba13abee53897a2258cf6a3bb7	gi|288956738|gb|GQ502011.1|	99.675	100	7.69e-156	308	673114	uncultured Kareniaceae	dinoflagellates	uncultured Kareniaceae
bc9345ba13abee53897a2258cf6a3bb7	gi|288956694|gb|GQ501967.1|	99.675	100	7.69e-156	308	673114	uncultured Kareniaceae	dinoflagellates	uncultured Kareniaceae
bc9345ba13abee53897a2258cf6a3bb7	gi|288956692|gb|GQ501965.1|	99.675	100	7.69e-156	308	673114	uncultured Kareniaceae	dinoflagellates	uncultured Kareniaceae
bc9345ba13abee53897a2258cf6a3bb7	gi|288956681|gb|GQ501954.1|	99.675	100	7.69e-156	308	673114	uncultured Kareniaceae	dinoflagellates	uncultured Kareniaceae
bc9345ba13abee53897a2258cf6a3bb7	gi|288956677|gb|GQ501950.1|	99.675	100	7.69e-156	308	673114	uncultured Kareniaceae	dinoflagellates	uncultured Kareniaceae
bc9345ba13abee53897a2258cf6a3bb7	gi|288956675|gb|GQ501948.1|	99.675	100	7.69e-156	308	673114	uncultured Kareniaceae	dinoflagellates	uncultured Kareniaceae
d6d7410cb80b9e6d11a09f8cd48c9bfd	gi|288956725|gb|GQ501998.1|	99.351	100	3.58e-154	308	673114	uncultured Kareniaceae	dinoflagellates	uncultured Kareniaceae
d6d7410cb80b9e6d11a09f8cd48c9bfd	gi|288956715|gb|GQ501988.1|	99.351	100	3.58e-154	308	673114	uncultured Kareniaceae	dinoflagellates	uncultured Kareniaceae
d6d7410cb80b9e6d11a09f8cd48c9bfd	gi|288956727|gb|GQ502000.1|	98.701	100	2.15e-151	308	673114	uncultured Kareniaceae	dinoflagellates	uncultured Kareniaceae
d6d7410cb80b9e6d11a09f8cd48c9bfd	gi|288956755|gb|GQ502028.1|	98.701	100	7.74e-151	308	673114	uncultured Kareniaceae	dinoflagellates	uncultured Kareniaceae
d6d7410cb80b9e6d11a09f8cd48c9bfd	gi|288956746|gb|GQ502019.1|	98.701	100	7.74e-151	308	673114	uncultured Kareniaceae	dinoflagellates	uncultured Kareniaceae
d6d7410cb80b9e6d11a09f8cd48c9bfd	gi|288956743|gb|GQ502016.1|	98.701	100	7.74e-151	308	673114	uncultured Kareniaceae	dinoflagellates	uncultured Kareniaceae
d6d7410cb80b9e6d11a09f8cd48c9bfd	gi|288956738|gb|GQ502011.1|	98.701	100	7.74e-151	308	673114	uncultured Kareniaceae	dinoflagellates	uncultured Kareniaceae
d6d7410cb80b9e6d11a09f8cd48c9bfd	gi|288956694|gb|GQ501967.1|	98.701	100	7.74e-151	308	673114	uncultured Kareniaceae	dinoflagellates	uncultured Kareniaceae
d6d7410cb80b9e6d11a09f8cd48c9bfd	gi|288956692|gb|GQ501965.1|	98.701	100	7.74e-151	308	673114	uncultured Kareniaceae	dinoflagellates	uncultured Kareniaceae
d6d7410cb80b9e6d11a09f8cd48c9bfd	gi|288956686|gb|GQ501959.1|	98.701	100	7.74e-151	308	673114	uncultured Kareniaceae	dinoflagellates	uncultured Kareniaceae
389b295d8c469d137a9e1e0745ef9564	gi|288956644|gb|GQ501917.1|	96.429	100	3.65e-139	308	673114	uncultured Kareniaceae	dinoflagellates	uncultured Kareniaceae
389b295d8c469d137a9e1e0745ef9564	gi|288956755|gb|GQ502028.1|	96.104	100	1.70e-137	308	673114	uncultured Kareniaceae	dinoflagellates	uncultured Kareniaceae
389b295d8c469d137a9e1e0745ef9564	gi|288956746|gb|GQ502019.1|	96.104	100	1.70e-137	308	673114	uncultured Kareniaceae	dinoflagellates	uncultured Kareniaceae
389b295d8c469d137a9e1e0745ef9564	gi|288956743|gb|GQ502016.1|	96.104	100	1.70e-137	308	673114	uncultured Kareniaceae	dinoflagellates	uncultured Kareniaceae
389b295d8c469d137a9e1e0745ef9564	gi|288956738|gb|GQ502011.1|	96.104	100	1.70e-137	308	673114	uncultured Kareniaceae	dinoflagellates	uncultured Kareniaceae
389b295d8c469d137a9e1e0745ef9564	gi|288956694|gb|GQ501967.1|	96.104	100	1.70e-137	308	673114	uncultured Kareniaceae	dinoflagellates	uncultured Kareniaceae
389b295d8c469d137a9e1e0745ef9564	gi|288956692|gb|GQ501965.1|	96.104	100	1.70e-137	308	673114	uncultured Kareniaceae	dinoflagellates	uncultured Kareniaceae
389b295d8c469d137a9e1e0745ef9564	gi|288956681|gb|GQ501954.1|	96.104	100	1.70e-137	308	673114	uncultured Kareniaceae	dinoflagellates	uncultured Kareniaceae
389b295d8c469d137a9e1e0745ef9564	gi|288956677|gb|GQ501950.1|	96.104	100	1.70e-137	308	673114	uncultured Kareniaceae	dinoflagellates	uncultured Kareniaceae
389b295d8c469d137a9e1e0745ef9564	gi|288956675|gb|GQ501948.1|	96.104	100	1.70e-137	308	673114	uncultured Kareniaceae	dinoflagellates	uncultured Kareniaceae
e8201a356d5ef16a0042e01bc2be55bd	gi|300069379|gb|HM236193.1|	99.675	100	7.69e-156	308	187300	uncultured dinoflagellate	dinoflagellates	uncultured dinoflagellate
e8201a356d5ef16a0042e01bc2be55bd	gi|1509578166|dbj|LC150744.1|	99.351	100	9.95e-155	308	77300	Margalefidinium polykrikoides	dinoflagellates	Margalefidinium polykrikoides
e8201a356d5ef16a0042e01bc2be55bd	gi|288956560|gb|GQ501833.1|	99.673	99	9.95e-155	306	187300	uncultured dinoflagellate	dinoflagellates	uncultured dinoflagellate
e8201a356d5ef16a0042e01bc2be55bd	gi|288956555|gb|GQ501828.1|	99.351	100	3.58e-154	308	187300	uncultured dinoflagellate	dinoflagellates	uncultured dinoflagellate
e8201a356d5ef16a0042e01bc2be55bd	gi|288956514|gb|GQ501787.1|	99.351	100	3.58e-154	308	187300	uncultured dinoflagellate	dinoflagellates	uncultured dinoflagellate
e8201a356d5ef16a0042e01bc2be55bd	gi|288956337|gb|GQ501610.1|	99.351	100	3.58e-154	308	187300	uncultured dinoflagellate	dinoflagellates	uncultured dinoflagellate
e8201a356d5ef16a0042e01bc2be55bd	gi|288956265|gb|GQ501538.1|	99.351	100	3.58e-154	308	187300	uncultured dinoflagellate	dinoflagellates	uncultured dinoflagellate
e8201a356d5ef16a0042e01bc2be55bd	gi|288956544|gb|GQ501817.1|	99.026	100	1.66e-152	308	187300	uncultured dinoflagellate	dinoflagellates	uncultured dinoflagellate
e8201a356d5ef16a0042e01bc2be55bd	gi|288956457|gb|GQ501730.1|	99.026	100	1.66e-152	308	187300	uncultured dinoflagellate	dinoflagellates	uncultured dinoflagellate
e8201a356d5ef16a0042e01bc2be55bd	gi|288956451|gb|GQ501724.1|	99.026	100	1.66e-152	308	187300	uncultured dinoflagellate	dinoflagellates	uncultured dinoflagellate
1db0074fd869cfd4eec1e38dc3454f88	gi|288956183|gb|GQ501456.1|	96.721	99	3.65e-139	305	187300	uncultured dinoflagellate	dinoflagellates	uncultured dinoflagellate
1db0074fd869cfd4eec1e38dc3454f88	gi|288956151|gb|GQ501424.1|	96.429	100	3.65e-139	308	187300	uncultured dinoflagellate	dinoflagellates	uncultured dinoflagellate
1db0074fd869cfd4eec1e38dc3454f88	gi|1509578166|dbj|LC150744.1|	96.117	100	4.73e-138	309	77300	Margalefidinium polykrikoides	dinoflagellates	Margalefidinium polykrikoides
1db0074fd869cfd4eec1e38dc3454f88	gi|365767547|gb|JQ247711.1|	96.117	100	1.70e-137	309	1196158	Azadinium caudatum var. margalefii	dinoflagellates	Azadinium caudatum var. margalefii
1db0074fd869cfd4eec1e38dc3454f88	gi|365767538|gb|JQ247703.1|	96.117	100	1.70e-137	309	1196157	Azadinium caudatum var. caudatum	dinoflagellates	Azadinium caudatum var. caudatum
1db0074fd869cfd4eec1e38dc3454f88	gi|288956555|gb|GQ501828.1|	96.117	100	1.70e-137	309	187300	uncultured dinoflagellate	dinoflagellates	uncultured dinoflagellate
1db0074fd869cfd4eec1e38dc3454f88	gi|288956543|gb|GQ501816.1|	96.104	100	1.70e-137	308	187300	uncultured dinoflagellate	dinoflagellates	uncultured dinoflagellate
1db0074fd869cfd4eec1e38dc3454f88	gi|288956514|gb|GQ501787.1|	96.117	100	1.70e-137	309	187300	uncultured dinoflagellate	dinoflagellates	uncultured dinoflagellate
1db0074fd869cfd4eec1e38dc3454f88	gi|288956426|gb|GQ501699.1|	96.104	100	1.70e-137	308	187300	uncultured dinoflagellate	dinoflagellates	uncultured dinoflagellate
1db0074fd869cfd4eec1e38dc3454f88	gi|288956337|gb|GQ501610.1|	96.117	100	1.70e-137	309	187300	uncultured dinoflagellate	dinoflagellates	uncultured dinoflagellate
b46dc05ca5fd407f0bbe4afe727b0fae	gi|288956183|gb|GQ501456.1|	97.377	99	1.69e-142	305	187300	uncultured dinoflagellate	dinoflagellates	uncultured dinoflagellate
b46dc05ca5fd407f0bbe4afe727b0fae	gi|288956151|gb|GQ501424.1|	97.078	100	1.69e-142	308	187300	uncultured dinoflagellate	dinoflagellates	uncultured dinoflagellate
b46dc05ca5fd407f0bbe4afe727b0fae	gi|1509578166|dbj|LC150744.1|	96.764	100	2.18e-141	309	77300	Margalefidinium polykrikoides	dinoflagellates	Margalefidinium polykrikoides
b46dc05ca5fd407f0bbe4afe727b0fae	gi|288956555|gb|GQ501828.1|	96.764	100	7.86e-141	309	187300	uncultured dinoflagellate	dinoflagellates	uncultured dinoflagellate
b46dc05ca5fd407f0bbe4afe727b0fae	gi|288956543|gb|GQ501816.1|	96.753	100	7.86e-141	308	187300	uncultured dinoflagellate	dinoflagellates	uncultured dinoflagellate
b46dc05ca5fd407f0bbe4afe727b0fae	gi|288956514|gb|GQ501787.1|	96.764	100	7.86e-141	309	187300	uncultured dinoflagellate	dinoflagellates	uncultured dinoflagellate
b46dc05ca5fd407f0bbe4afe727b0fae	gi|288956426|gb|GQ501699.1|	96.753	100	7.86e-141	308	187300	uncultured dinoflagellate	dinoflagellates	uncultured dinoflagellate
b46dc05ca5fd407f0bbe4afe727b0fae	gi|288956337|gb|GQ501610.1|	96.764	100	7.86e-141	309	187300	uncultured dinoflagellate	dinoflagellates	uncultured dinoflagellate
b46dc05ca5fd407f0bbe4afe727b0fae	gi|288956265|gb|GQ501538.1|	96.764	100	7.86e-141	309	187300	uncultured dinoflagellate	dinoflagellates	uncultured dinoflagellate
b46dc05ca5fd407f0bbe4afe727b0fae	gi|300069379|gb|HM236193.1|	96.440	100	3.65e-139	309	187300	uncultured dinoflagellate	dinoflagellates	uncultured dinoflagellate
e665fbd472a7f40d6cf2a9820611453b	gi|288956535|gb|GQ501808.1|	98.377	100	3.60e-149	308	187300	uncultured dinoflagellate	dinoflagellates	uncultured dinoflagellate
e665fbd472a7f40d6cf2a9820611453b	gi|288956534|gb|GQ501807.1|	98.377	100	3.60e-149	308	187300	uncultured dinoflagellate	dinoflagellates	uncultured dinoflagellate
e665fbd472a7f40d6cf2a9820611453b	gi|288956525|gb|GQ501798.1|	98.377	100	3.60e-149	308	187300	uncultured dinoflagellate	dinoflagellates	uncultured dinoflagellate
e665fbd472a7f40d6cf2a9820611453b	gi|288956476|gb|GQ501749.1|	98.052	100	1.68e-147	308	187300	uncultured dinoflagellate	dinoflagellates	uncultured dinoflagellate
e665fbd472a7f40d6cf2a9820611453b	gi|288956426|gb|GQ501699.1|	98.052	100	1.68e-147	308	187300	uncultured dinoflagellate	dinoflagellates	uncultured dinoflagellate
e665fbd472a7f40d6cf2a9820611453b	gi|288950163|gb|GQ501234.1|	98.052	100	1.68e-147	308	107758	Lepidodinium chlorophorum	dinoflagellates	Lepidodinium chlorophorum
e665fbd472a7f40d6cf2a9820611453b	gi|288956481|gb|GQ501754.1|	97.727	100	2.17e-146	308	187300	uncultured dinoflagellate	dinoflagellates	uncultured dinoflagellate
e665fbd472a7f40d6cf2a9820611453b	gi|288956479|gb|GQ501752.1|	97.727	100	2.17e-146	308	187300	uncultured dinoflagellate	dinoflagellates	uncultured dinoflagellate
e665fbd472a7f40d6cf2a9820611453b	gi|2460610500|gb|OP004346.1|	97.727	100	7.80e-146	308	39447	Gymnodinium catenatum	dinoflagellates	Gymnodinium catenatum
e665fbd472a7f40d6cf2a9820611453b	gi|288956543|gb|GQ501816.1|	97.727	100	7.80e-146	308	187300	uncultured dinoflagellate	dinoflagellates	uncultured dinoflagellate
4450e201d4f757430f5963c4909845ad	gi|288950129|gb|GQ501183.1|	99.351	100	3.58e-154	308	2926	Alexandrium tamarense	dinoflagellates	Alexandrium tamarense
4450e201d4f757430f5963c4909845ad	gi|288950127|gb|GQ501181.1|	99.351	100	3.58e-154	308	2926	Alexandrium tamarense	dinoflagellates	Alexandrium tamarense
4450e201d4f757430f5963c4909845ad	gi|288950125|gb|GQ501179.1|	99.351	100	3.58e-154	308	2926	Alexandrium tamarense	dinoflagellates	Alexandrium tamarense
4450e201d4f757430f5963c4909845ad	gi|288950118|gb|GQ501172.1|	99.351	100	3.58e-154	308	671315	Alexandrium sp. CCMP2079	dinoflagellates	Alexandrium sp. CCMP2079
4450e201d4f757430f5963c4909845ad	gi|288950113|gb|GQ501167.1|	99.351	100	3.58e-154	308	671316;671317	Alexandrium sp. CCMP2080	dinoflagellates	Alexandrium sp. CCMP2080
4450e201d4f757430f5963c4909845ad	gi|288950112|gb|GQ501166.1|	99.351	100	3.58e-154	308	671321	Alexandrium sp. CCMP2724	dinoflagellates	Alexandrium sp. CCMP2724
4450e201d4f757430f5963c4909845ad	gi|288950106|gb|GQ501160.1|	99.351	100	3.58e-154	308	65670	Alexandrium pseudogonyaulax	dinoflagellates	Alexandrium pseudogonyaulax
4450e201d4f757430f5963c4909845ad	gi|288950104|gb|GQ501158.1|	99.351	100	3.58e-154	308	39455	Alexandrium minutum	dinoflagellates	Alexandrium minutum
4450e201d4f757430f5963c4909845ad	gi|288950103|gb|GQ501157.1|	99.351	100	3.58e-154	308	39455	Alexandrium minutum	dinoflagellates	Alexandrium minutum
4450e201d4f757430f5963c4909845ad	gi|288950102|gb|GQ501156.1|	99.351	100	3.58e-154	308	39455	Alexandrium minutum	dinoflagellates	Alexandrium minutum
9bdb0230998b75fe2780bce2a0934d48	gi|559148699|gb|KF543357.1|	99.674	100	2.76e-155	307	1428570	Azadinium dalianense	dinoflagellates	Azadinium dalianense
9bdb0230998b75fe2780bce2a0934d48	gi|515789759|emb|FR877581.1|	99.674	100	2.76e-155	307	1052040	Azadinium cf. poporum HJ-2011	dinoflagellates	Azadinium cf. poporum HJ-2011
9bdb0230998b75fe2780bce2a0934d48	gi|334310356|gb|HQ324903.2|	99.674	100	2.76e-155	307	1034652	Azadinium poporum	dinoflagellates	Azadinium poporum
9bdb0230998b75fe2780bce2a0934d48	gi|334310352|gb|HQ324901.2|	99.674	100	2.76e-155	307	1034652	Azadinium poporum	dinoflagellates	Azadinium poporum
9bdb0230998b75fe2780bce2a0934d48	gi|288956541|gb|GQ501814.1|	99.674	100	2.76e-155	307	718261	uncultured Thecadinium	dinoflagellates	uncultured Thecadinium
9bdb0230998b75fe2780bce2a0934d48	gi|288956224|gb|GQ501497.1|	99.674	100	2.76e-155	307	718261	uncultured Thecadinium	dinoflagellates	uncultured Thecadinium
9bdb0230998b75fe2780bce2a0934d48	gi|288956171|gb|GQ501444.1|	99.674	100	2.76e-155	307	718261	uncultured Thecadinium	dinoflagellates	uncultured Thecadinium
9bdb0230998b75fe2780bce2a0934d48	gi|288956163|gb|GQ501436.1|	99.674	100	2.76e-155	307	718261	uncultured Thecadinium	dinoflagellates	uncultured Thecadinium
9bdb0230998b75fe2780bce2a0934d48	gi|283100289|gb|GQ914937.1|	99.674	100	2.76e-155	307	633638	Azadinium obesum	dinoflagellates	Azadinium obesum
9bdb0230998b75fe2780bce2a0934d48	gi|255985061|gb|FJ217817.1|	99.674	100	2.76e-155	307	632150;1034652	Azadinium spinosum	dinoflagellates	Azadinium spinosum
d8fd9fcbd626b6fe9c79725b6c7c8325	gi|559148699|gb|KF543357.1|	99.675	100	7.69e-156	308	1428570	Azadinium dalianense	dinoflagellates	Azadinium dalianense
d8fd9fcbd626b6fe9c79725b6c7c8325	gi|515789759|emb|FR877581.1|	99.675	100	7.69e-156	308	1052040	Azadinium cf. poporum HJ-2011	dinoflagellates	Azadinium cf. poporum HJ-2011
d8fd9fcbd626b6fe9c79725b6c7c8325	gi|334310356|gb|HQ324903.2|	99.675	100	7.69e-156	308	1034652	Azadinium poporum	dinoflagellates	Azadinium poporum
d8fd9fcbd626b6fe9c79725b6c7c8325	gi|334310352|gb|HQ324901.2|	99.675	100	7.69e-156	308	1034652	Azadinium poporum	dinoflagellates	Azadinium poporum
d8fd9fcbd626b6fe9c79725b6c7c8325	gi|288956541|gb|GQ501814.1|	99.675	100	7.69e-156	308	718261	uncultured Thecadinium	dinoflagellates	uncultured Thecadinium
d8fd9fcbd626b6fe9c79725b6c7c8325	gi|288956224|gb|GQ501497.1|	99.675	100	7.69e-156	308	718261	uncultured Thecadinium	dinoflagellates	uncultured Thecadinium
d8fd9fcbd626b6fe9c79725b6c7c8325	gi|288956171|gb|GQ501444.1|	99.675	100	7.69e-156	308	718261	uncultured Thecadinium	dinoflagellates	uncultured Thecadinium
d8fd9fcbd626b6fe9c79725b6c7c8325	gi|288956163|gb|GQ501436.1|	99.675	100	7.69e-156	308	718261	uncultured Thecadinium	dinoflagellates	uncultured Thecadinium
d8fd9fcbd626b6fe9c79725b6c7c8325	gi|283100289|gb|GQ914937.1|	99.675	100	7.69e-156	308	633638	Azadinium obesum	dinoflagellates	Azadinium obesum
d8fd9fcbd626b6fe9c79725b6c7c8325	gi|255985061|gb|FJ217817.1|	99.675	100	7.69e-156	308	632150;1034652	Azadinium spinosum	dinoflagellates	Azadinium spinosum
fee28b8cee2865b5abe8bca737c42d10	gi|288956259|gb|GQ501532.1|	99.026	100	1.66e-152	308	187300	uncultured dinoflagellate	dinoflagellates	uncultured dinoflagellate
fee28b8cee2865b5abe8bca737c42d10	gi|288956239|gb|GQ501512.1|	98.701	100	7.74e-151	308	187300	uncultured dinoflagellate	dinoflagellates	uncultured dinoflagellate
fee28b8cee2865b5abe8bca737c42d10	gi|288956173|gb|GQ501446.1|	98.701	100	7.74e-151	308	187300	uncultured dinoflagellate	dinoflagellates	uncultured dinoflagellate
fee28b8cee2865b5abe8bca737c42d10	gi|288956166|gb|GQ501439.1|	98.701	100	7.74e-151	308	187300	uncultured dinoflagellate	dinoflagellates	uncultured dinoflagellate
fee28b8cee2865b5abe8bca737c42d10	gi|559148699|gb|KF543357.1|	98.377	100	3.60e-149	308	1428570	Azadinium dalianense	dinoflagellates	Azadinium dalianense
fee28b8cee2865b5abe8bca737c42d10	gi|515789759|emb|FR877581.1|	98.377	100	3.60e-149	308	1052040	Azadinium cf. poporum HJ-2011	dinoflagellates	Azadinium cf. poporum HJ-2011
fee28b8cee2865b5abe8bca737c42d10	gi|334310356|gb|HQ324903.2|	98.377	100	3.60e-149	308	1034652	Azadinium poporum	dinoflagellates	Azadinium poporum
fee28b8cee2865b5abe8bca737c42d10	gi|334310352|gb|HQ324901.2|	98.377	100	3.60e-149	308	1034652	Azadinium poporum	dinoflagellates	Azadinium poporum
fee28b8cee2865b5abe8bca737c42d10	gi|288956632|gb|GQ501905.1|	98.377	100	3.60e-149	308	673114	uncultured Kareniaceae	dinoflagellates	uncultured Kareniaceae
fee28b8cee2865b5abe8bca737c42d10	gi|288956541|gb|GQ501814.1|	98.377	100	3.60e-149	308	718261	uncultured Thecadinium	dinoflagellates	uncultured Thecadinium
c685b6d8a4890e2a3ce34ec096dafc23	gi|288956259|gb|GQ501532.1|	98.052	100	1.68e-147	308	187300	uncultured dinoflagellate	dinoflagellates	uncultured dinoflagellate
c685b6d8a4890e2a3ce34ec096dafc23	gi|288956239|gb|GQ501512.1|	97.727	100	7.80e-146	308	187300	uncultured dinoflagellate	dinoflagellates	uncultured dinoflagellate
c685b6d8a4890e2a3ce34ec096dafc23	gi|288956173|gb|GQ501446.1|	97.727	100	7.80e-146	308	187300	uncultured dinoflagellate	dinoflagellates	uncultured dinoflagellate
c685b6d8a4890e2a3ce34ec096dafc23	gi|288956166|gb|GQ501439.1|	97.727	100	7.80e-146	308	187300	uncultured dinoflagellate	dinoflagellates	uncultured dinoflagellate
c685b6d8a4890e2a3ce34ec096dafc23	gi|559148699|gb|KF543357.1|	97.403	100	3.63e-144	308	1428570	Azadinium dalianense	dinoflagellates	Azadinium dalianense
c685b6d8a4890e2a3ce34ec096dafc23	gi|515789759|emb|FR877581.1|	97.403	100	3.63e-144	308	1052040	Azadinium cf. poporum HJ-2011	dinoflagellates	Azadinium cf. poporum HJ-2011
c685b6d8a4890e2a3ce34ec096dafc23	gi|334310356|gb|HQ324903.2|	97.403	100	3.63e-144	308	1034652	Azadinium poporum	dinoflagellates	Azadinium poporum
c685b6d8a4890e2a3ce34ec096dafc23	gi|334310352|gb|HQ324901.2|	97.403	100	3.63e-144	308	1034652	Azadinium poporum	dinoflagellates	Azadinium poporum
c685b6d8a4890e2a3ce34ec096dafc23	gi|288956632|gb|GQ501905.1|	97.403	100	3.63e-144	308	673114	uncultured Kareniaceae	dinoflagellates	uncultured Kareniaceae
c685b6d8a4890e2a3ce34ec096dafc23	gi|288956541|gb|GQ501814.1|	97.403	100	3.63e-144	308	718261	uncultured Thecadinium	dinoflagellates	uncultured Thecadinium
355dfff7c852a3ecd842decd3d4e9cbf	gi|288956239|gb|GQ501512.1|	100.000	100	1.65e-157	308	187300	uncultured dinoflagellate	dinoflagellates	uncultured dinoflagellate
355dfff7c852a3ecd842decd3d4e9cbf	gi|288956173|gb|GQ501446.1|	100.000	100	1.65e-157	308	187300	uncultured dinoflagellate	dinoflagellates	uncultured dinoflagellate
355dfff7c852a3ecd842decd3d4e9cbf	gi|288956166|gb|GQ501439.1|	100.000	100	1.65e-157	308	187300	uncultured dinoflagellate	dinoflagellates	uncultured dinoflagellate
355dfff7c852a3ecd842decd3d4e9cbf	gi|288956632|gb|GQ501905.1|	99.675	100	7.69e-156	308	673114	uncultured Kareniaceae	dinoflagellates	uncultured Kareniaceae
355dfff7c852a3ecd842decd3d4e9cbf	gi|288956238|gb|GQ501511.1|	99.675	100	7.69e-156	308	187300	uncultured dinoflagellate	dinoflagellates	uncultured dinoflagellate
355dfff7c852a3ecd842decd3d4e9cbf	gi|288956259|gb|GQ501532.1|	99.351	100	3.58e-154	308	187300	uncultured dinoflagellate	dinoflagellates	uncultured dinoflagellate
355dfff7c852a3ecd842decd3d4e9cbf	gi|288956256|gb|GQ501529.1|	99.351	100	3.58e-154	308	187300	uncultured dinoflagellate	dinoflagellates	uncultured dinoflagellate
355dfff7c852a3ecd842decd3d4e9cbf	gi|288950129|gb|GQ501183.1|	99.026	100	1.66e-152	308	2926	Alexandrium tamarense	dinoflagellates	Alexandrium tamarense
355dfff7c852a3ecd842decd3d4e9cbf	gi|288950127|gb|GQ501181.1|	99.026	100	1.66e-152	308	2926	Alexandrium tamarense	dinoflagellates	Alexandrium tamarense
355dfff7c852a3ecd842decd3d4e9cbf	gi|288950125|gb|GQ501179.1|	99.026	100	1.66e-152	308	2926	Alexandrium tamarense	dinoflagellates	Alexandrium tamarense
9fcc16b5ee794730671391f322b75aac	gi|288956259|gb|GQ501532.1|	100.000	100	1.65e-157	308	187300	uncultured dinoflagellate	dinoflagellates	uncultured dinoflagellate
9fcc16b5ee794730671391f322b75aac	gi|559148699|gb|KF543357.1|	99.351	100	3.58e-154	308	1428570	Azadinium dalianense	dinoflagellates	Azadinium dalianense
9fcc16b5ee794730671391f322b75aac	gi|515789759|emb|FR877581.1|	99.351	100	3.58e-154	308	1052040	Azadinium cf. poporum HJ-2011	dinoflagellates	Azadinium cf. poporum HJ-2011
9fcc16b5ee794730671391f322b75aac	gi|334310356|gb|HQ324903.2|	99.351	100	3.58e-154	308	1034652	Azadinium poporum	dinoflagellates	Azadinium poporum
9fcc16b5ee794730671391f322b75aac	gi|334310352|gb|HQ324901.2|	99.351	100	3.58e-154	308	1034652	Azadinium poporum	dinoflagellates	Azadinium poporum
9fcc16b5ee794730671391f322b75aac	gi|288956541|gb|GQ501814.1|	99.351	100	3.58e-154	308	718261	uncultured Thecadinium	dinoflagellates	uncultured Thecadinium
9fcc16b5ee794730671391f322b75aac	gi|288956239|gb|GQ501512.1|	99.351	100	3.58e-154	308	187300	uncultured dinoflagellate	dinoflagellates	uncultured dinoflagellate
9fcc16b5ee794730671391f322b75aac	gi|288956224|gb|GQ501497.1|	99.351	100	3.58e-154	308	718261	uncultured Thecadinium	dinoflagellates	uncultured Thecadinium
9fcc16b5ee794730671391f322b75aac	gi|288956173|gb|GQ501446.1|	99.351	100	3.58e-154	308	187300	uncultured dinoflagellate	dinoflagellates	uncultured dinoflagellate
9fcc16b5ee794730671391f322b75aac	gi|288956171|gb|GQ501444.1|	99.351	100	3.58e-154	308	718261	uncultured Thecadinium	dinoflagellates	uncultured Thecadinium
cafbe93912d1ec21bfbdad06b19de7e9	gi|288956259|gb|GQ501532.1|	98.689	99	3.60e-149	305	187300	uncultured dinoflagellate	dinoflagellates	uncultured dinoflagellate
cafbe93912d1ec21bfbdad06b19de7e9	gi|288956239|gb|GQ501512.1|	98.361	99	1.68e-147	305	187300	uncultured dinoflagellate	dinoflagellates	uncultured dinoflagellate
cafbe93912d1ec21bfbdad06b19de7e9	gi|288956173|gb|GQ501446.1|	98.361	99	1.68e-147	305	187300	uncultured dinoflagellate	dinoflagellates	uncultured dinoflagellate
cafbe93912d1ec21bfbdad06b19de7e9	gi|288956166|gb|GQ501439.1|	98.361	99	1.68e-147	305	187300	uncultured dinoflagellate	dinoflagellates	uncultured dinoflagellate
cafbe93912d1ec21bfbdad06b19de7e9	gi|559148699|gb|KF543357.1|	98.033	99	7.80e-146	305	1428570	Azadinium dalianense	dinoflagellates	Azadinium dalianense
cafbe93912d1ec21bfbdad06b19de7e9	gi|515789759|emb|FR877581.1|	98.033	99	7.80e-146	305	1052040	Azadinium cf. poporum HJ-2011	dinoflagellates	Azadinium cf. poporum HJ-2011
cafbe93912d1ec21bfbdad06b19de7e9	gi|334310356|gb|HQ324903.2|	98.033	99	7.80e-146	305	1034652	Azadinium poporum	dinoflagellates	Azadinium poporum
cafbe93912d1ec21bfbdad06b19de7e9	gi|334310352|gb|HQ324901.2|	98.033	99	7.80e-146	305	1034652	Azadinium poporum	dinoflagellates	Azadinium poporum
cafbe93912d1ec21bfbdad06b19de7e9	gi|288956632|gb|GQ501905.1|	98.033	99	7.80e-146	305	673114	uncultured Kareniaceae	dinoflagellates	uncultured Kareniaceae
cafbe93912d1ec21bfbdad06b19de7e9	gi|288956541|gb|GQ501814.1|	98.033	99	7.80e-146	305	718261	uncultured Thecadinium	dinoflagellates	uncultured Thecadinium
c4088b657be01ed0f034068a4ac9cde1	gi|288950147|gb|GQ501218.1|	100.000	100	1.65e-157	308	66791	Gonyaulax spinifera	dinoflagellates	Gonyaulax spinifera
c4088b657be01ed0f034068a4ac9cde1	gi|288950146|gb|GQ501217.1|	99.675	100	7.69e-156	308	671505	Gonyaulax sp. AC551	dinoflagellates	Gonyaulax sp. AC551
c4088b657be01ed0f034068a4ac9cde1	gi|288950145|gb|GQ501216.1|	99.675	100	7.69e-156	308	671509	Gonyaulax hyalina	dinoflagellates	Gonyaulax hyalina
c4088b657be01ed0f034068a4ac9cde1	gi|288956583|gb|GQ501856.1|	99.026	100	1.29e-153	308	671506	Gonyaulax sp. PL9-25	dinoflagellates	Gonyaulax sp. PL9-25
c4088b657be01ed0f034068a4ac9cde1	gi|559148699|gb|KF543357.1|	98.377	100	3.60e-149	308	1428570	Azadinium dalianense	dinoflagellates	Azadinium dalianense
c4088b657be01ed0f034068a4ac9cde1	gi|515789759|emb|FR877581.1|	98.377	100	3.60e-149	308	1052040	Azadinium cf. poporum HJ-2011	dinoflagellates	Azadinium cf. poporum HJ-2011
c4088b657be01ed0f034068a4ac9cde1	gi|334310356|gb|HQ324903.2|	98.377	100	3.60e-149	308	1034652	Azadinium poporum	dinoflagellates	Azadinium poporum
c4088b657be01ed0f034068a4ac9cde1	gi|334310352|gb|HQ324901.2|	98.377	100	3.60e-149	308	1034652	Azadinium poporum	dinoflagellates	Azadinium poporum
c4088b657be01ed0f034068a4ac9cde1	gi|288956541|gb|GQ501814.1|	98.377	100	3.60e-149	308	718261	uncultured Thecadinium	dinoflagellates	uncultured Thecadinium
c4088b657be01ed0f034068a4ac9cde1	gi|288956224|gb|GQ501497.1|	98.377	100	3.60e-149	308	718261	uncultured Thecadinium	dinoflagellates	uncultured Thecadinium
03b57abb67726850ecfcb04ab48e588d	gi|2178351185|gb|MT371876.1|	99.675	100	7.69e-156	308	150622	Dinophysis caudata	dinoflagellates	Dinophysis caudata
03b57abb67726850ecfcb04ab48e588d	gi|2178351183|gb|MT371875.1|	99.675	100	7.69e-156	308	146760	Dinophysis tripos	dinoflagellates	Dinophysis tripos
03b57abb67726850ecfcb04ab48e588d	gi|401065084|gb|JX470192.1|	99.675	100	7.69e-156	308	146760	Dinophysis tripos	dinoflagellates	Dinophysis tripos
03b57abb67726850ecfcb04ab48e588d	gi|371941059|gb|JN982972.1|	99.675	100	7.69e-156	308	584866	Dinophysis miles	dinoflagellates	Dinophysis miles
03b57abb67726850ecfcb04ab48e588d	gi|336455298|gb|JF803843.1|	99.675	100	7.69e-156	308	146760;150622	Dinophysis tripos	dinoflagellates	Dinophysis tripos
03b57abb67726850ecfcb04ab48e588d	gi|1728387191|gb|MK791574.1|	99.351	100	3.58e-154	308	47934	Dinophysis acuminata	dinoflagellates	Dinophysis acuminata
03b57abb67726850ecfcb04ab48e588d	gi|1728387189|gb|MK791573.1|	99.351	100	3.58e-154	308	47934	Dinophysis acuminata	dinoflagellates	Dinophysis acuminata
03b57abb67726850ecfcb04ab48e588d	gi|1728387179|gb|MK791568.1|	99.351	100	3.58e-154	308	47934	Dinophysis acuminata	dinoflagellates	Dinophysis acuminata
03b57abb67726850ecfcb04ab48e588d	gi|1728387127|gb|MK791542.1|	99.351	100	3.58e-154	308	47934	Dinophysis acuminata	dinoflagellates	Dinophysis acuminata
03b57abb67726850ecfcb04ab48e588d	gi|1728387117|gb|MK791537.1|	99.351	100	3.58e-154	308	47934	Dinophysis acuminata	dinoflagellates	Dinophysis acuminata
9bbc34e93d49dec7d21ebefe0d0903c4	gi|1728387191|gb|MK791574.1|	100.000	100	1.65e-157	308	47934	Dinophysis acuminata	dinoflagellates	Dinophysis acuminata
9bbc34e93d49dec7d21ebefe0d0903c4	gi|1728387189|gb|MK791573.1|	100.000	100	1.65e-157	308	47934	Dinophysis acuminata	dinoflagellates	Dinophysis acuminata
9bbc34e93d49dec7d21ebefe0d0903c4	gi|1728387179|gb|MK791568.1|	100.000	100	1.65e-157	308	47934	Dinophysis acuminata	dinoflagellates	Dinophysis acuminata
9bbc34e93d49dec7d21ebefe0d0903c4	gi|1728387127|gb|MK791542.1|	100.000	100	1.65e-157	308	47934	Dinophysis acuminata	dinoflagellates	Dinophysis acuminata
9bbc34e93d49dec7d21ebefe0d0903c4	gi|1728387117|gb|MK791537.1|	100.000	100	1.65e-157	308	47934	Dinophysis acuminata	dinoflagellates	Dinophysis acuminata
9bbc34e93d49dec7d21ebefe0d0903c4	gi|1728387111|gb|MK791534.1|	100.000	100	1.65e-157	308	47934	Dinophysis acuminata	dinoflagellates	Dinophysis acuminata
9bbc34e93d49dec7d21ebefe0d0903c4	gi|1728387109|gb|MK791533.1|	100.000	100	1.65e-157	308	47934	Dinophysis acuminata	dinoflagellates	Dinophysis acuminata
9bbc34e93d49dec7d21ebefe0d0903c4	gi|1728387107|gb|MK791532.1|	100.000	100	1.65e-157	308	47934	Dinophysis acuminata	dinoflagellates	Dinophysis acuminata
9bbc34e93d49dec7d21ebefe0d0903c4	gi|1435073830|gb|MF927972.1|	100.000	100	1.65e-157	308	1527696	Dinophysis cf. ovum	dinoflagellates	Dinophysis cf. ovum
9bbc34e93d49dec7d21ebefe0d0903c4	gi|1354557120|gb|KY849917.1|	100.000	100	1.65e-157	308	83649	Dinophysis sacculus	dinoflagellates	Dinophysis sacculus
3b269a83bdbe0ec5796a8a28b8453194	gi|1383528103|gb|MH242897.1|	90.102	96	8.22e-101	293	2172635	Paralaophonte sp. FHL 3	crustaceans	Paralaophonte sp. FHL 3
ce3a10188a3e8eb4ebdc4c92edfa1fc0	gi|2878821371|gb|PQ563290.1|	95.364	99	7.88e-131	302	3135960	Diplosphaera sundellii	green algae	Diplosphaera sundellii
23b7db5912e05bf6d8674ad39d01e18a	gi|1567431519|gb|MH309522.1|	99.672	100	3.54e-154	305	2885	Pylaiella littoralis	brown algae	Pylaiella littoralis
23b7db5912e05bf6d8674ad39d01e18a	gi|781787772|emb|LM995063.1|	99.672	100	3.54e-154	305	2885	Pylaiella littoralis	brown algae	Pylaiella littoralis
23b7db5912e05bf6d8674ad39d01e18a	gi|15150711|ref|NC_003055.1|	99.672	100	3.54e-154	305	2885	Pylaiella littoralis	brown algae	Pylaiella littoralis
23b7db5912e05bf6d8674ad39d01e18a	gi|2326757|emb|Z72500.1|	99.672	100	3.54e-154	305	2885	Pylaiella littoralis	brown algae	Pylaiella littoralis
23b7db5912e05bf6d8674ad39d01e18a	gi|1567432339|gb|MH309932.1|	99.344	100	1.65e-152	305	2885	Pylaiella littoralis	brown algae	Pylaiella littoralis
23b7db5912e05bf6d8674ad39d01e18a	gi|1567430893|gb|MH309209.1|	99.344	100	1.65e-152	305	2885	Pylaiella littoralis	brown algae	Pylaiella littoralis
23b7db5912e05bf6d8674ad39d01e18a	gi|1567430473|gb|MH308999.1|	99.344	100	1.65e-152	305	2885	Pylaiella littoralis	brown algae	Pylaiella littoralis
23b7db5912e05bf6d8674ad39d01e18a	gi|1567429971|gb|MH308748.1|	99.344	100	1.65e-152	305	2885	Pylaiella littoralis	brown algae	Pylaiella littoralis
23b7db5912e05bf6d8674ad39d01e18a	gi|686477467|gb|KM027333.1|	99.344	100	1.65e-152	305	2885	Pylaiella littoralis	brown algae	Pylaiella littoralis
23b7db5912e05bf6d8674ad39d01e18a	gi|686477463|gb|KM027331.1|	99.344	100	1.65e-152	305	2885	Pylaiella littoralis	brown algae	Pylaiella littoralis
f9ad74cffd877e73fa07f1bdb0ab51c8	gi|1247176679|gb|KY572480.1|	99.672	100	3.54e-154	305	193557	Ceramium virgatum	red algae	Ceramium virgatum
f9ad74cffd877e73fa07f1bdb0ab51c8	gi|1247176595|gb|KY572438.1|	99.672	100	3.54e-154	305	193557	Ceramium virgatum	red algae	Ceramium virgatum
f9ad74cffd877e73fa07f1bdb0ab51c8	gi|1247176365|gb|KY572323.1|	99.672	100	3.54e-154	305	193557	Ceramium virgatum	red algae	Ceramium virgatum
f9ad74cffd877e73fa07f1bdb0ab51c8	gi|1247176319|gb|KY572300.1|	99.672	100	3.54e-154	305	193557	Ceramium virgatum	red algae	Ceramium virgatum
f9ad74cffd877e73fa07f1bdb0ab51c8	gi|1247176023|gb|KY572152.1|	99.672	100	3.54e-154	305	193557	Ceramium virgatum	red algae	Ceramium virgatum
f9ad74cffd877e73fa07f1bdb0ab51c8	gi|2698109953|gb|OQ968944.1|	99.672	100	3.54e-154	305	193557	Ceramium virgatum	red algae	Ceramium virgatum
f9ad74cffd877e73fa07f1bdb0ab51c8	gi|961526444|gb|KT250192.1|	99.672	100	3.54e-154	305	193557	Ceramium virgatum	red algae	Ceramium virgatum
f9ad74cffd877e73fa07f1bdb0ab51c8	gi|961526398|gb|KT250169.1|	99.672	100	3.54e-154	305	193557	Ceramium virgatum	red algae	Ceramium virgatum
f9ad74cffd877e73fa07f1bdb0ab51c8	gi|961526394|gb|KT250167.1|	99.672	100	3.54e-154	305	193557	Ceramium virgatum	red algae	Ceramium virgatum
f9ad74cffd877e73fa07f1bdb0ab51c8	gi|961526382|gb|KT250161.1|	99.672	100	3.54e-154	305	193557	Ceramium virgatum	red algae	Ceramium virgatum
9d47d037be0b3700a3445b29c7788e8a	gi|1247177085|gb|KY572683.1|	100.000	100	7.61e-156	305	29227	Mastocarpus stellatus	red algae	Mastocarpus stellatus
9d47d037be0b3700a3445b29c7788e8a	gi|1247176707|gb|KY572494.1|	100.000	100	7.61e-156	305	29227	Mastocarpus stellatus	red algae	Mastocarpus stellatus
9d47d037be0b3700a3445b29c7788e8a	gi|1247176073|gb|KY572177.1|	100.000	100	7.61e-156	305	29227	Mastocarpus stellatus	red algae	Mastocarpus stellatus
9d47d037be0b3700a3445b29c7788e8a	gi|692335421|gb|KJ960843.1|	100.000	100	7.61e-156	305	29227	Mastocarpus stellatus	red algae	Mastocarpus stellatus
9d47d037be0b3700a3445b29c7788e8a	gi|254941072|gb|GQ380332.1|	100.000	100	7.61e-156	305	29227	Mastocarpus stellatus	red algae	Mastocarpus stellatus
9d47d037be0b3700a3445b29c7788e8a	gi|254941074|gb|GQ380333.1|	100.000	100	7.61e-156	305	29227	Mastocarpus stellatus	red algae	Mastocarpus stellatus
9d47d037be0b3700a3445b29c7788e8a	gi|254941082|gb|GQ380337.1|	99.672	100	9.84e-155	305	29227	Mastocarpus stellatus	red algae	Mastocarpus stellatus
9d47d037be0b3700a3445b29c7788e8a	gi|1247176895|gb|KY572588.1|	99.672	100	3.54e-154	305	29227	Mastocarpus stellatus	red algae	Mastocarpus stellatus
9d47d037be0b3700a3445b29c7788e8a	gi|1247176703|gb|KY572492.1|	99.672	100	3.54e-154	305	29227	Mastocarpus stellatus	red algae	Mastocarpus stellatus
9d47d037be0b3700a3445b29c7788e8a	gi|692335413|gb|KJ960839.1|	99.672	100	3.54e-154	305	29227	Mastocarpus stellatus	red algae	Mastocarpus stellatus
6a3860270970990883450eb0ad3c731f	gi|1247177331|gb|KY572806.1|	100.000	100	7.61e-156	305	2769	Chondrus crispus	red algae	carragheen
6a3860270970990883450eb0ad3c731f	gi|1247176989|gb|KY572635.1|	100.000	100	7.61e-156	305	2769	Chondrus crispus	red algae	carragheen
6a3860270970990883450eb0ad3c731f	gi|1247176761|gb|KY572521.1|	100.000	100	7.61e-156	305	2769	Chondrus crispus	red algae	carragheen
6a3860270970990883450eb0ad3c731f	gi|1247176757|gb|KY572519.1|	100.000	100	7.61e-156	305	2769	Chondrus crispus	red algae	carragheen
6a3860270970990883450eb0ad3c731f	gi|1247176729|gb|KY572505.1|	100.000	100	7.61e-156	305	2769	Chondrus crispus	red algae	carragheen
6a3860270970990883450eb0ad3c731f	gi|1247176617|gb|KY572449.1|	100.000	100	7.61e-156	305	2769	Chondrus crispus	red algae	carragheen
6a3860270970990883450eb0ad3c731f	gi|1247176581|gb|KY572431.1|	100.000	100	7.61e-156	305	2769	Chondrus crispus	red algae	carragheen
6a3860270970990883450eb0ad3c731f	gi|1247176527|gb|KY572404.1|	100.000	100	7.61e-156	305	2769	Chondrus crispus	red algae	carragheen
6a3860270970990883450eb0ad3c731f	gi|1247176259|gb|KY572270.1|	100.000	100	7.61e-156	305	2769	Chondrus crispus	red algae	carragheen
6a3860270970990883450eb0ad3c731f	gi|1247176169|gb|KY572225.1|	100.000	100	7.61e-156	305	2769	Chondrus crispus	red algae	carragheen
4e603792800e3ba7d58286531f91fa5f	gi|1247177197|gb|KY572739.1|	100.000	100	7.61e-156	305	2769	Chondrus crispus	red algae	carragheen
4e603792800e3ba7d58286531f91fa5f	gi|1247177167|gb|KY572724.1|	100.000	100	7.61e-156	305	2769	Chondrus crispus	red algae	carragheen
4e603792800e3ba7d58286531f91fa5f	gi|1247176867|gb|KY572574.1|	100.000	100	7.61e-156	305	2769	Chondrus crispus	red algae	carragheen
4e603792800e3ba7d58286531f91fa5f	gi|1247176825|gb|KY572553.1|	100.000	100	7.61e-156	305	2769	Chondrus crispus	red algae	carragheen
4e603792800e3ba7d58286531f91fa5f	gi|1247176819|gb|KY572550.1|	100.000	100	7.61e-156	305	2769	Chondrus crispus	red algae	carragheen
4e603792800e3ba7d58286531f91fa5f	gi|1247176807|gb|KY572544.1|	100.000	100	7.61e-156	305	2769	Chondrus crispus	red algae	carragheen
4e603792800e3ba7d58286531f91fa5f	gi|1247176409|gb|KY572345.1|	100.000	100	7.61e-156	305	2769	Chondrus crispus	red algae	carragheen
4e603792800e3ba7d58286531f91fa5f	gi|692334877|gb|KJ960571.1|	100.000	100	7.61e-156	305	2769	Chondrus crispus	red algae	carragheen
4e603792800e3ba7d58286531f91fa5f	gi|692334833|gb|KJ960549.1|	100.000	100	7.61e-156	305	2769	Chondrus crispus	red algae	carragheen
4e603792800e3ba7d58286531f91fa5f	gi|692334825|gb|KJ960545.1|	100.000	100	7.61e-156	305	2769	Chondrus crispus	red algae	carragheen
8397358ba8eef1eea6511c44a3f88c34	gi|343888421|gb|JN028852.1|	100.000	100	7.61e-156	305	1034310	Wildemania amplissima	red algae	Wildemania amplissima
8397358ba8eef1eea6511c44a3f88c34	gi|343888379|gb|JN028831.1|	100.000	100	7.61e-156	305	1034310	Wildemania amplissima	red algae	Wildemania amplissima
8397358ba8eef1eea6511c44a3f88c34	gi|343888325|gb|JN028804.1|	100.000	100	7.61e-156	305	1034310	Wildemania amplissima	red algae	Wildemania amplissima
8397358ba8eef1eea6511c44a3f88c34	gi|312605422|gb|HM917390.1|	100.000	100	7.61e-156	305	1034310	Wildemania amplissima	red algae	Wildemania amplissima
8397358ba8eef1eea6511c44a3f88c34	gi|312605340|gb|HM917349.1|	100.000	100	7.61e-156	305	1034310	Wildemania amplissima	red algae	Wildemania amplissima
8397358ba8eef1eea6511c44a3f88c34	gi|2675116434|gb|OQ685572.1|	99.672	100	9.84e-155	305	1034310	Wildemania amplissima	red algae	Wildemania amplissima
8397358ba8eef1eea6511c44a3f88c34	gi|343888353|gb|JN028818.1|	99.672	100	9.84e-155	305	1034310	Wildemania amplissima	red algae	Wildemania amplissima
8397358ba8eef1eea6511c44a3f88c34	gi|312608220|gb|HM918789.1|	99.672	100	9.84e-155	305	1034310	Wildemania amplissima	red algae	Wildemania amplissima
8397358ba8eef1eea6511c44a3f88c34	gi|2675116524|gb|OQ685617.1|	99.672	100	3.54e-154	305	1034310	Wildemania amplissima	red algae	Wildemania amplissima
8397358ba8eef1eea6511c44a3f88c34	gi|2675116492|gb|OQ685601.1|	99.672	100	3.54e-154	305	1034310	Wildemania amplissima	red algae	Wildemania amplissima
a8772e220758d845e8fbca4286656bb9	gi|936254122|gb|KT209362.1|	100.000	100	7.61e-156	305	371472	Corophium volutator	amphipods	Corophium volutator
a8772e220758d845e8fbca4286656bb9	gi|936253636|gb|KT209119.1|	100.000	100	7.61e-156	305	371472	Corophium volutator	amphipods	Corophium volutator
a8772e220758d845e8fbca4286656bb9	gi|936253006|gb|KT208804.1|	100.000	100	7.61e-156	305	371472	Corophium volutator	amphipods	Corophium volutator
a8772e220758d845e8fbca4286656bb9	gi|936252832|gb|KT208717.1|	100.000	100	7.61e-156	305	371472	Corophium volutator	amphipods	Corophium volutator
a8772e220758d845e8fbca4286656bb9	gi|930364047|gb|KP683475.1|	100.000	94	7.71e-146	287	371472	Corophium volutator	amphipods	Corophium volutator
a8772e220758d845e8fbca4286656bb9	gi|930363945|gb|KP683424.1|	100.000	94	7.71e-146	287	371472	Corophium volutator	amphipods	Corophium volutator
a8772e220758d845e8fbca4286656bb9	gi|930363887|gb|KP683395.1|	100.000	94	7.71e-146	287	371472	Corophium volutator	amphipods	Corophium volutator
a8772e220758d845e8fbca4286656bb9	gi|442736246|gb|JX991763.1|	100.000	94	7.71e-146	287	371472	Corophium volutator	amphipods	Corophium volutator
a8772e220758d845e8fbca4286656bb9	gi|442736240|gb|JX991760.1|	100.000	94	7.71e-146	287	371472	Corophium volutator	amphipods	Corophium volutator
a8772e220758d845e8fbca4286656bb9	gi|930364137|gb|KP683520.1|	99.652	94	3.59e-144	287	371472	Corophium volutator	amphipods	Corophium volutator
3d404d839c4521b52330ffd78fbcc56c	gi|2591480029|emb|OY745784.1|	95.364	99	7.82e-131	302	78070	Platismatia glauca	ascomycete fungi	Platismatia glauca
3d404d839c4521b52330ffd78fbcc56c	gi|1307563728|gb|KY362439.1|	94.059	100	1.02e-124	303	2041279	Parmotrema stuppeum	ascomycete fungi	Parmotrema stuppeum
3d404d839c4521b52330ffd78fbcc56c	gi|1238821539|ref|NC_035730.1|	93.709	99	1.70e-122	302	315943	Hypogymnia vittata	ascomycete fungi	Hypogymnia vittata
3d404d839c4521b52330ffd78fbcc56c	gi|1236517172|ref|NC_035550.1|	93.709	99	1.70e-122	302	172621	Imshaugia aleurites	ascomycete fungi	Imshaugia aleurites
3d404d839c4521b52330ffd78fbcc56c	gi|1526694866|ref|NC_040007.1|	93.333	99	1.03e-119	300	2486653	Parmotrema ultralucens	ascomycete fungi	Parmotrema ultralucens
f5091454e611c94ff47653c9dd99db55	gi|2802839368|emb|OZ181722.1|	99.673	100	9.87e-155	306	2793148	Heteranomia squamula	bivalves	Heteranomia squamula
a37207495ce2ad40acce373aa8688171	gi|2802839368|emb|OZ181722.1|	99.673	100	9.87e-155	306	2793148	Heteranomia squamula	bivalves	Heteranomia squamula
e440dbc08bd0e58078beda5262178fb9	gi|2802839368|emb|OZ181722.1|	98.693	100	9.94e-150	306	2793148	Heteranomia squamula	bivalves	Heteranomia squamula
47f70d67edf2bc11e784cdfd53ec8d73	gi|2802839368|emb|OZ181722.1|	100.000	100	2.12e-156	306	2793148	Heteranomia squamula	bivalves	Heteranomia squamula
20a0faf3cb6da2f0ef35138f26db1e8a	gi|2802839368|emb|OZ181722.1|	99.673	100	9.87e-155	306	2793148	Heteranomia squamula	bivalves	Heteranomia squamula
7c06de7a1f6133b1aa74290c055742db	gi|2713918330|gb|PP598128.1|	99.670	100	4.54e-153	303	71285	Acanthodoris pilosa	gastropods	Acanthodoris pilosa
7c06de7a1f6133b1aa74290c055742db	gi|908309432|gb|KR084886.1|	99.670	100	4.54e-153	303	71285	Acanthodoris pilosa	gastropods	Acanthodoris pilosa
7c06de7a1f6133b1aa74290c055742db	gi|908309054|gb|KR084697.1|	99.670	100	4.54e-153	303	71285	Acanthodoris pilosa	gastropods	Acanthodoris pilosa
7c06de7a1f6133b1aa74290c055742db	gi|908308475|gb|KR084407.1|	99.670	100	4.54e-153	303	71285	Acanthodoris pilosa	gastropods	Acanthodoris pilosa
7c06de7a1f6133b1aa74290c055742db	gi|668730733|gb|KM219666.1|	99.670	100	4.54e-153	303	71285	Acanthodoris pilosa	gastropods	Acanthodoris pilosa
7c06de7a1f6133b1aa74290c055742db	gi|668730727|gb|KM219663.1|	99.670	100	4.54e-153	303	71285	Acanthodoris pilosa	gastropods	Acanthodoris pilosa
7c06de7a1f6133b1aa74290c055742db	gi|668730725|gb|KM219662.1|	99.670	100	4.54e-153	303	71285	Acanthodoris pilosa	gastropods	Acanthodoris pilosa
7c06de7a1f6133b1aa74290c055742db	gi|2868137582|gb|PQ739286.1|	99.340	100	5.88e-152	303	71285	Acanthodoris pilosa	gastropods	Acanthodoris pilosa
7c06de7a1f6133b1aa74290c055742db	gi|2713918326|gb|PP598126.1|	99.340	100	2.11e-151	303	71285	Acanthodoris pilosa	gastropods	Acanthodoris pilosa
7c06de7a1f6133b1aa74290c055742db	gi|2713918322|gb|PP598124.1|	99.340	100	2.11e-151	303	71285	Acanthodoris pilosa	gastropods	Acanthodoris pilosa
ad683497101f65936fc946f99e4b9418	gi|2868137692|gb|PQ739341.1|	91.333	99	1.04e-109	300	475726	Halecium halecinum	hydrozoans	Halecium halecinum
ad683497101f65936fc946f99e4b9418	gi|1430075402|gb|MG935174.1|	90.429	100	2.25e-106	303	475726	Halecium halecinum	hydrozoans	Halecium halecinum
ad683497101f65936fc946f99e4b9418	gi|1430075648|gb|MG935254.1|	90.099	100	2.91e-105	303	475725	Halecium beanii	hydrozoans	Halecium beanii
2bfd4095ee2983d179c15fc197799d20	gi|490342756|gb|KC617066.1|	92.053	99	1.04e-114	302	1318556	Macrothrix sp. HE-364	crustaceans	Macrothrix sp. HE-364
a4ea8e4010af7c22cfcb5974d9d0281e	gi|490342756|gb|KC617066.1|	92.715	99	4.81e-118	302	1318556	Macrothrix sp. HE-364	crustaceans	Macrothrix sp. HE-364
622811eee7a6824d08f2120d577921ff	gi|490342756|gb|KC617066.1|	92.715	99	4.81e-118	302	1318556	Macrothrix sp. HE-364	crustaceans	Macrothrix sp. HE-364
caf0dc9b44495426dc47d5df0b7be975	gi|490342756|gb|KC617066.1|	92.053	99	1.04e-114	302	1318556	Macrothrix sp. HE-364	crustaceans	Macrothrix sp. HE-364
436770d2e228d4762602fcd641ace1f9	gi|490342756|gb|KC617066.1|	92.384	99	2.24e-116	302	1318556	Macrothrix sp. HE-364	crustaceans	Macrothrix sp. HE-364
b144fb2bb77faefe8b03882edadb7566	gi|490342756|gb|KC617066.1|	96.393	100	4.68e-138	305	1318556	Macrothrix sp. HE-364	crustaceans	Macrothrix sp. HE-364
bb5c01c672b7561edd26c1fb2ace1be3	gi|490342756|gb|KC617066.1|	95.410	100	4.71e-133	305	1318556	Macrothrix sp. HE-364	crustaceans	Macrothrix sp. HE-364
3a0661efd1c684ce5e37b45ff64fb3f7	gi|490342756|gb|KC617066.1|	95.738	100	1.01e-134	305	1318556	Macrothrix sp. HE-364	crustaceans	Macrothrix sp. HE-364
9928c4e98bad6481bfb3c3a1a629b291	gi|490342756|gb|KC617066.1|	98.033	100	2.14e-146	305	1318556	Macrothrix sp. HE-364	crustaceans	Macrothrix sp. HE-364
d8089c3823513d1d7a0e3fd3820c7979	gi|490342756|gb|KC617066.1|	97.705	100	9.98e-145	305	1318556	Macrothrix sp. HE-364	crustaceans	Macrothrix sp. HE-364
9da0babb1de4d8c870e50eabf7e323e2	gi|490342756|gb|KC617066.1|	98.033	100	2.14e-146	305	1318556	Macrothrix sp. HE-364	crustaceans	Macrothrix sp. HE-364
1af5ac582adbb53aa9da7f906f4664f8	gi|357196826|emb|HE610721.1|	98.052	100	1.68e-147	308	173654	Hematodinium sp.	dinoflagellates	Hematodinium sp.
d82e0935729790a4ab97ad2b24c39f09	gi|357196826|emb|HE610721.1|	98.377	100	3.60e-149	308	173654	Hematodinium sp.	dinoflagellates	Hematodinium sp.
8b563ea26b48cc3290ad19dab4373e15	gi|357196826|emb|HE610721.1|	98.052	100	1.68e-147	308	173654	Hematodinium sp.	dinoflagellates	Hematodinium sp.
0411457cfad1ec7b03cce4af530e4173	gi|357196826|emb|HE610721.1|	96.104	100	1.70e-137	308	173654	Hematodinium sp.	dinoflagellates	Hematodinium sp.
cbd282947222857d4472e2b84ba8ce41	gi|357196826|emb|HE610721.1|	98.052	100	1.68e-147	308	173654	Hematodinium sp.	dinoflagellates	Hematodinium sp.
3dba67e62969cea0b6ea930959cbc4e1	gi|357196826|emb|HE610721.1|	94.805	100	7.97e-131	308	173654	Hematodinium sp.	dinoflagellates	Hematodinium sp.
e2a1bf2970ffb13b9e19e8444ecab72a	gi|357196826|emb|HE610721.1|	95.130	100	1.71e-132	308	173654	Hematodinium sp.	dinoflagellates	Hematodinium sp.
3ad5b0f78f6c208e10aa9de75deee870	gi|288956670|gb|GQ501943.1|	94.481	100	3.71e-129	308	673114	uncultured Kareniaceae	dinoflagellates	uncultured Kareniaceae
3ad5b0f78f6c208e10aa9de75deee870	gi|288956727|gb|GQ502000.1|	93.831	100	8.02e-126	308	673114	uncultured Kareniaceae	dinoflagellates	uncultured Kareniaceae
3ad5b0f78f6c208e10aa9de75deee870	gi|288956690|gb|GQ501963.1|	93.506	100	1.04e-124	308	673114	uncultured Kareniaceae	dinoflagellates	uncultured Kareniaceae
3ad5b0f78f6c208e10aa9de75deee870	gi|288956762|gb|GQ502035.1|	93.506	100	3.73e-124	308	673114	uncultured Kareniaceae	dinoflagellates	uncultured Kareniaceae
3ad5b0f78f6c208e10aa9de75deee870	gi|288956755|gb|GQ502028.1|	93.506	100	3.73e-124	308	673114	uncultured Kareniaceae	dinoflagellates	uncultured Kareniaceae
3ad5b0f78f6c208e10aa9de75deee870	gi|288956746|gb|GQ502019.1|	93.506	100	3.73e-124	308	673114	uncultured Kareniaceae	dinoflagellates	uncultured Kareniaceae
3ad5b0f78f6c208e10aa9de75deee870	gi|288956743|gb|GQ502016.1|	93.506	100	3.73e-124	308	673114	uncultured Kareniaceae	dinoflagellates	uncultured Kareniaceae
3ad5b0f78f6c208e10aa9de75deee870	gi|288956739|gb|GQ502012.1|	93.506	100	3.73e-124	308	673114	uncultured Kareniaceae	dinoflagellates	uncultured Kareniaceae
3ad5b0f78f6c208e10aa9de75deee870	gi|288956738|gb|GQ502011.1|	93.506	100	3.73e-124	308	673114	uncultured Kareniaceae	dinoflagellates	uncultured Kareniaceae
3ad5b0f78f6c208e10aa9de75deee870	gi|288956718|gb|GQ501991.1|	93.770	99	3.73e-124	305	673114	uncultured Kareniaceae	dinoflagellates	uncultured Kareniaceae
d010aee74f6f9c880198e19e820ecdbc	gi|1381388544|ref|NC_037436.1|	94.754	100	3.67e-129	305	77931	Teleaulax amphioxeia	cryptomonads	Teleaulax amphioxeia
17c6e240446282be74b38d9dd6507c57	gi|1381388544|ref|NC_037436.1|	94.754	100	3.67e-129	305	77931	Teleaulax amphioxeia	cryptomonads	Teleaulax amphioxeia
457bb2dadfab5b61f1ffe79b3b903aa8	gi|2083529837|dbj|LC604817.1|	92.131	100	8.05e-116	305	3113649	Medakamo hakoo	green algae	Medakamo hakoo
b029a05fa9a8acfec4ec58aa6721d77f	gi|1219969196|gb|KX100775.1|	90.667	98	2.27e-106	300	2003113	Pedospumella sp.	golden algae	Pedospumella sp.
36cdd49e84318967c9e6e621fd0c63ae	gi|2083529837|dbj|LC604817.1|	90.492	100	1.75e-107	305	3113649	Medakamo hakoo	green algae	Medakamo hakoo
8bc4891197908fc914f61f2cdec99d2b	gi|499166421|gb|KC732422.1|	99.016	100	7.66e-151	305	1301311	zooplankton environmental sample	eukaryotes	zooplankton environmental sample
065db7a32b92cf253cecba4dd9d7373e	gi|1523769291|gb|MH535936.1|	93.115	100	7.99e-121	305	1892891	Amoebozoa sp.	eukaryotes	Amoebozoa sp.
4ab82e576e93fc6553ef3a1ff5398872	gi|685431594|gb|KF697349.1|	91.749	99	4.84e-113	303	1841648	Pedospumella sinomuralis	golden algae	Pedospumella sinomuralis
dd28e03c9df929c11989e8aad7b7da73	gi|693268215|gb|KM202120.1|	90.034	95	3.82e-99	291	1522452	Nannochloris sp. MBTD-CMFRI-S048	green algae	Nannochloris sp. MBTD-CMFRI-S048
64202037e4e71e9b5d547026c6b2b251	gi|162134245|gb|EU123948.1|	91.830	100	3.74e-114	306	160068	Trebouxia aggregata	green algae	Trebouxia aggregata
a7aff323e439e5f9b33aa484f233b960	gi|2083529837|dbj|LC604817.1|	91.148	100	8.11e-111	305	3113649	Medakamo hakoo	green algae	Medakamo hakoo
87d35e6f221329a2321d59cc16de2d41	gi|523458247|gb|KC791166.1|	94.754	100	3.67e-129	305	1262161	Pyropia haitanensis	red algae	Pyropia haitanensis
87d35e6f221329a2321d59cc16de2d41	gi|499166421|gb|KC732422.1|	91.803	100	3.74e-114	305	1301311	zooplankton environmental sample	eukaryotes	zooplankton environmental sample
7cf808d91f86abea37ca9dbb8d80c525	gi|523458247|gb|KC791166.1|	97.049	100	7.77e-141	305	1262161	Pyropia haitanensis	red algae	Pyropia haitanensis
18ac29240e7ad06ea946dd38143d3571	gi|523458247|gb|KC791166.1|	99.672	100	3.54e-154	305	1262161	Pyropia haitanensis	red algae	Pyropia haitanensis
ba9469875a46219b5b3e637f494a4276	gi|499166421|gb|KC732422.1|	99.016	100	7.66e-151	305	1301311	zooplankton environmental sample	eukaryotes	zooplankton environmental sample
60b5f62ee4c8095ee76aa00f053c3a0c	gi|499166421|gb|KC732422.1|	99.016	100	7.66e-151	305	1301311	zooplankton environmental sample	eukaryotes	zooplankton environmental sample
4e6c8a0bcbf86ad1ce12ab8dcfaa3c51	gi|499166421|gb|KC732422.1|	99.344	100	1.65e-152	305	1301311	zooplankton environmental sample	eukaryotes	zooplankton environmental sample
e84b6a197115efad3f6fcea9c408effd	gi|499166421|gb|KC732422.1|	99.016	100	7.66e-151	305	1301311	zooplankton environmental sample	eukaryotes	zooplankton environmental sample
66ed521f3365da30e7b110d775e010ab	gi|499166421|gb|KC732422.1|	99.016	100	7.66e-151	305	1301311	zooplankton environmental sample	eukaryotes	zooplankton environmental sample
d4c480f05679ca7967b7411d76fe8622	gi|1219969395|gb|KX100827.1|	91.304	98	3.77e-109	299	1955561	Paraphysomonas sp.	golden algae	Paraphysomonas sp.
d4c480f05679ca7967b7411d76fe8622	gi|1219969198|gb|KX100776.1|	91.304	98	3.77e-109	299	1955561	Paraphysomonas sp.	golden algae	Paraphysomonas sp.
9a5df113fc7efcf119c32b3f604724ab	gi|1219969395|gb|KX100827.1|	90.333	98	1.06e-104	300	1955561	Paraphysomonas sp.	golden algae	Paraphysomonas sp.
9a5df113fc7efcf119c32b3f604724ab	gi|1219969198|gb|KX100776.1|	90.333	98	1.06e-104	300	1955561	Paraphysomonas sp.	golden algae	Paraphysomonas sp.
a9d46b52e4698d49dc6086d28583041d	gi|1523769291|gb|MH535936.1|	90.492	100	1.75e-107	305	1892891	Amoebozoa sp.	eukaryotes	Amoebozoa sp.
94a9cc96d3dc3dffafa5b680405a2769	gi|1523769291|gb|MH535936.1|	92.131	100	8.05e-116	305	1892891	Amoebozoa sp.	eukaryotes	Amoebozoa sp.
355aef2c67860be698e09deb5ff1a20d	gi|1523769291|gb|MH535936.1|	99.344	100	1.65e-152	305	1892891	Amoebozoa sp.	eukaryotes	Amoebozoa sp.
852eab0baee3acf97b5ffb4b57e9d651	gi|1523769291|gb|MH535936.1|	99.672	100	3.54e-154	305	1892891	Amoebozoa sp.	eukaryotes	Amoebozoa sp.
ab3e8fe78584b090f880ebf69691f803	gi|197631556|emb|AM850252.1|	97.324	98	1.00e-139	299	35687	Dictyocha speculum	eukaryotes	Dictyocha speculum
b5249f83b7136a6455b6b8838ee2aeef	gi|197631556|emb|AM850252.1|	97.993	98	4.64e-143	299	35687	Dictyocha speculum	eukaryotes	Dictyocha speculum
58d3cc989b33882a163793a8f320b56e	gi|197631556|emb|AM850252.1|	98.328	98	9.98e-145	299	35687	Dictyocha speculum	eukaryotes	Dictyocha speculum
44cf4ce61c0a3d5bb26b7c4cfbe6543d	gi|197631556|emb|AM850252.1|	97.324	98	1.00e-139	299	35687	Dictyocha speculum	eukaryotes	Dictyocha speculum
a1b0b8cf676df593fc6d262e37c81a00	gi|197631556|emb|AM850252.1|	97.993	98	4.64e-143	299	35687	Dictyocha speculum	eukaryotes	Dictyocha speculum
7cff2c72c96127af873f1005acfbde2c	gi|197631556|emb|AM850252.1|	98.997	98	4.61e-148	299	35687	Dictyocha speculum	eukaryotes	Dictyocha speculum
bd62b07d6f37bde56fe3e540333d6844	gi|197631556|emb|AM850252.1|	98.662	98	2.14e-146	299	35687	Dictyocha speculum	eukaryotes	Dictyocha speculum
0c454fc302946ade8941dc128995d6d9	gi|197631556|emb|AM850252.1|	99.331	98	9.91e-150	299	35687	Dictyocha speculum	eukaryotes	Dictyocha speculum
2c0d95f19ccf513b2242d0e9800d70a2	gi|197631556|emb|AM850252.1|	99.666	98	2.13e-151	299	35687	Dictyocha speculum	eukaryotes	Dictyocha speculum
fa86539dad1e912479dd893cfa14d850	gi|197631556|emb|AM850252.1|	96.990	98	4.68e-138	299	35687	Dictyocha speculum	eukaryotes	Dictyocha speculum
83784457877212f99920fb9f56cc2b1c	gi|197631556|emb|AM850252.1|	97.659	98	2.16e-141	299	35687	Dictyocha speculum	eukaryotes	Dictyocha speculum
85f7c4de84ed1751a6c2ce97650b45e9	gi|223029670|gb|FJ030897.1|	99.344	100	1.65e-152	305	465777	Pseudochattonella farcimen	eukaryotes	Pseudochattonella farcimen
85f7c4de84ed1751a6c2ce97650b45e9	gi|197631542|emb|AM850245.1|	99.344	100	1.65e-152	305	465777	Pseudochattonella farcimen	eukaryotes	Pseudochattonella farcimen
85f7c4de84ed1751a6c2ce97650b45e9	gi|197631544|emb|AM850246.1|	99.331	98	3.56e-149	299	465777	Pseudochattonella farcimen	eukaryotes	Pseudochattonella farcimen
85f7c4de84ed1751a6c2ce97650b45e9	gi|197631550|emb|AM850249.1|	97.049	100	2.16e-141	305	475233	Pseudochattonella verruculosa	eukaryotes	Pseudochattonella verruculosa
85f7c4de84ed1751a6c2ce97650b45e9	gi|197631548|emb|AM850248.1|	98.276	95	7.77e-141	290	465777	Pseudochattonella farcimen	eukaryotes	Pseudochattonella farcimen
34bb1f70ef0a3209a9ed228340884a1e	gi|223029670|gb|FJ030897.1|	100.000	100	7.61e-156	305	465777	Pseudochattonella farcimen	eukaryotes	Pseudochattonella farcimen
34bb1f70ef0a3209a9ed228340884a1e	gi|197631542|emb|AM850245.1|	100.000	100	7.61e-156	305	465777	Pseudochattonella farcimen	eukaryotes	Pseudochattonella farcimen
34bb1f70ef0a3209a9ed228340884a1e	gi|197631544|emb|AM850246.1|	100.000	98	1.65e-152	299	465777	Pseudochattonella farcimen	eukaryotes	Pseudochattonella farcimen
34bb1f70ef0a3209a9ed228340884a1e	gi|197631550|emb|AM850249.1|	97.705	100	9.98e-145	305	475233	Pseudochattonella verruculosa	eukaryotes	Pseudochattonella verruculosa
34bb1f70ef0a3209a9ed228340884a1e	gi|197631548|emb|AM850248.1|	98.966	95	3.59e-144	290	465777	Pseudochattonella farcimen	eukaryotes	Pseudochattonella farcimen
8225b98abfc48bccee983c57bb6b5a20	gi|197631550|emb|AM850249.1|	99.672	100	9.84e-155	305	475233	Pseudochattonella verruculosa	eukaryotes	Pseudochattonella verruculosa
8225b98abfc48bccee983c57bb6b5a20	gi|223029670|gb|FJ030897.1|	98.033	100	7.71e-146	305	465777	Pseudochattonella farcimen	eukaryotes	Pseudochattonella farcimen
8225b98abfc48bccee983c57bb6b5a20	gi|197631542|emb|AM850245.1|	98.033	100	7.71e-146	305	465777	Pseudochattonella farcimen	eukaryotes	Pseudochattonella farcimen
8225b98abfc48bccee983c57bb6b5a20	gi|197631544|emb|AM850246.1|	97.993	98	1.67e-142	299	465777	Pseudochattonella farcimen	eukaryotes	Pseudochattonella farcimen
8225b98abfc48bccee983c57bb6b5a20	gi|197631548|emb|AM850248.1|	97.241	95	7.82e-136	290	465777	Pseudochattonella farcimen	eukaryotes	Pseudochattonella farcimen
77982052e757f7c247c88d2f11f4d132	gi|197631550|emb|AM850249.1|	99.344	100	4.58e-153	305	475233	Pseudochattonella verruculosa	eukaryotes	Pseudochattonella verruculosa
77982052e757f7c247c88d2f11f4d132	gi|223029670|gb|FJ030897.1|	97.705	100	3.59e-144	305	465777	Pseudochattonella farcimen	eukaryotes	Pseudochattonella farcimen
77982052e757f7c247c88d2f11f4d132	gi|197631542|emb|AM850245.1|	97.705	100	3.59e-144	305	465777	Pseudochattonella farcimen	eukaryotes	Pseudochattonella farcimen
77982052e757f7c247c88d2f11f4d132	gi|197631544|emb|AM850246.1|	97.659	98	7.77e-141	299	465777	Pseudochattonella farcimen	eukaryotes	Pseudochattonella farcimen
77982052e757f7c247c88d2f11f4d132	gi|197631548|emb|AM850248.1|	96.897	95	3.64e-134	290	465777	Pseudochattonella farcimen	eukaryotes	Pseudochattonella farcimen
d924326971c1ec01a854e6562ad691ff	gi|1775178874|gb|MK922345.1|	99.672	100	3.54e-154	305	44056	Aureococcus anophagefferens	pelagophytes	Aureococcus anophagefferens
d924326971c1ec01a854e6562ad691ff	gi|1959386496|gb|MW438346.1|	99.672	100	3.54e-154	305	44056	Aureococcus anophagefferens	pelagophytes	Aureococcus anophagefferens
d924326971c1ec01a854e6562ad691ff	gi|1959386452|gb|MW438345.1|	99.672	100	3.54e-154	305	44056	Aureococcus anophagefferens	pelagophytes	Aureococcus anophagefferens
d924326971c1ec01a854e6562ad691ff	gi|1959386406|gb|MW438344.1|	99.672	100	3.54e-154	305	44056	Aureococcus anophagefferens	pelagophytes	Aureococcus anophagefferens
fbf3ea44607e19078bbeeaf13c6d60e8	gi|1775178874|gb|MK922345.1|	100.000	100	7.61e-156	305	44056	Aureococcus anophagefferens	pelagophytes	Aureococcus anophagefferens
fbf3ea44607e19078bbeeaf13c6d60e8	gi|1959386496|gb|MW438346.1|	100.000	100	7.61e-156	305	44056	Aureococcus anophagefferens	pelagophytes	Aureococcus anophagefferens
fbf3ea44607e19078bbeeaf13c6d60e8	gi|1959386452|gb|MW438345.1|	100.000	100	7.61e-156	305	44056	Aureococcus anophagefferens	pelagophytes	Aureococcus anophagefferens
fbf3ea44607e19078bbeeaf13c6d60e8	gi|1959386406|gb|MW438344.1|	100.000	100	7.61e-156	305	44056	Aureococcus anophagefferens	pelagophytes	Aureococcus anophagefferens
d6f2f5fb4c53b13bfb32288ba98b82ce	gi|65428164|gb|AY955052.1|	97.377	100	1.67e-142	305	38833	Micromonas pusilla	green algae	Micromonas pusilla
d6f2f5fb4c53b13bfb32288ba98b82ce	gi|65428158|gb|AY955049.1|	94.426	100	1.71e-127	305	38833	Micromonas pusilla	green algae	Micromonas pusilla
6ad0a327df88b340427216ccf03c0735	gi|65428158|gb|AY955049.1|	100.000	100	7.61e-156	305	38833	Micromonas pusilla	green algae	Micromonas pusilla
6ad0a327df88b340427216ccf03c0735	gi|65428164|gb|AY955052.1|	93.770	100	3.69e-124	305	38833	Micromonas pusilla	green algae	Micromonas pusilla
47800828f9fd2bc14404f385c0f022d8	gi|65428158|gb|AY955049.1|	97.377	100	1.67e-142	305	38833	Micromonas pusilla	green algae	Micromonas pusilla
47800828f9fd2bc14404f385c0f022d8	gi|65428164|gb|AY955052.1|	94.426	100	1.71e-127	305	38833	Micromonas pusilla	green algae	Micromonas pusilla
b9b7c58f09614ae6f4a88297ac495ddd	gi|65428158|gb|AY955049.1|	97.500	100	2.37e-89	200	38833	Micromonas pusilla	green algae	Micromonas pusilla
b9b7c58f09614ae6f4a88297ac495ddd	gi|65428164|gb|AY955052.1|	95.000	100	5.16e-81	200	38833	Micromonas pusilla	green algae	Micromonas pusilla
9f0402af1c5bf6cde86080fc9d66a859	gi|65428158|gb|AY955049.1|	96.721	100	3.61e-139	305	38833	Micromonas pusilla	green algae	Micromonas pusilla
9f0402af1c5bf6cde86080fc9d66a859	gi|65428164|gb|AY955052.1|	95.738	100	3.64e-134	305	38833	Micromonas pusilla	green algae	Micromonas pusilla
b0b95774f5f31d13752bb7b2e73deca8	gi|1450114863|gb|MH349032.1|	92.069	95	3.77e-109	290	2301598	Vexillifera kereti	eukaryotes	Vexillifera kereti
abc10568528dc00deb1d203a2fb51c1a	gi|2743737621|emb|OZ076287.1|	99.344	100	1.65e-152	305	41875	Bathycoccus prasinos	green algae	Bathycoccus prasinos
abc10568528dc00deb1d203a2fb51c1a	gi|2743737599|emb|OZ076265.1|	99.344	100	1.65e-152	305	41875	Bathycoccus prasinos	green algae	Bathycoccus prasinos
abc10568528dc00deb1d203a2fb51c1a	gi|2743737577|emb|OZ076243.1|	99.344	100	1.65e-152	305	41875	Bathycoccus prasinos	green algae	Bathycoccus prasinos
abc10568528dc00deb1d203a2fb51c1a	gi|2743737535|emb|OZ076201.1|	99.344	100	1.65e-152	305	41875	Bathycoccus prasinos	green algae	Bathycoccus prasinos
abc10568528dc00deb1d203a2fb51c1a	gi|2743737513|emb|OZ076179.1|	99.344	100	1.65e-152	305	41875	Bathycoccus prasinos	green algae	Bathycoccus prasinos
abc10568528dc00deb1d203a2fb51c1a	gi|2743737493|emb|OZ076159.1|	99.344	100	1.65e-152	305	41875	Bathycoccus prasinos	green algae	Bathycoccus prasinos
abc10568528dc00deb1d203a2fb51c1a	gi|2743737449|emb|OZ076115.1|	99.344	100	1.65e-152	305	41875	Bathycoccus prasinos	green algae	Bathycoccus prasinos
abc10568528dc00deb1d203a2fb51c1a	gi|2743737449|emb|OZ076115.1|	99.344	100	1.65e-152	305	41875	Bathycoccus prasinos	green algae	Bathycoccus prasinos
abc10568528dc00deb1d203a2fb51c1a	gi|571069183|ref|NC_023273.1|	99.344	100	1.65e-152	305	41875	Bathycoccus prasinos	green algae	Bathycoccus prasinos
abc10568528dc00deb1d203a2fb51c1a	gi|571069183|ref|NC_023273.1|	99.344	100	1.65e-152	305	41875	Bathycoccus prasinos	green algae	Bathycoccus prasinos
abc10568528dc00deb1d203a2fb51c1a	gi|2743737555|emb|OZ076221.1|	99.020	100	7.66e-151	306	41875	Bathycoccus prasinos	green algae	Bathycoccus prasinos
abc10568528dc00deb1d203a2fb51c1a	gi|2743737428|emb|OZ076094.1|	99.020	100	7.66e-151	306	41875	Bathycoccus prasinos	green algae	Bathycoccus prasinos
15a044d6a0aaa4e42dd9180845cf8fe3	gi|2743737621|emb|OZ076287.1|	99.672	100	3.54e-154	305	41875	Bathycoccus prasinos	green algae	Bathycoccus prasinos
15a044d6a0aaa4e42dd9180845cf8fe3	gi|2743737599|emb|OZ076265.1|	99.672	100	3.54e-154	305	41875	Bathycoccus prasinos	green algae	Bathycoccus prasinos
15a044d6a0aaa4e42dd9180845cf8fe3	gi|2743737577|emb|OZ076243.1|	99.672	100	3.54e-154	305	41875	Bathycoccus prasinos	green algae	Bathycoccus prasinos
15a044d6a0aaa4e42dd9180845cf8fe3	gi|2743737535|emb|OZ076201.1|	99.672	100	3.54e-154	305	41875	Bathycoccus prasinos	green algae	Bathycoccus prasinos
15a044d6a0aaa4e42dd9180845cf8fe3	gi|2743737513|emb|OZ076179.1|	99.672	100	3.54e-154	305	41875	Bathycoccus prasinos	green algae	Bathycoccus prasinos
15a044d6a0aaa4e42dd9180845cf8fe3	gi|2743737493|emb|OZ076159.1|	99.672	100	3.54e-154	305	41875	Bathycoccus prasinos	green algae	Bathycoccus prasinos
15a044d6a0aaa4e42dd9180845cf8fe3	gi|2743737449|emb|OZ076115.1|	99.672	100	3.54e-154	305	41875	Bathycoccus prasinos	green algae	Bathycoccus prasinos
15a044d6a0aaa4e42dd9180845cf8fe3	gi|2743737449|emb|OZ076115.1|	99.672	100	3.54e-154	305	41875	Bathycoccus prasinos	green algae	Bathycoccus prasinos
15a044d6a0aaa4e42dd9180845cf8fe3	gi|571069183|ref|NC_023273.1|	99.672	100	3.54e-154	305	41875	Bathycoccus prasinos	green algae	Bathycoccus prasinos
15a044d6a0aaa4e42dd9180845cf8fe3	gi|571069183|ref|NC_023273.1|	99.672	100	3.54e-154	305	41875	Bathycoccus prasinos	green algae	Bathycoccus prasinos
15a044d6a0aaa4e42dd9180845cf8fe3	gi|2743737555|emb|OZ076221.1|	99.346	100	1.65e-152	306	41875	Bathycoccus prasinos	green algae	Bathycoccus prasinos
15a044d6a0aaa4e42dd9180845cf8fe3	gi|2743737428|emb|OZ076094.1|	99.346	100	1.65e-152	306	41875	Bathycoccus prasinos	green algae	Bathycoccus prasinos
1ab2d076f722f5f72d541773be5022fe	gi|2743737621|emb|OZ076287.1|	99.344	100	1.65e-152	305	41875	Bathycoccus prasinos	green algae	Bathycoccus prasinos
1ab2d076f722f5f72d541773be5022fe	gi|2743737599|emb|OZ076265.1|	99.344	100	1.65e-152	305	41875	Bathycoccus prasinos	green algae	Bathycoccus prasinos
1ab2d076f722f5f72d541773be5022fe	gi|2743737577|emb|OZ076243.1|	99.344	100	1.65e-152	305	41875	Bathycoccus prasinos	green algae	Bathycoccus prasinos
1ab2d076f722f5f72d541773be5022fe	gi|2743737535|emb|OZ076201.1|	99.344	100	1.65e-152	305	41875	Bathycoccus prasinos	green algae	Bathycoccus prasinos
1ab2d076f722f5f72d541773be5022fe	gi|2743737513|emb|OZ076179.1|	99.344	100	1.65e-152	305	41875	Bathycoccus prasinos	green algae	Bathycoccus prasinos
1ab2d076f722f5f72d541773be5022fe	gi|2743737493|emb|OZ076159.1|	99.344	100	1.65e-152	305	41875	Bathycoccus prasinos	green algae	Bathycoccus prasinos
1ab2d076f722f5f72d541773be5022fe	gi|2743737449|emb|OZ076115.1|	99.344	100	1.65e-152	305	41875	Bathycoccus prasinos	green algae	Bathycoccus prasinos
1ab2d076f722f5f72d541773be5022fe	gi|2743737449|emb|OZ076115.1|	99.344	100	1.65e-152	305	41875	Bathycoccus prasinos	green algae	Bathycoccus prasinos
1ab2d076f722f5f72d541773be5022fe	gi|571069183|ref|NC_023273.1|	99.344	100	1.65e-152	305	41875	Bathycoccus prasinos	green algae	Bathycoccus prasinos
1ab2d076f722f5f72d541773be5022fe	gi|571069183|ref|NC_023273.1|	99.344	100	1.65e-152	305	41875	Bathycoccus prasinos	green algae	Bathycoccus prasinos
1ab2d076f722f5f72d541773be5022fe	gi|2743737555|emb|OZ076221.1|	99.020	100	7.66e-151	306	41875	Bathycoccus prasinos	green algae	Bathycoccus prasinos
1ab2d076f722f5f72d541773be5022fe	gi|2743737428|emb|OZ076094.1|	99.020	100	7.66e-151	306	41875	Bathycoccus prasinos	green algae	Bathycoccus prasinos
55332d603a1d13c4024e066ffb265092	gi|2743737621|emb|OZ076287.1|	99.644	92	7.77e-141	281	41875	Bathycoccus prasinos	green algae	Bathycoccus prasinos
55332d603a1d13c4024e066ffb265092	gi|2743737599|emb|OZ076265.1|	99.644	92	7.77e-141	281	41875	Bathycoccus prasinos	green algae	Bathycoccus prasinos
55332d603a1d13c4024e066ffb265092	gi|2743737577|emb|OZ076243.1|	99.296	93	7.77e-141	284	41875	Bathycoccus prasinos	green algae	Bathycoccus prasinos
55332d603a1d13c4024e066ffb265092	gi|2743737535|emb|OZ076201.1|	99.296	93	7.77e-141	284	41875	Bathycoccus prasinos	green algae	Bathycoccus prasinos
55332d603a1d13c4024e066ffb265092	gi|2743737513|emb|OZ076179.1|	99.296	93	7.77e-141	284	41875	Bathycoccus prasinos	green algae	Bathycoccus prasinos
55332d603a1d13c4024e066ffb265092	gi|2743737493|emb|OZ076159.1|	99.644	92	7.77e-141	281	41875	Bathycoccus prasinos	green algae	Bathycoccus prasinos
55332d603a1d13c4024e066ffb265092	gi|2743737449|emb|OZ076115.1|	99.296	93	7.77e-141	284	41875	Bathycoccus prasinos	green algae	Bathycoccus prasinos
55332d603a1d13c4024e066ffb265092	gi|2743737449|emb|OZ076115.1|	99.644	93	7.77e-141	281	41875	Bathycoccus prasinos	green algae	Bathycoccus prasinos
55332d603a1d13c4024e066ffb265092	gi|571069183|ref|NC_023273.1|	99.296	93	7.77e-141	284	41875	Bathycoccus prasinos	green algae	Bathycoccus prasinos
55332d603a1d13c4024e066ffb265092	gi|571069183|ref|NC_023273.1|	99.644	93	7.77e-141	281	41875	Bathycoccus prasinos	green algae	Bathycoccus prasinos
55332d603a1d13c4024e066ffb265092	gi|2743737555|emb|OZ076221.1|	98.947	93	3.61e-139	285	41875	Bathycoccus prasinos	green algae	Bathycoccus prasinos
55332d603a1d13c4024e066ffb265092	gi|2743737428|emb|OZ076094.1|	99.291	92	3.61e-139	282	41875	Bathycoccus prasinos	green algae	Bathycoccus prasinos
1072071ba568bc06714ba0496fc9a115	gi|2743737621|emb|OZ076287.1|	100.000	100	7.61e-156	305	41875	Bathycoccus prasinos	green algae	Bathycoccus prasinos
1072071ba568bc06714ba0496fc9a115	gi|2743737599|emb|OZ076265.1|	100.000	100	7.61e-156	305	41875	Bathycoccus prasinos	green algae	Bathycoccus prasinos
1072071ba568bc06714ba0496fc9a115	gi|2743737577|emb|OZ076243.1|	100.000	100	7.61e-156	305	41875	Bathycoccus prasinos	green algae	Bathycoccus prasinos
1072071ba568bc06714ba0496fc9a115	gi|2743737535|emb|OZ076201.1|	100.000	100	7.61e-156	305	41875	Bathycoccus prasinos	green algae	Bathycoccus prasinos
1072071ba568bc06714ba0496fc9a115	gi|2743737513|emb|OZ076179.1|	100.000	100	7.61e-156	305	41875	Bathycoccus prasinos	green algae	Bathycoccus prasinos
1072071ba568bc06714ba0496fc9a115	gi|2743737493|emb|OZ076159.1|	100.000	100	7.61e-156	305	41875	Bathycoccus prasinos	green algae	Bathycoccus prasinos
1072071ba568bc06714ba0496fc9a115	gi|2743737449|emb|OZ076115.1|	100.000	100	7.61e-156	305	41875	Bathycoccus prasinos	green algae	Bathycoccus prasinos
1072071ba568bc06714ba0496fc9a115	gi|2743737449|emb|OZ076115.1|	100.000	100	7.61e-156	305	41875	Bathycoccus prasinos	green algae	Bathycoccus prasinos
1072071ba568bc06714ba0496fc9a115	gi|571069183|ref|NC_023273.1|	100.000	100	7.61e-156	305	41875	Bathycoccus prasinos	green algae	Bathycoccus prasinos
1072071ba568bc06714ba0496fc9a115	gi|571069183|ref|NC_023273.1|	100.000	100	7.61e-156	305	41875	Bathycoccus prasinos	green algae	Bathycoccus prasinos
1072071ba568bc06714ba0496fc9a115	gi|2743737555|emb|OZ076221.1|	99.673	100	3.54e-154	306	41875	Bathycoccus prasinos	green algae	Bathycoccus prasinos
1072071ba568bc06714ba0496fc9a115	gi|2743737428|emb|OZ076094.1|	99.673	100	3.54e-154	306	41875	Bathycoccus prasinos	green algae	Bathycoccus prasinos
1dce2aaca8ebef9a218bd07a5a4da5dc	gi|2743737621|emb|OZ076287.1|	99.672	100	3.54e-154	305	41875	Bathycoccus prasinos	green algae	Bathycoccus prasinos
1dce2aaca8ebef9a218bd07a5a4da5dc	gi|2743737599|emb|OZ076265.1|	99.672	100	3.54e-154	305	41875	Bathycoccus prasinos	green algae	Bathycoccus prasinos
1dce2aaca8ebef9a218bd07a5a4da5dc	gi|2743737577|emb|OZ076243.1|	99.672	100	3.54e-154	305	41875	Bathycoccus prasinos	green algae	Bathycoccus prasinos
1dce2aaca8ebef9a218bd07a5a4da5dc	gi|2743737535|emb|OZ076201.1|	99.672	100	3.54e-154	305	41875	Bathycoccus prasinos	green algae	Bathycoccus prasinos
1dce2aaca8ebef9a218bd07a5a4da5dc	gi|2743737513|emb|OZ076179.1|	99.672	100	3.54e-154	305	41875	Bathycoccus prasinos	green algae	Bathycoccus prasinos
1dce2aaca8ebef9a218bd07a5a4da5dc	gi|2743737493|emb|OZ076159.1|	99.672	100	3.54e-154	305	41875	Bathycoccus prasinos	green algae	Bathycoccus prasinos
1dce2aaca8ebef9a218bd07a5a4da5dc	gi|2743737449|emb|OZ076115.1|	99.672	100	3.54e-154	305	41875	Bathycoccus prasinos	green algae	Bathycoccus prasinos
1dce2aaca8ebef9a218bd07a5a4da5dc	gi|2743737449|emb|OZ076115.1|	99.672	100	3.54e-154	305	41875	Bathycoccus prasinos	green algae	Bathycoccus prasinos
1dce2aaca8ebef9a218bd07a5a4da5dc	gi|571069183|ref|NC_023273.1|	99.672	100	3.54e-154	305	41875	Bathycoccus prasinos	green algae	Bathycoccus prasinos
1dce2aaca8ebef9a218bd07a5a4da5dc	gi|571069183|ref|NC_023273.1|	99.672	100	3.54e-154	305	41875	Bathycoccus prasinos	green algae	Bathycoccus prasinos
1dce2aaca8ebef9a218bd07a5a4da5dc	gi|2743737555|emb|OZ076221.1|	99.346	100	1.65e-152	306	41875	Bathycoccus prasinos	green algae	Bathycoccus prasinos
1dce2aaca8ebef9a218bd07a5a4da5dc	gi|2743737428|emb|OZ076094.1|	99.346	100	1.65e-152	306	41875	Bathycoccus prasinos	green algae	Bathycoccus prasinos
f88e4c9ada27220e43a88ac5b616f01c	gi|2743737621|emb|OZ076287.1|	99.672	100	3.54e-154	305	41875	Bathycoccus prasinos	green algae	Bathycoccus prasinos
f88e4c9ada27220e43a88ac5b616f01c	gi|2743737599|emb|OZ076265.1|	99.672	100	3.54e-154	305	41875	Bathycoccus prasinos	green algae	Bathycoccus prasinos
f88e4c9ada27220e43a88ac5b616f01c	gi|2743737577|emb|OZ076243.1|	99.672	100	3.54e-154	305	41875	Bathycoccus prasinos	green algae	Bathycoccus prasinos
f88e4c9ada27220e43a88ac5b616f01c	gi|2743737535|emb|OZ076201.1|	99.672	100	3.54e-154	305	41875	Bathycoccus prasinos	green algae	Bathycoccus prasinos
f88e4c9ada27220e43a88ac5b616f01c	gi|2743737513|emb|OZ076179.1|	99.672	100	3.54e-154	305	41875	Bathycoccus prasinos	green algae	Bathycoccus prasinos
f88e4c9ada27220e43a88ac5b616f01c	gi|2743737493|emb|OZ076159.1|	99.672	100	3.54e-154	305	41875	Bathycoccus prasinos	green algae	Bathycoccus prasinos
f88e4c9ada27220e43a88ac5b616f01c	gi|2743737449|emb|OZ076115.1|	99.672	100	3.54e-154	305	41875	Bathycoccus prasinos	green algae	Bathycoccus prasinos
f88e4c9ada27220e43a88ac5b616f01c	gi|2743737449|emb|OZ076115.1|	99.672	100	3.54e-154	305	41875	Bathycoccus prasinos	green algae	Bathycoccus prasinos
f88e4c9ada27220e43a88ac5b616f01c	gi|571069183|ref|NC_023273.1|	99.672	100	3.54e-154	305	41875	Bathycoccus prasinos	green algae	Bathycoccus prasinos
f88e4c9ada27220e43a88ac5b616f01c	gi|571069183|ref|NC_023273.1|	99.672	100	3.54e-154	305	41875	Bathycoccus prasinos	green algae	Bathycoccus prasinos
f88e4c9ada27220e43a88ac5b616f01c	gi|2743737555|emb|OZ076221.1|	99.346	100	1.65e-152	306	41875	Bathycoccus prasinos	green algae	Bathycoccus prasinos
f88e4c9ada27220e43a88ac5b616f01c	gi|2743737428|emb|OZ076094.1|	99.346	100	1.65e-152	306	41875	Bathycoccus prasinos	green algae	Bathycoccus prasinos
b4b9a7cd66650f308fb6cfa80eb8f2f4	gi|2743737621|emb|OZ076287.1|	99.344	100	1.65e-152	305	41875	Bathycoccus prasinos	green algae	Bathycoccus prasinos
b4b9a7cd66650f308fb6cfa80eb8f2f4	gi|2743737599|emb|OZ076265.1|	99.344	100	1.65e-152	305	41875	Bathycoccus prasinos	green algae	Bathycoccus prasinos
b4b9a7cd66650f308fb6cfa80eb8f2f4	gi|2743737577|emb|OZ076243.1|	99.344	100	1.65e-152	305	41875	Bathycoccus prasinos	green algae	Bathycoccus prasinos
b4b9a7cd66650f308fb6cfa80eb8f2f4	gi|2743737535|emb|OZ076201.1|	99.344	100	1.65e-152	305	41875	Bathycoccus prasinos	green algae	Bathycoccus prasinos
b4b9a7cd66650f308fb6cfa80eb8f2f4	gi|2743737513|emb|OZ076179.1|	99.344	100	1.65e-152	305	41875	Bathycoccus prasinos	green algae	Bathycoccus prasinos
b4b9a7cd66650f308fb6cfa80eb8f2f4	gi|2743737493|emb|OZ076159.1|	99.344	100	1.65e-152	305	41875	Bathycoccus prasinos	green algae	Bathycoccus prasinos
b4b9a7cd66650f308fb6cfa80eb8f2f4	gi|2743737449|emb|OZ076115.1|	99.344	100	1.65e-152	305	41875	Bathycoccus prasinos	green algae	Bathycoccus prasinos
b4b9a7cd66650f308fb6cfa80eb8f2f4	gi|2743737449|emb|OZ076115.1|	99.344	100	1.65e-152	305	41875	Bathycoccus prasinos	green algae	Bathycoccus prasinos
b4b9a7cd66650f308fb6cfa80eb8f2f4	gi|571069183|ref|NC_023273.1|	99.344	100	1.65e-152	305	41875	Bathycoccus prasinos	green algae	Bathycoccus prasinos
b4b9a7cd66650f308fb6cfa80eb8f2f4	gi|571069183|ref|NC_023273.1|	99.344	100	1.65e-152	305	41875	Bathycoccus prasinos	green algae	Bathycoccus prasinos
b4b9a7cd66650f308fb6cfa80eb8f2f4	gi|2743737555|emb|OZ076221.1|	99.020	100	7.66e-151	306	41875	Bathycoccus prasinos	green algae	Bathycoccus prasinos
b4b9a7cd66650f308fb6cfa80eb8f2f4	gi|2743737428|emb|OZ076094.1|	99.020	100	7.66e-151	306	41875	Bathycoccus prasinos	green algae	Bathycoccus prasinos
c41d848479ee3f1737dde956309c0aff	gi|2743737621|emb|OZ076287.1|	99.672	100	3.54e-154	305	41875	Bathycoccus prasinos	green algae	Bathycoccus prasinos
c41d848479ee3f1737dde956309c0aff	gi|2743737599|emb|OZ076265.1|	99.672	100	3.54e-154	305	41875	Bathycoccus prasinos	green algae	Bathycoccus prasinos
c41d848479ee3f1737dde956309c0aff	gi|2743737577|emb|OZ076243.1|	99.672	100	3.54e-154	305	41875	Bathycoccus prasinos	green algae	Bathycoccus prasinos
c41d848479ee3f1737dde956309c0aff	gi|2743737535|emb|OZ076201.1|	99.672	100	3.54e-154	305	41875	Bathycoccus prasinos	green algae	Bathycoccus prasinos
c41d848479ee3f1737dde956309c0aff	gi|2743737513|emb|OZ076179.1|	99.672	100	3.54e-154	305	41875	Bathycoccus prasinos	green algae	Bathycoccus prasinos
c41d848479ee3f1737dde956309c0aff	gi|2743737493|emb|OZ076159.1|	99.672	100	3.54e-154	305	41875	Bathycoccus prasinos	green algae	Bathycoccus prasinos
c41d848479ee3f1737dde956309c0aff	gi|2743737449|emb|OZ076115.1|	99.672	100	3.54e-154	305	41875	Bathycoccus prasinos	green algae	Bathycoccus prasinos
c41d848479ee3f1737dde956309c0aff	gi|2743737449|emb|OZ076115.1|	99.672	100	3.54e-154	305	41875	Bathycoccus prasinos	green algae	Bathycoccus prasinos
c41d848479ee3f1737dde956309c0aff	gi|571069183|ref|NC_023273.1|	99.672	100	3.54e-154	305	41875	Bathycoccus prasinos	green algae	Bathycoccus prasinos
c41d848479ee3f1737dde956309c0aff	gi|571069183|ref|NC_023273.1|	99.672	100	3.54e-154	305	41875	Bathycoccus prasinos	green algae	Bathycoccus prasinos
c41d848479ee3f1737dde956309c0aff	gi|2743737555|emb|OZ076221.1|	99.346	100	1.65e-152	306	41875	Bathycoccus prasinos	green algae	Bathycoccus prasinos
c41d848479ee3f1737dde956309c0aff	gi|2743737428|emb|OZ076094.1|	99.346	100	1.65e-152	306	41875	Bathycoccus prasinos	green algae	Bathycoccus prasinos
2188d6b3541dc838a92e344c28c35294	gi|2743737621|emb|OZ076287.1|	99.672	100	3.54e-154	305	41875	Bathycoccus prasinos	green algae	Bathycoccus prasinos
2188d6b3541dc838a92e344c28c35294	gi|2743737599|emb|OZ076265.1|	99.672	100	3.54e-154	305	41875	Bathycoccus prasinos	green algae	Bathycoccus prasinos
2188d6b3541dc838a92e344c28c35294	gi|2743737577|emb|OZ076243.1|	99.672	100	3.54e-154	305	41875	Bathycoccus prasinos	green algae	Bathycoccus prasinos
2188d6b3541dc838a92e344c28c35294	gi|2743737535|emb|OZ076201.1|	99.672	100	3.54e-154	305	41875	Bathycoccus prasinos	green algae	Bathycoccus prasinos
2188d6b3541dc838a92e344c28c35294	gi|2743737513|emb|OZ076179.1|	99.672	100	3.54e-154	305	41875	Bathycoccus prasinos	green algae	Bathycoccus prasinos
2188d6b3541dc838a92e344c28c35294	gi|2743737493|emb|OZ076159.1|	99.672	100	3.54e-154	305	41875	Bathycoccus prasinos	green algae	Bathycoccus prasinos
2188d6b3541dc838a92e344c28c35294	gi|2743737449|emb|OZ076115.1|	99.672	100	3.54e-154	305	41875	Bathycoccus prasinos	green algae	Bathycoccus prasinos
2188d6b3541dc838a92e344c28c35294	gi|2743737449|emb|OZ076115.1|	99.672	100	3.54e-154	305	41875	Bathycoccus prasinos	green algae	Bathycoccus prasinos
2188d6b3541dc838a92e344c28c35294	gi|571069183|ref|NC_023273.1|	99.672	100	3.54e-154	305	41875	Bathycoccus prasinos	green algae	Bathycoccus prasinos
2188d6b3541dc838a92e344c28c35294	gi|571069183|ref|NC_023273.1|	99.672	100	3.54e-154	305	41875	Bathycoccus prasinos	green algae	Bathycoccus prasinos
2188d6b3541dc838a92e344c28c35294	gi|2743737555|emb|OZ076221.1|	99.346	100	1.65e-152	306	41875	Bathycoccus prasinos	green algae	Bathycoccus prasinos
2188d6b3541dc838a92e344c28c35294	gi|2743737428|emb|OZ076094.1|	99.346	100	1.65e-152	306	41875	Bathycoccus prasinos	green algae	Bathycoccus prasinos
6097b092b35f4ebf6b48eaf33aff6164	gi|2733172098|gb|PP798127.1|	95.578	96	1.71e-127	294	267567	Skeletonema marinoi	diatoms	Skeletonema marinoi
6097b092b35f4ebf6b48eaf33aff6164	gi|383084676|dbj|AB706239.1|	95.578	96	1.71e-127	294	267567	Skeletonema marinoi	diatoms	Skeletonema marinoi
6097b092b35f4ebf6b48eaf33aff6164	gi|6331163|dbj|AB020227.1|	95.578	96	1.71e-127	294	2843	Skeletonema costatum	diatoms	Skeletonema costatum
6097b092b35f4ebf6b48eaf33aff6164	gi|2733172154|gb|PP798155.1|	95.238	96	7.94e-126	294	267567	Skeletonema marinoi	diatoms	Skeletonema marinoi
6097b092b35f4ebf6b48eaf33aff6164	gi|2733172102|gb|PP798129.1|	95.238	96	7.94e-126	294	267567	Skeletonema marinoi	diatoms	Skeletonema marinoi
6097b092b35f4ebf6b48eaf33aff6164	gi|2733172076|gb|PP798116.1|	95.238	96	7.94e-126	294	267567	Skeletonema marinoi	diatoms	Skeletonema marinoi
6097b092b35f4ebf6b48eaf33aff6164	gi|1158966914|dbj|LC222539.1|	95.238	96	7.94e-126	294	267566	Skeletonema dohrnii	diatoms	Skeletonema dohrnii
6097b092b35f4ebf6b48eaf33aff6164	gi|1096069264|dbj|LC192727.1|	95.238	96	7.94e-126	294	267566	Skeletonema dohrnii	diatoms	Skeletonema dohrnii
6097b092b35f4ebf6b48eaf33aff6164	gi|1096069262|dbj|LC192726.1|	95.238	96	7.94e-126	294	267566	Skeletonema dohrnii	diatoms	Skeletonema dohrnii
6097b092b35f4ebf6b48eaf33aff6164	gi|383084646|dbj|AB706224.1|	95.238	96	7.94e-126	294	267566	Skeletonema dohrnii	diatoms	Skeletonema dohrnii
4baa3b8b7b459eacd7e810d2c3165e25	gi|2743737621|emb|OZ076287.1|	99.344	100	1.65e-152	305	41875	Bathycoccus prasinos	green algae	Bathycoccus prasinos
4baa3b8b7b459eacd7e810d2c3165e25	gi|2743737599|emb|OZ076265.1|	99.344	100	1.65e-152	305	41875	Bathycoccus prasinos	green algae	Bathycoccus prasinos
4baa3b8b7b459eacd7e810d2c3165e25	gi|2743737577|emb|OZ076243.1|	99.344	100	1.65e-152	305	41875	Bathycoccus prasinos	green algae	Bathycoccus prasinos
4baa3b8b7b459eacd7e810d2c3165e25	gi|2743737535|emb|OZ076201.1|	99.344	100	1.65e-152	305	41875	Bathycoccus prasinos	green algae	Bathycoccus prasinos
4baa3b8b7b459eacd7e810d2c3165e25	gi|2743737513|emb|OZ076179.1|	99.344	100	1.65e-152	305	41875	Bathycoccus prasinos	green algae	Bathycoccus prasinos
4baa3b8b7b459eacd7e810d2c3165e25	gi|2743737493|emb|OZ076159.1|	99.344	100	1.65e-152	305	41875	Bathycoccus prasinos	green algae	Bathycoccus prasinos
4baa3b8b7b459eacd7e810d2c3165e25	gi|2743737449|emb|OZ076115.1|	99.344	100	1.65e-152	305	41875	Bathycoccus prasinos	green algae	Bathycoccus prasinos
4baa3b8b7b459eacd7e810d2c3165e25	gi|2743737449|emb|OZ076115.1|	99.344	100	1.65e-152	305	41875	Bathycoccus prasinos	green algae	Bathycoccus prasinos
4baa3b8b7b459eacd7e810d2c3165e25	gi|571069183|ref|NC_023273.1|	99.344	100	1.65e-152	305	41875	Bathycoccus prasinos	green algae	Bathycoccus prasinos
4baa3b8b7b459eacd7e810d2c3165e25	gi|571069183|ref|NC_023273.1|	99.344	100	1.65e-152	305	41875	Bathycoccus prasinos	green algae	Bathycoccus prasinos
4baa3b8b7b459eacd7e810d2c3165e25	gi|2743737555|emb|OZ076221.1|	99.020	100	7.66e-151	306	41875	Bathycoccus prasinos	green algae	Bathycoccus prasinos
4baa3b8b7b459eacd7e810d2c3165e25	gi|2743737428|emb|OZ076094.1|	99.020	100	7.66e-151	306	41875	Bathycoccus prasinos	green algae	Bathycoccus prasinos
f4e8e14283299aac4b3a7ca74f081626	gi|2743737621|emb|OZ076287.1|	99.016	100	7.66e-151	305	41875	Bathycoccus prasinos	green algae	Bathycoccus prasinos
f4e8e14283299aac4b3a7ca74f081626	gi|2743737599|emb|OZ076265.1|	99.016	100	7.66e-151	305	41875	Bathycoccus prasinos	green algae	Bathycoccus prasinos
f4e8e14283299aac4b3a7ca74f081626	gi|2743737577|emb|OZ076243.1|	99.016	100	7.66e-151	305	41875	Bathycoccus prasinos	green algae	Bathycoccus prasinos
f4e8e14283299aac4b3a7ca74f081626	gi|2743737535|emb|OZ076201.1|	99.016	100	7.66e-151	305	41875	Bathycoccus prasinos	green algae	Bathycoccus prasinos
f4e8e14283299aac4b3a7ca74f081626	gi|2743737513|emb|OZ076179.1|	99.016	100	7.66e-151	305	41875	Bathycoccus prasinos	green algae	Bathycoccus prasinos
f4e8e14283299aac4b3a7ca74f081626	gi|2743737493|emb|OZ076159.1|	99.016	100	7.66e-151	305	41875	Bathycoccus prasinos	green algae	Bathycoccus prasinos
f4e8e14283299aac4b3a7ca74f081626	gi|2743737449|emb|OZ076115.1|	99.016	100	7.66e-151	305	41875	Bathycoccus prasinos	green algae	Bathycoccus prasinos
f4e8e14283299aac4b3a7ca74f081626	gi|2743737449|emb|OZ076115.1|	99.016	100	7.66e-151	305	41875	Bathycoccus prasinos	green algae	Bathycoccus prasinos
f4e8e14283299aac4b3a7ca74f081626	gi|571069183|ref|NC_023273.1|	99.016	100	7.66e-151	305	41875	Bathycoccus prasinos	green algae	Bathycoccus prasinos
f4e8e14283299aac4b3a7ca74f081626	gi|571069183|ref|NC_023273.1|	99.016	100	7.66e-151	305	41875	Bathycoccus prasinos	green algae	Bathycoccus prasinos
f4e8e14283299aac4b3a7ca74f081626	gi|2743737555|emb|OZ076221.1|	98.693	100	3.56e-149	306	41875	Bathycoccus prasinos	green algae	Bathycoccus prasinos
f4e8e14283299aac4b3a7ca74f081626	gi|2743737428|emb|OZ076094.1|	98.693	100	3.56e-149	306	41875	Bathycoccus prasinos	green algae	Bathycoccus prasinos
a7e0191316b9c226cdf50728d9ba09a9	gi|65428154|gb|AY955047.1|	95.410	100	1.69e-132	305	38833	Micromonas pusilla	green algae	Micromonas pusilla
d3c0af363c582af7075898aee76c7fd7	gi|65428154|gb|AY955047.1|	100.000	100	7.61e-156	305	38833	Micromonas pusilla	green algae	Micromonas pusilla
d3c0af363c582af7075898aee76c7fd7	gi|65428172|gb|AY955056.1|	94.426	100	1.71e-127	305	38833	Micromonas pusilla	green algae	Micromonas pusilla
d3c0af363c582af7075898aee76c7fd7	gi|65428160|gb|AY955050.1|	94.426	100	1.71e-127	305	38833	Micromonas pusilla	green algae	Micromonas pusilla
d3c0af363c582af7075898aee76c7fd7	gi|229315892|ref|NC_012643.1|	94.098	100	7.94e-126	305	296587	Micromonas commoda	green algae	Micromonas commoda
d3c0af363c582af7075898aee76c7fd7	gi|229315892|ref|NC_012643.1|	94.098	100	7.94e-126	305	296587	Micromonas commoda	green algae	Micromonas commoda
d3c0af363c582af7075898aee76c7fd7	gi|65428184|gb|AY955062.1|	94.098	100	7.94e-126	305	38833	Micromonas pusilla	green algae	Micromonas pusilla
d3c0af363c582af7075898aee76c7fd7	gi|65428174|gb|AY955057.1|	94.098	100	7.94e-126	305	38833	Micromonas pusilla	green algae	Micromonas pusilla
d3c0af363c582af7075898aee76c7fd7	gi|65428166|gb|AY955053.1|	94.098	100	7.94e-126	305	38833	Micromonas pusilla	green algae	Micromonas pusilla
d3c0af363c582af7075898aee76c7fd7	gi|65428168|gb|AY955054.1|	93.770	100	3.69e-124	305	38833	Micromonas pusilla	green algae	Micromonas pusilla
d3c0af363c582af7075898aee76c7fd7	gi|65428162|gb|AY955051.1|	92.131	100	8.05e-116	305	38833	Micromonas pusilla	green algae	Micromonas pusilla
beac0f8c10bf45828b76ecc002a77083	gi|2743737621|emb|OZ076287.1|	91.803	100	3.74e-114	305	41875	Bathycoccus prasinos	green algae	Bathycoccus prasinos
beac0f8c10bf45828b76ecc002a77083	gi|2743737599|emb|OZ076265.1|	91.803	100	3.74e-114	305	41875	Bathycoccus prasinos	green algae	Bathycoccus prasinos
beac0f8c10bf45828b76ecc002a77083	gi|2743737577|emb|OZ076243.1|	91.803	100	3.74e-114	305	41875	Bathycoccus prasinos	green algae	Bathycoccus prasinos
beac0f8c10bf45828b76ecc002a77083	gi|2743737535|emb|OZ076201.1|	91.803	100	3.74e-114	305	41875	Bathycoccus prasinos	green algae	Bathycoccus prasinos
beac0f8c10bf45828b76ecc002a77083	gi|2743737513|emb|OZ076179.1|	91.803	100	3.74e-114	305	41875	Bathycoccus prasinos	green algae	Bathycoccus prasinos
beac0f8c10bf45828b76ecc002a77083	gi|2743737493|emb|OZ076159.1|	91.803	100	3.74e-114	305	41875	Bathycoccus prasinos	green algae	Bathycoccus prasinos
beac0f8c10bf45828b76ecc002a77083	gi|2743737449|emb|OZ076115.1|	91.803	100	3.74e-114	305	41875	Bathycoccus prasinos	green algae	Bathycoccus prasinos
beac0f8c10bf45828b76ecc002a77083	gi|2743737449|emb|OZ076115.1|	91.803	100	3.74e-114	305	41875	Bathycoccus prasinos	green algae	Bathycoccus prasinos
beac0f8c10bf45828b76ecc002a77083	gi|571069183|ref|NC_023273.1|	91.803	100	3.74e-114	305	41875	Bathycoccus prasinos	green algae	Bathycoccus prasinos
beac0f8c10bf45828b76ecc002a77083	gi|571069183|ref|NC_023273.1|	91.803	100	3.74e-114	305	41875	Bathycoccus prasinos	green algae	Bathycoccus prasinos
beac0f8c10bf45828b76ecc002a77083	gi|2743737555|emb|OZ076221.1|	91.503	100	1.74e-112	306	41875	Bathycoccus prasinos	green algae	Bathycoccus prasinos
beac0f8c10bf45828b76ecc002a77083	gi|2743737428|emb|OZ076094.1|	91.503	100	1.74e-112	306	41875	Bathycoccus prasinos	green algae	Bathycoccus prasinos
62608d6fe4c46d28b51359c38079c404	gi|2743737621|emb|OZ076287.1|	91.475	100	1.74e-112	305	41875	Bathycoccus prasinos	green algae	Bathycoccus prasinos
62608d6fe4c46d28b51359c38079c404	gi|2743737599|emb|OZ076265.1|	91.475	100	1.74e-112	305	41875	Bathycoccus prasinos	green algae	Bathycoccus prasinos
62608d6fe4c46d28b51359c38079c404	gi|2743737577|emb|OZ076243.1|	91.475	100	1.74e-112	305	41875	Bathycoccus prasinos	green algae	Bathycoccus prasinos
62608d6fe4c46d28b51359c38079c404	gi|2743737535|emb|OZ076201.1|	91.475	100	1.74e-112	305	41875	Bathycoccus prasinos	green algae	Bathycoccus prasinos
62608d6fe4c46d28b51359c38079c404	gi|2743737513|emb|OZ076179.1|	91.475	100	1.74e-112	305	41875	Bathycoccus prasinos	green algae	Bathycoccus prasinos
62608d6fe4c46d28b51359c38079c404	gi|2743737493|emb|OZ076159.1|	91.475	100	1.74e-112	305	41875	Bathycoccus prasinos	green algae	Bathycoccus prasinos
62608d6fe4c46d28b51359c38079c404	gi|2743737449|emb|OZ076115.1|	91.475	100	1.74e-112	305	41875	Bathycoccus prasinos	green algae	Bathycoccus prasinos
62608d6fe4c46d28b51359c38079c404	gi|2743737449|emb|OZ076115.1|	91.475	100	1.74e-112	305	41875	Bathycoccus prasinos	green algae	Bathycoccus prasinos
62608d6fe4c46d28b51359c38079c404	gi|571069183|ref|NC_023273.1|	91.475	100	1.74e-112	305	41875	Bathycoccus prasinos	green algae	Bathycoccus prasinos
62608d6fe4c46d28b51359c38079c404	gi|571069183|ref|NC_023273.1|	91.475	100	1.74e-112	305	41875	Bathycoccus prasinos	green algae	Bathycoccus prasinos
62608d6fe4c46d28b51359c38079c404	gi|2743737555|emb|OZ076221.1|	91.176	100	8.11e-111	306	41875	Bathycoccus prasinos	green algae	Bathycoccus prasinos
62608d6fe4c46d28b51359c38079c404	gi|2743737428|emb|OZ076094.1|	91.176	100	8.11e-111	306	41875	Bathycoccus prasinos	green algae	Bathycoccus prasinos
94cb5eade274aef26a73c61777b7683a	gi|1042160952|dbj|LC102283.1|	90.301	100	3.71e-104	299	1789826	Copromyxa laresi	eukaryotes	Copromyxa laresi
41b7089c0b8fff44dda1dc54e053e315	gi|1150084095|ref|NC_033907.1|	92.459	100	1.73e-117	305	655981	Pseudogymnoascus destructans	ascomycete fungi	Pseudogymnoascus destructans
41b7089c0b8fff44dda1dc54e053e315	gi|189187585|gb|EU678458.1|	92.459	100	1.73e-117	305	290615	Leohumicola verrucosa	ascomycete fungi	Leohumicola verrucosa
41b7089c0b8fff44dda1dc54e053e315	gi|189187583|gb|EU678457.1|	92.459	100	1.73e-117	305	290615	Leohumicola verrucosa	ascomycete fungi	Leohumicola verrucosa
41b7089c0b8fff44dda1dc54e053e315	gi|189187507|gb|EU678419.1|	92.459	100	1.73e-117	305	533304	Leohumicola levissima	ascomycete fungi	Leohumicola levissima
41b7089c0b8fff44dda1dc54e053e315	gi|189187505|gb|EU678418.1|	92.459	100	1.73e-117	305	290615	Leohumicola verrucosa	ascomycete fungi	Leohumicola verrucosa
41b7089c0b8fff44dda1dc54e053e315	gi|189187601|gb|EU678466.1|	92.131	100	8.05e-116	305	290618	Leohumicola minima	ascomycete fungi	Leohumicola minima
41b7089c0b8fff44dda1dc54e053e315	gi|189187591|gb|EU678461.1|	92.131	100	8.05e-116	305	290619	Leohumicola sp. DAOM 231148	ascomycete fungi	Leohumicola sp. DAOM 231148
41b7089c0b8fff44dda1dc54e053e315	gi|189187581|gb|EU678456.1|	92.131	100	8.05e-116	305	290615	Leohumicola verrucosa	ascomycete fungi	Leohumicola verrucosa
41b7089c0b8fff44dda1dc54e053e315	gi|189187569|gb|EU678450.1|	92.131	100	8.05e-116	305	533305	Leohumicola atra	ascomycete fungi	Leohumicola atra
41b7089c0b8fff44dda1dc54e053e315	gi|189187567|gb|EU678449.1|	92.131	100	8.05e-116	305	290615	Leohumicola verrucosa	ascomycete fungi	Leohumicola verrucosa
8a1c06027bf22def959c9805d0098946	gi|2431519976|ref|NC_070174.1|	90.820	100	3.77e-109	305	1664388	Pseudofabraea citricarpa	ascomycete fungi	Pseudofabraea citricarpa
8a1c06027bf22def959c9805d0098946	gi|198250477|gb|EU998936.1|	90.492	100	1.75e-107	305	253309	Articulospora tetracladia	ascomycete fungi	Articulospora tetracladia
8a1c06027bf22def959c9805d0098946	gi|198250475|gb|EU998935.1|	90.492	100	1.75e-107	305	253309	Articulospora tetracladia	ascomycete fungi	Articulospora tetracladia
8a1c06027bf22def959c9805d0098946	gi|198250465|gb|EU998930.1|	90.545	90	8.28e-96	275	253309	Articulospora tetracladia	ascomycete fungi	Articulospora tetracladia
85cb40c46aa89af852bd135101c6c712	gi|195969282|gb|EU883397.1|	99.672	100	3.54e-154	305	552824	Tetracladium breve	ascomycete fungi	Tetracladium breve
85cb40c46aa89af852bd135101c6c712	gi|195969308|gb|EU883410.1|	98.033	100	7.71e-146	305	552824	Tetracladium breve	ascomycete fungi	Tetracladium breve
85cb40c46aa89af852bd135101c6c712	gi|195969304|gb|EU883408.1|	98.033	100	7.71e-146	305	164540	Tetracladium setigerum	ascomycete fungi	Tetracladium setigerum
85cb40c46aa89af852bd135101c6c712	gi|195969298|gb|EU883405.1|	98.033	100	7.71e-146	305	164540	Tetracladium setigerum	ascomycete fungi	Tetracladium setigerum
85cb40c46aa89af852bd135101c6c712	gi|195969310|gb|EU883411.1|	97.705	100	3.59e-144	305	164537	Tetracladium furcatum	ascomycete fungi	Tetracladium furcatum
85cb40c46aa89af852bd135101c6c712	gi|195969296|gb|EU883404.1|	97.705	100	3.59e-144	305	164537	Tetracladium furcatum	ascomycete fungi	Tetracladium furcatum
85cb40c46aa89af852bd135101c6c712	gi|195969272|gb|EU883392.1|	97.705	100	3.59e-144	305	164538	Tetracladium marchalianum	ascomycete fungi	Tetracladium marchalianum
85cb40c46aa89af852bd135101c6c712	gi|195969294|gb|EU883403.1|	97.377	100	1.67e-142	305	552825	Tetracladium palmatum	ascomycete fungi	Tetracladium palmatum
85cb40c46aa89af852bd135101c6c712	gi|195969284|gb|EU883398.1|	97.377	100	1.67e-142	305	164536	Tetracladium apiense	ascomycete fungi	Tetracladium apiense
85cb40c46aa89af852bd135101c6c712	gi|195969312|gb|EU883412.1|	96.721	100	3.61e-139	305	552826	Tetracladium sp. CCM F-10008	ascomycete fungi	Tetracladium sp. CCM F-10008
4a1b7b677a85a0aee38c72eb267cf53a	gi|746719348|gb|KM042216.1|	94.719	99	4.74e-128	303	1592982	Phialocephala sp. SA-2014	ascomycete fungi	Phialocephala sp. SA-2014
4a1b7b677a85a0aee38c72eb267cf53a	gi|354549903|gb|JN091450.1|	94.426	100	1.71e-127	305	242228	Phialocephala europaea	ascomycete fungi	Phialocephala europaea
4a1b7b677a85a0aee38c72eb267cf53a	gi|354549907|gb|JN091452.1|	93.770	100	3.69e-124	305	62722	Phialocephala fortinii	ascomycete fungi	Phialocephala fortinii
4a1b7b677a85a0aee38c72eb267cf53a	gi|354549909|gb|JN091453.1|	93.443	100	1.72e-122	305	327282	Acephala applanata	ascomycete fungi	Acephala applanata
4a1b7b677a85a0aee38c72eb267cf53a	gi|339906228|ref|NC_015789.1|	93.443	100	1.72e-122	305	576137	Phialocephala subalpina	ascomycete fungi	Phialocephala subalpina
4a1b7b677a85a0aee38c72eb267cf53a	gi|354549905|gb|JN091451.1|	93.115	100	7.99e-121	305	242229	Phialocephala helvetica	ascomycete fungi	Phialocephala helvetica
4a1b7b677a85a0aee38c72eb267cf53a	gi|189187583|gb|EU678457.1|	91.148	100	8.11e-111	305	290615	Leohumicola verrucosa	ascomycete fungi	Leohumicola verrucosa
4a1b7b677a85a0aee38c72eb267cf53a	gi|198250477|gb|EU998936.1|	90.820	100	3.77e-109	305	253309	Articulospora tetracladia	ascomycete fungi	Articulospora tetracladia
4a1b7b677a85a0aee38c72eb267cf53a	gi|198250475|gb|EU998935.1|	90.820	100	3.77e-109	305	253309	Articulospora tetracladia	ascomycete fungi	Articulospora tetracladia
4a1b7b677a85a0aee38c72eb267cf53a	gi|189187601|gb|EU678466.1|	90.820	100	3.77e-109	305	290618	Leohumicola minima	ascomycete fungi	Leohumicola minima
8fff686f39baaf96c4a87aff9c605264	gi|195969294|gb|EU883403.1|	91.060	99	3.77e-109	302	552825	Tetracladium palmatum	ascomycete fungi	Tetracladium palmatum
8fff686f39baaf96c4a87aff9c605264	gi|189187601|gb|EU678466.1|	90.397	99	8.16e-106	302	290618	Leohumicola minima	ascomycete fungi	Leohumicola minima
8fff686f39baaf96c4a87aff9c605264	gi|189187597|gb|EU678464.1|	90.397	99	8.16e-106	302	290616	Leohumicola terminalis	ascomycete fungi	Leohumicola terminalis
8fff686f39baaf96c4a87aff9c605264	gi|189187591|gb|EU678461.1|	90.397	99	8.16e-106	302	290619	Leohumicola sp. DAOM 231148	ascomycete fungi	Leohumicola sp. DAOM 231148
8fff686f39baaf96c4a87aff9c605264	gi|189187507|gb|EU678419.1|	90.066	99	3.80e-104	302	533304	Leohumicola levissima	ascomycete fungi	Leohumicola levissima
4333c0d76f89345c8bf7c68a85576757	gi|568192641|ref|NC_023127.1|	94.426	100	1.71e-127	305	210010	Rhynchobrunnera orthospora	ascomycete fungi	Rhynchobrunnera orthospora
4333c0d76f89345c8bf7c68a85576757	gi|189187569|gb|EU678450.1|	93.115	100	7.99e-121	305	533305	Leohumicola atra	ascomycete fungi	Leohumicola atra
4333c0d76f89345c8bf7c68a85576757	gi|189187519|gb|EU678425.1|	92.787	100	1.03e-119	305	533305	Leohumicola atra	ascomycete fungi	Leohumicola atra
4333c0d76f89345c8bf7c68a85576757	gi|189187507|gb|EU678419.1|	92.787	100	3.72e-119	305	533304	Leohumicola levissima	ascomycete fungi	Leohumicola levissima
4333c0d76f89345c8bf7c68a85576757	gi|189187601|gb|EU678466.1|	92.459	100	1.73e-117	305	290618	Leohumicola minima	ascomycete fungi	Leohumicola minima
4333c0d76f89345c8bf7c68a85576757	gi|189187527|gb|EU678429.1|	92.459	100	1.73e-117	305	533304	Leohumicola levissima	ascomycete fungi	Leohumicola levissima
4333c0d76f89345c8bf7c68a85576757	gi|189187513|gb|EU678422.1|	92.131	100	8.05e-116	305	533304	Leohumicola levissima	ascomycete fungi	Leohumicola levissima
4333c0d76f89345c8bf7c68a85576757	gi|189187605|gb|EU678468.1|	91.803	100	3.74e-114	305	533302	Leohumicola sp. DAOM 239516	ascomycete fungi	Leohumicola sp. DAOM 239516
4333c0d76f89345c8bf7c68a85576757	gi|189187597|gb|EU678464.1|	91.803	100	3.74e-114	305	290616	Leohumicola terminalis	ascomycete fungi	Leohumicola terminalis
4333c0d76f89345c8bf7c68a85576757	gi|189187591|gb|EU678461.1|	91.803	100	3.74e-114	305	290619	Leohumicola sp. DAOM 231148	ascomycete fungi	Leohumicola sp. DAOM 231148
ada07195ed9966559d52ed8e5b61af88	gi|568192641|ref|NC_023127.1|	94.098	100	7.94e-126	305	210010	Rhynchobrunnera orthospora	ascomycete fungi	Rhynchobrunnera orthospora
ada07195ed9966559d52ed8e5b61af88	gi|189187569|gb|EU678450.1|	92.787	100	3.72e-119	305	533305	Leohumicola atra	ascomycete fungi	Leohumicola atra
ada07195ed9966559d52ed8e5b61af88	gi|189187519|gb|EU678425.1|	92.459	100	4.81e-118	305	533305	Leohumicola atra	ascomycete fungi	Leohumicola atra
ada07195ed9966559d52ed8e5b61af88	gi|189187507|gb|EU678419.1|	92.459	100	1.73e-117	305	533304	Leohumicola levissima	ascomycete fungi	Leohumicola levissima
ada07195ed9966559d52ed8e5b61af88	gi|189187601|gb|EU678466.1|	92.131	100	8.05e-116	305	290618	Leohumicola minima	ascomycete fungi	Leohumicola minima
ada07195ed9966559d52ed8e5b61af88	gi|189187527|gb|EU678429.1|	92.131	100	8.05e-116	305	533304	Leohumicola levissima	ascomycete fungi	Leohumicola levissima
ada07195ed9966559d52ed8e5b61af88	gi|189187513|gb|EU678422.1|	91.803	100	3.74e-114	305	533304	Leohumicola levissima	ascomycete fungi	Leohumicola levissima
ada07195ed9966559d52ed8e5b61af88	gi|189187605|gb|EU678468.1|	91.475	100	1.74e-112	305	533302	Leohumicola sp. DAOM 239516	ascomycete fungi	Leohumicola sp. DAOM 239516
ada07195ed9966559d52ed8e5b61af88	gi|189187597|gb|EU678464.1|	91.475	100	1.74e-112	305	290616	Leohumicola terminalis	ascomycete fungi	Leohumicola terminalis
ada07195ed9966559d52ed8e5b61af88	gi|189187591|gb|EU678461.1|	91.475	100	1.74e-112	305	290619	Leohumicola sp. DAOM 231148	ascomycete fungi	Leohumicola sp. DAOM 231148
b0ab29c120ffb5f4d2433f71c423d5e3	gi|1150084095|ref|NC_033907.1|	94.719	99	4.74e-128	303	655981	Pseudogymnoascus destructans	ascomycete fungi	Pseudogymnoascus destructans
b0ab29c120ffb5f4d2433f71c423d5e3	gi|189187601|gb|EU678466.1|	94.059	99	1.03e-124	303	290618	Leohumicola minima	ascomycete fungi	Leohumicola minima
b0ab29c120ffb5f4d2433f71c423d5e3	gi|849123696|ref|NC_027422.1|	93.729	99	4.78e-123	303	79858	Pseudogymnoascus pannorum	ascomycete fungi	Pseudogymnoascus pannorum
b0ab29c120ffb5f4d2433f71c423d5e3	gi|189187585|gb|EU678458.1|	93.729	99	4.78e-123	303	290615	Leohumicola verrucosa	ascomycete fungi	Leohumicola verrucosa
b0ab29c120ffb5f4d2433f71c423d5e3	gi|189187583|gb|EU678457.1|	93.729	99	4.78e-123	303	290615	Leohumicola verrucosa	ascomycete fungi	Leohumicola verrucosa
b0ab29c120ffb5f4d2433f71c423d5e3	gi|189187507|gb|EU678419.1|	93.729	99	4.78e-123	303	533304	Leohumicola levissima	ascomycete fungi	Leohumicola levissima
b0ab29c120ffb5f4d2433f71c423d5e3	gi|189187505|gb|EU678418.1|	93.729	99	4.78e-123	303	290615	Leohumicola verrucosa	ascomycete fungi	Leohumicola verrucosa
b0ab29c120ffb5f4d2433f71c423d5e3	gi|189187591|gb|EU678461.1|	93.399	99	2.22e-121	303	290619	Leohumicola sp. DAOM 231148	ascomycete fungi	Leohumicola sp. DAOM 231148
b0ab29c120ffb5f4d2433f71c423d5e3	gi|189187581|gb|EU678456.1|	93.399	99	2.22e-121	303	290615	Leohumicola verrucosa	ascomycete fungi	Leohumicola verrucosa
b0ab29c120ffb5f4d2433f71c423d5e3	gi|189187577|gb|EU678454.1|	93.399	99	2.22e-121	303	290615	Leohumicola verrucosa	ascomycete fungi	Leohumicola verrucosa
5359a020b33635dda92fd1c3e5a06a84	gi|1079486405|ref|NC_031375.1|	93.046	99	3.72e-119	302	101852	Glarea lozoyensis	ascomycete fungi	Glarea lozoyensis
5359a020b33635dda92fd1c3e5a06a84	gi|511371864|gb|KF169905.1|	93.046	99	3.72e-119	302	1104152	Glarea lozoyensis 74030	ascomycete fungi	Glarea lozoyensis 74030
fc8b0a9b40405682123b7658cde0d658	gi|2431519976|ref|NC_070174.1|	92.787	100	3.72e-119	305	1664388	Pseudofabraea citricarpa	ascomycete fungi	Pseudofabraea citricarpa
fc8b0a9b40405682123b7658cde0d658	gi|195969312|gb|EU883412.1|	92.131	100	8.05e-116	305	552826	Tetracladium sp. CCM F-10008	ascomycete fungi	Tetracladium sp. CCM F-10008
fc8b0a9b40405682123b7658cde0d658	gi|1280082891|gb|MG132079.1|	92.079	99	1.04e-114	303	1955105	Leohumicola sp.	ascomycete fungi	Leohumicola sp.
fc8b0a9b40405682123b7658cde0d658	gi|195969294|gb|EU883403.1|	91.830	100	3.74e-114	306	552825	Tetracladium palmatum	ascomycete fungi	Tetracladium palmatum
fc8b0a9b40405682123b7658cde0d658	gi|354549903|gb|JN091450.1|	91.475	100	1.74e-112	305	242228	Phialocephala europaea	ascomycete fungi	Phialocephala europaea
fc8b0a9b40405682123b7658cde0d658	gi|195969308|gb|EU883410.1|	91.475	100	1.74e-112	305	552824	Tetracladium breve	ascomycete fungi	Tetracladium breve
fc8b0a9b40405682123b7658cde0d658	gi|195969304|gb|EU883408.1|	91.503	100	1.74e-112	306	164540	Tetracladium setigerum	ascomycete fungi	Tetracladium setigerum
fc8b0a9b40405682123b7658cde0d658	gi|195969284|gb|EU883398.1|	91.503	100	1.74e-112	306	164536	Tetracladium apiense	ascomycete fungi	Tetracladium apiense
fc8b0a9b40405682123b7658cde0d658	gi|2264199506|gb|ON041154.1|	91.148	100	8.11e-111	305	2060626	Varicosporium sp.	ascomycete fungi	Varicosporium sp.
fc8b0a9b40405682123b7658cde0d658	gi|354549907|gb|JN091452.1|	91.148	100	8.11e-111	305	62722	Phialocephala fortinii	ascomycete fungi	Phialocephala fortinii
5424b0a900d676aa2268d2369e91f3f2	gi|354549903|gb|JN091450.1|	91.475	100	1.74e-112	305	242228	Phialocephala europaea	ascomycete fungi	Phialocephala europaea
5424b0a900d676aa2268d2369e91f3f2	gi|746719348|gb|KM042216.1|	91.089	99	1.05e-109	303	1592982	Phialocephala sp. SA-2014	ascomycete fungi	Phialocephala sp. SA-2014
5424b0a900d676aa2268d2369e91f3f2	gi|354549907|gb|JN091452.1|	90.820	100	3.77e-109	305	62722	Phialocephala fortinii	ascomycete fungi	Phialocephala fortinii
5424b0a900d676aa2268d2369e91f3f2	gi|568192641|ref|NC_023127.1|	90.492	100	1.75e-107	305	210010	Rhynchobrunnera orthospora	ascomycete fungi	Rhynchobrunnera orthospora
5424b0a900d676aa2268d2369e91f3f2	gi|354549909|gb|JN091453.1|	90.492	100	1.75e-107	305	327282	Acephala applanata	ascomycete fungi	Acephala applanata
5424b0a900d676aa2268d2369e91f3f2	gi|339906228|ref|NC_015789.1|	90.492	100	1.75e-107	305	576137	Phialocephala subalpina	ascomycete fungi	Phialocephala subalpina
5424b0a900d676aa2268d2369e91f3f2	gi|198250471|gb|EU998933.1|	90.492	100	1.75e-107	305	253309	Articulospora tetracladia	ascomycete fungi	Articulospora tetracladia
5424b0a900d676aa2268d2369e91f3f2	gi|354549905|gb|JN091451.1|	90.164	100	8.16e-106	305	242229	Phialocephala helvetica	ascomycete fungi	Phialocephala helvetica
5424b0a900d676aa2268d2369e91f3f2	gi|189187583|gb|EU678457.1|	90.164	100	8.16e-106	305	290615	Leohumicola verrucosa	ascomycete fungi	Leohumicola verrucosa
525e93e02a434e5890cfb09734d78e17	gi|2431519976|ref|NC_070174.1|	92.131	100	8.05e-116	305	1664388	Pseudofabraea citricarpa	ascomycete fungi	Pseudofabraea citricarpa
525e93e02a434e5890cfb09734d78e17	gi|198250477|gb|EU998936.1|	91.803	100	3.74e-114	305	253309	Articulospora tetracladia	ascomycete fungi	Articulospora tetracladia
525e93e02a434e5890cfb09734d78e17	gi|198250475|gb|EU998935.1|	91.803	100	3.74e-114	305	253309	Articulospora tetracladia	ascomycete fungi	Articulospora tetracladia
525e93e02a434e5890cfb09734d78e17	gi|195969312|gb|EU883412.1|	91.475	100	1.74e-112	305	552826	Tetracladium sp. CCM F-10008	ascomycete fungi	Tetracladium sp. CCM F-10008
525e93e02a434e5890cfb09734d78e17	gi|1280082891|gb|MG132079.1|	91.419	99	2.25e-111	303	1955105	Leohumicola sp.	ascomycete fungi	Leohumicola sp.
525e93e02a434e5890cfb09734d78e17	gi|198250473|gb|EU998934.1|	91.148	100	8.11e-111	305	253309	Articulospora tetracladia	ascomycete fungi	Articulospora tetracladia
525e93e02a434e5890cfb09734d78e17	gi|195969294|gb|EU883403.1|	91.176	100	8.11e-111	306	552825	Tetracladium palmatum	ascomycete fungi	Tetracladium palmatum
525e93e02a434e5890cfb09734d78e17	gi|195969284|gb|EU883398.1|	91.176	100	8.11e-111	306	164536	Tetracladium apiense	ascomycete fungi	Tetracladium apiense
525e93e02a434e5890cfb09734d78e17	gi|1150084095|ref|NC_033907.1|	90.820	100	3.77e-109	305	655981	Pseudogymnoascus destructans	ascomycete fungi	Pseudogymnoascus destructans
525e93e02a434e5890cfb09734d78e17	gi|195969308|gb|EU883410.1|	90.820	100	3.77e-109	305	552824	Tetracladium breve	ascomycete fungi	Tetracladium breve
f66e4489378f8657abd4bddd90c2c387	gi|1812094878|ref|NC_045933.1|	99.666	98	7.66e-151	299	299206	Leucocryptos marina	cryptomonads	Leucocryptos marina
f66e4489378f8657abd4bddd90c2c387	gi|388880495|dbj|AB693966.1|	99.666	98	7.66e-151	299	299206	Leucocryptos marina	cryptomonads	Leucocryptos marina
60edd060e6d19f5d180dd5882930ee41	gi|1812094878|ref|NC_045933.1|	99.672	100	3.54e-154	305	299206	Leucocryptos marina	cryptomonads	Leucocryptos marina
60edd060e6d19f5d180dd5882930ee41	gi|388880495|dbj|AB693966.1|	99.672	100	3.54e-154	305	299206	Leucocryptos marina	cryptomonads	Leucocryptos marina
b22dc97d0605f988b11c900fe2264866	gi|1812094878|ref|NC_045933.1|	100.000	98	1.65e-152	299	299206	Leucocryptos marina	cryptomonads	Leucocryptos marina
b22dc97d0605f988b11c900fe2264866	gi|388880495|dbj|AB693966.1|	100.000	98	1.65e-152	299	299206	Leucocryptos marina	cryptomonads	Leucocryptos marina
e9793d84acc0df5e9de170adf1ec6956	gi|2698109965|gb|OQ968950.1|	93.115	100	7.99e-121	305	3132819	Stilophora sp. 1rhizodesTAS	brown algae	Stilophora sp. 1rhizodesTAS
e9793d84acc0df5e9de170adf1ec6956	gi|1331036277|dbj|LC107832.1|	92.787	100	3.72e-119	305	1535353	Cladosiphon zosterae	brown algae	Cladosiphon zosterae
e9793d84acc0df5e9de170adf1ec6956	gi|1915409824|gb|MN184410.1|	92.787	100	3.72e-119	305	329479	Spermatochnus paradoxus	brown algae	Spermatochnus paradoxus
e9793d84acc0df5e9de170adf1ec6956	gi|781787997|emb|LM995092.1|	92.459	100	1.73e-117	305	1535388	Chordariaceae sp. 10 AP-2014	brown algae	Chordariaceae sp. 10 AP-2014
e9793d84acc0df5e9de170adf1ec6956	gi|781786694|emb|LM995429.1|	92.459	100	1.73e-117	305	1535403	Chordariaceae sp. 11 AP-2014	brown algae	Chordariaceae sp. 11 AP-2014
e9793d84acc0df5e9de170adf1ec6956	gi|781786575|emb|LM995418.1|	92.459	100	1.73e-117	305	1535403	Chordariaceae sp. 11 AP-2014	brown algae	Chordariaceae sp. 11 AP-2014
e9793d84acc0df5e9de170adf1ec6956	gi|321486159|gb|HQ990576.1|	92.459	100	1.73e-117	305	27942	Haplogloia andersonii	brown algae	Haplogloia andersonii
e9793d84acc0df5e9de170adf1ec6956	gi|312857451|gb|HM891469.1|	92.459	100	1.73e-117	305	27942	Haplogloia andersonii	brown algae	Haplogloia andersonii
e9793d84acc0df5e9de170adf1ec6956	gi|1621108948|dbj|LC382487.1|	92.131	100	8.05e-116	305	185804	Myriogloea simplex	brown algae	Myriogloea simplex
e9793d84acc0df5e9de170adf1ec6956	gi|1026346537|emb|LT546265.1|	92.131	100	8.05e-116	305	68331	Laminariocolax aecidioides	brown algae	Laminariocolax aecidioides
a8b2a27eaffe48f615d39875fd30b6a8	gi|189187583|gb|EU678457.1|	94.754	100	3.67e-129	305	290615	Leohumicola verrucosa	ascomycete fungi	Leohumicola verrucosa
a8b2a27eaffe48f615d39875fd30b6a8	gi|189187581|gb|EU678456.1|	94.426	100	1.71e-127	305	290615	Leohumicola verrucosa	ascomycete fungi	Leohumicola verrucosa
a8b2a27eaffe48f615d39875fd30b6a8	gi|189187567|gb|EU678449.1|	94.426	100	1.71e-127	305	290615	Leohumicola verrucosa	ascomycete fungi	Leohumicola verrucosa
a8b2a27eaffe48f615d39875fd30b6a8	gi|189187587|gb|EU678459.1|	94.098	100	7.94e-126	305	290615	Leohumicola verrucosa	ascomycete fungi	Leohumicola verrucosa
a8b2a27eaffe48f615d39875fd30b6a8	gi|189187585|gb|EU678458.1|	94.098	100	7.94e-126	305	290615	Leohumicola verrucosa	ascomycete fungi	Leohumicola verrucosa
a8b2a27eaffe48f615d39875fd30b6a8	gi|189187505|gb|EU678418.1|	94.098	100	7.94e-126	305	290615	Leohumicola verrucosa	ascomycete fungi	Leohumicola verrucosa
a8b2a27eaffe48f615d39875fd30b6a8	gi|189187577|gb|EU678454.1|	93.770	100	3.69e-124	305	290615	Leohumicola verrucosa	ascomycete fungi	Leohumicola verrucosa
a8b2a27eaffe48f615d39875fd30b6a8	gi|189187605|gb|EU678468.1|	93.115	100	7.99e-121	305	533302	Leohumicola sp. DAOM 239516	ascomycete fungi	Leohumicola sp. DAOM 239516
a8b2a27eaffe48f615d39875fd30b6a8	gi|189187597|gb|EU678464.1|	93.115	100	7.99e-121	305	290616	Leohumicola terminalis	ascomycete fungi	Leohumicola terminalis
a8b2a27eaffe48f615d39875fd30b6a8	gi|189187601|gb|EU678466.1|	92.459	100	1.73e-117	305	290618	Leohumicola minima	ascomycete fungi	Leohumicola minima
3c6cd1f99c891edfa9ea614c50a9aa98	gi|1377543822|gb|MF040294.1|	100.000	100	7.61e-156	305	190704	Microspongium alariae	brown algae	Microspongium alariae
3c6cd1f99c891edfa9ea614c50a9aa98	gi|1377543818|gb|MF040292.1|	100.000	100	7.61e-156	305	190704	Microspongium alariae	brown algae	Microspongium alariae
3c6cd1f99c891edfa9ea614c50a9aa98	gi|781787229|emb|LM994993.1|	100.000	100	7.61e-156	305	190704	Microspongium alariae	brown algae	Microspongium alariae
3c6cd1f99c891edfa9ea614c50a9aa98	gi|1377543820|gb|MF040293.1|	99.672	100	3.54e-154	305	190704	Microspongium alariae	brown algae	Microspongium alariae
3c6cd1f99c891edfa9ea614c50a9aa98	gi|1605304296|gb|MH482491.1|	99.016	100	7.66e-151	305	190704	Microspongium alariae	brown algae	Microspongium alariae
3c6cd1f99c891edfa9ea614c50a9aa98	gi|1992809395|gb|MT766285.1|	97.705	100	3.59e-144	305	133515	Microspongium globosum	brown algae	Microspongium globosum
3c6cd1f99c891edfa9ea614c50a9aa98	gi|2047731760|gb|MT520140.1|	96.721	100	3.61e-139	305	133515	Microspongium globosum	brown algae	Microspongium globosum
3c6cd1f99c891edfa9ea614c50a9aa98	gi|1778134147|gb|MN052860.1|	96.066	100	7.82e-136	305	190706	Microspongium tenuissimum	brown algae	Microspongium tenuissimum
3c6cd1f99c891edfa9ea614c50a9aa98	gi|2724610371|gb|PP731881.1|	96.066	100	7.82e-136	305	190706	Microspongium tenuissimum	brown algae	Microspongium tenuissimum
3c6cd1f99c891edfa9ea614c50a9aa98	gi|781788932|emb|LM995205.1|	96.066	100	7.82e-136	305	190706	Microspongium tenuissimum	brown algae	Microspongium tenuissimum
f0568ae78450f979ad466f0151d602f3	gi|1567432557|gb|MH310041.1|	100.000	100	7.61e-156	305	2893	Petalonia fascia	brown algae	Petalonia fascia
f0568ae78450f979ad466f0151d602f3	gi|1567432399|gb|MH309962.1|	100.000	100	7.61e-156	305	2893	Petalonia fascia	brown algae	Petalonia fascia
f0568ae78450f979ad466f0151d602f3	gi|1567432379|gb|MH309952.1|	100.000	100	7.61e-156	305	2893	Petalonia fascia	brown algae	Petalonia fascia
f0568ae78450f979ad466f0151d602f3	gi|1567432267|gb|MH309896.1|	100.000	100	7.61e-156	305	2893	Petalonia fascia	brown algae	Petalonia fascia
f0568ae78450f979ad466f0151d602f3	gi|1567432211|gb|MH309868.1|	100.000	100	7.61e-156	305	2893	Petalonia fascia	brown algae	Petalonia fascia
f0568ae78450f979ad466f0151d602f3	gi|1567432189|gb|MH309857.1|	100.000	100	7.61e-156	305	2893	Petalonia fascia	brown algae	Petalonia fascia
f0568ae78450f979ad466f0151d602f3	gi|1567432163|gb|MH309844.1|	100.000	100	7.61e-156	305	2893	Petalonia fascia	brown algae	Petalonia fascia
f0568ae78450f979ad466f0151d602f3	gi|1567431965|gb|MH309745.1|	100.000	100	7.61e-156	305	2893	Petalonia fascia	brown algae	Petalonia fascia
f0568ae78450f979ad466f0151d602f3	gi|1567431885|gb|MH309705.1|	100.000	100	7.61e-156	305	2893	Petalonia fascia	brown algae	Petalonia fascia
f0568ae78450f979ad466f0151d602f3	gi|1567431877|gb|MH309701.1|	100.000	100	7.61e-156	305	2893	Petalonia fascia	brown algae	Petalonia fascia
c28e9516380750206e1f744586edc799	gi|781789166|emb|LM995243.1|	100.000	100	7.61e-156	305	86898	Myrionema strangulans	brown algae	Myrionema strangulans
c28e9516380750206e1f744586edc799	gi|781788974|emb|LM995213.1|	100.000	100	7.61e-156	305	86898	Myrionema strangulans	brown algae	Myrionema strangulans
c28e9516380750206e1f744586edc799	gi|781788907|emb|LM995201.1|	100.000	100	7.61e-156	305	86898	Myrionema strangulans	brown algae	Myrionema strangulans
c28e9516380750206e1f744586edc799	gi|781788839|emb|LM995190.1|	100.000	100	7.61e-156	305	86898	Myrionema strangulans	brown algae	Myrionema strangulans
c28e9516380750206e1f744586edc799	gi|781788606|emb|LM995161.1|	100.000	100	7.61e-156	305	86898	Myrionema strangulans	brown algae	Myrionema strangulans
c28e9516380750206e1f744586edc799	gi|781788451|emb|LM995144.1|	100.000	100	7.61e-156	305	86898	Myrionema strangulans	brown algae	Myrionema strangulans
c28e9516380750206e1f744586edc799	gi|781788319|emb|LM995127.1|	100.000	100	7.61e-156	305	86898	Myrionema strangulans	brown algae	Myrionema strangulans
c28e9516380750206e1f744586edc799	gi|781788301|emb|LM995125.1|	100.000	100	7.61e-156	305	86898	Myrionema strangulans	brown algae	Myrionema strangulans
c28e9516380750206e1f744586edc799	gi|781787882|emb|LM995077.1|	100.000	100	7.61e-156	305	86898	Myrionema strangulans	brown algae	Myrionema strangulans
c28e9516380750206e1f744586edc799	gi|781787876|emb|LM995076.1|	100.000	100	7.61e-156	305	86898	Myrionema strangulans	brown algae	Myrionema strangulans
b1dd49a336279131000654dce8f6618c	gi|1377543824|gb|MF040295.1|	100.000	100	7.61e-156	305	190705	Microspongium radians	brown algae	Microspongium radians
b1dd49a336279131000654dce8f6618c	gi|781788414|emb|LM995138.1|	100.000	100	7.61e-156	305	190706	Microspongium tenuissimum	brown algae	Microspongium tenuissimum
b1dd49a336279131000654dce8f6618c	gi|781787221|emb|LM994992.1|	100.000	100	7.61e-156	305	190706	Microspongium tenuissimum	brown algae	Microspongium tenuissimum
b1dd49a336279131000654dce8f6618c	gi|1778134147|gb|MN052860.1|	99.344	100	1.65e-152	305	190706	Microspongium tenuissimum	brown algae	Microspongium tenuissimum
b1dd49a336279131000654dce8f6618c	gi|2724610371|gb|PP731881.1|	99.344	100	1.65e-152	305	190706	Microspongium tenuissimum	brown algae	Microspongium tenuissimum
b1dd49a336279131000654dce8f6618c	gi|2724610369|gb|PP731880.1|	99.669	99	1.65e-152	302	190706	Microspongium tenuissimum	brown algae	Microspongium tenuissimum
b1dd49a336279131000654dce8f6618c	gi|781789933|emb|LM995327.1|	99.344	100	1.65e-152	305	190706	Microspongium tenuissimum	brown algae	Microspongium tenuissimum
b1dd49a336279131000654dce8f6618c	gi|781788932|emb|LM995205.1|	99.344	100	1.65e-152	305	190706	Microspongium tenuissimum	brown algae	Microspongium tenuissimum
b1dd49a336279131000654dce8f6618c	gi|781788470|emb|LM995146.1|	99.344	100	1.65e-152	305	190706	Microspongium tenuissimum	brown algae	Microspongium tenuissimum
b1dd49a336279131000654dce8f6618c	gi|781788348|emb|LM995130.1|	99.344	100	1.65e-152	305	190706	Microspongium tenuissimum	brown algae	Microspongium tenuissimum
e431dfaa715faffc07fb027c6cae6513	gi|1567431229|gb|MH309377.1|	99.672	100	3.54e-154	305	1240995	Pylaiella washingtoniensis	brown algae	Pylaiella washingtoniensis
e431dfaa715faffc07fb027c6cae6513	gi|1567430399|gb|MH308962.1|	99.672	100	3.54e-154	305	1240995	Pylaiella washingtoniensis	brown algae	Pylaiella washingtoniensis
e431dfaa715faffc07fb027c6cae6513	gi|1567430193|gb|MH308859.1|	99.672	100	3.54e-154	305	1240995	Pylaiella washingtoniensis	brown algae	Pylaiella washingtoniensis
e431dfaa715faffc07fb027c6cae6513	gi|1567430103|gb|MH308814.1|	99.672	100	3.54e-154	305	1240995	Pylaiella washingtoniensis	brown algae	Pylaiella washingtoniensis
e431dfaa715faffc07fb027c6cae6513	gi|1567432617|gb|MH310071.1|	99.344	100	1.65e-152	305	1240995	Pylaiella washingtoniensis	brown algae	Pylaiella washingtoniensis
e431dfaa715faffc07fb027c6cae6513	gi|1567432383|gb|MH309954.1|	99.344	100	1.65e-152	305	1240995	Pylaiella washingtoniensis	brown algae	Pylaiella washingtoniensis
e431dfaa715faffc07fb027c6cae6513	gi|1567432349|gb|MH309937.1|	99.344	100	1.65e-152	305	1240995	Pylaiella washingtoniensis	brown algae	Pylaiella washingtoniensis
e431dfaa715faffc07fb027c6cae6513	gi|1567432335|gb|MH309930.1|	99.344	100	1.65e-152	305	1240995	Pylaiella washingtoniensis	brown algae	Pylaiella washingtoniensis
e431dfaa715faffc07fb027c6cae6513	gi|1567432303|gb|MH309914.1|	99.344	100	1.65e-152	305	1240995	Pylaiella washingtoniensis	brown algae	Pylaiella washingtoniensis
e431dfaa715faffc07fb027c6cae6513	gi|1567432277|gb|MH309901.1|	99.344	100	1.65e-152	305	1240995	Pylaiella washingtoniensis	brown algae	Pylaiella washingtoniensis
adc5a26aaa0b48d19376b5171fef50da	gi|1567431229|gb|MH309377.1|	100.000	100	7.61e-156	305	1240995	Pylaiella washingtoniensis	brown algae	Pylaiella washingtoniensis
adc5a26aaa0b48d19376b5171fef50da	gi|1567430399|gb|MH308962.1|	100.000	100	7.61e-156	305	1240995	Pylaiella washingtoniensis	brown algae	Pylaiella washingtoniensis
adc5a26aaa0b48d19376b5171fef50da	gi|1567430193|gb|MH308859.1|	100.000	100	7.61e-156	305	1240995	Pylaiella washingtoniensis	brown algae	Pylaiella washingtoniensis
adc5a26aaa0b48d19376b5171fef50da	gi|1567430103|gb|MH308814.1|	100.000	100	7.61e-156	305	1240995	Pylaiella washingtoniensis	brown algae	Pylaiella washingtoniensis
adc5a26aaa0b48d19376b5171fef50da	gi|1567432617|gb|MH310071.1|	99.672	100	3.54e-154	305	1240995	Pylaiella washingtoniensis	brown algae	Pylaiella washingtoniensis
adc5a26aaa0b48d19376b5171fef50da	gi|1567432383|gb|MH309954.1|	99.672	100	3.54e-154	305	1240995	Pylaiella washingtoniensis	brown algae	Pylaiella washingtoniensis
adc5a26aaa0b48d19376b5171fef50da	gi|1567432349|gb|MH309937.1|	99.672	100	3.54e-154	305	1240995	Pylaiella washingtoniensis	brown algae	Pylaiella washingtoniensis
adc5a26aaa0b48d19376b5171fef50da	gi|1567432335|gb|MH309930.1|	99.672	100	3.54e-154	305	1240995	Pylaiella washingtoniensis	brown algae	Pylaiella washingtoniensis
adc5a26aaa0b48d19376b5171fef50da	gi|1567432303|gb|MH309914.1|	99.672	100	3.54e-154	305	1240995	Pylaiella washingtoniensis	brown algae	Pylaiella washingtoniensis
adc5a26aaa0b48d19376b5171fef50da	gi|1567432277|gb|MH309901.1|	99.672	100	3.54e-154	305	1240995	Pylaiella washingtoniensis	brown algae	Pylaiella washingtoniensis
e47f17556651c5642c37a58ba497a930	gi|1377543822|gb|MF040294.1|	99.672	100	3.54e-154	305	190704	Microspongium alariae	brown algae	Microspongium alariae
e47f17556651c5642c37a58ba497a930	gi|1377543818|gb|MF040292.1|	99.672	100	3.54e-154	305	190704	Microspongium alariae	brown algae	Microspongium alariae
e47f17556651c5642c37a58ba497a930	gi|781787229|emb|LM994993.1|	99.672	100	3.54e-154	305	190704	Microspongium alariae	brown algae	Microspongium alariae
e47f17556651c5642c37a58ba497a930	gi|1377543820|gb|MF040293.1|	99.344	100	1.65e-152	305	190704	Microspongium alariae	brown algae	Microspongium alariae
e47f17556651c5642c37a58ba497a930	gi|1605304296|gb|MH482491.1|	98.689	100	3.56e-149	305	190704	Microspongium alariae	brown algae	Microspongium alariae
e47f17556651c5642c37a58ba497a930	gi|1992809395|gb|MT766285.1|	97.377	100	1.67e-142	305	133515	Microspongium globosum	brown algae	Microspongium globosum
e47f17556651c5642c37a58ba497a930	gi|1778134147|gb|MN052860.1|	96.393	100	1.68e-137	305	190706	Microspongium tenuissimum	brown algae	Microspongium tenuissimum
e47f17556651c5642c37a58ba497a930	gi|2724610371|gb|PP731881.1|	96.393	100	1.68e-137	305	190706	Microspongium tenuissimum	brown algae	Microspongium tenuissimum
e47f17556651c5642c37a58ba497a930	gi|781788932|emb|LM995205.1|	96.393	100	1.68e-137	305	190706	Microspongium tenuissimum	brown algae	Microspongium tenuissimum
e47f17556651c5642c37a58ba497a930	gi|2047731760|gb|MT520140.1|	96.393	100	1.68e-137	305	133515	Microspongium globosum	brown algae	Microspongium globosum
431cd90a3a2b112b1af0cbb1ce732df6	gi|1567431835|gb|MH309680.1|	100.000	100	7.61e-156	305	52969	Ascophyllum nodosum	brown algae	Ascophyllum nodosum
431cd90a3a2b112b1af0cbb1ce732df6	gi|1567431553|gb|MH309539.1|	100.000	100	7.61e-156	305	52969	Ascophyllum nodosum	brown algae	Ascophyllum nodosum
431cd90a3a2b112b1af0cbb1ce732df6	gi|1567431487|gb|MH309506.1|	100.000	100	7.61e-156	305	52969	Ascophyllum nodosum	brown algae	Ascophyllum nodosum
431cd90a3a2b112b1af0cbb1ce732df6	gi|927028492|emb|LN877855.1|	100.000	100	7.61e-156	305	52969	Ascophyllum nodosum	brown algae	Ascophyllum nodosum
431cd90a3a2b112b1af0cbb1ce732df6	gi|927028482|emb|LN877850.1|	100.000	100	7.61e-156	305	52969	Ascophyllum nodosum	brown algae	Ascophyllum nodosum
431cd90a3a2b112b1af0cbb1ce732df6	gi|927028251|emb|LN877866.1|	100.000	100	7.61e-156	305	52969	Ascophyllum nodosum	brown algae	Ascophyllum nodosum
431cd90a3a2b112b1af0cbb1ce732df6	gi|927028243|emb|LN877862.1|	100.000	100	7.61e-156	305	52969	Ascophyllum nodosum	brown algae	Ascophyllum nodosum
431cd90a3a2b112b1af0cbb1ce732df6	gi|927028235|emb|LN877858.1|	100.000	100	7.61e-156	305	52969	Ascophyllum nodosum	brown algae	Ascophyllum nodosum
431cd90a3a2b112b1af0cbb1ce732df6	gi|195984722|gb|EU681390.1|	100.000	100	7.61e-156	305	52969	Ascophyllum nodosum	brown algae	Ascophyllum nodosum
431cd90a3a2b112b1af0cbb1ce732df6	gi|189308168|gb|EU579862.1|	100.000	100	7.61e-156	305	52969	Ascophyllum nodosum	brown algae	Ascophyllum nodosum
669bc54abcbb9eb51d1c87e78b163643	gi|1377537870|gb|MG922856.1|	100.000	100	7.61e-156	305	87149	Fucus spiralis	brown algae	Fucus spiralis
669bc54abcbb9eb51d1c87e78b163643	gi|1337017417|gb|KY682971.1|	100.000	100	7.61e-156	305	87150	Fucus virsoides	brown algae	Fucus virsoides
669bc54abcbb9eb51d1c87e78b163643	gi|2654353009|gb|OR944632.1|	100.000	100	7.61e-156	305	87149	Fucus spiralis	brown algae	Fucus spiralis
669bc54abcbb9eb51d1c87e78b163643	gi|927028484|emb|LN877851.1|	100.000	100	7.61e-156	305	87149	Fucus spiralis	brown algae	Fucus spiralis
669bc54abcbb9eb51d1c87e78b163643	gi|927028460|emb|LN877839.1|	100.000	100	7.61e-156	305	49266	Fucus vesiculosus	brown algae	Fucus vesiculosus
669bc54abcbb9eb51d1c87e78b163643	gi|927028265|emb|LN877873.1|	100.000	100	7.61e-156	305	87149	Fucus spiralis	brown algae	Fucus spiralis
669bc54abcbb9eb51d1c87e78b163643	gi|927028249|emb|LN877865.1|	100.000	100	7.61e-156	305	49266	Fucus vesiculosus	brown algae	Fucus vesiculosus
669bc54abcbb9eb51d1c87e78b163643	gi|2293410673|gb|MZ892924.1|	100.000	100	7.61e-156	305	87149	Fucus spiralis	brown algae	Fucus spiralis
669bc54abcbb9eb51d1c87e78b163643	gi|2293410669|gb|MZ892922.1|	100.000	100	7.61e-156	305	87149	Fucus spiralis	brown algae	Fucus spiralis
669bc54abcbb9eb51d1c87e78b163643	gi|2293410661|gb|MZ892918.1|	100.000	100	7.61e-156	305	87149	Fucus spiralis	brown algae	Fucus spiralis
a9113cb543e3100e00d74ac2c3dd7c33	gi|1247177207|gb|KY572744.1|	100.000	100	7.61e-156	305	80365	Laminaria digitata	brown algae	Laminaria digitata
a9113cb543e3100e00d74ac2c3dd7c33	gi|1247177125|gb|KY572703.1|	100.000	100	7.61e-156	305	80365	Laminaria digitata	brown algae	Laminaria digitata
a9113cb543e3100e00d74ac2c3dd7c33	gi|1247176901|gb|KY572591.1|	100.000	100	7.61e-156	305	80365	Laminaria digitata	brown algae	Laminaria digitata
a9113cb543e3100e00d74ac2c3dd7c33	gi|1247176737|gb|KY572509.1|	100.000	100	7.61e-156	305	80365	Laminaria digitata	brown algae	Laminaria digitata
a9113cb543e3100e00d74ac2c3dd7c33	gi|1247176693|gb|KY572487.1|	100.000	100	7.61e-156	305	80365	Laminaria digitata	brown algae	Laminaria digitata
a9113cb543e3100e00d74ac2c3dd7c33	gi|1247176667|gb|KY572474.1|	100.000	100	7.61e-156	305	80365	Laminaria digitata	brown algae	Laminaria digitata
a9113cb543e3100e00d74ac2c3dd7c33	gi|1247176621|gb|KY572451.1|	100.000	100	7.61e-156	305	80365	Laminaria digitata	brown algae	Laminaria digitata
a9113cb543e3100e00d74ac2c3dd7c33	gi|1247176449|gb|KY572365.1|	100.000	100	7.61e-156	305	80365	Laminaria digitata	brown algae	Laminaria digitata
a9113cb543e3100e00d74ac2c3dd7c33	gi|1247176285|gb|KY572283.1|	100.000	100	7.61e-156	305	80365	Laminaria digitata	brown algae	Laminaria digitata
a9113cb543e3100e00d74ac2c3dd7c33	gi|1247176033|gb|KY572157.1|	100.000	100	7.61e-156	305	80365	Laminaria digitata	brown algae	Laminaria digitata
3268dc0e8e5c6d9f0a605625c44fa12c	gi|542687530|ref|NC_022256.1|	92.131	100	8.05e-116	305	120807	Nannochloropsis limnetica	eukaryotes	Nannochloropsis limnetica
3268dc0e8e5c6d9f0a605625c44fa12c	gi|2913888|dbj|AB000207.1|	92.131	100	8.05e-116	305	73015	Monodus sp. CCMP505	yellow-green algae	Monodus sp. CCMP505
3268dc0e8e5c6d9f0a605625c44fa12c	gi|1974872445|gb|MT872229.1|	91.803	100	3.74e-114	305	120807	Nannochloropsis limnetica	eukaryotes	Nannochloropsis limnetica
3268dc0e8e5c6d9f0a605625c44fa12c	gi|1974872281|gb|MT872228.1|	91.803	100	3.74e-114	305	120807	Nannochloropsis limnetica	eukaryotes	Nannochloropsis limnetica
3268dc0e8e5c6d9f0a605625c44fa12c	gi|1974872245|gb|MT872227.1|	91.803	100	3.74e-114	305	120807	Nannochloropsis limnetica	eukaryotes	Nannochloropsis limnetica
3268dc0e8e5c6d9f0a605625c44fa12c	gi|1974872481|gb|MT872230.1|	91.148	100	8.11e-111	305	120807	Nannochloropsis limnetica	eukaryotes	Nannochloropsis limnetica
8506d602b47eac4facf4d65e8f74b9a6	gi|613433060|gb|KJ410686.1|	99.672	100	3.54e-154	305	72520	Nannochloropsis gaditana	eukaryotes	Nannochloropsis gaditana
8506d602b47eac4facf4d65e8f74b9a6	gi|613433060|gb|KJ410686.1|	98.361	100	1.66e-147	305	72520	Nannochloropsis gaditana	eukaryotes	Nannochloropsis gaditana
8506d602b47eac4facf4d65e8f74b9a6	gi|472833824|gb|KC568461.1|	99.672	100	3.54e-154	305	72520	Nannochloropsis gaditana	eukaryotes	Nannochloropsis gaditana
8506d602b47eac4facf4d65e8f74b9a6	gi|472833824|gb|KC568461.1|	98.361	100	1.66e-147	305	72520	Nannochloropsis gaditana	eukaryotes	Nannochloropsis gaditana
8506d602b47eac4facf4d65e8f74b9a6	gi|542687590|ref|NC_022257.1|	99.672	100	3.54e-154	305	43925	Nannochloropsis oculata	eukaryotes	Nannochloropsis oculata
8506d602b47eac4facf4d65e8f74b9a6	gi|435856261|ref|NC_020015.1|	99.672	100	3.54e-154	305	72520	Nannochloropsis gaditana	eukaryotes	Nannochloropsis gaditana
8506d602b47eac4facf4d65e8f74b9a6	gi|435856261|ref|NC_020015.1|	98.361	100	1.66e-147	305	72520	Nannochloropsis gaditana	eukaryotes	Nannochloropsis gaditana
8506d602b47eac4facf4d65e8f74b9a6	gi|613433192|gb|KJ410689.1|	97.377	100	1.67e-142	305	2511165	Microchloropsis salina	eukaryotes	Microchloropsis salina
8506d602b47eac4facf4d65e8f74b9a6	gi|613433192|gb|KJ410689.1|	97.049	100	7.77e-141	305	2511165	Microchloropsis salina	eukaryotes	Microchloropsis salina
8506d602b47eac4facf4d65e8f74b9a6	gi|542687472|ref|NC_022255.1|	97.377	100	1.67e-142	305	2511165	Microchloropsis salina	eukaryotes	Microchloropsis salina
8506d602b47eac4facf4d65e8f74b9a6	gi|542687472|ref|NC_022255.1|	97.049	100	7.77e-141	305	2511165	Microchloropsis salina	eukaryotes	Microchloropsis salina
8506d602b47eac4facf4d65e8f74b9a6	gi|542687530|ref|NC_022256.1|	90.066	99	3.80e-104	302	120807	Nannochloropsis limnetica	eukaryotes	Nannochloropsis limnetica
8506d602b47eac4facf4d65e8f74b9a6	gi|1974872481|gb|MT872230.1|	90.066	99	3.80e-104	302	120807	Nannochloropsis limnetica	eukaryotes	Nannochloropsis limnetica
8506d602b47eac4facf4d65e8f74b9a6	gi|1974872445|gb|MT872229.1|	90.066	99	3.80e-104	302	120807	Nannochloropsis limnetica	eukaryotes	Nannochloropsis limnetica
8506d602b47eac4facf4d65e8f74b9a6	gi|1974872281|gb|MT872228.1|	90.066	99	3.80e-104	302	120807	Nannochloropsis limnetica	eukaryotes	Nannochloropsis limnetica
83d06e9e6137396c739ece91262ae85c	gi|613433060|gb|KJ410686.1|	100.000	100	7.61e-156	305	72520	Nannochloropsis gaditana	eukaryotes	Nannochloropsis gaditana
83d06e9e6137396c739ece91262ae85c	gi|613433060|gb|KJ410686.1|	98.689	100	3.56e-149	305	72520	Nannochloropsis gaditana	eukaryotes	Nannochloropsis gaditana
83d06e9e6137396c739ece91262ae85c	gi|472833824|gb|KC568461.1|	100.000	100	7.61e-156	305	72520	Nannochloropsis gaditana	eukaryotes	Nannochloropsis gaditana
83d06e9e6137396c739ece91262ae85c	gi|472833824|gb|KC568461.1|	98.689	100	3.56e-149	305	72520	Nannochloropsis gaditana	eukaryotes	Nannochloropsis gaditana
83d06e9e6137396c739ece91262ae85c	gi|542687590|ref|NC_022257.1|	100.000	100	7.61e-156	305	43925	Nannochloropsis oculata	eukaryotes	Nannochloropsis oculata
83d06e9e6137396c739ece91262ae85c	gi|435856261|ref|NC_020015.1|	100.000	100	7.61e-156	305	72520	Nannochloropsis gaditana	eukaryotes	Nannochloropsis gaditana
83d06e9e6137396c739ece91262ae85c	gi|435856261|ref|NC_020015.1|	98.689	100	3.56e-149	305	72520	Nannochloropsis gaditana	eukaryotes	Nannochloropsis gaditana
83d06e9e6137396c739ece91262ae85c	gi|613433192|gb|KJ410689.1|	97.705	100	3.59e-144	305	2511165	Microchloropsis salina	eukaryotes	Microchloropsis salina
83d06e9e6137396c739ece91262ae85c	gi|613433192|gb|KJ410689.1|	97.377	100	1.67e-142	305	2511165	Microchloropsis salina	eukaryotes	Microchloropsis salina
83d06e9e6137396c739ece91262ae85c	gi|542687472|ref|NC_022255.1|	97.705	100	3.59e-144	305	2511165	Microchloropsis salina	eukaryotes	Microchloropsis salina
83d06e9e6137396c739ece91262ae85c	gi|542687472|ref|NC_022255.1|	97.377	100	1.67e-142	305	2511165	Microchloropsis salina	eukaryotes	Microchloropsis salina
83d06e9e6137396c739ece91262ae85c	gi|542687530|ref|NC_022256.1|	90.397	99	8.16e-106	302	120807	Nannochloropsis limnetica	eukaryotes	Nannochloropsis limnetica
83d06e9e6137396c739ece91262ae85c	gi|1974872481|gb|MT872230.1|	90.397	99	8.16e-106	302	120807	Nannochloropsis limnetica	eukaryotes	Nannochloropsis limnetica
83d06e9e6137396c739ece91262ae85c	gi|1974872445|gb|MT872229.1|	90.397	99	8.16e-106	302	120807	Nannochloropsis limnetica	eukaryotes	Nannochloropsis limnetica
83d06e9e6137396c739ece91262ae85c	gi|1974872281|gb|MT872228.1|	90.397	99	8.16e-106	302	120807	Nannochloropsis limnetica	eukaryotes	Nannochloropsis limnetica
3b4cf8bc2f335c7f0b670aa99ce099ed	gi|613433060|gb|KJ410686.1|	99.672	100	3.54e-154	305	72520	Nannochloropsis gaditana	eukaryotes	Nannochloropsis gaditana
3b4cf8bc2f335c7f0b670aa99ce099ed	gi|613433060|gb|KJ410686.1|	99.016	100	7.66e-151	305	72520	Nannochloropsis gaditana	eukaryotes	Nannochloropsis gaditana
3b4cf8bc2f335c7f0b670aa99ce099ed	gi|472833824|gb|KC568461.1|	99.672	100	3.54e-154	305	72520	Nannochloropsis gaditana	eukaryotes	Nannochloropsis gaditana
3b4cf8bc2f335c7f0b670aa99ce099ed	gi|472833824|gb|KC568461.1|	99.016	100	7.66e-151	305	72520	Nannochloropsis gaditana	eukaryotes	Nannochloropsis gaditana
3b4cf8bc2f335c7f0b670aa99ce099ed	gi|542687590|ref|NC_022257.1|	99.672	100	3.54e-154	305	43925	Nannochloropsis oculata	eukaryotes	Nannochloropsis oculata
3b4cf8bc2f335c7f0b670aa99ce099ed	gi|435856261|ref|NC_020015.1|	99.672	100	3.54e-154	305	72520	Nannochloropsis gaditana	eukaryotes	Nannochloropsis gaditana
3b4cf8bc2f335c7f0b670aa99ce099ed	gi|435856261|ref|NC_020015.1|	99.016	100	7.66e-151	305	72520	Nannochloropsis gaditana	eukaryotes	Nannochloropsis gaditana
3b4cf8bc2f335c7f0b670aa99ce099ed	gi|613433192|gb|KJ410689.1|	98.033	100	7.71e-146	305	2511165	Microchloropsis salina	eukaryotes	Microchloropsis salina
3b4cf8bc2f335c7f0b670aa99ce099ed	gi|613433192|gb|KJ410689.1|	97.705	100	3.59e-144	305	2511165	Microchloropsis salina	eukaryotes	Microchloropsis salina
3b4cf8bc2f335c7f0b670aa99ce099ed	gi|542687472|ref|NC_022255.1|	98.033	100	7.71e-146	305	2511165	Microchloropsis salina	eukaryotes	Microchloropsis salina
3b4cf8bc2f335c7f0b670aa99ce099ed	gi|542687472|ref|NC_022255.1|	97.705	100	3.59e-144	305	2511165	Microchloropsis salina	eukaryotes	Microchloropsis salina
3b4cf8bc2f335c7f0b670aa99ce099ed	gi|542687530|ref|NC_022256.1|	90.728	99	1.75e-107	302	120807	Nannochloropsis limnetica	eukaryotes	Nannochloropsis limnetica
3b4cf8bc2f335c7f0b670aa99ce099ed	gi|1974872481|gb|MT872230.1|	90.728	99	1.75e-107	302	120807	Nannochloropsis limnetica	eukaryotes	Nannochloropsis limnetica
3b4cf8bc2f335c7f0b670aa99ce099ed	gi|1974872445|gb|MT872229.1|	90.728	99	1.75e-107	302	120807	Nannochloropsis limnetica	eukaryotes	Nannochloropsis limnetica
3b4cf8bc2f335c7f0b670aa99ce099ed	gi|1974872281|gb|MT872228.1|	90.728	99	1.75e-107	302	120807	Nannochloropsis limnetica	eukaryotes	Nannochloropsis limnetica
57a42679bfa2dd64ec5f6aef2045e71f	gi|613433060|gb|KJ410686.1|	99.672	100	3.54e-154	305	72520	Nannochloropsis gaditana	eukaryotes	Nannochloropsis gaditana
57a42679bfa2dd64ec5f6aef2045e71f	gi|613433060|gb|KJ410686.1|	98.361	100	1.66e-147	305	72520	Nannochloropsis gaditana	eukaryotes	Nannochloropsis gaditana
57a42679bfa2dd64ec5f6aef2045e71f	gi|472833824|gb|KC568461.1|	99.672	100	3.54e-154	305	72520	Nannochloropsis gaditana	eukaryotes	Nannochloropsis gaditana
57a42679bfa2dd64ec5f6aef2045e71f	gi|472833824|gb|KC568461.1|	98.361	100	1.66e-147	305	72520	Nannochloropsis gaditana	eukaryotes	Nannochloropsis gaditana
57a42679bfa2dd64ec5f6aef2045e71f	gi|435856261|ref|NC_020015.1|	99.672	100	3.54e-154	305	72520	Nannochloropsis gaditana	eukaryotes	Nannochloropsis gaditana
57a42679bfa2dd64ec5f6aef2045e71f	gi|435856261|ref|NC_020015.1|	98.361	100	1.66e-147	305	72520	Nannochloropsis gaditana	eukaryotes	Nannochloropsis gaditana
57a42679bfa2dd64ec5f6aef2045e71f	gi|613433192|gb|KJ410689.1|	98.689	100	3.56e-149	305	2511165	Microchloropsis salina	eukaryotes	Microchloropsis salina
57a42679bfa2dd64ec5f6aef2045e71f	gi|613433192|gb|KJ410689.1|	97.705	100	3.59e-144	305	2511165	Microchloropsis salina	eukaryotes	Microchloropsis salina
57a42679bfa2dd64ec5f6aef2045e71f	gi|542687472|ref|NC_022255.1|	98.689	100	3.56e-149	305	2511165	Microchloropsis salina	eukaryotes	Microchloropsis salina
57a42679bfa2dd64ec5f6aef2045e71f	gi|542687472|ref|NC_022255.1|	97.705	100	3.59e-144	305	2511165	Microchloropsis salina	eukaryotes	Microchloropsis salina
57a42679bfa2dd64ec5f6aef2045e71f	gi|542687590|ref|NC_022257.1|	98.361	100	1.66e-147	305	43925	Nannochloropsis oculata	eukaryotes	Nannochloropsis oculata
57a42679bfa2dd64ec5f6aef2045e71f	gi|542687530|ref|NC_022256.1|	90.728	99	1.75e-107	302	120807	Nannochloropsis limnetica	eukaryotes	Nannochloropsis limnetica
57a42679bfa2dd64ec5f6aef2045e71f	gi|1974872481|gb|MT872230.1|	90.728	99	1.75e-107	302	120807	Nannochloropsis limnetica	eukaryotes	Nannochloropsis limnetica
57a42679bfa2dd64ec5f6aef2045e71f	gi|1974872445|gb|MT872229.1|	90.728	99	1.75e-107	302	120807	Nannochloropsis limnetica	eukaryotes	Nannochloropsis limnetica
57a42679bfa2dd64ec5f6aef2045e71f	gi|1974872281|gb|MT872228.1|	90.728	99	1.75e-107	302	120807	Nannochloropsis limnetica	eukaryotes	Nannochloropsis limnetica
ec3131d39b6faa74b61c5989562a5d37	gi|613433060|gb|KJ410686.1|	100.000	100	7.61e-156	305	72520	Nannochloropsis gaditana	eukaryotes	Nannochloropsis gaditana
ec3131d39b6faa74b61c5989562a5d37	gi|613433060|gb|KJ410686.1|	98.689	100	3.56e-149	305	72520	Nannochloropsis gaditana	eukaryotes	Nannochloropsis gaditana
ec3131d39b6faa74b61c5989562a5d37	gi|472833824|gb|KC568461.1|	100.000	100	7.61e-156	305	72520	Nannochloropsis gaditana	eukaryotes	Nannochloropsis gaditana
ec3131d39b6faa74b61c5989562a5d37	gi|472833824|gb|KC568461.1|	98.689	100	3.56e-149	305	72520	Nannochloropsis gaditana	eukaryotes	Nannochloropsis gaditana
ec3131d39b6faa74b61c5989562a5d37	gi|435856261|ref|NC_020015.1|	100.000	100	7.61e-156	305	72520	Nannochloropsis gaditana	eukaryotes	Nannochloropsis gaditana
ec3131d39b6faa74b61c5989562a5d37	gi|435856261|ref|NC_020015.1|	98.689	100	3.56e-149	305	72520	Nannochloropsis gaditana	eukaryotes	Nannochloropsis gaditana
ec3131d39b6faa74b61c5989562a5d37	gi|613433192|gb|KJ410689.1|	99.016	100	7.66e-151	305	2511165	Microchloropsis salina	eukaryotes	Microchloropsis salina
ec3131d39b6faa74b61c5989562a5d37	gi|613433192|gb|KJ410689.1|	98.033	100	7.71e-146	305	2511165	Microchloropsis salina	eukaryotes	Microchloropsis salina
ec3131d39b6faa74b61c5989562a5d37	gi|542687472|ref|NC_022255.1|	99.016	100	7.66e-151	305	2511165	Microchloropsis salina	eukaryotes	Microchloropsis salina
ec3131d39b6faa74b61c5989562a5d37	gi|542687472|ref|NC_022255.1|	98.033	100	7.71e-146	305	2511165	Microchloropsis salina	eukaryotes	Microchloropsis salina
ec3131d39b6faa74b61c5989562a5d37	gi|542687590|ref|NC_022257.1|	98.689	100	3.56e-149	305	43925	Nannochloropsis oculata	eukaryotes	Nannochloropsis oculata
ec3131d39b6faa74b61c5989562a5d37	gi|542687530|ref|NC_022256.1|	91.060	99	3.77e-109	302	120807	Nannochloropsis limnetica	eukaryotes	Nannochloropsis limnetica
ec3131d39b6faa74b61c5989562a5d37	gi|1974872481|gb|MT872230.1|	91.060	99	3.77e-109	302	120807	Nannochloropsis limnetica	eukaryotes	Nannochloropsis limnetica
ec3131d39b6faa74b61c5989562a5d37	gi|1974872445|gb|MT872229.1|	91.060	99	3.77e-109	302	120807	Nannochloropsis limnetica	eukaryotes	Nannochloropsis limnetica
ec3131d39b6faa74b61c5989562a5d37	gi|1974872281|gb|MT872228.1|	91.060	99	3.77e-109	302	120807	Nannochloropsis limnetica	eukaryotes	Nannochloropsis limnetica
861d5810eae486f127fac40dc4504659	gi|542687420|ref|NC_022254.1|	100.000	100	7.61e-156	305	43926	Nannochloropsis granulata	eukaryotes	Nannochloropsis granulata
861d5810eae486f127fac40dc4504659	gi|613433150|gb|KJ410688.1|	95.738	100	3.64e-134	305	43925	Nannochloropsis oculata	eukaryotes	Nannochloropsis oculata
861d5810eae486f127fac40dc4504659	gi|2913874|dbj|AB000209.1|	95.738	100	3.64e-134	305	43925	Nannochloropsis oculata	eukaryotes	Nannochloropsis oculata
861d5810eae486f127fac40dc4504659	gi|1761192552|gb|CP044615.1|	94.426	100	1.71e-127	305	145522	Nannochloropsis oceanica	eukaryotes	Nannochloropsis oceanica
861d5810eae486f127fac40dc4504659	gi|1761192520|gb|CP044583.1|	94.426	100	1.71e-127	305	145522	Nannochloropsis oceanica	eukaryotes	Nannochloropsis oceanica
861d5810eae486f127fac40dc4504659	gi|1603476524|gb|CP038137.1|	94.426	100	1.71e-127	305	145522	Nannochloropsis oceanica	eukaryotes	Nannochloropsis oceanica
861d5810eae486f127fac40dc4504659	gi|613433107|gb|KJ410687.1|	94.426	100	1.71e-127	305	145522	Nannochloropsis oceanica	eukaryotes	Nannochloropsis oceanica
861d5810eae486f127fac40dc4504659	gi|545906466|ref|NC_022258.1|	94.426	100	1.71e-127	305	145522	Nannochloropsis oceanica	eukaryotes	Nannochloropsis oceanica
861d5810eae486f127fac40dc4504659	gi|472833643|gb|KC568456.1|	94.426	100	1.71e-127	305	145522	Nannochloropsis oceanica	eukaryotes	Nannochloropsis oceanica
861d5810eae486f127fac40dc4504659	gi|542687530|ref|NC_022256.1|	94.098	100	7.94e-126	305	120807	Nannochloropsis limnetica	eukaryotes	Nannochloropsis limnetica
4db00f7e50d97dab39a0d368d0dcea9e	gi|189187603|gb|EU678467.1|	92.715	99	1.73e-117	302	78138	Myxotrichum deflexum	ascomycete fungi	Myxotrichum deflexum
4db00f7e50d97dab39a0d368d0dcea9e	gi|189187601|gb|EU678466.1|	91.803	100	3.74e-114	305	290618	Leohumicola minima	ascomycete fungi	Leohumicola minima
4db00f7e50d97dab39a0d368d0dcea9e	gi|189187585|gb|EU678458.1|	91.803	100	3.74e-114	305	290615	Leohumicola verrucosa	ascomycete fungi	Leohumicola verrucosa
4db00f7e50d97dab39a0d368d0dcea9e	gi|189187505|gb|EU678418.1|	91.803	100	3.74e-114	305	290615	Leohumicola verrucosa	ascomycete fungi	Leohumicola verrucosa
4db00f7e50d97dab39a0d368d0dcea9e	gi|189187581|gb|EU678456.1|	91.475	100	1.74e-112	305	290615	Leohumicola verrucosa	ascomycete fungi	Leohumicola verrucosa
4db00f7e50d97dab39a0d368d0dcea9e	gi|189187567|gb|EU678449.1|	91.475	100	1.74e-112	305	290615	Leohumicola verrucosa	ascomycete fungi	Leohumicola verrucosa
4db00f7e50d97dab39a0d368d0dcea9e	gi|189187507|gb|EU678419.1|	91.475	100	1.74e-112	305	533304	Leohumicola levissima	ascomycete fungi	Leohumicola levissima
4db00f7e50d97dab39a0d368d0dcea9e	gi|1150084095|ref|NC_033907.1|	91.148	100	8.11e-111	305	655981	Pseudogymnoascus destructans	ascomycete fungi	Pseudogymnoascus destructans
4db00f7e50d97dab39a0d368d0dcea9e	gi|189187591|gb|EU678461.1|	91.148	100	8.11e-111	305	290619	Leohumicola sp. DAOM 231148	ascomycete fungi	Leohumicola sp. DAOM 231148
4db00f7e50d97dab39a0d368d0dcea9e	gi|189187587|gb|EU678459.1|	91.148	100	8.11e-111	305	290615	Leohumicola verrucosa	ascomycete fungi	Leohumicola verrucosa
769dbd0d999cff627daeb3a574f41557	gi|913022624|gb|KR085201.1|	100.000	100	7.61e-156	305	209631	Acrochaetium secundatum	red algae	Acrochaetium secundatum
769dbd0d999cff627daeb3a574f41557	gi|545484000|gb|KF280891.1|	100.000	100	7.61e-156	305	209631	Acrochaetium secundatum	red algae	Acrochaetium secundatum
769dbd0d999cff627daeb3a574f41557	gi|545483998|gb|KF280890.1|	100.000	100	7.61e-156	305	209631	Acrochaetium secundatum	red algae	Acrochaetium secundatum
769dbd0d999cff627daeb3a574f41557	gi|545483996|gb|KF280889.1|	100.000	100	7.61e-156	305	209631	Acrochaetium secundatum	red algae	Acrochaetium secundatum
769dbd0d999cff627daeb3a574f41557	gi|323102555|gb|HQ919549.1|	100.000	100	7.61e-156	305	209631	Acrochaetium secundatum	red algae	Acrochaetium secundatum
769dbd0d999cff627daeb3a574f41557	gi|545483980|gb|KF280881.1|	90.066	99	3.80e-104	302	1403497	Acrochaetium humile	red algae	Acrochaetium humile
987f2feca96117cba1223c7cf5136001	gi|2735235624|gb|PP790106.1|	100.000	100	7.61e-156	305	31481	Hildenbrandia rubra	red algae	Hildenbrandia rubra
987f2feca96117cba1223c7cf5136001	gi|2735235336|gb|PP789962.1|	100.000	100	7.61e-156	305	31481	Hildenbrandia rubra	red algae	Hildenbrandia rubra
987f2feca96117cba1223c7cf5136001	gi|291293676|gb|GQ497309.1|	100.000	100	7.61e-156	305	31481	Hildenbrandia rubra	red algae	Hildenbrandia rubra
987f2feca96117cba1223c7cf5136001	gi|2735235296|gb|PP789942.1|	99.672	100	9.84e-155	305	31481	Hildenbrandia rubra	red algae	Hildenbrandia rubra
987f2feca96117cba1223c7cf5136001	gi|2735235498|gb|PP790043.1|	99.672	100	3.54e-154	305	31481	Hildenbrandia rubra	red algae	Hildenbrandia rubra
987f2feca96117cba1223c7cf5136001	gi|2735235328|gb|PP789958.1|	99.672	100	3.54e-154	305	31481	Hildenbrandia rubra	red algae	Hildenbrandia rubra
987f2feca96117cba1223c7cf5136001	gi|2735235814|gb|PP790201.1|	91.060	99	3.77e-109	302	2726024	Hildenbrandia sp. 9GWS	red algae	Hildenbrandia sp. 9GWS
987f2feca96117cba1223c7cf5136001	gi|2735235484|gb|PP790036.1|	91.060	99	3.77e-109	302	2726024	Hildenbrandia sp. 9GWS	red algae	Hildenbrandia sp. 9GWS
987f2feca96117cba1223c7cf5136001	gi|2735235384|gb|PP789986.1|	91.060	99	3.77e-109	302	2726024	Hildenbrandia sp. 9GWS	red algae	Hildenbrandia sp. 9GWS
987f2feca96117cba1223c7cf5136001	gi|2735235290|gb|PP789939.1|	91.060	99	3.77e-109	302	2726024	Hildenbrandia sp. 9GWS	red algae	Hildenbrandia sp. 9GWS
d2af3a312002edf242fe75afc58ef1f4	gi|2735235382|gb|PP789985.1|	99.672	100	3.54e-154	305	3153949	Hildenbrandia sp. 11GWS	red algae	Hildenbrandia sp. 11GWS
d2af3a312002edf242fe75afc58ef1f4	gi|2735235201|gb|PP789895.1|	99.672	100	3.54e-154	305	3153949	Hildenbrandia sp. 11GWS	red algae	Hildenbrandia sp. 11GWS
d2af3a312002edf242fe75afc58ef1f4	gi|2735235278|gb|PP789933.1|	99.016	100	7.66e-151	305	3153948	Hildenbrandia sp. 11BC	red algae	Hildenbrandia sp. 11BC
d2af3a312002edf242fe75afc58ef1f4	gi|2735235622|gb|PP790105.1|	98.689	100	9.91e-150	305	3153948	Hildenbrandia sp. 11BC	red algae	Hildenbrandia sp. 11BC
d2af3a312002edf242fe75afc58ef1f4	gi|2735235676|gb|PP790132.1|	98.689	100	3.56e-149	305	3153948	Hildenbrandia sp. 11BC	red algae	Hildenbrandia sp. 11BC
d2af3a312002edf242fe75afc58ef1f4	gi|2735235538|gb|PP790063.1|	98.361	100	1.66e-147	305	3153948	Hildenbrandia sp. 11BC	red algae	Hildenbrandia sp. 11BC
d2af3a312002edf242fe75afc58ef1f4	gi|1915409684|gb|MN184340.1|	91.148	100	8.11e-111	305	2778790	Hildenbrandia sp. 73GWS	red algae	Hildenbrandia sp. 73GWS
d2af3a312002edf242fe75afc58ef1f4	gi|2735235374|gb|PP789981.1|	90.820	100	3.77e-109	305	3153959	Hildenbrandia sp. 1GWS	red algae	Hildenbrandia sp. 1GWS
d2af3a312002edf242fe75afc58ef1f4	gi|2735235258|gb|PP789923.1|	90.820	100	3.77e-109	305	3153959	Hildenbrandia sp. 1GWS	red algae	Hildenbrandia sp. 1GWS
d2af3a312002edf242fe75afc58ef1f4	gi|2735235490|gb|PP790039.1|	90.492	100	1.75e-107	305	3153959	Hildenbrandia sp. 1GWS	red algae	Hildenbrandia sp. 1GWS
3ef04acffa87c506623588f86ef2f20e	gi|2735235382|gb|PP789985.1|	100.000	100	7.61e-156	305	3153949	Hildenbrandia sp. 11GWS	red algae	Hildenbrandia sp. 11GWS
3ef04acffa87c506623588f86ef2f20e	gi|2735235201|gb|PP789895.1|	100.000	100	7.61e-156	305	3153949	Hildenbrandia sp. 11GWS	red algae	Hildenbrandia sp. 11GWS
3ef04acffa87c506623588f86ef2f20e	gi|2735235278|gb|PP789933.1|	99.344	100	1.65e-152	305	3153948	Hildenbrandia sp. 11BC	red algae	Hildenbrandia sp. 11BC
3ef04acffa87c506623588f86ef2f20e	gi|2735235622|gb|PP790105.1|	99.016	100	2.13e-151	305	3153948	Hildenbrandia sp. 11BC	red algae	Hildenbrandia sp. 11BC
3ef04acffa87c506623588f86ef2f20e	gi|2735235676|gb|PP790132.1|	99.016	100	7.66e-151	305	3153948	Hildenbrandia sp. 11BC	red algae	Hildenbrandia sp. 11BC
3ef04acffa87c506623588f86ef2f20e	gi|2735235538|gb|PP790063.1|	98.689	100	3.56e-149	305	3153948	Hildenbrandia sp. 11BC	red algae	Hildenbrandia sp. 11BC
3ef04acffa87c506623588f86ef2f20e	gi|1915409684|gb|MN184340.1|	91.475	100	1.74e-112	305	2778790	Hildenbrandia sp. 73GWS	red algae	Hildenbrandia sp. 73GWS
3ef04acffa87c506623588f86ef2f20e	gi|2735235374|gb|PP789981.1|	91.148	100	8.11e-111	305	3153959	Hildenbrandia sp. 1GWS	red algae	Hildenbrandia sp. 1GWS
3ef04acffa87c506623588f86ef2f20e	gi|2735235258|gb|PP789923.1|	91.148	100	8.11e-111	305	3153959	Hildenbrandia sp. 1GWS	red algae	Hildenbrandia sp. 1GWS
3ef04acffa87c506623588f86ef2f20e	gi|2735235490|gb|PP790039.1|	90.820	100	3.77e-109	305	3153959	Hildenbrandia sp. 1GWS	red algae	Hildenbrandia sp. 1GWS
504473c51d112437f5cf28449c9939f8	gi|2735235382|gb|PP789985.1|	99.016	100	7.66e-151	305	3153949	Hildenbrandia sp. 11GWS	red algae	Hildenbrandia sp. 11GWS
504473c51d112437f5cf28449c9939f8	gi|2735235201|gb|PP789895.1|	99.016	100	7.66e-151	305	3153949	Hildenbrandia sp. 11GWS	red algae	Hildenbrandia sp. 11GWS
504473c51d112437f5cf28449c9939f8	gi|2735235278|gb|PP789933.1|	98.361	100	1.66e-147	305	3153948	Hildenbrandia sp. 11BC	red algae	Hildenbrandia sp. 11BC
504473c51d112437f5cf28449c9939f8	gi|2735235622|gb|PP790105.1|	98.033	100	2.14e-146	305	3153948	Hildenbrandia sp. 11BC	red algae	Hildenbrandia sp. 11BC
504473c51d112437f5cf28449c9939f8	gi|2735235676|gb|PP790132.1|	98.033	100	7.71e-146	305	3153948	Hildenbrandia sp. 11BC	red algae	Hildenbrandia sp. 11BC
504473c51d112437f5cf28449c9939f8	gi|2735235538|gb|PP790063.1|	97.705	100	3.59e-144	305	3153948	Hildenbrandia sp. 11BC	red algae	Hildenbrandia sp. 11BC
504473c51d112437f5cf28449c9939f8	gi|1915409684|gb|MN184340.1|	90.492	100	1.75e-107	305	2778790	Hildenbrandia sp. 73GWS	red algae	Hildenbrandia sp. 73GWS
504473c51d112437f5cf28449c9939f8	gi|2735235374|gb|PP789981.1|	90.164	100	8.16e-106	305	3153959	Hildenbrandia sp. 1GWS	red algae	Hildenbrandia sp. 1GWS
504473c51d112437f5cf28449c9939f8	gi|2735235258|gb|PP789923.1|	90.164	100	8.16e-106	305	3153959	Hildenbrandia sp. 1GWS	red algae	Hildenbrandia sp. 1GWS
7190b417504fb55c330e458cf896301f	gi|1247176837|gb|KY572559.1|	100.000	100	7.61e-156	305	173545	Polysiphonia stricta	red algae	Polysiphonia stricta
7190b417504fb55c330e458cf896301f	gi|1247176457|gb|KY572369.1|	100.000	100	7.61e-156	305	1917050	Polysiphonia sp. 2stricta	red algae	Polysiphonia sp. 2stricta
7190b417504fb55c330e458cf896301f	gi|1203234148|gb|MF094004.1|	100.000	100	7.61e-156	305	173545	Polysiphonia stricta	red algae	Polysiphonia stricta
7190b417504fb55c330e458cf896301f	gi|558549794|gb|KF648521.1|	100.000	100	7.61e-156	305	173545;1917050	Polysiphonia stricta	red algae	Polysiphonia stricta
7190b417504fb55c330e458cf896301f	gi|558549780|gb|KF648514.1|	100.000	100	7.61e-156	305	173545	Polysiphonia stricta	red algae	Polysiphonia stricta
7190b417504fb55c330e458cf896301f	gi|312607842|gb|HM918600.1|	100.000	100	7.61e-156	305	1917050	Polysiphonia sp. 2stricta	red algae	Polysiphonia sp. 2stricta
7190b417504fb55c330e458cf896301f	gi|312607606|gb|HM918482.1|	100.000	100	7.61e-156	305	1917050;2040520	Polysiphonia sp. 2stricta	red algae	Polysiphonia sp. 2stricta
7190b417504fb55c330e458cf896301f	gi|1247176243|gb|KY572262.1|	99.672	100	3.54e-154	305	1917050	Polysiphonia sp. 2stricta	red algae	Polysiphonia sp. 2stricta
7190b417504fb55c330e458cf896301f	gi|312604454|gb|HM916906.1|	99.672	100	3.54e-154	305	1917050	Polysiphonia sp. 2stricta	red algae	Polysiphonia sp. 2stricta
7190b417504fb55c330e458cf896301f	gi|312454849|gb|HQ545350.1|	99.344	100	1.27e-153	305	1917050	Polysiphonia sp. 2stricta	red algae	Polysiphonia sp. 2stricta
23e2e64effbf643a51cf5dbaf54fff6c	gi|1611811781|gb|MH143569.1|	100.000	100	7.61e-156	305	508189	Phyllophora pseudoceranoides	red algae	Phyllophora pseudoceranoides
23e2e64effbf643a51cf5dbaf54fff6c	gi|1915409818|gb|MN184407.1|	100.000	100	7.61e-156	305	508189	Phyllophora pseudoceranoides	red algae	Phyllophora pseudoceranoides
23e2e64effbf643a51cf5dbaf54fff6c	gi|254941148|gb|GQ380370.1|	100.000	100	7.61e-156	305	508189	Phyllophora pseudoceranoides	red algae	Phyllophora pseudoceranoides
23e2e64effbf643a51cf5dbaf54fff6c	gi|254941146|gb|GQ380369.1|	100.000	100	7.61e-156	305	508189	Phyllophora pseudoceranoides	red algae	Phyllophora pseudoceranoides
23e2e64effbf643a51cf5dbaf54fff6c	gi|254941142|gb|GQ380367.1|	100.000	100	7.61e-156	305	508189	Phyllophora pseudoceranoides	red algae	Phyllophora pseudoceranoides
23e2e64effbf643a51cf5dbaf54fff6c	gi|254941138|gb|GQ380365.1|	100.000	100	7.61e-156	305	508189	Phyllophora pseudoceranoides	red algae	Phyllophora pseudoceranoides
23e2e64effbf643a51cf5dbaf54fff6c	gi|254941128|gb|GQ380360.1|	100.000	100	7.61e-156	305	508189	Phyllophora pseudoceranoides	red algae	Phyllophora pseudoceranoides
23e2e64effbf643a51cf5dbaf54fff6c	gi|254941136|gb|GQ380364.1|	100.000	90	1.30e-138	274	508189	Phyllophora pseudoceranoides	red algae	Phyllophora pseudoceranoides
23e2e64effbf643a51cf5dbaf54fff6c	gi|1611811724|gb|MH143543.1|	95.410	100	1.69e-132	305	661323	Coccotylus truncatus	red algae	Coccotylus truncatus
23e2e64effbf643a51cf5dbaf54fff6c	gi|1567432569|gb|MH310047.1|	95.410	100	1.69e-132	305	661323	Coccotylus truncatus	red algae	Coccotylus truncatus
441812f5e2d3e28b1a4c5c05a4b921a4	gi|2587256062|gb|OP451851.1|	100.000	100	7.61e-156	305	2769	Chondrus crispus	red algae	carragheen
441812f5e2d3e28b1a4c5c05a4b921a4	gi|1247177383|gb|KY572832.1|	100.000	100	7.61e-156	305	2769	Chondrus crispus	red algae	carragheen
441812f5e2d3e28b1a4c5c05a4b921a4	gi|1247177373|gb|KY572827.1|	100.000	100	7.61e-156	305	2769	Chondrus crispus	red algae	carragheen
441812f5e2d3e28b1a4c5c05a4b921a4	gi|1247177319|gb|KY572800.1|	100.000	100	7.61e-156	305	2769	Chondrus crispus	red algae	carragheen
441812f5e2d3e28b1a4c5c05a4b921a4	gi|1247177239|gb|KY572760.1|	100.000	100	7.61e-156	305	2769	Chondrus crispus	red algae	carragheen
441812f5e2d3e28b1a4c5c05a4b921a4	gi|1247177233|gb|KY572757.1|	100.000	100	7.61e-156	305	2769	Chondrus crispus	red algae	carragheen
441812f5e2d3e28b1a4c5c05a4b921a4	gi|1247177203|gb|KY572742.1|	100.000	100	7.61e-156	305	2769	Chondrus crispus	red algae	carragheen
441812f5e2d3e28b1a4c5c05a4b921a4	gi|1247177185|gb|KY572733.1|	100.000	100	7.61e-156	305	2769	Chondrus crispus	red algae	carragheen
441812f5e2d3e28b1a4c5c05a4b921a4	gi|1247177131|gb|KY572706.1|	100.000	100	7.61e-156	305	2769	Chondrus crispus	red algae	carragheen
441812f5e2d3e28b1a4c5c05a4b921a4	gi|1247177075|gb|KY572678.1|	100.000	100	7.61e-156	305	2769	Chondrus crispus	red algae	carragheen
4e0c96ceee2f285d47e9cbc128a69d86	gi|1247177393|gb|KY572837.1|	100.000	100	7.61e-156	305	257571	Cystoclonium purpureum	red algae	Cystoclonium purpureum
4e0c96ceee2f285d47e9cbc128a69d86	gi|1247176701|gb|KY572491.1|	100.000	100	7.61e-156	305	257571	Cystoclonium purpureum	red algae	Cystoclonium purpureum
4e0c96ceee2f285d47e9cbc128a69d86	gi|1247176689|gb|KY572485.1|	100.000	100	7.61e-156	305	257571	Cystoclonium purpureum	red algae	Cystoclonium purpureum
4e0c96ceee2f285d47e9cbc128a69d86	gi|1247176655|gb|KY572468.1|	100.000	100	7.61e-156	305	257571	Cystoclonium purpureum	red algae	Cystoclonium purpureum
4e0c96ceee2f285d47e9cbc128a69d86	gi|1247176435|gb|KY572358.1|	100.000	100	7.61e-156	305	257571	Cystoclonium purpureum	red algae	Cystoclonium purpureum
4e0c96ceee2f285d47e9cbc128a69d86	gi|1247176381|gb|KY572331.1|	100.000	100	7.61e-156	305	257571	Cystoclonium purpureum	red algae	Cystoclonium purpureum
4e0c96ceee2f285d47e9cbc128a69d86	gi|1247176263|gb|KY572272.1|	100.000	100	7.61e-156	305	257571	Cystoclonium purpureum	red algae	Cystoclonium purpureum
4e0c96ceee2f285d47e9cbc128a69d86	gi|1247176029|gb|KY572155.1|	100.000	100	7.61e-156	305	257571	Cystoclonium purpureum	red algae	Cystoclonium purpureum
4e0c96ceee2f285d47e9cbc128a69d86	gi|2468682054|ref|NC_072619.1|	100.000	100	7.61e-156	305	3024809	Cystoclonium purpureum f. stellatum	red algae	Cystoclonium purpureum f. stellatum
4e0c96ceee2f285d47e9cbc128a69d86	gi|323102585|gb|HQ919564.1|	100.000	100	7.61e-156	305	257571	Cystoclonium purpureum	red algae	Cystoclonium purpureum
4af902828175e47f3baa05d505c79e67	gi|1247177393|gb|KY572837.1|	99.672	100	3.54e-154	305	257571	Cystoclonium purpureum	red algae	Cystoclonium purpureum
4af902828175e47f3baa05d505c79e67	gi|1247176701|gb|KY572491.1|	99.672	100	3.54e-154	305	257571	Cystoclonium purpureum	red algae	Cystoclonium purpureum
4af902828175e47f3baa05d505c79e67	gi|1247176689|gb|KY572485.1|	99.672	100	3.54e-154	305	257571	Cystoclonium purpureum	red algae	Cystoclonium purpureum
4af902828175e47f3baa05d505c79e67	gi|1247176655|gb|KY572468.1|	99.672	100	3.54e-154	305	257571	Cystoclonium purpureum	red algae	Cystoclonium purpureum
4af902828175e47f3baa05d505c79e67	gi|1247176435|gb|KY572358.1|	99.672	100	3.54e-154	305	257571	Cystoclonium purpureum	red algae	Cystoclonium purpureum
4af902828175e47f3baa05d505c79e67	gi|1247176381|gb|KY572331.1|	99.672	100	3.54e-154	305	257571	Cystoclonium purpureum	red algae	Cystoclonium purpureum
4af902828175e47f3baa05d505c79e67	gi|1247176263|gb|KY572272.1|	99.672	100	3.54e-154	305	257571	Cystoclonium purpureum	red algae	Cystoclonium purpureum
4af902828175e47f3baa05d505c79e67	gi|1247176029|gb|KY572155.1|	99.672	100	3.54e-154	305	257571	Cystoclonium purpureum	red algae	Cystoclonium purpureum
4af902828175e47f3baa05d505c79e67	gi|2468682054|ref|NC_072619.1|	99.672	100	3.54e-154	305	3024809	Cystoclonium purpureum f. stellatum	red algae	Cystoclonium purpureum f. stellatum
4af902828175e47f3baa05d505c79e67	gi|323102585|gb|HQ919564.1|	99.672	100	3.54e-154	305	257571	Cystoclonium purpureum	red algae	Cystoclonium purpureum
912e7b6451646d2932605f0723467ab0	gi|152958101|gb|EF672515.1|	99.672	100	3.54e-154	305	109269	Vaucheria litorea	yellow-green algae	Vaucheria litorea
61e693f3cd4103f2caa41f44152528de	gi|1247177019|gb|KY572650.1|	100.000	100	7.61e-156	305	2040523	Phycodrys sp. 1NB	red algae	Phycodrys sp. 1NB
61e693f3cd4103f2caa41f44152528de	gi|1247176421|gb|KY572351.1|	100.000	100	7.61e-156	305	2040523	Phycodrys sp. 1NB	red algae	Phycodrys sp. 1NB
61e693f3cd4103f2caa41f44152528de	gi|1247176211|gb|KY572246.1|	100.000	100	7.61e-156	305	2040523	Phycodrys sp. 1NB	red algae	Phycodrys sp. 1NB
61e693f3cd4103f2caa41f44152528de	gi|1247176059|gb|KY572170.1|	100.000	100	7.61e-156	305	2040523	Phycodrys sp. 1NB	red algae	Phycodrys sp. 1NB
61e693f3cd4103f2caa41f44152528de	gi|1247176045|gb|KY572163.1|	100.000	100	7.61e-156	305	2040523	Phycodrys sp. 1NB	red algae	Phycodrys sp. 1NB
61e693f3cd4103f2caa41f44152528de	gi|1247176043|gb|KY572162.1|	100.000	100	7.61e-156	305	2040523	Phycodrys sp. 1NB	red algae	Phycodrys sp. 1NB
61e693f3cd4103f2caa41f44152528de	gi|1247177043|gb|KY572662.1|	97.377	100	1.67e-142	305	35161	Phycodrys rubens	red algae	Phycodrys rubens
61e693f3cd4103f2caa41f44152528de	gi|313162705|gb|HM916335.1|	97.377	100	1.67e-142	305	35161	Phycodrys rubens	red algae	Phycodrys rubens
61e693f3cd4103f2caa41f44152528de	gi|1247176245|gb|KY572263.1|	97.049	100	7.77e-141	305	35161	Phycodrys rubens	red algae	Phycodrys rubens
61e693f3cd4103f2caa41f44152528de	gi|1247176217|gb|KY572249.1|	97.049	100	7.77e-141	305	35161	Phycodrys rubens	red algae	Phycodrys rubens
c2d36afd05534ac5ba1e44cf254fcacf	gi|575524783|gb|KF641891.1|	100.000	100	7.61e-156	305	1405809	Fredericqia deveauniensis	red algae	Fredericqia deveauniensis
c2d36afd05534ac5ba1e44cf254fcacf	gi|563440401|gb|KF648529.1|	100.000	100	7.61e-156	305	1405809	Fredericqia deveauniensis	red algae	Fredericqia deveauniensis
c2d36afd05534ac5ba1e44cf254fcacf	gi|563440399|gb|KF648528.1|	100.000	100	7.61e-156	305	1405809	Fredericqia deveauniensis	red algae	Fredericqia deveauniensis
c2d36afd05534ac5ba1e44cf254fcacf	gi|313160513|gb|HM915239.1|	100.000	100	7.61e-156	305	1405809	Fredericqia deveauniensis	red algae	Fredericqia deveauniensis
c2d36afd05534ac5ba1e44cf254fcacf	gi|313160511|gb|HM915238.1|	100.000	100	7.61e-156	305	1405809	Fredericqia deveauniensis	red algae	Fredericqia deveauniensis
c2d36afd05534ac5ba1e44cf254fcacf	gi|254940634|gb|GQ380113.1|	100.000	100	7.61e-156	305	1405809	Fredericqia deveauniensis	red algae	Fredericqia deveauniensis
c2d36afd05534ac5ba1e44cf254fcacf	gi|575524799|gb|KF641899.1|	99.672	100	3.54e-154	305	1405809	Fredericqia deveauniensis	red algae	Fredericqia deveauniensis
c2d36afd05534ac5ba1e44cf254fcacf	gi|563440395|gb|KF648526.1|	99.672	100	3.54e-154	305	1405809	Fredericqia deveauniensis	red algae	Fredericqia deveauniensis
c2d36afd05534ac5ba1e44cf254fcacf	gi|575524793|gb|KF641896.1|	99.344	100	1.65e-152	305	1405809	Fredericqia deveauniensis	red algae	Fredericqia deveauniensis
c2d36afd05534ac5ba1e44cf254fcacf	gi|563440397|gb|KF648527.1|	99.344	100	1.65e-152	305	1405809	Fredericqia deveauniensis	red algae	Fredericqia deveauniensis
922622d62436c243cab48322b7203c0c	gi|1567432507|gb|MH310016.1|	100.000	100	7.61e-156	305	173452	Euthora cristata	red algae	Euthora cristata
922622d62436c243cab48322b7203c0c	gi|1567432423|gb|MH309974.1|	100.000	100	7.61e-156	305	173452	Euthora cristata	red algae	Euthora cristata
922622d62436c243cab48322b7203c0c	gi|1567432191|gb|MH309858.1|	100.000	100	7.61e-156	305	173452	Euthora cristata	red algae	Euthora cristata
922622d62436c243cab48322b7203c0c	gi|1567432165|gb|MH309845.1|	100.000	100	7.61e-156	305	173452	Euthora cristata	red algae	Euthora cristata
922622d62436c243cab48322b7203c0c	gi|1567431257|gb|MH309391.1|	100.000	100	7.61e-156	305	173452	Euthora cristata	red algae	Euthora cristata
922622d62436c243cab48322b7203c0c	gi|1567431253|gb|MH309389.1|	100.000	100	7.61e-156	305	173452	Euthora cristata	red algae	Euthora cristata
922622d62436c243cab48322b7203c0c	gi|1567431015|gb|MH309270.1|	100.000	100	7.61e-156	305	173452	Euthora cristata	red algae	Euthora cristata
922622d62436c243cab48322b7203c0c	gi|1567430939|gb|MH309232.1|	100.000	100	7.61e-156	305	173452	Euthora cristata	red algae	Euthora cristata
922622d62436c243cab48322b7203c0c	gi|1567430639|gb|MH309082.1|	100.000	100	7.61e-156	305	173452	Euthora cristata	red algae	Euthora cristata
922622d62436c243cab48322b7203c0c	gi|1567430631|gb|MH309078.1|	100.000	100	7.61e-156	305	173452	Euthora cristata	red algae	Euthora cristata
7d7728d6889191200bfc6ef6f06fffd3	gi|1109378620|ref|NC_032002.1|	99.344	100	1.65e-152	305	282351	Choreocolax polysiphoniae	red algae	Choreocolax polysiphoniae
7d7728d6889191200bfc6ef6f06fffd3	gi|1196595749|gb|KX344123.1|	99.016	100	7.66e-151	305	282351	Choreocolax polysiphoniae	red algae	Choreocolax polysiphoniae
76f398397878df9dade129a9d31c3d27	gi|1611811708|gb|MH143536.1|	100.000	100	7.61e-156	305	1206316	Membranoptera fabriciana	red algae	Membranoptera fabriciana
76f398397878df9dade129a9d31c3d27	gi|1567432313|gb|MH309919.1|	100.000	100	7.61e-156	305	1206316	Membranoptera fabriciana	red algae	Membranoptera fabriciana
76f398397878df9dade129a9d31c3d27	gi|1567432155|gb|MH309840.1|	100.000	100	7.61e-156	305	1206316	Membranoptera fabriciana	red algae	Membranoptera fabriciana
76f398397878df9dade129a9d31c3d27	gi|1567431747|gb|MH309636.1|	100.000	100	7.61e-156	305	1206316	Membranoptera fabriciana	red algae	Membranoptera fabriciana
76f398397878df9dade129a9d31c3d27	gi|1567430557|gb|MH309041.1|	100.000	100	7.61e-156	305	1206316	Membranoptera fabriciana	red algae	Membranoptera fabriciana
76f398397878df9dade129a9d31c3d27	gi|1567430339|gb|MH308932.1|	100.000	100	7.61e-156	305	1206316	Membranoptera fabriciana	red algae	Membranoptera fabriciana
76f398397878df9dade129a9d31c3d27	gi|1567430205|gb|MH308865.1|	100.000	100	7.61e-156	305	1206316	Membranoptera fabriciana	red algae	Membranoptera fabriciana
76f398397878df9dade129a9d31c3d27	gi|393797573|gb|JX111867.1|	100.000	100	7.61e-156	305	1206316	Membranoptera fabriciana	red algae	Membranoptera fabriciana
76f398397878df9dade129a9d31c3d27	gi|313161173|gb|HM915569.1|	100.000	100	7.61e-156	305	1206316	Membranoptera fabriciana	red algae	Membranoptera fabriciana
76f398397878df9dade129a9d31c3d27	gi|312605376|gb|HM917367.1|	100.000	100	7.61e-156	305	1206316	Membranoptera fabriciana	red algae	Membranoptera fabriciana
1c7c53305f3c78f82f1ef1963449bb0a	gi|343887677|gb|JN028480.1|	99.016	100	7.66e-151	305	1053099	Bangia sp. 2BAN	red algae	Bangia sp. 2BAN
1c7c53305f3c78f82f1ef1963449bb0a	gi|343887671|gb|JN028477.1|	99.016	100	7.66e-151	305	1053099	Bangia sp. 2BAN	red algae	Bangia sp. 2BAN
1c7c53305f3c78f82f1ef1963449bb0a	gi|343887663|gb|JN028473.1|	99.016	100	7.66e-151	305	1053099	Bangia sp. 2BAN	red algae	Bangia sp. 2BAN
1c7c53305f3c78f82f1ef1963449bb0a	gi|343887655|gb|JN028469.1|	99.016	100	7.66e-151	305	1053099	Bangia sp. 2BAN	red algae	Bangia sp. 2BAN
1c7c53305f3c78f82f1ef1963449bb0a	gi|343887653|gb|JN028468.1|	99.016	100	7.66e-151	305	1053099	Bangia sp. 2BAN	red algae	Bangia sp. 2BAN
1c7c53305f3c78f82f1ef1963449bb0a	gi|343887649|gb|JN028466.1|	99.016	100	7.66e-151	305	1053099	Bangia sp. 2BAN	red algae	Bangia sp. 2BAN
1c7c53305f3c78f82f1ef1963449bb0a	gi|343887651|gb|JN028467.1|	99.016	100	7.66e-151	305	1053099	Bangia sp. 2BAN	red algae	Bangia sp. 2BAN
1c7c53305f3c78f82f1ef1963449bb0a	gi|323102727|gb|HQ919635.1|	99.016	100	7.66e-151	305	101920;1053099	Bangia sp. 2BAN	red algae	Bangia sp. 2BAN
1c7c53305f3c78f82f1ef1963449bb0a	gi|1234183980|gb|KY559647.1|	98.689	100	3.56e-149	305	101920	Bangia fuscopurpurea	red algae	Bangia fuscopurpurea
1c7c53305f3c78f82f1ef1963449bb0a	gi|343887675|gb|JN028479.1|	98.689	100	3.56e-149	305	1053099	Bangia sp. 2BAN	red algae	Bangia sp. 2BAN
ac73b567f172327612b3c34d7b47ce45	gi|1390630345|gb|MF120655.1|	100.000	100	7.61e-156	305	1261582	Vertebrata lanosa	red algae	Vertebrata lanosa
ac73b567f172327612b3c34d7b47ce45	gi|1390630295|gb|MF120630.1|	100.000	100	7.61e-156	305	1261582	Vertebrata lanosa	red algae	Vertebrata lanosa
ac73b567f172327612b3c34d7b47ce45	gi|1196595747|gb|KX344122.1|	100.000	100	7.61e-156	305	1261582	Vertebrata lanosa	red algae	Vertebrata lanosa
ac73b567f172327612b3c34d7b47ce45	gi|1109378595|ref|NC_032003.1|	100.000	100	7.61e-156	305	1261582	Vertebrata lanosa	red algae	Vertebrata lanosa
ac73b567f172327612b3c34d7b47ce45	gi|1390630555|gb|MF120760.1|	99.672	100	3.54e-154	305	1261582	Vertebrata lanosa	red algae	Vertebrata lanosa
ac73b567f172327612b3c34d7b47ce45	gi|1390630333|gb|MF120649.1|	99.672	100	3.54e-154	305	1261582	Vertebrata lanosa	red algae	Vertebrata lanosa
ac73b567f172327612b3c34d7b47ce45	gi|1915409804|gb|MN184400.1|	99.672	100	3.54e-154	305	1261582	Vertebrata lanosa	red algae	Vertebrata lanosa
ac73b567f172327612b3c34d7b47ce45	gi|1611811746|gb|MH143553.1|	99.344	100	1.65e-152	305	1261582	Vertebrata lanosa	red algae	Vertebrata lanosa
ac73b567f172327612b3c34d7b47ce45	gi|1994023820|gb|MT597075.1|	99.344	100	1.65e-152	305	1261582	Vertebrata lanosa	red algae	Vertebrata lanosa
af6402022758f065f4946c84dc046bbd	gi|1390630345|gb|MF120655.1|	99.672	100	3.54e-154	305	1261582	Vertebrata lanosa	red algae	Vertebrata lanosa
af6402022758f065f4946c84dc046bbd	gi|1390630295|gb|MF120630.1|	99.672	100	3.54e-154	305	1261582	Vertebrata lanosa	red algae	Vertebrata lanosa
af6402022758f065f4946c84dc046bbd	gi|1196595747|gb|KX344122.1|	99.672	100	3.54e-154	305	1261582	Vertebrata lanosa	red algae	Vertebrata lanosa
af6402022758f065f4946c84dc046bbd	gi|1109378595|ref|NC_032003.1|	99.672	100	3.54e-154	305	1261582	Vertebrata lanosa	red algae	Vertebrata lanosa
af6402022758f065f4946c84dc046bbd	gi|1390630555|gb|MF120760.1|	99.344	100	1.65e-152	305	1261582	Vertebrata lanosa	red algae	Vertebrata lanosa
af6402022758f065f4946c84dc046bbd	gi|1390630333|gb|MF120649.1|	99.344	100	1.65e-152	305	1261582	Vertebrata lanosa	red algae	Vertebrata lanosa
af6402022758f065f4946c84dc046bbd	gi|1915409804|gb|MN184400.1|	99.344	100	1.65e-152	305	1261582	Vertebrata lanosa	red algae	Vertebrata lanosa
af6402022758f065f4946c84dc046bbd	gi|1611811746|gb|MH143553.1|	99.016	100	7.66e-151	305	1261582	Vertebrata lanosa	red algae	Vertebrata lanosa
af6402022758f065f4946c84dc046bbd	gi|1994023820|gb|MT597075.1|	99.016	100	7.66e-151	305	1261582	Vertebrata lanosa	red algae	Vertebrata lanosa
a21d5c52abaaf83f05ee30664f9a694f	gi|1390630345|gb|MF120655.1|	99.672	100	3.54e-154	305	1261582	Vertebrata lanosa	red algae	Vertebrata lanosa
a21d5c52abaaf83f05ee30664f9a694f	gi|1390630295|gb|MF120630.1|	99.672	100	3.54e-154	305	1261582	Vertebrata lanosa	red algae	Vertebrata lanosa
a21d5c52abaaf83f05ee30664f9a694f	gi|1196595747|gb|KX344122.1|	99.672	100	3.54e-154	305	1261582	Vertebrata lanosa	red algae	Vertebrata lanosa
a21d5c52abaaf83f05ee30664f9a694f	gi|1109378595|ref|NC_032003.1|	99.672	100	3.54e-154	305	1261582	Vertebrata lanosa	red algae	Vertebrata lanosa
a21d5c52abaaf83f05ee30664f9a694f	gi|1390630555|gb|MF120760.1|	99.344	100	1.65e-152	305	1261582	Vertebrata lanosa	red algae	Vertebrata lanosa
a21d5c52abaaf83f05ee30664f9a694f	gi|1390630333|gb|MF120649.1|	99.344	100	1.65e-152	305	1261582	Vertebrata lanosa	red algae	Vertebrata lanosa
a21d5c52abaaf83f05ee30664f9a694f	gi|1915409804|gb|MN184400.1|	99.344	100	1.65e-152	305	1261582	Vertebrata lanosa	red algae	Vertebrata lanosa
a21d5c52abaaf83f05ee30664f9a694f	gi|1611811746|gb|MH143553.1|	99.016	100	7.66e-151	305	1261582	Vertebrata lanosa	red algae	Vertebrata lanosa
a21d5c52abaaf83f05ee30664f9a694f	gi|1994023820|gb|MT597075.1|	99.016	100	7.66e-151	305	1261582	Vertebrata lanosa	red algae	Vertebrata lanosa
cdcbebc6069196743adcbceaad93e3ca	gi|1390630361|gb|MF120663.1|	100.000	100	7.61e-156	305	2202237	Vertebrata sp. _1fucoides	red algae	Vertebrata sp. _1fucoides
cdcbebc6069196743adcbceaad93e3ca	gi|2698109959|gb|OQ968947.1|	100.000	100	7.61e-156	305	2662826	Vertebrata sp. 1fucoides	red algae	Vertebrata sp. 1fucoides
cdcbebc6069196743adcbceaad93e3ca	gi|313160445|gb|HM915205.1|	100.000	100	7.61e-156	305	902866;2202237;2662826	Ceramiales sp. BOLD:AAA9407	red algae	Ceramiales sp. BOLD:AAA9407
cdcbebc6069196743adcbceaad93e3ca	gi|2698109909|gb|OQ968922.1|	99.672	100	9.84e-155	305	2662826	Vertebrata sp. 1fucoides	red algae	Vertebrata sp. 1fucoides
cdcbebc6069196743adcbceaad93e3ca	gi|1390630607|gb|MF120786.1|	98.689	100	3.56e-149	305	2202238	Vertebrata sp. _2fucoides	red algae	Vertebrata sp. _2fucoides
cdcbebc6069196743adcbceaad93e3ca	gi|313160305|gb|HM915135.1|	98.689	100	3.56e-149	305	902866;2202238;2813661	Ceramiales sp. BOLD:AAA9407	red algae	Ceramiales sp. BOLD:AAA9407
cdcbebc6069196743adcbceaad93e3ca	gi|1417783722|gb|MF409417.1|	98.361	100	1.66e-147	305	2202238	Vertebrata sp. _2fucoides	red algae	Vertebrata sp. _2fucoides
cdcbebc6069196743adcbceaad93e3ca	gi|1390630629|gb|MF120797.1|	98.361	100	1.66e-147	305	2202238	Vertebrata sp. _2fucoides	red algae	Vertebrata sp. _2fucoides
cdcbebc6069196743adcbceaad93e3ca	gi|1994023796|gb|MT597063.1|	98.983	97	2.77e-145	295	2813661	Vertebrata fucoides	red algae	Vertebrata fucoides
cdcbebc6069196743adcbceaad93e3ca	gi|1611811715|gb|MH143539.1|	94.098	100	7.94e-126	305	397059	Vertebrata byssoides	red algae	Vertebrata byssoides
f3644a46476822112c71d3378b9cd8b2	gi|1777435149|gb|MK166014.1|	100.000	100	7.61e-156	305	60544	Porphyra linearis	red algae	Porphyra linearis
f3644a46476822112c71d3378b9cd8b2	gi|1777435147|gb|MK166013.1|	100.000	100	7.61e-156	305	60544	Porphyra linearis	red algae	Porphyra linearis
f3644a46476822112c71d3378b9cd8b2	gi|1777435143|gb|MK166011.1|	100.000	100	7.61e-156	305	60544	Porphyra linearis	red algae	Porphyra linearis
f3644a46476822112c71d3378b9cd8b2	gi|1777435141|gb|MK166010.1|	100.000	100	7.61e-156	305	60544	Porphyra linearis	red algae	Porphyra linearis
f3644a46476822112c71d3378b9cd8b2	gi|1777435139|gb|MK166009.1|	100.000	100	7.61e-156	305	60544	Porphyra linearis	red algae	Porphyra linearis
f3644a46476822112c71d3378b9cd8b2	gi|1777435137|gb|MK166008.1|	100.000	100	7.61e-156	305	60544	Porphyra linearis	red algae	Porphyra linearis
f3644a46476822112c71d3378b9cd8b2	gi|1777435135|gb|MK166007.1|	100.000	100	7.61e-156	305	60544	Porphyra linearis	red algae	Porphyra linearis
f3644a46476822112c71d3378b9cd8b2	gi|1777435133|gb|MK166006.1|	100.000	100	7.61e-156	305	60544	Porphyra linearis	red algae	Porphyra linearis
f3644a46476822112c71d3378b9cd8b2	gi|1777435131|gb|MK166005.1|	100.000	100	7.61e-156	305	60544	Porphyra linearis	red algae	Porphyra linearis
f3644a46476822112c71d3378b9cd8b2	gi|1777435129|gb|MK166004.1|	100.000	100	7.61e-156	305	60544	Porphyra linearis	red algae	Porphyra linearis
3d62dca8bf644f3bcd3917508e9cd44d	gi|1390630631|gb|MF120798.1|	100.000	100	7.61e-156	305	2202236	Vertebrata nigra	red algae	Vertebrata nigra
3d62dca8bf644f3bcd3917508e9cd44d	gi|1390630557|gb|MF120761.1|	100.000	100	7.61e-156	305	2202236	Vertebrata nigra	red algae	Vertebrata nigra
3d62dca8bf644f3bcd3917508e9cd44d	gi|1390630533|gb|MF120749.1|	100.000	100	7.61e-156	305	2202236	Vertebrata nigra	red algae	Vertebrata nigra
3d62dca8bf644f3bcd3917508e9cd44d	gi|1390630305|gb|MF120635.1|	100.000	100	7.61e-156	305	2202236	Vertebrata nigra	red algae	Vertebrata nigra
3d62dca8bf644f3bcd3917508e9cd44d	gi|1390630283|gb|MF120624.1|	100.000	100	7.61e-156	305	2202236	Vertebrata nigra	red algae	Vertebrata nigra
3d62dca8bf644f3bcd3917508e9cd44d	gi|431934052|gb|KC130868.1|	100.000	100	7.61e-156	305	2202236	Vertebrata nigra	red algae	Vertebrata nigra
3d62dca8bf644f3bcd3917508e9cd44d	gi|431934062|gb|KC130873.1|	99.672	100	3.54e-154	305	2202236	Vertebrata nigra	red algae	Vertebrata nigra
3d62dca8bf644f3bcd3917508e9cd44d	gi|1390630359|gb|MF120662.1|	99.344	100	1.27e-153	305	2202236	Vertebrata nigra	red algae	Vertebrata nigra
3d62dca8bf644f3bcd3917508e9cd44d	gi|1611811715|gb|MH143539.1|	94.426	100	1.71e-127	305	397059	Vertebrata byssoides	red algae	Vertebrata byssoides
3d62dca8bf644f3bcd3917508e9cd44d	gi|1390630361|gb|MF120663.1|	93.115	100	7.99e-121	305	2202237	Vertebrata sp. _1fucoides	red algae	Vertebrata sp. _1fucoides
561d68fc84991da30007cb1fc72c774c	gi|1390630631|gb|MF120798.1|	99.344	100	1.65e-152	305	2202236	Vertebrata nigra	red algae	Vertebrata nigra
561d68fc84991da30007cb1fc72c774c	gi|1390630557|gb|MF120761.1|	99.344	100	1.65e-152	305	2202236	Vertebrata nigra	red algae	Vertebrata nigra
561d68fc84991da30007cb1fc72c774c	gi|1390630533|gb|MF120749.1|	99.344	100	1.65e-152	305	2202236	Vertebrata nigra	red algae	Vertebrata nigra
561d68fc84991da30007cb1fc72c774c	gi|1390630305|gb|MF120635.1|	99.344	100	1.65e-152	305	2202236	Vertebrata nigra	red algae	Vertebrata nigra
561d68fc84991da30007cb1fc72c774c	gi|1390630283|gb|MF120624.1|	99.344	100	1.65e-152	305	2202236	Vertebrata nigra	red algae	Vertebrata nigra
561d68fc84991da30007cb1fc72c774c	gi|431934052|gb|KC130868.1|	99.344	100	1.65e-152	305	2202236	Vertebrata nigra	red algae	Vertebrata nigra
561d68fc84991da30007cb1fc72c774c	gi|431934062|gb|KC130873.1|	99.016	100	7.66e-151	305	2202236	Vertebrata nigra	red algae	Vertebrata nigra
561d68fc84991da30007cb1fc72c774c	gi|1390630359|gb|MF120662.1|	98.689	100	2.75e-150	305	2202236	Vertebrata nigra	red algae	Vertebrata nigra
561d68fc84991da30007cb1fc72c774c	gi|1611811715|gb|MH143539.1|	93.770	100	3.69e-124	305	397059	Vertebrata byssoides	red algae	Vertebrata byssoides
561d68fc84991da30007cb1fc72c774c	gi|1390630361|gb|MF120663.1|	92.459	100	1.73e-117	305	2202237	Vertebrata sp. _1fucoides	red algae	Vertebrata sp. _1fucoides
d08018b00da17ffd4c17a746050fe8d9	gi|936252888|gb|KT208745.1|	99.672	100	3.54e-154	305	324873	Oithona similis	crustaceans	Oithona similis
d08018b00da17ffd4c17a746050fe8d9	gi|936252316|gb|KT208459.1|	99.672	100	3.54e-154	305	324873	Oithona similis	crustaceans	Oithona similis
d0c2c29cb266ae729208481f9814472c	gi|936252888|gb|KT208745.1|	100.000	100	7.61e-156	305	324873	Oithona similis	crustaceans	Oithona similis
d0c2c29cb266ae729208481f9814472c	gi|936252316|gb|KT208459.1|	100.000	100	7.61e-156	305	324873	Oithona similis	crustaceans	Oithona similis
841ea93cc4690fb9facddeb0058a184f	gi|914696675|gb|KP977676.1|	99.667	100	2.09e-151	300	1638756	Hiatella sp. L HML-2015	bivalves	Hiatella sp. L HML-2015
841ea93cc4690fb9facddeb0058a184f	gi|914697209|gb|KP977943.1|	99.333	100	9.72e-150	300	1638756	Hiatella sp. L HML-2015	bivalves	Hiatella sp. L HML-2015
841ea93cc4690fb9facddeb0058a184f	gi|914697173|gb|KP977925.1|	99.333	100	9.72e-150	300	1638756	Hiatella sp. L HML-2015	bivalves	Hiatella sp. L HML-2015
841ea93cc4690fb9facddeb0058a184f	gi|914697143|gb|KP977910.1|	99.333	100	9.72e-150	300	1638756	Hiatella sp. L HML-2015	bivalves	Hiatella sp. L HML-2015
841ea93cc4690fb9facddeb0058a184f	gi|914697127|gb|KP977902.1|	99.333	100	9.72e-150	300	1638756	Hiatella sp. L HML-2015	bivalves	Hiatella sp. L HML-2015
841ea93cc4690fb9facddeb0058a184f	gi|914697029|gb|KP977853.1|	99.333	100	9.72e-150	300	1638756	Hiatella sp. L HML-2015	bivalves	Hiatella sp. L HML-2015
841ea93cc4690fb9facddeb0058a184f	gi|914696739|gb|KP977708.1|	99.333	100	9.72e-150	300	1638756	Hiatella sp. L HML-2015	bivalves	Hiatella sp. L HML-2015
841ea93cc4690fb9facddeb0058a184f	gi|914696727|gb|KP977702.1|	99.333	100	9.72e-150	300	1638756	Hiatella sp. L HML-2015	bivalves	Hiatella sp. L HML-2015
841ea93cc4690fb9facddeb0058a184f	gi|914696637|gb|KP977657.1|	99.333	100	9.72e-150	300	1638756	Hiatella sp. L HML-2015	bivalves	Hiatella sp. L HML-2015
841ea93cc4690fb9facddeb0058a184f	gi|914696619|gb|KP977648.1|	99.333	100	9.72e-150	300	1638756	Hiatella sp. L HML-2015	bivalves	Hiatella sp. L HML-2015
f369be494ec6d470fe0cb441a8be1921	gi|914696675|gb|KP977676.1|	100.000	100	4.49e-153	300	1638756	Hiatella sp. L HML-2015	bivalves	Hiatella sp. L HML-2015
f369be494ec6d470fe0cb441a8be1921	gi|914697209|gb|KP977943.1|	99.667	100	2.09e-151	300	1638756	Hiatella sp. L HML-2015	bivalves	Hiatella sp. L HML-2015
f369be494ec6d470fe0cb441a8be1921	gi|914697173|gb|KP977925.1|	99.667	100	2.09e-151	300	1638756	Hiatella sp. L HML-2015	bivalves	Hiatella sp. L HML-2015
f369be494ec6d470fe0cb441a8be1921	gi|914697143|gb|KP977910.1|	99.667	100	2.09e-151	300	1638756	Hiatella sp. L HML-2015	bivalves	Hiatella sp. L HML-2015
f369be494ec6d470fe0cb441a8be1921	gi|914697127|gb|KP977902.1|	99.667	100	2.09e-151	300	1638756	Hiatella sp. L HML-2015	bivalves	Hiatella sp. L HML-2015
f369be494ec6d470fe0cb441a8be1921	gi|914697029|gb|KP977853.1|	99.667	100	2.09e-151	300	1638756	Hiatella sp. L HML-2015	bivalves	Hiatella sp. L HML-2015
f369be494ec6d470fe0cb441a8be1921	gi|914696739|gb|KP977708.1|	99.667	100	2.09e-151	300	1638756	Hiatella sp. L HML-2015	bivalves	Hiatella sp. L HML-2015
f369be494ec6d470fe0cb441a8be1921	gi|914696727|gb|KP977702.1|	99.667	100	2.09e-151	300	1638756	Hiatella sp. L HML-2015	bivalves	Hiatella sp. L HML-2015
f369be494ec6d470fe0cb441a8be1921	gi|914696637|gb|KP977657.1|	99.667	100	2.09e-151	300	1638756	Hiatella sp. L HML-2015	bivalves	Hiatella sp. L HML-2015
f369be494ec6d470fe0cb441a8be1921	gi|914696619|gb|KP977648.1|	99.667	100	2.09e-151	300	1638756	Hiatella sp. L HML-2015	bivalves	Hiatella sp. L HML-2015
1405b5cdd268bad71968ba391a273808	gi|2112329422|gb|MZ911851.1|	90.759	100	4.84e-108	303	153906	Percursaria percursa	green algae	Percursaria percursa
81e87e8d909fd8c80500c48573d029a3	gi|918464182|gb|KT257401.1|	92.434	100	6.20e-117	304	485446	Myzocytiopsis sp. venatrix	oomycetes	Myzocytiopsis sp. venatrix
81e87e8d909fd8c80500c48573d029a3	gi|918464160|gb|KT257390.1|	92.434	100	6.20e-117	304	485446	Myzocytiopsis sp. venatrix	oomycetes	Myzocytiopsis sp. venatrix
81e87e8d909fd8c80500c48573d029a3	gi|1883777109|gb|MT222699.1|	91.776	100	1.34e-113	304	65070	Pythium aphanidermatum	oomycetes	Pythium aphanidermatum
81e87e8d909fd8c80500c48573d029a3	gi|1229861940|gb|KY788491.1|	91.447	100	6.24e-112	304	2025989	Nothophytophthora caduca	downy mildews	Nothophytophthora caduca
81e87e8d909fd8c80500c48573d029a3	gi|1229861938|gb|KY788490.1|	91.447	100	6.24e-112	304	2025989	Nothophytophthora caduca	downy mildews	Nothophytophthora caduca
81e87e8d909fd8c80500c48573d029a3	gi|1229861928|gb|KY788485.1|	91.447	100	6.24e-112	304	2025989	Nothophytophthora caduca	downy mildews	Nothophytophthora caduca
81e87e8d909fd8c80500c48573d029a3	gi|1229861926|gb|KY788484.1|	91.447	100	6.24e-112	304	2025989	Nothophytophthora caduca	downy mildews	Nothophytophthora caduca
81e87e8d909fd8c80500c48573d029a3	gi|1229861924|gb|KY788483.1|	91.447	100	6.24e-112	304	2025989	Nothophytophthora caduca	downy mildews	Nothophytophthora caduca
81e87e8d909fd8c80500c48573d029a3	gi|1470016356|gb|MG701951.1|	90.789	100	1.35e-108	304	2025989	Nothophytophthora caduca	downy mildews	Nothophytophthora caduca
81e87e8d909fd8c80500c48573d029a3	gi|1470016344|gb|MG701948.1|	90.789	100	1.35e-108	304	2025989	Nothophytophthora caduca	downy mildews	Nothophytophthora caduca
6c531dbe89fbdfc4b9099c65e6f0d8dd	gi|918464182|gb|KT257401.1|	93.092	100	2.86e-120	304	485446	Myzocytiopsis sp. venatrix	oomycetes	Myzocytiopsis sp. venatrix
6c531dbe89fbdfc4b9099c65e6f0d8dd	gi|918464160|gb|KT257390.1|	93.092	100	2.86e-120	304	485446	Myzocytiopsis sp. venatrix	oomycetes	Myzocytiopsis sp. venatrix
6c531dbe89fbdfc4b9099c65e6f0d8dd	gi|1883777109|gb|MT222699.1|	92.434	100	6.20e-117	304	65070	Pythium aphanidermatum	oomycetes	Pythium aphanidermatum
6c531dbe89fbdfc4b9099c65e6f0d8dd	gi|1229861940|gb|KY788491.1|	91.776	100	1.34e-113	304	2025989	Nothophytophthora caduca	downy mildews	Nothophytophthora caduca
6c531dbe89fbdfc4b9099c65e6f0d8dd	gi|1229861938|gb|KY788490.1|	91.776	100	1.34e-113	304	2025989	Nothophytophthora caduca	downy mildews	Nothophytophthora caduca
6c531dbe89fbdfc4b9099c65e6f0d8dd	gi|1229861928|gb|KY788485.1|	91.776	100	1.34e-113	304	2025989	Nothophytophthora caduca	downy mildews	Nothophytophthora caduca
6c531dbe89fbdfc4b9099c65e6f0d8dd	gi|1229861926|gb|KY788484.1|	91.776	100	1.34e-113	304	2025989	Nothophytophthora caduca	downy mildews	Nothophytophthora caduca
6c531dbe89fbdfc4b9099c65e6f0d8dd	gi|1229861924|gb|KY788483.1|	91.776	100	1.34e-113	304	2025989	Nothophytophthora caduca	downy mildews	Nothophytophthora caduca
6c531dbe89fbdfc4b9099c65e6f0d8dd	gi|1470016356|gb|MG701951.1|	91.118	100	2.90e-110	304	2025989	Nothophytophthora caduca	downy mildews	Nothophytophthora caduca
6c531dbe89fbdfc4b9099c65e6f0d8dd	gi|1470016344|gb|MG701948.1|	91.118	100	2.90e-110	304	2025989	Nothophytophthora caduca	downy mildews	Nothophytophthora caduca
432d573ce90223da9584e7861413b6b0	gi|918464182|gb|KT257401.1|	92.763	100	1.33e-118	304	485446	Myzocytiopsis sp. venatrix	oomycetes	Myzocytiopsis sp. venatrix
432d573ce90223da9584e7861413b6b0	gi|918464160|gb|KT257390.1|	92.763	100	1.33e-118	304	485446	Myzocytiopsis sp. venatrix	oomycetes	Myzocytiopsis sp. venatrix
432d573ce90223da9584e7861413b6b0	gi|1883777109|gb|MT222699.1|	92.105	100	2.88e-115	304	65070	Pythium aphanidermatum	oomycetes	Pythium aphanidermatum
432d573ce90223da9584e7861413b6b0	gi|1229861940|gb|KY788491.1|	91.776	100	1.34e-113	304	2025989	Nothophytophthora caduca	downy mildews	Nothophytophthora caduca
432d573ce90223da9584e7861413b6b0	gi|1229861938|gb|KY788490.1|	91.776	100	1.34e-113	304	2025989	Nothophytophthora caduca	downy mildews	Nothophytophthora caduca
432d573ce90223da9584e7861413b6b0	gi|1229861928|gb|KY788485.1|	91.776	100	1.34e-113	304	2025989	Nothophytophthora caduca	downy mildews	Nothophytophthora caduca
432d573ce90223da9584e7861413b6b0	gi|1229861926|gb|KY788484.1|	91.776	100	1.34e-113	304	2025989	Nothophytophthora caduca	downy mildews	Nothophytophthora caduca
432d573ce90223da9584e7861413b6b0	gi|1229861924|gb|KY788483.1|	91.776	100	1.34e-113	304	2025989	Nothophytophthora caduca	downy mildews	Nothophytophthora caduca
432d573ce90223da9584e7861413b6b0	gi|1470016356|gb|MG701951.1|	91.118	100	2.90e-110	304	2025989	Nothophytophthora caduca	downy mildews	Nothophytophthora caduca
432d573ce90223da9584e7861413b6b0	gi|1470016344|gb|MG701948.1|	91.118	100	2.90e-110	304	2025989	Nothophytophthora caduca	downy mildews	Nothophytophthora caduca
a9952c81710a65878f92d34e0ccd8185	gi|1079487617|ref|NC_031403.1|	99.671	100	1.27e-153	304	884646	Myrianida brachycephala	segmented worms	Myrianida brachycephala
a9952c81710a65878f92d34e0ccd8185	gi|307549074|gb|GQ856188.1|	99.671	100	1.27e-153	304	884646	Myrianida brachycephala	segmented worms	Myrianida brachycephala
bac040f920198f237859e5d53b7f94d5	gi|1079487617|ref|NC_031403.1|	100.000	100	2.73e-155	304	884646	Myrianida brachycephala	segmented worms	Myrianida brachycephala
bac040f920198f237859e5d53b7f94d5	gi|307549074|gb|GQ856188.1|	100.000	100	2.73e-155	304	884646	Myrianida brachycephala	segmented worms	Myrianida brachycephala
e2320f2101643ed1ff79bdac7c25ef68	gi|1530722328|gb|MH120635.1|	100.000	100	2.73e-155	304	9606	Homo sapiens	primates	human
e2320f2101643ed1ff79bdac7c25ef68	gi|1208986596|gb|KY670844.1|	100.000	100	2.73e-155	304	9606	Homo sapiens	primates	human
e2320f2101643ed1ff79bdac7c25ef68	gi|1178772515|gb|KY686207.1|	100.000	100	2.73e-155	304	9606	Homo sapiens	primates	human
e2320f2101643ed1ff79bdac7c25ef68	gi|1150568807|gb|KY408218.1|	100.000	100	2.73e-155	304	9606	Homo sapiens	primates	human
e2320f2101643ed1ff79bdac7c25ef68	gi|255365665|gb|GQ337559.1|	100.000	100	2.73e-155	304	9606	Homo sapiens	primates	human
e2320f2101643ed1ff79bdac7c25ef68	gi|2441599923|gb|OP004729.1|	100.000	100	2.73e-155	304	9606	Homo sapiens	primates	human
e2320f2101643ed1ff79bdac7c25ef68	gi|2419835646|gb|OP682643.1|	100.000	100	2.73e-155	304	9606	Homo sapiens	primates	human
e2320f2101643ed1ff79bdac7c25ef68	gi|2419831250|gb|OP682329.1|	100.000	100	2.73e-155	304	9606	Homo sapiens	primates	human
e2320f2101643ed1ff79bdac7c25ef68	gi|727354242|gb|KM245130.1|	100.000	100	2.73e-155	304	9606	Homo sapiens	primates	human
e2320f2101643ed1ff79bdac7c25ef68	gi|2325503466|gb|OM194329.1|	100.000	100	2.73e-155	304	9606	Homo sapiens	primates	human
cb40b2532653816cff3a70f3c2dfa8ab	gi|2227468702|gb|MZ458354.1|	99.671	100	1.27e-153	304	70924	Marenzelleria viridis	segmented worms	Marenzelleria viridis
cb40b2532653816cff3a70f3c2dfa8ab	gi|149930551|gb|EF432047.1|	99.671	100	1.27e-153	304	70924	Marenzelleria viridis	segmented worms	Marenzelleria viridis
cb40b2532653816cff3a70f3c2dfa8ab	gi|83588858|gb|DQ309273.1|	99.671	100	1.27e-153	304	70924	Marenzelleria viridis	segmented worms	Marenzelleria viridis
cb40b2532653816cff3a70f3c2dfa8ab	gi|1509159766|gb|MG421071.1|	99.342	100	5.90e-152	304	2477071	Spionidae sp. BIOUG12646-G09	segmented worms	Spionidae sp. BIOUG12646-G09
cb40b2532653816cff3a70f3c2dfa8ab	gi|149930557|gb|EF432050.1|	99.342	100	5.90e-152	304	70924	Marenzelleria viridis	segmented worms	Marenzelleria viridis
cb40b2532653816cff3a70f3c2dfa8ab	gi|149930549|gb|EF432046.1|	99.342	100	5.90e-152	304	70924	Marenzelleria viridis	segmented worms	Marenzelleria viridis
cb40b2532653816cff3a70f3c2dfa8ab	gi|149930539|gb|EF432041.1|	99.342	100	5.90e-152	304	70924	Marenzelleria viridis	segmented worms	Marenzelleria viridis
cb40b2532653816cff3a70f3c2dfa8ab	gi|83588860|gb|DQ309274.1|	99.342	100	5.90e-152	304	70924	Marenzelleria viridis	segmented worms	Marenzelleria viridis
cb40b2532653816cff3a70f3c2dfa8ab	gi|465480819|gb|KC698904.1|	99.666	98	7.63e-151	299	70924	Marenzelleria viridis	segmented worms	Marenzelleria viridis
cb40b2532653816cff3a70f3c2dfa8ab	gi|1823933641|gb|MT159580.1|	99.336	99	2.74e-150	301	70924	Marenzelleria viridis	segmented worms	Marenzelleria viridis
41600f81a2a92e017e580e144b4f6cb7	gi|2227468702|gb|MZ458354.1|	100.000	100	2.73e-155	304	70924	Marenzelleria viridis	segmented worms	Marenzelleria viridis
41600f81a2a92e017e580e144b4f6cb7	gi|149930551|gb|EF432047.1|	100.000	100	2.73e-155	304	70924	Marenzelleria viridis	segmented worms	Marenzelleria viridis
41600f81a2a92e017e580e144b4f6cb7	gi|83588858|gb|DQ309273.1|	100.000	100	2.73e-155	304	70924	Marenzelleria viridis	segmented worms	Marenzelleria viridis
41600f81a2a92e017e580e144b4f6cb7	gi|1509159766|gb|MG421071.1|	99.671	100	1.27e-153	304	2477071	Spionidae sp. BIOUG12646-G09	segmented worms	Spionidae sp. BIOUG12646-G09
41600f81a2a92e017e580e144b4f6cb7	gi|149930557|gb|EF432050.1|	99.671	100	1.27e-153	304	70924	Marenzelleria viridis	segmented worms	Marenzelleria viridis
41600f81a2a92e017e580e144b4f6cb7	gi|149930549|gb|EF432046.1|	99.671	100	1.27e-153	304	70924	Marenzelleria viridis	segmented worms	Marenzelleria viridis
41600f81a2a92e017e580e144b4f6cb7	gi|149930539|gb|EF432041.1|	99.671	100	1.27e-153	304	70924	Marenzelleria viridis	segmented worms	Marenzelleria viridis
41600f81a2a92e017e580e144b4f6cb7	gi|83588860|gb|DQ309274.1|	99.671	100	1.27e-153	304	70924	Marenzelleria viridis	segmented worms	Marenzelleria viridis
41600f81a2a92e017e580e144b4f6cb7	gi|1823933641|gb|MT159580.1|	99.668	99	5.90e-152	301	70924	Marenzelleria viridis	segmented worms	Marenzelleria viridis
41600f81a2a92e017e580e144b4f6cb7	gi|149930559|gb|EF432051.1|	99.342	100	5.90e-152	304	70924	Marenzelleria viridis	segmented worms	Marenzelleria viridis
097a4d45a6f25369bc562cac82d97ea0	gi|1858626016|gb|MN849868.1|	100.000	100	2.73e-155	304	9606	Homo sapiens	primates	human
097a4d45a6f25369bc562cac82d97ea0	gi|1858626002|gb|MN849867.1|	100.000	100	2.73e-155	304	9606	Homo sapiens	primates	human
097a4d45a6f25369bc562cac82d97ea0	gi|1858625988|gb|MN849866.1|	100.000	100	2.73e-155	304	9606	Homo sapiens	primates	human
097a4d45a6f25369bc562cac82d97ea0	gi|1858625974|gb|MN849865.1|	100.000	100	2.73e-155	304	9606	Homo sapiens	primates	human
097a4d45a6f25369bc562cac82d97ea0	gi|1858625960|gb|MN849864.1|	100.000	100	2.73e-155	304	9606	Homo sapiens	primates	human
097a4d45a6f25369bc562cac82d97ea0	gi|1858625946|gb|MN849863.1|	100.000	100	2.73e-155	304	9606	Homo sapiens	primates	human
097a4d45a6f25369bc562cac82d97ea0	gi|1858625932|gb|MN849862.1|	100.000	100	2.73e-155	304	9606	Homo sapiens	primates	human
097a4d45a6f25369bc562cac82d97ea0	gi|1858625918|gb|MN849861.1|	100.000	100	2.73e-155	304	9606	Homo sapiens	primates	human
097a4d45a6f25369bc562cac82d97ea0	gi|1858625904|gb|MN849860.1|	100.000	100	2.73e-155	304	9606	Homo sapiens	primates	human
097a4d45a6f25369bc562cac82d97ea0	gi|1858625890|gb|MN849859.1|	100.000	100	2.73e-155	304	9606	Homo sapiens	primates	human
efeb501f4713f566802d28379607ac84	gi|2868137692|gb|PQ739341.1|	91.362	99	2.90e-110	301	475726	Halecium halecinum	hydrozoans	Halecium halecinum
efeb501f4713f566802d28379607ac84	gi|1430075402|gb|MG935174.1|	90.461	100	6.29e-107	304	475726	Halecium halecinum	hydrozoans	Halecium halecinum
efeb501f4713f566802d28379607ac84	gi|1430075648|gb|MG935254.1|	90.132	100	8.13e-106	304	475725	Halecium beanii	hydrozoans	Halecium beanii
19c9c26bf1f0f8a5d81285f386a8de51	gi|2127869447|ref|NC_058694.1|	92.105	100	2.88e-115	304	461172	Edenia gomezpompae	ascomycete fungi	Edenia gomezpompae
19c9c26bf1f0f8a5d81285f386a8de51	gi|156494363|ref|NC_009746.1|	91.776	100	1.34e-113	304	321614	Parastagonospora nodorum SN15	ascomycete fungi	Parastagonospora nodorum SN15
19c9c26bf1f0f8a5d81285f386a8de51	gi|1584351552|gb|MK468491.1|	91.447	100	6.24e-112	304	749586	Ascochyta pisi	ascomycete fungi	Ascochyta pisi
19c9c26bf1f0f8a5d81285f386a8de51	gi|1002162993|ref|NC_029396.1|	91.447	100	6.24e-112	304	749589	Didymella pinodes	ascomycete fungi	pea foot rot fungus
19c9c26bf1f0f8a5d81285f386a8de51	gi|2161207969|gb|OK054367.1|	91.148	100	2.90e-110	305	59586	Corynespora cassiicola	ascomycete fungi	Corynespora cassiicola
19c9c26bf1f0f8a5d81285f386a8de51	gi|2161207952|gb|OK054366.1|	91.148	100	2.90e-110	305	59586	Corynespora cassiicola	ascomycete fungi	Corynespora cassiicola
19c9c26bf1f0f8a5d81285f386a8de51	gi|2161207916|gb|OK054364.1|	90.820	100	1.35e-108	305	59586	Corynespora cassiicola	ascomycete fungi	Corynespora cassiicola
19c9c26bf1f0f8a5d81285f386a8de51	gi|2161207898|gb|OK054363.1|	90.820	100	1.35e-108	305	59586	Corynespora cassiicola	ascomycete fungi	Corynespora cassiicola
19c9c26bf1f0f8a5d81285f386a8de51	gi|2161207880|gb|OK054362.1|	90.820	100	1.35e-108	305	59586	Corynespora cassiicola	ascomycete fungi	Corynespora cassiicola
19c9c26bf1f0f8a5d81285f386a8de51	gi|2305949557|gb|OM236666.1|	90.789	100	1.35e-108	304	1573585	Phoma sp. 1 OB-2014	ascomycete fungi	Phoma sp. 1 OB-2014
19e163568e0f9ea31c97a08c1c700891	gi|2127869447|ref|NC_058694.1|	92.434	100	6.20e-117	304	461172	Edenia gomezpompae	ascomycete fungi	Edenia gomezpompae
19e163568e0f9ea31c97a08c1c700891	gi|156494363|ref|NC_009746.1|	91.776	100	1.34e-113	304	321614	Parastagonospora nodorum SN15	ascomycete fungi	Parastagonospora nodorum SN15
19e163568e0f9ea31c97a08c1c700891	gi|1584351552|gb|MK468491.1|	91.447	100	6.24e-112	304	749586	Ascochyta pisi	ascomycete fungi	Ascochyta pisi
19e163568e0f9ea31c97a08c1c700891	gi|1002162993|ref|NC_029396.1|	91.447	100	6.24e-112	304	749589	Didymella pinodes	ascomycete fungi	pea foot rot fungus
19e163568e0f9ea31c97a08c1c700891	gi|2161207969|gb|OK054367.1|	91.148	100	2.90e-110	305	59586	Corynespora cassiicola	ascomycete fungi	Corynespora cassiicola
19e163568e0f9ea31c97a08c1c700891	gi|2161207952|gb|OK054366.1|	91.148	100	2.90e-110	305	59586	Corynespora cassiicola	ascomycete fungi	Corynespora cassiicola
19e163568e0f9ea31c97a08c1c700891	gi|2161207916|gb|OK054364.1|	90.820	100	1.35e-108	305	59586	Corynespora cassiicola	ascomycete fungi	Corynespora cassiicola
19e163568e0f9ea31c97a08c1c700891	gi|2161207898|gb|OK054363.1|	90.820	100	1.35e-108	305	59586	Corynespora cassiicola	ascomycete fungi	Corynespora cassiicola
19e163568e0f9ea31c97a08c1c700891	gi|2161207880|gb|OK054362.1|	90.820	100	1.35e-108	305	59586	Corynespora cassiicola	ascomycete fungi	Corynespora cassiicola
19e163568e0f9ea31c97a08c1c700891	gi|2305949557|gb|OM236666.1|	90.789	100	1.35e-108	304	1573585	Phoma sp. 1 OB-2014	ascomycete fungi	Phoma sp. 1 OB-2014
ae00ca60f7d8685555c29045e835b87e	gi|2127869447|ref|NC_058694.1|	92.434	100	6.20e-117	304	461172	Edenia gomezpompae	ascomycete fungi	Edenia gomezpompae
ae00ca60f7d8685555c29045e835b87e	gi|156494363|ref|NC_009746.1|	91.776	100	1.34e-113	304	321614	Parastagonospora nodorum SN15	ascomycete fungi	Parastagonospora nodorum SN15
ae00ca60f7d8685555c29045e835b87e	gi|1584351552|gb|MK468491.1|	91.447	100	6.24e-112	304	749586	Ascochyta pisi	ascomycete fungi	Ascochyta pisi
ae00ca60f7d8685555c29045e835b87e	gi|1002162993|ref|NC_029396.1|	91.447	100	6.24e-112	304	749589	Didymella pinodes	ascomycete fungi	pea foot rot fungus
ae00ca60f7d8685555c29045e835b87e	gi|2161207969|gb|OK054367.1|	91.148	100	2.90e-110	305	59586	Corynespora cassiicola	ascomycete fungi	Corynespora cassiicola
ae00ca60f7d8685555c29045e835b87e	gi|2161207952|gb|OK054366.1|	91.148	100	2.90e-110	305	59586	Corynespora cassiicola	ascomycete fungi	Corynespora cassiicola
ae00ca60f7d8685555c29045e835b87e	gi|2161207916|gb|OK054364.1|	90.820	100	1.35e-108	305	59586	Corynespora cassiicola	ascomycete fungi	Corynespora cassiicola
ae00ca60f7d8685555c29045e835b87e	gi|2161207898|gb|OK054363.1|	90.820	100	1.35e-108	305	59586	Corynespora cassiicola	ascomycete fungi	Corynespora cassiicola
ae00ca60f7d8685555c29045e835b87e	gi|2161207880|gb|OK054362.1|	90.820	100	1.35e-108	305	59586	Corynespora cassiicola	ascomycete fungi	Corynespora cassiicola
ae00ca60f7d8685555c29045e835b87e	gi|2305949557|gb|OM236666.1|	90.789	100	1.35e-108	304	1573585	Phoma sp. 1 OB-2014	ascomycete fungi	Phoma sp. 1 OB-2014
010c037dd6eebc11f7d678d8540ccb97	gi|2112329422|gb|MZ911851.1|	90.789	100	1.35e-108	304	153906	Percursaria percursa	green algae	Percursaria percursa
ccba30f4533257d42aaa8afa1d70c223	gi|2303466647|gb|OM453929.1|	100.000	99	5.94e-157	307	1407008	Biecheleriopsis adriatica	dinoflagellates	Biecheleriopsis adriatica
ccba30f4533257d42aaa8afa1d70c223	gi|344227490|gb|JN557915.1|	99.674	99	2.77e-155	307	43686	Pelagodinium beii	dinoflagellates	Pelagodinium beii
ccba30f4533257d42aaa8afa1d70c223	gi|344227488|gb|JN557914.1|	99.674	99	2.77e-155	307	2957	Protodinium simplex	dinoflagellates	Protodinium simplex
ccba30f4533257d42aaa8afa1d70c223	gi|288950168|gb|GQ501239.1|	99.674	99	2.77e-155	307	454271	Gymnodinium sp. CCMP425	dinoflagellates	Gymnodinium sp. CCMP425
ccba30f4533257d42aaa8afa1d70c223	gi|31505718|gb|AY289695.1|	98.697	99	2.79e-150	307	2957	Protodinium simplex	dinoflagellates	Protodinium simplex
ccba30f4533257d42aaa8afa1d70c223	gi|2054066317|gb|MW819745.1|	97.394	99	1.31e-143	307	2820258	Philozoon balanophyllum	dinoflagellates	Philozoon balanophyllum
ccba30f4533257d42aaa8afa1d70c223	gi|2054066313|gb|MW819743.1|	97.394	99	1.31e-143	307	2820260	Philozoon geddesianum	dinoflagellates	Philozoon geddesianum
ccba30f4533257d42aaa8afa1d70c223	gi|2054066311|gb|MW819742.1|	97.394	99	1.31e-143	307	2820261	Philozoon paranemonium	dinoflagellates	Philozoon paranemonium
ccba30f4533257d42aaa8afa1d70c223	gi|2054066309|gb|MW819741.1|	97.394	99	1.31e-143	307	2820252;2820256;2820257	Philozoon actiniarum	dinoflagellates	Philozoon actiniarum
ccba30f4533257d42aaa8afa1d70c223	gi|288950280|gb|GQ501351.1|	97.394	99	1.31e-143	307	671363	Symbiodinium sp. clade A3 MAC-04-218 SCI.01	dinoflagellates	Symbiodinium sp. clade A3 MAC-04-218 SCI.01
7910a33863327f75cfbd4e06c875eaa4	gi|2432719042|gb|OQ323334.1|	93.750	100	1.32e-123	304	3023934	Tharyx setigera	segmented worms	Tharyx setigera
7910a33863327f75cfbd4e06c875eaa4	gi|2432719144|gb|OQ323385.1|	93.688	99	6.15e-122	301	3023934	Tharyx setigera	segmented worms	Tharyx setigera
7910a33863327f75cfbd4e06c875eaa4	gi|2432718508|gb|OQ323067.1|	93.092	100	2.86e-120	304	3023934	Tharyx setigera	segmented worms	Tharyx setigera
7910a33863327f75cfbd4e06c875eaa4	gi|2425864209|gb|OQ236233.1|	94.265	92	1.04e-114	279	3019974	Tharyx acutus	segmented worms	Tharyx acutus
6fb2cc207634ca0235cc2afd9fc3dc01	gi|1842677114|gb|MT455339.1|	100.000	100	2.73e-155	304	34787	Tautogolabrus adspersus	bony fishes	cunner
6fb2cc207634ca0235cc2afd9fc3dc01	gi|2095904167|gb|OK172099.1|	100.000	100	2.73e-155	304	34787	Tautogolabrus adspersus	bony fishes	cunner
6fb2cc207634ca0235cc2afd9fc3dc01	gi|429141197|gb|KC015944.1|	100.000	100	2.73e-155	304	34787;1184603	Tautogolabrus adspersus	bony fishes	cunner
6fb2cc207634ca0235cc2afd9fc3dc01	gi|257218563|gb|GQ341610.1|	99.671	100	3.53e-154	304	34787	Tautogolabrus adspersus	bony fishes	cunner
6fb2cc207634ca0235cc2afd9fc3dc01	gi|429141211|gb|KC015951.1|	99.671	100	1.27e-153	304	34787;1184603	Tautogolabrus adspersus	bony fishes	cunner
6fb2cc207634ca0235cc2afd9fc3dc01	gi|429141199|gb|KC015945.1|	99.671	100	1.27e-153	304	34787	Tautogolabrus adspersus	bony fishes	cunner
6fb2cc207634ca0235cc2afd9fc3dc01	gi|1842677384|gb|MT455429.1|	99.342	100	5.90e-152	304	34787	Tautogolabrus adspersus	bony fishes	cunner
6fb2cc207634ca0235cc2afd9fc3dc01	gi|825712736|gb|KP111002.1|	99.340	99	2.12e-151	303	1184603	Actinopterygii environmental sample	bony fishes	Actinopterygii environmental sample
6fb2cc207634ca0235cc2afd9fc3dc01	gi|825714910|gb|KP112089.1|	99.013	100	2.74e-150	304	1184603	Actinopterygii environmental sample	bony fishes	Actinopterygii environmental sample
6fb2cc207634ca0235cc2afd9fc3dc01	gi|825714812|gb|KP112040.1|	100.000	97	2.74e-150	295	1184603	Actinopterygii environmental sample	bony fishes	Actinopterygii environmental sample
e812aa2565c6d55d845151b08a81e985	gi|1842677399|gb|MT455434.1|	100.000	100	9.76e-155	303	240154	Apeltes quadracus	bony fishes	fourspine stickleback
e812aa2565c6d55d845151b08a81e985	gi|429139703|gb|KC015197.1|	100.000	100	9.76e-155	303	240154	Apeltes quadracus	bony fishes	fourspine stickleback
e812aa2565c6d55d845151b08a81e985	gi|212725606|ref|NC_011580.1|	100.000	100	9.76e-155	303	240154	Apeltes quadracus	bony fishes	fourspine stickleback
e812aa2565c6d55d845151b08a81e985	gi|1842677333|gb|MT455412.1|	99.670	100	4.54e-153	303	240154	Apeltes quadracus	bony fishes	fourspine stickleback
e812aa2565c6d55d845151b08a81e985	gi|1049487577|gb|KX145408.1|	99.670	100	4.54e-153	303	240154	Apeltes quadracus	bony fishes	fourspine stickleback
e812aa2565c6d55d845151b08a81e985	gi|1049487535|gb|KX145387.1|	99.670	100	4.54e-153	303	240154	Apeltes quadracus	bony fishes	fourspine stickleback
e812aa2565c6d55d845151b08a81e985	gi|1049487493|gb|KX145366.1|	99.670	100	4.54e-153	303	240154	Apeltes quadracus	bony fishes	fourspine stickleback
e812aa2565c6d55d845151b08a81e985	gi|1049487297|gb|KX145268.1|	99.670	100	4.54e-153	303	240154	Apeltes quadracus	bony fishes	fourspine stickleback
e812aa2565c6d55d845151b08a81e985	gi|1049486727|gb|KX144983.1|	99.670	100	4.54e-153	303	240154	Apeltes quadracus	bony fishes	fourspine stickleback
e812aa2565c6d55d845151b08a81e985	gi|321151509|gb|GQ860356.1|	99.670	100	4.54e-153	303	48447	Cyclothone microdon	bony fishes	veiled anglemouth
731df4e37dde6198060207dc18431128	gi|1509160922|gb|MG421520.1|	100.000	100	2.73e-155	304	880429	Alitta virens	segmented worms	Alitta virens
731df4e37dde6198060207dc18431128	gi|1509160670|gb|MG421418.1|	100.000	100	2.73e-155	304	880429	Alitta virens	segmented worms	Alitta virens
731df4e37dde6198060207dc18431128	gi|1489974065|gb|MG423459.1|	100.000	100	2.73e-155	304	880429	Alitta virens	segmented worms	Alitta virens
731df4e37dde6198060207dc18431128	gi|1489973793|gb|MG423323.1|	100.000	100	2.73e-155	304	880429	Alitta virens	segmented worms	Alitta virens
731df4e37dde6198060207dc18431128	gi|1489970622|gb|MG422890.1|	100.000	100	2.73e-155	304	880429	Alitta virens	segmented worms	Alitta virens
731df4e37dde6198060207dc18431128	gi|1489970345|gb|MG422752.1|	100.000	100	2.73e-155	304	880429	Alitta virens	segmented worms	Alitta virens
731df4e37dde6198060207dc18431128	gi|1489969198|gb|MG422179.1|	100.000	100	2.73e-155	304	880429	Alitta virens	segmented worms	Alitta virens
731df4e37dde6198060207dc18431128	gi|1489968502|gb|MG421831.1|	100.000	100	2.73e-155	304	880429	Alitta virens	segmented worms	Alitta virens
731df4e37dde6198060207dc18431128	gi|1189398900|gb|KX781845.1|	100.000	100	2.73e-155	304	880429	Alitta virens	segmented worms	Alitta virens
731df4e37dde6198060207dc18431128	gi|2319562935|gb|OP038854.1|	100.000	100	2.73e-155	304	880429	Alitta virens	segmented worms	Alitta virens
cf5055ae0446612c2cc695127301c38d	gi|883744050|gb|KR916896.1|	100.000	100	2.73e-155	304	194549	Nereis pelagica	segmented worms	Nereis pelagica
cf5055ae0446612c2cc695127301c38d	gi|883744048|gb|KR916895.1|	100.000	100	2.73e-155	304	194549	Nereis pelagica	segmented worms	Nereis pelagica
cf5055ae0446612c2cc695127301c38d	gi|305653407|gb|HQ024126.1|	100.000	100	2.73e-155	304	880400	Nereis pelagica CMC02	segmented worms	Nereis pelagica CMC02
cf5055ae0446612c2cc695127301c38d	gi|305653403|gb|HQ024124.1|	100.000	100	2.73e-155	304	880400	Nereis pelagica CMC02	segmented worms	Nereis pelagica CMC02
cf5055ae0446612c2cc695127301c38d	gi|2692936805|ref|NC_086457.1|	100.000	99	1.27e-153	301	194549	Nereis pelagica	segmented worms	Nereis pelagica
cf5055ae0446612c2cc695127301c38d	gi|1489969901|gb|MG422530.1|	99.342	100	5.90e-152	304	194549	Nereis pelagica	segmented worms	Nereis pelagica
cf5055ae0446612c2cc695127301c38d	gi|883744046|gb|KR916894.1|	99.342	100	5.90e-152	304	194549	Nereis pelagica	segmented worms	Nereis pelagica
cf5055ae0446612c2cc695127301c38d	gi|299555987|gb|GU672546.1|	99.342	100	5.90e-152	304	880400	Nereis pelagica CMC02	segmented worms	Nereis pelagica CMC02
cf5055ae0446612c2cc695127301c38d	gi|299555793|gb|GU672449.1|	99.342	100	5.90e-152	304	880400	Nereis pelagica CMC02	segmented worms	Nereis pelagica CMC02
cf5055ae0446612c2cc695127301c38d	gi|299556003|gb|GU672554.1|	99.013	100	2.74e-150	304	880400	Nereis pelagica CMC02	segmented worms	Nereis pelagica CMC02
4dcbd09cd4d8f914c2d568c82894e991	gi|959315753|gb|KT952468.1|	99.013	100	2.74e-150	304	463189	Centropages typicus	crustaceans	Centropages typicus
4dcbd09cd4d8f914c2d568c82894e991	gi|936253002|gb|KT208802.1|	99.013	100	2.74e-150	304	463189	Centropages typicus	crustaceans	Centropages typicus
4dcbd09cd4d8f914c2d568c82894e991	gi|515419127|gb|JX995171.1|	99.013	100	2.74e-150	304	463189	Centropages typicus	crustaceans	Centropages typicus
4dcbd09cd4d8f914c2d568c82894e991	gi|515418970|gb|JX995170.1|	99.013	100	2.74e-150	304	463189	Centropages typicus	crustaceans	Centropages typicus
4dcbd09cd4d8f914c2d568c82894e991	gi|515418966|gb|JX995168.1|	98.684	100	1.28e-148	304	463189	Centropages typicus	crustaceans	Centropages typicus
4dcbd09cd4d8f914c2d568c82894e991	gi|515418933|gb|JX995165.1|	98.684	100	1.28e-148	304	463189	Centropages typicus	crustaceans	Centropages typicus
4dcbd09cd4d8f914c2d568c82894e991	gi|959315749|gb|KT952466.1|	98.355	100	5.94e-147	304	463189	Centropages typicus	crustaceans	Centropages typicus
4dcbd09cd4d8f914c2d568c82894e991	gi|936253212|gb|KT208907.1|	98.355	100	5.94e-147	304	463189	Centropages typicus	crustaceans	Centropages typicus
4dcbd09cd4d8f914c2d568c82894e991	gi|515419133|gb|JX995173.1|	98.355	100	5.94e-147	304	463189	Centropages typicus	crustaceans	Centropages typicus
4dcbd09cd4d8f914c2d568c82894e991	gi|515419131|gb|JX995172.1|	98.355	100	5.94e-147	304	463189	Centropages typicus	crustaceans	Centropages typicus
bd7ca5ad9906b11a89f77749c4eb4d02	gi|323900087|gb|HQ985340.1|	98.355	100	5.94e-147	304	877524	Delphacodes detecta	bugs	Delphacodes detecta
1d7f35101af7a4b69f372641b3c52088	gi|283050920|gb|GU070923.1|	94.932	99	7.73e-126	296	693772	invertebrate environmental sample	animals	invertebrate environmental sample
8df4f7926ea8f5573523e1ac19c35e78	gi|2432606300|gb|OM436233.1|	100.000	100	2.73e-155	304	3023835	Chondropsidae sp. LAR-180918-7197,7198	sponges	Chondropsidae sp. LAR-180918-7197,7198
8df4f7926ea8f5573523e1ac19c35e78	gi|2061149113|gb|MZ487257.1|	98.339	99	2.76e-145	301	2849402	Poecilosclerida sp. NZCC4	sponges	Poecilosclerida sp. NZCC4
8df4f7926ea8f5573523e1ac19c35e78	gi|2061149107|gb|MZ487255.1|	98.339	99	2.76e-145	301	2854586	Poecilosclerida sp. NZCC1	sponges	Poecilosclerida sp. NZCC1
8df4f7926ea8f5573523e1ac19c35e78	gi|2432606384|gb|OM436275.1|	97.368	100	5.98e-142	304	3023831	Hymedesmia hibernica	sponges	Hymedesmia hibernica
8df4f7926ea8f5573523e1ac19c35e78	gi|2432606272|gb|OM436219.1|	97.368	100	5.98e-142	304	3023827;3023841	Demospongiae sp. LAR-180923-7380,7383,7384	sponges	Demospongiae sp. LAR-180923-7380,7383,7384
8df4f7926ea8f5573523e1ac19c35e78	gi|1913154939|gb|MW059093.1|	97.342	99	2.78e-140	301	2772992	Poecilosclerida sp. 1 JV-2020	sponges	Poecilosclerida sp. 1 JV-2020
8df4f7926ea8f5573523e1ac19c35e78	gi|2806756723|gb|PQ351757.1|	94.352	99	2.84e-125	301	3133389	Lissodendoryx sp.	sponges	Lissodendoryx sp.
8df4f7926ea8f5573523e1ac19c35e78	gi|1330565678|gb|KY565335.1|	94.352	99	2.84e-125	301	2070859	Batzella aurantiaca	sponges	Batzella aurantiaca
8df4f7926ea8f5573523e1ac19c35e78	gi|2870405938|tpg|BK068137.1|	94.020	99	1.32e-123	301	2259401	Hymedesmia methanophila	sponges	Hymedesmia methanophila
8df4f7926ea8f5573523e1ac19c35e78	gi|1158825669|gb|KU659136.1|	94.020	99	1.32e-123	301	1968193;2259401	Poecilosclerida sp. Mictlan library L	sponges	Poecilosclerida sp. Mictlan library L
765b95d7f0c23969cbdb2c78e6d1918e	gi|2743737621|emb|OZ076287.1|	98.625	95	2.16e-141	291	41875	Bathycoccus prasinos	green algae	Bathycoccus prasinos
765b95d7f0c23969cbdb2c78e6d1918e	gi|2743737599|emb|OZ076265.1|	98.625	95	2.16e-141	291	41875	Bathycoccus prasinos	green algae	Bathycoccus prasinos
765b95d7f0c23969cbdb2c78e6d1918e	gi|2743737577|emb|OZ076243.1|	98.958	94	2.16e-141	288	41875	Bathycoccus prasinos	green algae	Bathycoccus prasinos
765b95d7f0c23969cbdb2c78e6d1918e	gi|2743737535|emb|OZ076201.1|	98.958	94	2.16e-141	288	41875	Bathycoccus prasinos	green algae	Bathycoccus prasinos
765b95d7f0c23969cbdb2c78e6d1918e	gi|2743737513|emb|OZ076179.1|	98.958	94	2.16e-141	288	41875	Bathycoccus prasinos	green algae	Bathycoccus prasinos
765b95d7f0c23969cbdb2c78e6d1918e	gi|2743737493|emb|OZ076159.1|	98.625	95	2.16e-141	291	41875	Bathycoccus prasinos	green algae	Bathycoccus prasinos
765b95d7f0c23969cbdb2c78e6d1918e	gi|2743737449|emb|OZ076115.1|	98.958	95	2.16e-141	288	41875	Bathycoccus prasinos	green algae	Bathycoccus prasinos
765b95d7f0c23969cbdb2c78e6d1918e	gi|2743737449|emb|OZ076115.1|	98.625	95	2.16e-141	291	41875	Bathycoccus prasinos	green algae	Bathycoccus prasinos
765b95d7f0c23969cbdb2c78e6d1918e	gi|571069183|ref|NC_023273.1|	98.958	95	2.16e-141	288	41875	Bathycoccus prasinos	green algae	Bathycoccus prasinos
765b95d7f0c23969cbdb2c78e6d1918e	gi|571069183|ref|NC_023273.1|	98.625	95	2.16e-141	291	41875	Bathycoccus prasinos	green algae	Bathycoccus prasinos
765b95d7f0c23969cbdb2c78e6d1918e	gi|2743737555|emb|OZ076221.1|	98.616	94	1.00e-139	289	41875	Bathycoccus prasinos	green algae	Bathycoccus prasinos
765b95d7f0c23969cbdb2c78e6d1918e	gi|2743737428|emb|OZ076094.1|	98.288	95	1.00e-139	292	41875	Bathycoccus prasinos	green algae	Bathycoccus prasinos
5ca1b87945335a9f0725c4de538aa10c	gi|65428154|gb|AY955047.1|	97.938	95	4.68e-138	291	38833	Micromonas pusilla	green algae	Micromonas pusilla
5ca1b87945335a9f0725c4de538aa10c	gi|65428172|gb|AY955056.1|	92.440	95	2.25e-111	291	38833	Micromonas pusilla	green algae	Micromonas pusilla
5ca1b87945335a9f0725c4de538aa10c	gi|65428160|gb|AY955050.1|	92.440	95	2.25e-111	291	38833	Micromonas pusilla	green algae	Micromonas pusilla
5ca1b87945335a9f0725c4de538aa10c	gi|229315892|ref|NC_012643.1|	92.096	95	1.05e-109	291	296587	Micromonas commoda	green algae	Micromonas commoda
5ca1b87945335a9f0725c4de538aa10c	gi|229315892|ref|NC_012643.1|	92.361	95	1.05e-109	288	296587	Micromonas commoda	green algae	Micromonas commoda
5ca1b87945335a9f0725c4de538aa10c	gi|65428184|gb|AY955062.1|	92.096	95	1.05e-109	291	38833	Micromonas pusilla	green algae	Micromonas pusilla
5ca1b87945335a9f0725c4de538aa10c	gi|65428174|gb|AY955057.1|	92.096	95	1.05e-109	291	38833	Micromonas pusilla	green algae	Micromonas pusilla
5ca1b87945335a9f0725c4de538aa10c	gi|65428166|gb|AY955053.1|	92.096	95	1.05e-109	291	38833	Micromonas pusilla	green algae	Micromonas pusilla
5ca1b87945335a9f0725c4de538aa10c	gi|65428168|gb|AY955054.1|	91.753	95	4.88e-108	291	38833	Micromonas pusilla	green algae	Micromonas pusilla
5ca1b87945335a9f0725c4de538aa10c	gi|65428162|gb|AY955051.1|	90.034	95	1.06e-99	291	38833	Micromonas pusilla	green algae	Micromonas pusilla
5e7f8ac3b323c1cc828a660c879b8619	gi|2587839876|gb|OR632405.1|	98.033	100	7.71e-146	305	3078886	Alcyonidium polyoum	bryozoans	Alcyonidium polyoum
486e8517f8c2d064e8666709f2f9d448	gi|2587839876|gb|OR632405.1|	98.033	100	7.71e-146	305	3078886	Alcyonidium polyoum	bryozoans	Alcyonidium polyoum
9ba73ace3af5be23f3b3b6fd553e6062	gi|2587839876|gb|OR632405.1|	98.689	100	3.56e-149	305	3078886	Alcyonidium polyoum	bryozoans	Alcyonidium polyoum
4e828d01879650164daf39c745b8b1f3	gi|2587839876|gb|OR632405.1|	98.033	100	7.71e-146	305	3078886	Alcyonidium polyoum	bryozoans	Alcyonidium polyoum
e0f61736c3c69020e911245778d89d50	gi|2587839876|gb|OR632405.1|	97.705	100	3.59e-144	305	3078886	Alcyonidium polyoum	bryozoans	Alcyonidium polyoum
18fdab6156975102cddb8bb79f050b03	gi|305653561|gb|HQ024203.1|	100.000	100	7.61e-156	305	880433	Polycirrus eximius	segmented worms	Polycirrus eximius
18fdab6156975102cddb8bb79f050b03	gi|305653551|gb|HQ024198.1|	100.000	100	7.61e-156	305	880433	Polycirrus eximius	segmented worms	Polycirrus eximius
18fdab6156975102cddb8bb79f050b03	gi|305653549|gb|HQ024197.1|	100.000	100	7.61e-156	305	880433	Polycirrus eximius	segmented worms	Polycirrus eximius
18fdab6156975102cddb8bb79f050b03	gi|305653555|gb|HQ024200.1|	99.344	100	1.65e-152	305	880433	Polycirrus eximius	segmented worms	Polycirrus eximius
18fdab6156975102cddb8bb79f050b03	gi|305653557|gb|HQ024201.1|	100.000	95	5.96e-147	289	880433	Polycirrus eximius	segmented worms	Polycirrus eximius
18fdab6156975102cddb8bb79f050b03	gi|305653553|gb|HQ024199.1|	100.000	95	5.96e-147	289	880433	Polycirrus eximius	segmented worms	Polycirrus eximius
2351665087bf5b1d0304fc139a8a8490	gi|307695640|gb|HM460105.1|	100.000	100	7.61e-156	305	188241	Tubificoides benedii	segmented worms	Tubificoides benedii
2351665087bf5b1d0304fc139a8a8490	gi|307695638|gb|HM460104.1|	100.000	100	7.61e-156	305	188241	Tubificoides benedii	segmented worms	Tubificoides benedii
2351665087bf5b1d0304fc139a8a8490	gi|307695632|gb|HM460101.1|	100.000	100	7.61e-156	305	188241	Tubificoides benedii	segmented worms	Tubificoides benedii
2351665087bf5b1d0304fc139a8a8490	gi|307695604|gb|HM460087.1|	100.000	100	7.61e-156	305	188241	Tubificoides benedii	segmented worms	Tubificoides benedii
2351665087bf5b1d0304fc139a8a8490	gi|307695602|gb|HM460086.1|	100.000	100	7.61e-156	305	188241	Tubificoides benedii	segmented worms	Tubificoides benedii
2351665087bf5b1d0304fc139a8a8490	gi|307695600|gb|HM460085.1|	100.000	100	7.61e-156	305	188241	Tubificoides benedii	segmented worms	Tubificoides benedii
2351665087bf5b1d0304fc139a8a8490	gi|307695586|gb|HM460078.1|	100.000	100	7.61e-156	305	188241	Tubificoides benedii	segmented worms	Tubificoides benedii
2351665087bf5b1d0304fc139a8a8490	gi|2871497701|gb|PP137359.1|	99.672	100	3.54e-154	305	188241	Tubificoides benedii	segmented worms	Tubificoides benedii
2351665087bf5b1d0304fc139a8a8490	gi|2871497693|gb|PP137355.1|	99.672	100	3.54e-154	305	188241	Tubificoides benedii	segmented worms	Tubificoides benedii
2351665087bf5b1d0304fc139a8a8490	gi|307695644|gb|HM460107.1|	99.672	100	3.54e-154	305	188241	Tubificoides benedii	segmented worms	Tubificoides benedii
b13423932f59ec041f66414e15c61e78	gi|2451695485|gb|OQ573682.1|	100.000	99	9.84e-155	303	3032038	Lumbricillus sp. Oli1	segmented worms	Lumbricillus sp. Oli1
b13423932f59ec041f66414e15c61e78	gi|2890138231|gb|PP181464.1|	99.016	100	7.66e-151	305	3394140	Lumbricillus sp.	segmented worms	Lumbricillus sp.
b13423932f59ec041f66414e15c61e78	gi|2890138235|gb|PP181466.1|	98.689	100	3.56e-149	305	3394140	Lumbricillus sp.	segmented worms	Lumbricillus sp.
c5f95282384e010d60761dfdd623aae0	gi|1842679301|gb|MT456207.1|	99.672	100	1.27e-153	305	34816	Morone saxatilis	bony fishes	striped sea-bass
c5f95282384e010d60761dfdd623aae0	gi|1842678612|gb|MT455970.1|	99.672	100	1.27e-153	305	34816	Morone saxatilis	bony fishes	striped sea-bass
c5f95282384e010d60761dfdd623aae0	gi|1842677481|gb|MT455461.1|	99.672	100	1.27e-153	305	34816	Morone saxatilis	bony fishes	striped sea-bass
c5f95282384e010d60761dfdd623aae0	gi|1049487717|gb|KX145478.1|	99.672	100	1.27e-153	305	34816	Morone saxatilis	bony fishes	striped sea-bass
c5f95282384e010d60761dfdd623aae0	gi|1049487581|gb|KX145410.1|	99.672	100	1.27e-153	305	34816	Morone saxatilis	bony fishes	striped sea-bass
c5f95282384e010d60761dfdd623aae0	gi|1049487237|gb|KX145238.1|	99.672	100	1.27e-153	305	34816	Morone saxatilis	bony fishes	striped sea-bass
c5f95282384e010d60761dfdd623aae0	gi|1049486921|gb|KX145080.1|	99.672	100	1.27e-153	305	34816	Morone saxatilis	bony fishes	striped sea-bass
c5f95282384e010d60761dfdd623aae0	gi|1049486869|gb|KX145054.1|	99.672	100	1.27e-153	305	34816	Morone saxatilis	bony fishes	striped sea-bass
c5f95282384e010d60761dfdd623aae0	gi|2325478288|gb|OM736848.1|	99.672	100	1.27e-153	305	34816	Morone saxatilis	bony fishes	striped sea-bass
c5f95282384e010d60761dfdd623aae0	gi|537107223|gb|KF558274.1|	99.672	100	1.27e-153	305	34816	Morone saxatilis	bony fishes	striped sea-bass
5d3e8a184b038bc1e51b20797baf0ba3	gi|1842679301|gb|MT456207.1|	99.672	100	3.54e-154	305	34816	Morone saxatilis	bony fishes	striped sea-bass
5d3e8a184b038bc1e51b20797baf0ba3	gi|1842678612|gb|MT455970.1|	99.672	100	3.54e-154	305	34816	Morone saxatilis	bony fishes	striped sea-bass
5d3e8a184b038bc1e51b20797baf0ba3	gi|1842677481|gb|MT455461.1|	99.672	100	3.54e-154	305	34816	Morone saxatilis	bony fishes	striped sea-bass
5d3e8a184b038bc1e51b20797baf0ba3	gi|1049487717|gb|KX145478.1|	99.672	100	3.54e-154	305	34816	Morone saxatilis	bony fishes	striped sea-bass
5d3e8a184b038bc1e51b20797baf0ba3	gi|1049487581|gb|KX145410.1|	99.672	100	3.54e-154	305	34816	Morone saxatilis	bony fishes	striped sea-bass
5d3e8a184b038bc1e51b20797baf0ba3	gi|1049487237|gb|KX145238.1|	99.672	100	3.54e-154	305	34816	Morone saxatilis	bony fishes	striped sea-bass
5d3e8a184b038bc1e51b20797baf0ba3	gi|1049486921|gb|KX145080.1|	99.672	100	3.54e-154	305	34816	Morone saxatilis	bony fishes	striped sea-bass
5d3e8a184b038bc1e51b20797baf0ba3	gi|1049486869|gb|KX145054.1|	99.672	100	3.54e-154	305	34816	Morone saxatilis	bony fishes	striped sea-bass
5d3e8a184b038bc1e51b20797baf0ba3	gi|2325478288|gb|OM736848.1|	99.672	100	3.54e-154	305	34816	Morone saxatilis	bony fishes	striped sea-bass
5d3e8a184b038bc1e51b20797baf0ba3	gi|537107223|gb|KF558274.1|	99.672	100	3.54e-154	305	34816	Morone saxatilis	bony fishes	striped sea-bass
92b682f39874f451b72090889ac366ab	gi|926657240|dbj|LC000744.1|	91.810	100	1.02e-83	232	1545899	Lucina environmental sample	bivalves	Lucina environmental sample
92b682f39874f451b72090889ac366ab	gi|2259415324|emb|OW842537.1|	90.517	100	1.03e-78	232	175243	uncultured Ascomycota	ascomycete fungi	uncultured Ascomycota
92b682f39874f451b72090889ac366ab	gi|313847550|emb|FN869549.1|	90.517	100	1.03e-78	232	768442	Lucinidae gen. sp. TB-2010	bivalves	Lucinidae gen. sp. TB-2010
92b682f39874f451b72090889ac366ab	gi|2259493903|emb|OW836685.1|	90.476	99	4.80e-77	231	175245	uncultured fungus	fungi	uncultured fungus
10b67088ae38bf451932df4f351cab65	gi|220029897|gb|FJ581562.1|	99.672	100	3.54e-154	305	6756	Cancer irroratus	crustaceans	Atlantic rock crab
10b67088ae38bf451932df4f351cab65	gi|220029899|gb|FJ581563.1|	99.344	100	4.58e-153	305	6756	Cancer irroratus	crustaceans	Atlantic rock crab
10b67088ae38bf451932df4f351cab65	gi|220029893|gb|FJ581560.1|	99.344	100	4.58e-153	305	6756	Cancer irroratus	crustaceans	Atlantic rock crab
10b67088ae38bf451932df4f351cab65	gi|1502977886|gb|MG320501.1|	99.344	100	1.65e-152	305	6756	Cancer irroratus	crustaceans	Atlantic rock crab
10b67088ae38bf451932df4f351cab65	gi|220029907|gb|FJ581567.1|	99.016	100	5.92e-152	305	6756	Cancer irroratus	crustaceans	Atlantic rock crab
10b67088ae38bf451932df4f351cab65	gi|220029895|gb|FJ581561.1|	99.016	100	5.92e-152	305	6756	Cancer irroratus	crustaceans	Atlantic rock crab
10b67088ae38bf451932df4f351cab65	gi|168202859|gb|EU329150.1|	98.361	100	1.28e-148	305	6756	Cancer irroratus	crustaceans	Atlantic rock crab
10b67088ae38bf451932df4f351cab65	gi|1782809773|gb|MN811235.1|	98.361	100	4.61e-148	305	6756	Cancer irroratus	crustaceans	Atlantic rock crab
10b67088ae38bf451932df4f351cab65	gi|938485516|gb|KT601629.1|	99.642	91	1.00e-139	279	6756	Cancer irroratus	crustaceans	Atlantic rock crab
3f8220e82b83694f6aee193900a7129a	gi|1829002767|gb|MT166987.1|	100.000	100	7.61e-156	305	876145	Pista maculata	segmented worms	Pista maculata
3f8220e82b83694f6aee193900a7129a	gi|320516257|gb|HQ938395.1|	100.000	100	7.61e-156	305	876145	Pista maculata	segmented worms	Pista maculata
3f8220e82b83694f6aee193900a7129a	gi|304417534|gb|HQ023776.1|	99.344	100	1.65e-152	305	876145	Pista maculata	segmented worms	Pista maculata
3f8220e82b83694f6aee193900a7129a	gi|304417530|gb|HQ023774.1|	99.344	100	1.65e-152	305	876145	Pista maculata	segmented worms	Pista maculata
3f8220e82b83694f6aee193900a7129a	gi|320516259|gb|HQ938396.1|	99.344	100	1.65e-152	305	876145	Pista maculata	segmented worms	Pista maculata
3f8220e82b83694f6aee193900a7129a	gi|2797050833|gb|PQ270486.1|	100.000	95	5.96e-147	289	876145	Pista maculata	segmented worms	Pista maculata
37bd6e6a993021fa2912d98032e1a3eb	gi|304417534|gb|HQ023776.1|	100.000	100	7.61e-156	305	876145	Pista maculata	segmented worms	Pista maculata
37bd6e6a993021fa2912d98032e1a3eb	gi|320516259|gb|HQ938396.1|	100.000	100	7.61e-156	305	876145	Pista maculata	segmented worms	Pista maculata
37bd6e6a993021fa2912d98032e1a3eb	gi|1829002767|gb|MT166987.1|	99.344	100	1.65e-152	305	876145	Pista maculata	segmented worms	Pista maculata
37bd6e6a993021fa2912d98032e1a3eb	gi|304417530|gb|HQ023774.1|	99.344	100	1.65e-152	305	876145	Pista maculata	segmented worms	Pista maculata
37bd6e6a993021fa2912d98032e1a3eb	gi|320516257|gb|HQ938395.1|	99.344	100	1.65e-152	305	876145	Pista maculata	segmented worms	Pista maculata
37bd6e6a993021fa2912d98032e1a3eb	gi|2797050833|gb|PQ270486.1|	99.654	95	2.77e-145	289	876145	Pista maculata	segmented worms	Pista maculata
9eb7f7731058a674472a507276891166	gi|429141375|gb|KC016033.1|	100.000	100	7.61e-156	305	183657	Urophycis tenuis	bony fishes	white hake
9eb7f7731058a674472a507276891166	gi|429141369|gb|KC016030.1|	100.000	100	7.61e-156	305	183657	Urophycis tenuis	bony fishes	white hake
9eb7f7731058a674472a507276891166	gi|825713554|gb|KP111411.1|	100.000	98	4.58e-153	300	1184603	Actinopterygii environmental sample	bony fishes	Actinopterygii environmental sample
9eb7f7731058a674472a507276891166	gi|825712510|gb|KP110889.1|	100.000	95	4.61e-148	291	1184603	Actinopterygii environmental sample	bony fishes	Actinopterygii environmental sample
9eb7f7731058a674472a507276891166	gi|154761345|gb|EU074621.1|	91.148	100	8.11e-111	305	458613	Urophycis cirrata	bony fishes	Gulf hake
713ba7544e1ca80b114ddfffd07babdb	gi|1450114863|gb|MH349032.1|	90.141	93	1.78e-97	284	2301598	Vexillifera kereti	eukaryotes	Vexillifera kereti
78a0dced1c2abd81baee545d8b49ca1f	gi|1774220798|gb|MK896703.1|	99.344	100	1.65e-152	305	2576726	Dinophilus gardineri	segmented worms	Dinophilus gardineri
78a0dced1c2abd81baee545d8b49ca1f	gi|1774220800|gb|MK896704.1|	98.033	100	7.71e-146	305	2576726	Dinophilus gardineri	segmented worms	Dinophilus gardineri
ebb5f4d0097b3b8a09063ada3b1ac5fa	gi|1079487617|ref|NC_031403.1|	100.000	100	7.61e-156	305	884646	Myrianida brachycephala	segmented worms	Myrianida brachycephala
ebb5f4d0097b3b8a09063ada3b1ac5fa	gi|307549074|gb|GQ856188.1|	100.000	100	7.61e-156	305	884646	Myrianida brachycephala	segmented worms	Myrianida brachycephala
e6e3e8eb72ad320c5794215e5e354688	gi|307549100|gb|GQ856201.1|	100.000	100	7.61e-156	305	884656	Myrianida prolifera	segmented worms	Myrianida prolifera
e6e3e8eb72ad320c5794215e5e354688	gi|124053668|gb|EF123752.1|	98.689	100	1.28e-148	305	418333	Myrianida sp. MTA-2006	segmented worms	Myrianida sp. MTA-2006
e6e3e8eb72ad320c5794215e5e354688	gi|307549080|gb|GQ856191.1|	92.787	100	3.72e-119	305	885933	Myrianida edwarsi	segmented worms	Myrianida edwarsi
d638d1dde9882f08b75a59ede3ef5dfc	gi|95925796|gb|DQ513294.1|	99.650	94	3.59e-144	286	378372	Psamathe fusca	segmented worms	Psamathe fusca
95c1373a91847b11f0fa3744e7a46c70	gi|2845745883|emb|OZ115113.1|	100.000	100	2.73e-155	304	9606	Homo sapiens	primates	human
95c1373a91847b11f0fa3744e7a46c70	gi|2844838752|emb|OZ109509.1|	100.000	100	2.73e-155	304	9606	Homo sapiens	primates	human
95c1373a91847b11f0fa3744e7a46c70	gi|2844571246|emb|OZ099148.1|	100.000	100	2.73e-155	304	9606	Homo sapiens	primates	human
95c1373a91847b11f0fa3744e7a46c70	gi|2844565785|emb|OZ095193.1|	100.000	100	2.73e-155	304	9606	Homo sapiens	primates	human
95c1373a91847b11f0fa3744e7a46c70	gi|2795782767|emb|OZ168962.1|	100.000	100	2.73e-155	304	9606	Homo sapiens	primates	human
95c1373a91847b11f0fa3744e7a46c70	gi|2795781735|emb|OZ167360.1|	100.000	100	2.73e-155	304	9606	Homo sapiens	primates	human
95c1373a91847b11f0fa3744e7a46c70	gi|2795781241|emb|OZ166948.1|	100.000	100	2.73e-155	304	9606	Homo sapiens	primates	human
95c1373a91847b11f0fa3744e7a46c70	gi|2795780096|emb|OZ171030.1|	100.000	100	2.73e-155	304	9606	Homo sapiens	primates	human
95c1373a91847b11f0fa3744e7a46c70	gi|2795776564|emb|OZ165409.1|	100.000	100	2.73e-155	304	9606	Homo sapiens	primates	human
95c1373a91847b11f0fa3744e7a46c70	gi|2795776464|emb|OZ170216.1|	100.000	100	2.73e-155	304	9606	Homo sapiens	primates	human
45ffe3fecd17c9621f35feeda192b68b	gi|1280963112|gb|MG202007.1|	92.384	99	8.05e-116	302	1157699	Picobiliphyte sp. MS584-11	eukaryotes	Picobiliphyte sp. MS584-11
030fca0b1a37da2f9af4d8b68eebac37	gi|1139416980|gb|KY321562.1|	100.000	100	7.61e-156	305	51338	Castor canadensis	rodents	American beaver
030fca0b1a37da2f9af4d8b68eebac37	gi|1150149449|ref|NC_033912.1|	100.000	100	7.61e-156	305	51338	Castor canadensis	rodents	American beaver
030fca0b1a37da2f9af4d8b68eebac37	gi|332164919|gb|JF456151.1|	100.000	100	7.61e-156	305	51338	Castor canadensis	rodents	American beaver
030fca0b1a37da2f9af4d8b68eebac37	gi|321398231|emb|FR691684.1|	100.000	100	7.61e-156	305	51338	Castor canadensis	rodents	American beaver
030fca0b1a37da2f9af4d8b68eebac37	gi|1015809647|dbj|LC144616.1|	99.672	100	3.54e-154	305	51338	Castor canadensis	rodents	American beaver
030fca0b1a37da2f9af4d8b68eebac37	gi|831180824|gb|KT075340.1|	99.672	100	3.54e-154	305	51338	Castor canadensis	rodents	American beaver
030fca0b1a37da2f9af4d8b68eebac37	gi|332164917|gb|JF456150.1|	99.672	100	3.54e-154	305	51338	Castor canadensis	rodents	American beaver
030fca0b1a37da2f9af4d8b68eebac37	gi|332164915|gb|JF456149.1|	99.672	100	3.54e-154	305	51338	Castor canadensis	rodents	American beaver
492c1a560bfecccc042ad13a8101b13b	gi|1842677451|gb|MT455451.1|	99.672	100	3.54e-154	305	224708	Brevoortia tyrannus	bony fishes	Atlantic menhaden
492c1a560bfecccc042ad13a8101b13b	gi|1877095803|gb|MT783775.1|	99.672	100	3.54e-154	305	224708	Brevoortia tyrannus	bony fishes	Atlantic menhaden
492c1a560bfecccc042ad13a8101b13b	gi|1877095739|gb|MT783743.1|	99.672	100	3.54e-154	305	224707	Brevoortia patronus	bony fishes	Gulf menhaden
492c1a560bfecccc042ad13a8101b13b	gi|1842678213|gb|MT455780.1|	99.344	100	1.65e-152	305	224708	Brevoortia tyrannus	bony fishes	Atlantic menhaden
492c1a560bfecccc042ad13a8101b13b	gi|1842678055|gb|MT455701.1|	99.344	100	1.65e-152	305	224708	Brevoortia tyrannus	bony fishes	Atlantic menhaden
492c1a560bfecccc042ad13a8101b13b	gi|1842676632|gb|MT455152.1|	99.344	100	1.65e-152	305	224708	Brevoortia tyrannus	bony fishes	Atlantic menhaden
492c1a560bfecccc042ad13a8101b13b	gi|1877095789|gb|MT783768.1|	99.344	100	1.65e-152	305	224708	Brevoortia tyrannus	bony fishes	Atlantic menhaden
492c1a560bfecccc042ad13a8101b13b	gi|1877095787|gb|MT783767.1|	99.344	100	1.65e-152	305	224708	Brevoortia tyrannus	bony fishes	Atlantic menhaden
492c1a560bfecccc042ad13a8101b13b	gi|1877095731|gb|MT783739.1|	99.344	100	1.65e-152	305	224707	Brevoortia patronus	bony fishes	Gulf menhaden
492c1a560bfecccc042ad13a8101b13b	gi|1877095723|gb|MT783735.1|	99.344	100	1.65e-152	305	224707;224708	Brevoortia patronus	bony fishes	Gulf menhaden
c0e2da12f33f44f7f42de50a413767e6	gi|1842677451|gb|MT455451.1|	100.000	100	7.61e-156	305	224708	Brevoortia tyrannus	bony fishes	Atlantic menhaden
c0e2da12f33f44f7f42de50a413767e6	gi|1877095803|gb|MT783775.1|	100.000	100	7.61e-156	305	224708	Brevoortia tyrannus	bony fishes	Atlantic menhaden
c0e2da12f33f44f7f42de50a413767e6	gi|1842678055|gb|MT455701.1|	99.672	100	3.54e-154	305	224708	Brevoortia tyrannus	bony fishes	Atlantic menhaden
c0e2da12f33f44f7f42de50a413767e6	gi|1842676632|gb|MT455152.1|	99.672	100	3.54e-154	305	224708	Brevoortia tyrannus	bony fishes	Atlantic menhaden
c0e2da12f33f44f7f42de50a413767e6	gi|1877095789|gb|MT783768.1|	99.672	100	3.54e-154	305	224708	Brevoortia tyrannus	bony fishes	Atlantic menhaden
c0e2da12f33f44f7f42de50a413767e6	gi|1877095731|gb|MT783739.1|	99.672	100	3.54e-154	305	224707	Brevoortia patronus	bony fishes	Gulf menhaden
c0e2da12f33f44f7f42de50a413767e6	gi|1877095723|gb|MT783735.1|	99.672	100	3.54e-154	305	224707;224708	Brevoortia patronus	bony fishes	Gulf menhaden
c0e2da12f33f44f7f42de50a413767e6	gi|1877095711|gb|MT783729.1|	99.672	100	3.54e-154	305	224707	Brevoortia patronus	bony fishes	Gulf menhaden
c0e2da12f33f44f7f42de50a413767e6	gi|312614736|gb|HQ573291.1|	99.672	100	3.54e-154	305	329022	Brevoortia gunteri	bony fishes	finescale menhaden
c0e2da12f33f44f7f42de50a413767e6	gi|299823704|ref|NC_014266.1|	99.672	100	3.54e-154	305	224708	Brevoortia tyrannus	bony fishes	Atlantic menhaden
f116f86eced64254fd65b3ecdd32e202	gi|1842678055|gb|MT455701.1|	99.016	100	7.66e-151	305	224708	Brevoortia tyrannus	bony fishes	Atlantic menhaden
f116f86eced64254fd65b3ecdd32e202	gi|1842676632|gb|MT455152.1|	99.016	100	7.66e-151	305	224708	Brevoortia tyrannus	bony fishes	Atlantic menhaden
f116f86eced64254fd65b3ecdd32e202	gi|1877095789|gb|MT783768.1|	99.016	100	7.66e-151	305	224708	Brevoortia tyrannus	bony fishes	Atlantic menhaden
f116f86eced64254fd65b3ecdd32e202	gi|1877095731|gb|MT783739.1|	99.016	100	7.66e-151	305	224707	Brevoortia patronus	bony fishes	Gulf menhaden
f116f86eced64254fd65b3ecdd32e202	gi|1877095723|gb|MT783735.1|	99.016	100	7.66e-151	305	224707;224708	Brevoortia patronus	bony fishes	Gulf menhaden
f116f86eced64254fd65b3ecdd32e202	gi|1877095711|gb|MT783729.1|	99.016	100	7.66e-151	305	224707	Brevoortia patronus	bony fishes	Gulf menhaden
f116f86eced64254fd65b3ecdd32e202	gi|312614736|gb|HQ573291.1|	99.016	100	7.66e-151	305	329022	Brevoortia gunteri	bony fishes	finescale menhaden
f116f86eced64254fd65b3ecdd32e202	gi|299823704|ref|NC_014266.1|	99.016	100	7.66e-151	305	224708	Brevoortia tyrannus	bony fishes	Atlantic menhaden
f116f86eced64254fd65b3ecdd32e202	gi|1842677553|gb|MT455485.1|	98.689	100	3.56e-149	305	224708	Brevoortia tyrannus	bony fishes	Atlantic menhaden
f116f86eced64254fd65b3ecdd32e202	gi|1842677451|gb|MT455451.1|	98.689	100	3.56e-149	305	224708	Brevoortia tyrannus	bony fishes	Atlantic menhaden
27bfe861f877f4b5fbc0244c1ed5de53	gi|1842678297|gb|MT455822.1|	100.000	100	7.61e-156	305	7782	Leucoraja erinaceus	sharks & rays	little skate
27bfe861f877f4b5fbc0244c1ed5de53	gi|1842677729|gb|MT455544.1|	100.000	100	7.61e-156	305	7782	Leucoraja erinaceus	sharks & rays	little skate
27bfe861f877f4b5fbc0244c1ed5de53	gi|1842676565|gb|MT455119.1|	100.000	100	7.61e-156	305	7782	Leucoraja erinaceus	sharks & rays	little skate
27bfe861f877f4b5fbc0244c1ed5de53	gi|1411195504|gb|MH378601.1|	100.000	100	7.61e-156	305	7782	Leucoraja erinaceus	sharks & rays	little skate
27bfe861f877f4b5fbc0244c1ed5de53	gi|1411195350|gb|MH378524.1|	100.000	100	7.61e-156	305	7782	Leucoraja erinaceus	sharks & rays	little skate
27bfe861f877f4b5fbc0244c1ed5de53	gi|1411195308|gb|MH378503.1|	100.000	100	7.61e-156	305	7782	Leucoraja erinaceus	sharks & rays	little skate
27bfe861f877f4b5fbc0244c1ed5de53	gi|359422108|ref|NC_016429.1|	100.000	100	7.61e-156	305	7782	Leucoraja erinaceus	sharks & rays	little skate
27bfe861f877f4b5fbc0244c1ed5de53	gi|347978236|gb|JF894895.1|	100.000	100	7.61e-156	305	7782	Leucoraja erinaceus	sharks & rays	little skate
27bfe861f877f4b5fbc0244c1ed5de53	gi|347978216|gb|JF894885.1|	100.000	100	7.61e-156	305	7782	Leucoraja erinaceus	sharks & rays	little skate
27bfe861f877f4b5fbc0244c1ed5de53	gi|347978196|gb|JF894875.1|	100.000	100	7.61e-156	305	7782	Leucoraja erinaceus	sharks & rays	little skate
4e34e1d1cae34537f5484a1e63665253	gi|2789776426|gb|PQ208353.1|	99.344	100	1.65e-152	305	224708	Brevoortia tyrannus	bony fishes	Atlantic menhaden
4e34e1d1cae34537f5484a1e63665253	gi|831180720|gb|KT075288.1|	99.344	100	1.65e-152	305	224708	Brevoortia tyrannus	bony fishes	Atlantic menhaden
4e34e1d1cae34537f5484a1e63665253	gi|1842679401|gb|MT456257.1|	99.016	100	7.66e-151	305	224708	Brevoortia tyrannus	bony fishes	Atlantic menhaden
4e34e1d1cae34537f5484a1e63665253	gi|1411195374|gb|MH378536.1|	99.016	100	7.66e-151	305	224708	Brevoortia tyrannus	bony fishes	Atlantic menhaden
4e34e1d1cae34537f5484a1e63665253	gi|2789776424|gb|PQ208352.1|	99.016	100	7.66e-151	305	224708	Brevoortia tyrannus	bony fishes	Atlantic menhaden
4e34e1d1cae34537f5484a1e63665253	gi|1129799480|gb|KX688297.1|	99.016	100	7.66e-151	305	224708	Brevoortia tyrannus	bony fishes	Atlantic menhaden
4e34e1d1cae34537f5484a1e63665253	gi|1842677348|gb|MT455417.1|	98.689	100	3.56e-149	305	224708	Brevoortia tyrannus	bony fishes	Atlantic menhaden
4e34e1d1cae34537f5484a1e63665253	gi|1842677279|gb|MT455394.1|	98.689	100	3.56e-149	305	224708	Brevoortia tyrannus	bony fishes	Atlantic menhaden
4e34e1d1cae34537f5484a1e63665253	gi|1877095783|gb|MT783765.1|	98.689	100	3.56e-149	305	224708	Brevoortia tyrannus	bony fishes	Atlantic menhaden
4e34e1d1cae34537f5484a1e63665253	gi|1129799506|gb|KX688310.1|	98.361	100	1.66e-147	305	224708	Brevoortia tyrannus	bony fishes	Atlantic menhaden
02c8ddb599e450259ba1348fb6d947f8	gi|1842679401|gb|MT456257.1|	100.000	100	7.61e-156	305	224708	Brevoortia tyrannus	bony fishes	Atlantic menhaden
02c8ddb599e450259ba1348fb6d947f8	gi|1129799480|gb|KX688297.1|	100.000	100	7.61e-156	305	224708	Brevoortia tyrannus	bony fishes	Atlantic menhaden
02c8ddb599e450259ba1348fb6d947f8	gi|1842677348|gb|MT455417.1|	99.672	100	3.54e-154	305	224708	Brevoortia tyrannus	bony fishes	Atlantic menhaden
02c8ddb599e450259ba1348fb6d947f8	gi|2789776426|gb|PQ208353.1|	99.672	100	3.54e-154	305	224708	Brevoortia tyrannus	bony fishes	Atlantic menhaden
02c8ddb599e450259ba1348fb6d947f8	gi|831180720|gb|KT075288.1|	99.672	100	3.54e-154	305	224708	Brevoortia tyrannus	bony fishes	Atlantic menhaden
02c8ddb599e450259ba1348fb6d947f8	gi|1877095783|gb|MT783765.1|	99.672	100	3.54e-154	305	224708	Brevoortia tyrannus	bony fishes	Atlantic menhaden
02c8ddb599e450259ba1348fb6d947f8	gi|1411195374|gb|MH378536.1|	99.344	100	1.65e-152	305	224708	Brevoortia tyrannus	bony fishes	Atlantic menhaden
02c8ddb599e450259ba1348fb6d947f8	gi|2789776424|gb|PQ208352.1|	99.344	100	1.65e-152	305	224708	Brevoortia tyrannus	bony fishes	Atlantic menhaden
02c8ddb599e450259ba1348fb6d947f8	gi|1129799506|gb|KX688310.1|	99.344	100	1.65e-152	305	224708	Brevoortia tyrannus	bony fishes	Atlantic menhaden
02c8ddb599e450259ba1348fb6d947f8	gi|1842677279|gb|MT455394.1|	99.016	100	7.66e-151	305	224708	Brevoortia tyrannus	bony fishes	Atlantic menhaden
20141baa18e562f332ae8c126f401659	gi|2789776426|gb|PQ208353.1|	100.000	100	7.61e-156	305	224708	Brevoortia tyrannus	bony fishes	Atlantic menhaden
20141baa18e562f332ae8c126f401659	gi|831180720|gb|KT075288.1|	100.000	100	7.61e-156	305	224708	Brevoortia tyrannus	bony fishes	Atlantic menhaden
20141baa18e562f332ae8c126f401659	gi|1842679401|gb|MT456257.1|	99.672	100	3.54e-154	305	224708	Brevoortia tyrannus	bony fishes	Atlantic menhaden
20141baa18e562f332ae8c126f401659	gi|1411195374|gb|MH378536.1|	99.672	100	3.54e-154	305	224708	Brevoortia tyrannus	bony fishes	Atlantic menhaden
20141baa18e562f332ae8c126f401659	gi|2789776424|gb|PQ208352.1|	99.672	100	3.54e-154	305	224708	Brevoortia tyrannus	bony fishes	Atlantic menhaden
20141baa18e562f332ae8c126f401659	gi|1129799480|gb|KX688297.1|	99.672	100	3.54e-154	305	224708	Brevoortia tyrannus	bony fishes	Atlantic menhaden
20141baa18e562f332ae8c126f401659	gi|1842677348|gb|MT455417.1|	99.344	100	1.65e-152	305	224708	Brevoortia tyrannus	bony fishes	Atlantic menhaden
20141baa18e562f332ae8c126f401659	gi|1842677279|gb|MT455394.1|	99.344	100	1.65e-152	305	224708	Brevoortia tyrannus	bony fishes	Atlantic menhaden
20141baa18e562f332ae8c126f401659	gi|1877095783|gb|MT783765.1|	99.344	100	1.65e-152	305	224708	Brevoortia tyrannus	bony fishes	Atlantic menhaden
20141baa18e562f332ae8c126f401659	gi|1129799506|gb|KX688310.1|	99.016	100	7.66e-151	305	224708	Brevoortia tyrannus	bony fishes	Atlantic menhaden
83ab5a3c8bcd3ca12ce792aa51192706	gi|2789776426|gb|PQ208353.1|	99.344	100	1.65e-152	305	224708	Brevoortia tyrannus	bony fishes	Atlantic menhaden
83ab5a3c8bcd3ca12ce792aa51192706	gi|831180720|gb|KT075288.1|	99.344	100	1.65e-152	305	224708	Brevoortia tyrannus	bony fishes	Atlantic menhaden
83ab5a3c8bcd3ca12ce792aa51192706	gi|1842679401|gb|MT456257.1|	99.016	100	7.66e-151	305	224708	Brevoortia tyrannus	bony fishes	Atlantic menhaden
83ab5a3c8bcd3ca12ce792aa51192706	gi|1411195374|gb|MH378536.1|	99.016	100	7.66e-151	305	224708	Brevoortia tyrannus	bony fishes	Atlantic menhaden
83ab5a3c8bcd3ca12ce792aa51192706	gi|2789776424|gb|PQ208352.1|	99.016	100	7.66e-151	305	224708	Brevoortia tyrannus	bony fishes	Atlantic menhaden
83ab5a3c8bcd3ca12ce792aa51192706	gi|1129799480|gb|KX688297.1|	99.016	100	7.66e-151	305	224708	Brevoortia tyrannus	bony fishes	Atlantic menhaden
83ab5a3c8bcd3ca12ce792aa51192706	gi|1842677348|gb|MT455417.1|	98.689	100	3.56e-149	305	224708	Brevoortia tyrannus	bony fishes	Atlantic menhaden
83ab5a3c8bcd3ca12ce792aa51192706	gi|1842677279|gb|MT455394.1|	98.689	100	3.56e-149	305	224708	Brevoortia tyrannus	bony fishes	Atlantic menhaden
83ab5a3c8bcd3ca12ce792aa51192706	gi|1877095783|gb|MT783765.1|	98.689	100	3.56e-149	305	224708	Brevoortia tyrannus	bony fishes	Atlantic menhaden
83ab5a3c8bcd3ca12ce792aa51192706	gi|1129799506|gb|KX688310.1|	98.361	100	1.66e-147	305	224708	Brevoortia tyrannus	bony fishes	Atlantic menhaden
b2bcc9571356bc2bb7bb84ef376aca3c	gi|1584437672|gb|MK011276.1|	100.000	100	7.61e-156	305	34823	Microgadus tomcod	bony fishes	Atlantic tomcod
b2bcc9571356bc2bb7bb84ef376aca3c	gi|2095904170|gb|OK172100.1|	100.000	100	7.61e-156	305	34823	Microgadus tomcod	bony fishes	Atlantic tomcod
b2bcc9571356bc2bb7bb84ef376aca3c	gi|186883528|gb|EU524130.1|	100.000	100	7.61e-156	305	34823	Microgadus tomcod	bony fishes	Atlantic tomcod
b2bcc9571356bc2bb7bb84ef376aca3c	gi|186883526|gb|EU524129.1|	100.000	100	7.61e-156	305	34823	Microgadus tomcod	bony fishes	Atlantic tomcod
b2bcc9571356bc2bb7bb84ef376aca3c	gi|429140685|gb|KC015688.1|	99.672	100	3.54e-154	305	34823	Microgadus tomcod	bony fishes	Atlantic tomcod
b2bcc9571356bc2bb7bb84ef376aca3c	gi|429140689|gb|KC015690.1|	99.344	100	1.65e-152	305	34823	Microgadus tomcod	bony fishes	Atlantic tomcod
b2bcc9571356bc2bb7bb84ef376aca3c	gi|2489050272|gb|OQ826816.1|	93.046	99	3.72e-119	302	2699441	Eleginus nawaga	bony fishes	navaga
b2bcc9571356bc2bb7bb84ef376aca3c	gi|2489050270|gb|OQ826815.1|	93.046	99	3.72e-119	302	2699441	Eleginus nawaga	bony fishes	navaga
b2bcc9571356bc2bb7bb84ef376aca3c	gi|2489050268|gb|OQ826814.1|	93.046	99	3.72e-119	302	2699441	Eleginus nawaga	bony fishes	navaga
b2bcc9571356bc2bb7bb84ef376aca3c	gi|2489050266|gb|OQ826813.1|	93.046	99	3.72e-119	302	2699441	Eleginus nawaga	bony fishes	navaga
d7d6f0c4f82ffc2ee9d40a11dc9de1f4	gi|1584437672|gb|MK011276.1|	99.672	100	3.54e-154	305	34823	Microgadus tomcod	bony fishes	Atlantic tomcod
d7d6f0c4f82ffc2ee9d40a11dc9de1f4	gi|2095904170|gb|OK172100.1|	99.672	100	3.54e-154	305	34823	Microgadus tomcod	bony fishes	Atlantic tomcod
d7d6f0c4f82ffc2ee9d40a11dc9de1f4	gi|186883528|gb|EU524130.1|	99.672	100	3.54e-154	305	34823	Microgadus tomcod	bony fishes	Atlantic tomcod
d7d6f0c4f82ffc2ee9d40a11dc9de1f4	gi|186883526|gb|EU524129.1|	99.672	100	3.54e-154	305	34823	Microgadus tomcod	bony fishes	Atlantic tomcod
d7d6f0c4f82ffc2ee9d40a11dc9de1f4	gi|429140685|gb|KC015688.1|	99.344	100	1.65e-152	305	34823	Microgadus tomcod	bony fishes	Atlantic tomcod
d7d6f0c4f82ffc2ee9d40a11dc9de1f4	gi|429140689|gb|KC015690.1|	99.016	100	7.66e-151	305	34823	Microgadus tomcod	bony fishes	Atlantic tomcod
d7d6f0c4f82ffc2ee9d40a11dc9de1f4	gi|2489050272|gb|OQ826816.1|	92.715	99	1.73e-117	302	2699441	Eleginus nawaga	bony fishes	navaga
d7d6f0c4f82ffc2ee9d40a11dc9de1f4	gi|2489050270|gb|OQ826815.1|	92.715	99	1.73e-117	302	2699441	Eleginus nawaga	bony fishes	navaga
d7d6f0c4f82ffc2ee9d40a11dc9de1f4	gi|2489050268|gb|OQ826814.1|	92.715	99	1.73e-117	302	2699441	Eleginus nawaga	bony fishes	navaga
d7d6f0c4f82ffc2ee9d40a11dc9de1f4	gi|2489050266|gb|OQ826813.1|	92.715	99	1.73e-117	302	2699441	Eleginus nawaga	bony fishes	navaga
4cdc8f1ee26e4c72834afaf3028c35f1	gi|429140685|gb|KC015688.1|	100.000	100	7.61e-156	305	34823	Microgadus tomcod	bony fishes	Atlantic tomcod
4cdc8f1ee26e4c72834afaf3028c35f1	gi|1584437672|gb|MK011276.1|	99.672	100	3.54e-154	305	34823	Microgadus tomcod	bony fishes	Atlantic tomcod
4cdc8f1ee26e4c72834afaf3028c35f1	gi|2095904170|gb|OK172100.1|	99.672	100	3.54e-154	305	34823	Microgadus tomcod	bony fishes	Atlantic tomcod
4cdc8f1ee26e4c72834afaf3028c35f1	gi|429140689|gb|KC015690.1|	99.672	100	3.54e-154	305	34823	Microgadus tomcod	bony fishes	Atlantic tomcod
4cdc8f1ee26e4c72834afaf3028c35f1	gi|186883528|gb|EU524130.1|	99.672	100	3.54e-154	305	34823	Microgadus tomcod	bony fishes	Atlantic tomcod
4cdc8f1ee26e4c72834afaf3028c35f1	gi|186883526|gb|EU524129.1|	99.672	100	3.54e-154	305	34823	Microgadus tomcod	bony fishes	Atlantic tomcod
4cdc8f1ee26e4c72834afaf3028c35f1	gi|2489050272|gb|OQ826816.1|	92.715	99	1.73e-117	302	2699441	Eleginus nawaga	bony fishes	navaga
4cdc8f1ee26e4c72834afaf3028c35f1	gi|2489050270|gb|OQ826815.1|	92.715	99	1.73e-117	302	2699441	Eleginus nawaga	bony fishes	navaga
4cdc8f1ee26e4c72834afaf3028c35f1	gi|2489050268|gb|OQ826814.1|	92.715	99	1.73e-117	302	2699441	Eleginus nawaga	bony fishes	navaga
4cdc8f1ee26e4c72834afaf3028c35f1	gi|2489050266|gb|OQ826813.1|	92.715	99	1.73e-117	302	2699441	Eleginus nawaga	bony fishes	navaga
baa43cdc3d5379c59c1d4707f496e3dd	gi|429140689|gb|KC015690.1|	100.000	100	7.61e-156	305	34823	Microgadus tomcod	bony fishes	Atlantic tomcod
baa43cdc3d5379c59c1d4707f496e3dd	gi|429140685|gb|KC015688.1|	99.672	100	3.54e-154	305	34823	Microgadus tomcod	bony fishes	Atlantic tomcod
baa43cdc3d5379c59c1d4707f496e3dd	gi|1584437672|gb|MK011276.1|	99.344	100	1.65e-152	305	34823	Microgadus tomcod	bony fishes	Atlantic tomcod
baa43cdc3d5379c59c1d4707f496e3dd	gi|2095904170|gb|OK172100.1|	99.344	100	1.65e-152	305	34823	Microgadus tomcod	bony fishes	Atlantic tomcod
baa43cdc3d5379c59c1d4707f496e3dd	gi|186883528|gb|EU524130.1|	99.344	100	1.65e-152	305	34823	Microgadus tomcod	bony fishes	Atlantic tomcod
baa43cdc3d5379c59c1d4707f496e3dd	gi|186883526|gb|EU524129.1|	99.344	100	1.65e-152	305	34823	Microgadus tomcod	bony fishes	Atlantic tomcod
baa43cdc3d5379c59c1d4707f496e3dd	gi|2489050272|gb|OQ826816.1|	92.384	99	8.05e-116	302	2699441	Eleginus nawaga	bony fishes	navaga
baa43cdc3d5379c59c1d4707f496e3dd	gi|2489050270|gb|OQ826815.1|	92.384	99	8.05e-116	302	2699441	Eleginus nawaga	bony fishes	navaga
baa43cdc3d5379c59c1d4707f496e3dd	gi|2489050268|gb|OQ826814.1|	92.384	99	8.05e-116	302	2699441	Eleginus nawaga	bony fishes	navaga
baa43cdc3d5379c59c1d4707f496e3dd	gi|2489050266|gb|OQ826813.1|	92.384	99	8.05e-116	302	2699441	Eleginus nawaga	bony fishes	navaga
929dd1f9923c7baaf13e50c17f598045	gi|1858626016|gb|MN849868.1|	100.000	100	7.61e-156	305	9606	Homo sapiens	primates	human
929dd1f9923c7baaf13e50c17f598045	gi|1858626002|gb|MN849867.1|	100.000	100	7.61e-156	305	9606	Homo sapiens	primates	human
929dd1f9923c7baaf13e50c17f598045	gi|1858625988|gb|MN849866.1|	100.000	100	7.61e-156	305	9606	Homo sapiens	primates	human
929dd1f9923c7baaf13e50c17f598045	gi|1858625974|gb|MN849865.1|	100.000	100	7.61e-156	305	9606	Homo sapiens	primates	human
929dd1f9923c7baaf13e50c17f598045	gi|1858625960|gb|MN849864.1|	100.000	100	7.61e-156	305	9606	Homo sapiens	primates	human
929dd1f9923c7baaf13e50c17f598045	gi|1858625946|gb|MN849863.1|	100.000	100	7.61e-156	305	9606	Homo sapiens	primates	human
929dd1f9923c7baaf13e50c17f598045	gi|1858625932|gb|MN849862.1|	100.000	100	7.61e-156	305	9606	Homo sapiens	primates	human
929dd1f9923c7baaf13e50c17f598045	gi|1858625918|gb|MN849861.1|	100.000	100	7.61e-156	305	9606	Homo sapiens	primates	human
929dd1f9923c7baaf13e50c17f598045	gi|1858625904|gb|MN849860.1|	100.000	100	7.61e-156	305	9606	Homo sapiens	primates	human
929dd1f9923c7baaf13e50c17f598045	gi|1858625890|gb|MN849859.1|	100.000	100	7.61e-156	305	9606	Homo sapiens	primates	human
6ee3a71d8e76be97018893c280eb9d6f	gi|2663409612|emb|OZ004779.1|	100.000	100	7.61e-156	305	9742	Phocoena phocoena	whales & dolphins	harbor porpoise
6ee3a71d8e76be97018893c280eb9d6f	gi|2575036184|gb|OR530722.1|	100.000	100	7.61e-156	305	9742	Phocoena phocoena	whales & dolphins	harbor porpoise
6ee3a71d8e76be97018893c280eb9d6f	gi|2575036144|gb|OR530702.1|	100.000	100	7.61e-156	305	9742	Phocoena phocoena	whales & dolphins	harbor porpoise
6ee3a71d8e76be97018893c280eb9d6f	gi|2575036118|gb|OR530689.1|	100.000	100	7.61e-156	305	9742	Phocoena phocoena	whales & dolphins	harbor porpoise
6ee3a71d8e76be97018893c280eb9d6f	gi|2227918468|gb|MT874476.1|	100.000	100	7.61e-156	305	9742	Phocoena phocoena	whales & dolphins	harbor porpoise
6ee3a71d8e76be97018893c280eb9d6f	gi|549533473|gb|KF281692.1|	100.000	100	7.61e-156	305	9742	Phocoena phocoena	whales & dolphins	harbor porpoise
6ee3a71d8e76be97018893c280eb9d6f	gi|549533457|gb|KF281685.1|	100.000	100	7.61e-156	305	9742	Phocoena phocoena	whales & dolphins	harbor porpoise
6ee3a71d8e76be97018893c280eb9d6f	gi|549533432|gb|KF281674.1|	100.000	100	7.61e-156	305	9742	Phocoena phocoena	whales & dolphins	harbor porpoise
6ee3a71d8e76be97018893c280eb9d6f	gi|549533428|gb|KF281672.1|	100.000	100	7.61e-156	305	9742	Phocoena phocoena	whales & dolphins	harbor porpoise
6ee3a71d8e76be97018893c280eb9d6f	gi|549533423|gb|KF281670.1|	100.000	100	7.61e-156	305	9742	Phocoena phocoena	whales & dolphins	harbor porpoise
fe4377972d821e2662e412fd03741a05	gi|2530650911|gb|ON867007.1|	99.672	100	3.54e-154	305	2903	Emiliania huxleyi	haptophytes	Emiliania huxleyi
fe4377972d821e2662e412fd03741a05	gi|2235062560|gb|OL703631.1|	99.672	100	3.54e-154	305	1663125	Gephyrocapsa muellerae	haptophytes	Gephyrocapsa muellerae
fe4377972d821e2662e412fd03741a05	gi|2235062516|gb|OL703629.1|	99.672	100	3.54e-154	305	2903	Emiliania huxleyi	haptophytes	Emiliania huxleyi
fe4377972d821e2662e412fd03741a05	gi|2235062430|gb|OL703625.1|	99.672	100	3.54e-154	305	2903	Emiliania huxleyi	haptophytes	Emiliania huxleyi
fe4377972d821e2662e412fd03741a05	gi|2235062408|gb|OL703624.1|	99.672	100	3.54e-154	305	2903	Emiliania huxleyi	haptophytes	Emiliania huxleyi
fe4377972d821e2662e412fd03741a05	gi|2235062343|gb|OL703621.1|	99.672	100	3.54e-154	305	2903	Emiliania huxleyi	haptophytes	Emiliania huxleyi
fe4377972d821e2662e412fd03741a05	gi|2235062299|gb|OL703619.1|	99.672	100	3.54e-154	305	2903	Emiliania huxleyi	haptophytes	Emiliania huxleyi
fe4377972d821e2662e412fd03741a05	gi|2235062257|gb|OL703617.1|	99.672	100	3.54e-154	305	2903	Emiliania huxleyi	haptophytes	Emiliania huxleyi
fe4377972d821e2662e412fd03741a05	gi|2235062170|gb|OL703613.1|	99.672	100	3.54e-154	305	2903	Emiliania huxleyi	haptophytes	Emiliania huxleyi
fe4377972d821e2662e412fd03741a05	gi|2235062149|gb|OL703612.1|	99.672	100	3.54e-154	305	2903	Emiliania huxleyi	haptophytes	Emiliania huxleyi
db8fceb83efca51db0ec6b853ba32949	gi|2235062191|gb|OL703614.1|	100.000	100	7.61e-156	305	2903	Emiliania huxleyi	haptophytes	Emiliania huxleyi
db8fceb83efca51db0ec6b853ba32949	gi|2530650911|gb|ON867007.1|	99.672	100	3.54e-154	305	2903	Emiliania huxleyi	haptophytes	Emiliania huxleyi
db8fceb83efca51db0ec6b853ba32949	gi|2235062560|gb|OL703631.1|	99.672	100	3.54e-154	305	1663125	Gephyrocapsa muellerae	haptophytes	Gephyrocapsa muellerae
db8fceb83efca51db0ec6b853ba32949	gi|2235062516|gb|OL703629.1|	99.672	100	3.54e-154	305	2903	Emiliania huxleyi	haptophytes	Emiliania huxleyi
db8fceb83efca51db0ec6b853ba32949	gi|2235062430|gb|OL703625.1|	99.672	100	3.54e-154	305	2903	Emiliania huxleyi	haptophytes	Emiliania huxleyi
db8fceb83efca51db0ec6b853ba32949	gi|2235062408|gb|OL703624.1|	99.672	100	3.54e-154	305	2903	Emiliania huxleyi	haptophytes	Emiliania huxleyi
db8fceb83efca51db0ec6b853ba32949	gi|2235062343|gb|OL703621.1|	99.672	100	3.54e-154	305	2903	Emiliania huxleyi	haptophytes	Emiliania huxleyi
db8fceb83efca51db0ec6b853ba32949	gi|2235062299|gb|OL703619.1|	99.672	100	3.54e-154	305	2903	Emiliania huxleyi	haptophytes	Emiliania huxleyi
db8fceb83efca51db0ec6b853ba32949	gi|2235062257|gb|OL703617.1|	99.672	100	3.54e-154	305	2903	Emiliania huxleyi	haptophytes	Emiliania huxleyi
db8fceb83efca51db0ec6b853ba32949	gi|2235062170|gb|OL703613.1|	99.672	100	3.54e-154	305	2903	Emiliania huxleyi	haptophytes	Emiliania huxleyi
4f08cbf486404bb5ea5a415857af50bc	gi|2530650911|gb|ON867007.1|	100.000	100	7.61e-156	305	2903	Emiliania huxleyi	haptophytes	Emiliania huxleyi
4f08cbf486404bb5ea5a415857af50bc	gi|2235062560|gb|OL703631.1|	100.000	100	7.61e-156	305	1663125	Gephyrocapsa muellerae	haptophytes	Gephyrocapsa muellerae
4f08cbf486404bb5ea5a415857af50bc	gi|2235062516|gb|OL703629.1|	100.000	100	7.61e-156	305	2903	Emiliania huxleyi	haptophytes	Emiliania huxleyi
4f08cbf486404bb5ea5a415857af50bc	gi|2235062430|gb|OL703625.1|	100.000	100	7.61e-156	305	2903	Emiliania huxleyi	haptophytes	Emiliania huxleyi
4f08cbf486404bb5ea5a415857af50bc	gi|2235062408|gb|OL703624.1|	100.000	100	7.61e-156	305	2903	Emiliania huxleyi	haptophytes	Emiliania huxleyi
4f08cbf486404bb5ea5a415857af50bc	gi|2235062343|gb|OL703621.1|	100.000	100	7.61e-156	305	2903	Emiliania huxleyi	haptophytes	Emiliania huxleyi
4f08cbf486404bb5ea5a415857af50bc	gi|2235062299|gb|OL703619.1|	100.000	100	7.61e-156	305	2903	Emiliania huxleyi	haptophytes	Emiliania huxleyi
4f08cbf486404bb5ea5a415857af50bc	gi|2235062257|gb|OL703617.1|	100.000	100	7.61e-156	305	2903	Emiliania huxleyi	haptophytes	Emiliania huxleyi
4f08cbf486404bb5ea5a415857af50bc	gi|2235062170|gb|OL703613.1|	100.000	100	7.61e-156	305	2903	Emiliania huxleyi	haptophytes	Emiliania huxleyi
4f08cbf486404bb5ea5a415857af50bc	gi|2235062149|gb|OL703612.1|	100.000	100	7.61e-156	305	2903	Emiliania huxleyi	haptophytes	Emiliania huxleyi
f69b8ecc40fd4bc7252fcd9df9cb7ea5	gi|2530650958|gb|ON867009.1|	99.672	100	3.54e-154	305	2903	Emiliania huxleyi	haptophytes	Emiliania huxleyi
f69b8ecc40fd4bc7252fcd9df9cb7ea5	gi|2235062667|gb|OL703636.1|	99.672	100	3.54e-154	305	2903	Emiliania huxleyi	haptophytes	Emiliania huxleyi
f69b8ecc40fd4bc7252fcd9df9cb7ea5	gi|2530650911|gb|ON867007.1|	99.344	100	1.65e-152	305	2903	Emiliania huxleyi	haptophytes	Emiliania huxleyi
f69b8ecc40fd4bc7252fcd9df9cb7ea5	gi|2235062560|gb|OL703631.1|	99.344	100	1.65e-152	305	1663125	Gephyrocapsa muellerae	haptophytes	Gephyrocapsa muellerae
f69b8ecc40fd4bc7252fcd9df9cb7ea5	gi|2235062516|gb|OL703629.1|	99.344	100	1.65e-152	305	2903	Emiliania huxleyi	haptophytes	Emiliania huxleyi
f69b8ecc40fd4bc7252fcd9df9cb7ea5	gi|2235062430|gb|OL703625.1|	99.344	100	1.65e-152	305	2903	Emiliania huxleyi	haptophytes	Emiliania huxleyi
f69b8ecc40fd4bc7252fcd9df9cb7ea5	gi|2235062408|gb|OL703624.1|	99.344	100	1.65e-152	305	2903	Emiliania huxleyi	haptophytes	Emiliania huxleyi
f69b8ecc40fd4bc7252fcd9df9cb7ea5	gi|2235062343|gb|OL703621.1|	99.344	100	1.65e-152	305	2903	Emiliania huxleyi	haptophytes	Emiliania huxleyi
f69b8ecc40fd4bc7252fcd9df9cb7ea5	gi|2235062299|gb|OL703619.1|	99.344	100	1.65e-152	305	2903	Emiliania huxleyi	haptophytes	Emiliania huxleyi
f69b8ecc40fd4bc7252fcd9df9cb7ea5	gi|2235062257|gb|OL703617.1|	99.344	100	1.65e-152	305	2903	Emiliania huxleyi	haptophytes	Emiliania huxleyi
dfee94f28542cdb9a309b38c538fa40c	gi|2530650958|gb|ON867009.1|	100.000	100	7.61e-156	305	2903	Emiliania huxleyi	haptophytes	Emiliania huxleyi
dfee94f28542cdb9a309b38c538fa40c	gi|2235062667|gb|OL703636.1|	100.000	100	7.61e-156	305	2903	Emiliania huxleyi	haptophytes	Emiliania huxleyi
dfee94f28542cdb9a309b38c538fa40c	gi|2530650911|gb|ON867007.1|	99.672	100	3.54e-154	305	2903	Emiliania huxleyi	haptophytes	Emiliania huxleyi
dfee94f28542cdb9a309b38c538fa40c	gi|2235062560|gb|OL703631.1|	99.672	100	3.54e-154	305	1663125	Gephyrocapsa muellerae	haptophytes	Gephyrocapsa muellerae
dfee94f28542cdb9a309b38c538fa40c	gi|2235062516|gb|OL703629.1|	99.672	100	3.54e-154	305	2903	Emiliania huxleyi	haptophytes	Emiliania huxleyi
dfee94f28542cdb9a309b38c538fa40c	gi|2235062430|gb|OL703625.1|	99.672	100	3.54e-154	305	2903	Emiliania huxleyi	haptophytes	Emiliania huxleyi
dfee94f28542cdb9a309b38c538fa40c	gi|2235062408|gb|OL703624.1|	99.672	100	3.54e-154	305	2903	Emiliania huxleyi	haptophytes	Emiliania huxleyi
dfee94f28542cdb9a309b38c538fa40c	gi|2235062343|gb|OL703621.1|	99.672	100	3.54e-154	305	2903	Emiliania huxleyi	haptophytes	Emiliania huxleyi
dfee94f28542cdb9a309b38c538fa40c	gi|2235062299|gb|OL703619.1|	99.672	100	3.54e-154	305	2903	Emiliania huxleyi	haptophytes	Emiliania huxleyi
dfee94f28542cdb9a309b38c538fa40c	gi|2235062257|gb|OL703617.1|	99.672	100	3.54e-154	305	2903	Emiliania huxleyi	haptophytes	Emiliania huxleyi
f928ae33d6a6be924da376c736b6c93a	gi|343915525|gb|JN202434.1|	91.749	99	1.74e-112	303	1076758	Parvamoeba rugata	eukaryotes	Parvamoeba rugata
f928ae33d6a6be924da376c736b6c93a	gi|343915527|gb|JN202435.1|	91.419	99	8.11e-111	303	1076758	Parvamoeba rugata	eukaryotes	Parvamoeba rugata
845b3e03c33820a36da358e99dce139f	gi|220029957|gb|FJ581592.1|	100.000	100	7.61e-156	305	6759	Carcinus maenas	crustaceans	green crab
845b3e03c33820a36da358e99dce139f	gi|936252380|gb|KT208491.1|	99.672	100	3.54e-154	305	6759	Carcinus maenas	crustaceans	green crab
845b3e03c33820a36da358e99dce139f	gi|1524233186|gb|MH931378.1|	99.344	100	1.65e-152	305	6759	Carcinus maenas	crustaceans	green crab
845b3e03c33820a36da358e99dce139f	gi|1524233184|gb|MH931377.1|	99.344	100	1.65e-152	305	6759	Carcinus maenas	crustaceans	green crab
845b3e03c33820a36da358e99dce139f	gi|1465190190|gb|MG936474.1|	99.344	100	1.65e-152	305	6759	Carcinus maenas	crustaceans	green crab
845b3e03c33820a36da358e99dce139f	gi|1430075709|gb|MG935274.1|	99.344	100	1.65e-152	305	762645	Liocarcinus pusillus	crustaceans	Liocarcinus pusillus
845b3e03c33820a36da358e99dce139f	gi|1563835458|gb|MK308254.1|	99.344	100	1.65e-152	305	6759	Carcinus maenas	crustaceans	green crab
845b3e03c33820a36da358e99dce139f	gi|2645983296|gb|PP098501.1|	99.344	100	1.65e-152	305	6759	Carcinus maenas	crustaceans	green crab
845b3e03c33820a36da358e99dce139f	gi|959315773|gb|KT952478.1|	99.344	100	1.65e-152	305	6759	Carcinus maenas	crustaceans	green crab
845b3e03c33820a36da358e99dce139f	gi|959315769|gb|KT952476.1|	99.344	100	1.65e-152	305	6759	Carcinus maenas	crustaceans	green crab
96d44c97a6df79a322c8c1065d6ea90a	gi|1524233186|gb|MH931378.1|	100.000	100	7.61e-156	305	6759	Carcinus maenas	crustaceans	green crab
96d44c97a6df79a322c8c1065d6ea90a	gi|1524233184|gb|MH931377.1|	100.000	100	7.61e-156	305	6759	Carcinus maenas	crustaceans	green crab
96d44c97a6df79a322c8c1065d6ea90a	gi|1465190190|gb|MG936474.1|	100.000	100	7.61e-156	305	6759	Carcinus maenas	crustaceans	green crab
96d44c97a6df79a322c8c1065d6ea90a	gi|1563835458|gb|MK308254.1|	100.000	100	7.61e-156	305	6759	Carcinus maenas	crustaceans	green crab
96d44c97a6df79a322c8c1065d6ea90a	gi|2645983296|gb|PP098501.1|	100.000	100	7.61e-156	305	6759	Carcinus maenas	crustaceans	green crab
96d44c97a6df79a322c8c1065d6ea90a	gi|959315773|gb|KT952478.1|	100.000	100	7.61e-156	305	6759	Carcinus maenas	crustaceans	green crab
96d44c97a6df79a322c8c1065d6ea90a	gi|959315767|gb|KT952475.1|	100.000	100	7.61e-156	305	6759	Carcinus maenas	crustaceans	green crab
96d44c97a6df79a322c8c1065d6ea90a	gi|936254406|gb|KT209504.1|	100.000	100	7.61e-156	305	6759	Carcinus maenas	crustaceans	green crab
96d44c97a6df79a322c8c1065d6ea90a	gi|936254110|gb|KT209356.1|	100.000	100	7.61e-156	305	6759	Carcinus maenas	crustaceans	green crab
96d44c97a6df79a322c8c1065d6ea90a	gi|936253976|gb|KT209289.1|	100.000	100	7.61e-156	305	6759	Carcinus maenas	crustaceans	green crab
6dacfdb6c28144f4958f1399a0b48560	gi|1524233206|gb|MH931388.1|	100.000	100	7.61e-156	305	6759	Carcinus maenas	crustaceans	green crab
6dacfdb6c28144f4958f1399a0b48560	gi|2656475250|gb|PP192123.1|	100.000	100	7.61e-156	305	6759	Carcinus maenas	crustaceans	green crab
6dacfdb6c28144f4958f1399a0b48560	gi|936254094|gb|KT209348.1|	100.000	100	7.61e-156	305	6759	Carcinus maenas	crustaceans	green crab
6dacfdb6c28144f4958f1399a0b48560	gi|367056759|gb|JQ305942.1|	100.000	100	7.61e-156	305	6759	Carcinus maenas	crustaceans	green crab
6dacfdb6c28144f4958f1399a0b48560	gi|367056757|gb|JQ305941.1|	100.000	100	7.61e-156	305	6759	Carcinus maenas	crustaceans	green crab
6dacfdb6c28144f4958f1399a0b48560	gi|2868138028|gb|PQ739509.1|	99.344	100	1.65e-152	305	6759	Carcinus maenas	crustaceans	green crab
6dacfdb6c28144f4958f1399a0b48560	gi|2868138026|gb|PQ739508.1|	99.344	100	1.65e-152	305	6759	Carcinus maenas	crustaceans	green crab
6dacfdb6c28144f4958f1399a0b48560	gi|1524233204|gb|MH931387.1|	99.344	100	1.65e-152	305	6759	Carcinus maenas	crustaceans	green crab
6dacfdb6c28144f4958f1399a0b48560	gi|2645983299|gb|PP098502.1|	99.344	100	1.65e-152	305	6759	Carcinus maenas	crustaceans	green crab
6dacfdb6c28144f4958f1399a0b48560	gi|936254330|gb|KT209466.1|	99.344	100	1.65e-152	305	6759	Carcinus maenas	crustaceans	green crab
8681a39da1d404508c98baa90569179b	gi|2868138026|gb|PQ739508.1|	100.000	100	7.61e-156	305	6759	Carcinus maenas	crustaceans	green crab
8681a39da1d404508c98baa90569179b	gi|2645983299|gb|PP098502.1|	100.000	100	7.61e-156	305	6759	Carcinus maenas	crustaceans	green crab
8681a39da1d404508c98baa90569179b	gi|936252216|gb|KT208409.1|	100.000	100	7.61e-156	305	6759	Carcinus maenas	crustaceans	green crab
8681a39da1d404508c98baa90569179b	gi|2321557176|gb|OM237312.1|	100.000	100	7.61e-156	305	6759	Carcinus maenas	crustaceans	green crab
8681a39da1d404508c98baa90569179b	gi|2082101116|gb|MT748849.1|	100.000	100	7.61e-156	305	6759	Carcinus maenas	crustaceans	green crab
8681a39da1d404508c98baa90569179b	gi|2082101112|gb|MT748847.1|	100.000	100	7.61e-156	305	6759	Carcinus maenas	crustaceans	green crab
8681a39da1d404508c98baa90569179b	gi|2082101086|gb|MT748834.1|	100.000	100	7.61e-156	305	6759	Carcinus maenas	crustaceans	green crab
8681a39da1d404508c98baa90569179b	gi|2082101078|gb|MT748830.1|	100.000	100	7.61e-156	305	6759	Carcinus maenas	crustaceans	green crab
8681a39da1d404508c98baa90569179b	gi|2082101066|gb|MT748824.1|	100.000	100	7.61e-156	305	6759	Carcinus maenas	crustaceans	green crab
8681a39da1d404508c98baa90569179b	gi|2082101060|gb|MT748821.1|	100.000	100	7.61e-156	305	6759	Carcinus maenas	crustaceans	green crab
eb41c18aa17e2bcb60546a48d02e3438	gi|2594636944|gb|OR707032.1|	100.000	100	7.61e-156	305	7797	Squalus acanthias	sharks & rays	spiny dogfish
eb41c18aa17e2bcb60546a48d02e3438	gi|831180768|gb|KT075312.1|	100.000	100	7.61e-156	305	7797	Squalus acanthias	sharks & rays	spiny dogfish
eb41c18aa17e2bcb60546a48d02e3438	gi|261875149|gb|FJ519590.1|	100.000	100	7.61e-156	305	7797	Squalus acanthias	sharks & rays	spiny dogfish
eb41c18aa17e2bcb60546a48d02e3438	gi|1842677192|gb|MT455365.1|	99.672	100	3.54e-154	305	7797	Squalus acanthias	sharks & rays	spiny dogfish
eb41c18aa17e2bcb60546a48d02e3438	gi|1842676778|gb|MT455225.1|	99.672	100	3.54e-154	305	7797	Squalus acanthias	sharks & rays	spiny dogfish
eb41c18aa17e2bcb60546a48d02e3438	gi|1785997549|gb|MK990515.1|	99.672	100	3.54e-154	305	7797	Squalus acanthias	sharks & rays	spiny dogfish
eb41c18aa17e2bcb60546a48d02e3438	gi|2783614020|gb|PQ142941.1|	99.672	100	3.54e-154	305	7797	Squalus acanthias	sharks & rays	spiny dogfish
eb41c18aa17e2bcb60546a48d02e3438	gi|2783614016|gb|PQ142939.1|	99.672	100	3.54e-154	305	7797	Squalus acanthias	sharks & rays	spiny dogfish
eb41c18aa17e2bcb60546a48d02e3438	gi|2783614014|gb|PQ142938.1|	99.672	100	3.54e-154	305	7797	Squalus acanthias	sharks & rays	spiny dogfish
eb41c18aa17e2bcb60546a48d02e3438	gi|2783614012|gb|PQ142937.1|	99.672	100	3.54e-154	305	7797	Squalus acanthias	sharks & rays	spiny dogfish
381dbdaf7bdf58ca2d00576c9db1ca2b	gi|1842677192|gb|MT455365.1|	100.000	100	7.61e-156	305	7797	Squalus acanthias	sharks & rays	spiny dogfish
381dbdaf7bdf58ca2d00576c9db1ca2b	gi|1842676778|gb|MT455225.1|	100.000	100	7.61e-156	305	7797	Squalus acanthias	sharks & rays	spiny dogfish
381dbdaf7bdf58ca2d00576c9db1ca2b	gi|1785997549|gb|MK990515.1|	100.000	100	7.61e-156	305	7797	Squalus acanthias	sharks & rays	spiny dogfish
381dbdaf7bdf58ca2d00576c9db1ca2b	gi|2783614020|gb|PQ142941.1|	100.000	100	7.61e-156	305	7797	Squalus acanthias	sharks & rays	spiny dogfish
381dbdaf7bdf58ca2d00576c9db1ca2b	gi|2783614016|gb|PQ142939.1|	100.000	100	7.61e-156	305	7797	Squalus acanthias	sharks & rays	spiny dogfish
381dbdaf7bdf58ca2d00576c9db1ca2b	gi|2783614014|gb|PQ142938.1|	100.000	100	7.61e-156	305	7797	Squalus acanthias	sharks & rays	spiny dogfish
381dbdaf7bdf58ca2d00576c9db1ca2b	gi|2783614012|gb|PQ142937.1|	100.000	100	7.61e-156	305	7797	Squalus acanthias	sharks & rays	spiny dogfish
381dbdaf7bdf58ca2d00576c9db1ca2b	gi|1423310894|gb|MG299079.1|	100.000	100	7.61e-156	305	7797	Squalus acanthias	sharks & rays	spiny dogfish
381dbdaf7bdf58ca2d00576c9db1ca2b	gi|1411195248|gb|MH378473.1|	100.000	100	7.61e-156	305	7797	Squalus acanthias	sharks & rays	spiny dogfish
381dbdaf7bdf58ca2d00576c9db1ca2b	gi|2594636940|gb|OR707030.1|	100.000	100	7.61e-156	305	7797	Squalus acanthias	sharks & rays	spiny dogfish
54ce1cf8f7792352b60934af446a8c08	gi|1712730581|gb|MH676091.1|	100.000	100	7.61e-156	305	8853	Branta canadensis	birds	Canada goose
54ce1cf8f7792352b60934af446a8c08	gi|1712730579|gb|MH676090.1|	100.000	100	7.61e-156	305	8853	Branta canadensis	birds	Canada goose
54ce1cf8f7792352b60934af446a8c08	gi|1712730577|gb|MH676089.1|	100.000	100	7.61e-156	305	8853	Branta canadensis	birds	Canada goose
54ce1cf8f7792352b60934af446a8c08	gi|1712730575|gb|MH676088.1|	100.000	100	7.61e-156	305	8853	Branta canadensis	birds	Canada goose
54ce1cf8f7792352b60934af446a8c08	gi|1712730573|gb|MH676087.1|	100.000	100	7.61e-156	305	8853	Branta canadensis	birds	Canada goose
54ce1cf8f7792352b60934af446a8c08	gi|1712730571|gb|MH676086.1|	100.000	100	7.61e-156	305	8853	Branta canadensis	birds	Canada goose
54ce1cf8f7792352b60934af446a8c08	gi|1712730569|gb|MH676085.1|	100.000	100	7.61e-156	305	8853	Branta canadensis	birds	Canada goose
54ce1cf8f7792352b60934af446a8c08	gi|1712730567|gb|MH676084.1|	100.000	100	7.61e-156	305	8853	Branta canadensis	birds	Canada goose
54ce1cf8f7792352b60934af446a8c08	gi|1540312999|gb|MK262660.1|	100.000	100	7.61e-156	305	8853	Branta canadensis	birds	Canada goose
54ce1cf8f7792352b60934af446a8c08	gi|1540312859|gb|MK262590.1|	100.000	100	7.61e-156	305	8853	Branta canadensis	birds	Canada goose
84533102239e34b5b3a41fe6d37a8e49	gi|1049487781|gb|KX145510.1|	99.672	100	3.54e-154	305	8078	Fundulus heteroclitus	bony fishes	mummichog
84533102239e34b5b3a41fe6d37a8e49	gi|1049487673|gb|KX145456.1|	99.672	100	3.54e-154	305	8078	Fundulus heteroclitus	bony fishes	mummichog
84533102239e34b5b3a41fe6d37a8e49	gi|1049487649|gb|KX145444.1|	99.672	100	3.54e-154	305	8078	Fundulus heteroclitus	bony fishes	mummichog
84533102239e34b5b3a41fe6d37a8e49	gi|1049487449|gb|KX145344.1|	99.672	100	3.54e-154	305	8078	Fundulus heteroclitus	bony fishes	mummichog
84533102239e34b5b3a41fe6d37a8e49	gi|1049487059|gb|KX145149.1|	99.672	100	3.54e-154	305	8078	Fundulus heteroclitus	bony fishes	mummichog
84533102239e34b5b3a41fe6d37a8e49	gi|1049486797|gb|KX145018.1|	99.672	100	3.54e-154	305	8078	Fundulus heteroclitus	bony fishes	mummichog
84533102239e34b5b3a41fe6d37a8e49	gi|972385447|gb|KT869378.1|	99.672	100	3.54e-154	305	8078	Fundulus heteroclitus	bony fishes	mummichog
84533102239e34b5b3a41fe6d37a8e49	gi|2030286405|gb|MW630762.1|	99.672	100	3.54e-154	305	8078	Fundulus heteroclitus	bony fishes	mummichog
84533102239e34b5b3a41fe6d37a8e49	gi|429140041|gb|KC015366.1|	99.672	100	3.54e-154	305	571281	Fundulus heteroclitus heteroclitus	bony fishes	Fundulus heteroclitus heteroclitus
84533102239e34b5b3a41fe6d37a8e49	gi|429140039|gb|KC015365.1|	99.672	100	3.54e-154	305	571281	Fundulus heteroclitus heteroclitus	bony fishes	Fundulus heteroclitus heteroclitus
c8425471e29bd6f088240b88818ea856	gi|1049487781|gb|KX145510.1|	100.000	100	7.61e-156	305	8078	Fundulus heteroclitus	bony fishes	mummichog
c8425471e29bd6f088240b88818ea856	gi|1049487673|gb|KX145456.1|	100.000	100	7.61e-156	305	8078	Fundulus heteroclitus	bony fishes	mummichog
c8425471e29bd6f088240b88818ea856	gi|1049487649|gb|KX145444.1|	100.000	100	7.61e-156	305	8078	Fundulus heteroclitus	bony fishes	mummichog
c8425471e29bd6f088240b88818ea856	gi|1049487449|gb|KX145344.1|	100.000	100	7.61e-156	305	8078	Fundulus heteroclitus	bony fishes	mummichog
c8425471e29bd6f088240b88818ea856	gi|1049487059|gb|KX145149.1|	100.000	100	7.61e-156	305	8078	Fundulus heteroclitus	bony fishes	mummichog
c8425471e29bd6f088240b88818ea856	gi|1049486797|gb|KX145018.1|	100.000	100	7.61e-156	305	8078	Fundulus heteroclitus	bony fishes	mummichog
c8425471e29bd6f088240b88818ea856	gi|972385447|gb|KT869378.1|	100.000	100	7.61e-156	305	8078	Fundulus heteroclitus	bony fishes	mummichog
c8425471e29bd6f088240b88818ea856	gi|2030286405|gb|MW630762.1|	100.000	100	7.61e-156	305	8078	Fundulus heteroclitus	bony fishes	mummichog
c8425471e29bd6f088240b88818ea856	gi|429140041|gb|KC015366.1|	100.000	100	7.61e-156	305	571281	Fundulus heteroclitus heteroclitus	bony fishes	Fundulus heteroclitus heteroclitus
c8425471e29bd6f088240b88818ea856	gi|429140039|gb|KC015365.1|	100.000	100	7.61e-156	305	571281	Fundulus heteroclitus heteroclitus	bony fishes	Fundulus heteroclitus heteroclitus
da6d5a2d99bcc0de28a35679ef1e951c	gi|343915525|gb|JN202434.1|	90.397	99	8.16e-106	302	1076758	Parvamoeba rugata	eukaryotes	Parvamoeba rugata
da6d5a2d99bcc0de28a35679ef1e951c	gi|343915527|gb|JN202435.1|	90.066	99	3.80e-104	302	1076758	Parvamoeba rugata	eukaryotes	Parvamoeba rugata
0236c4ef80736105859abc5a58af0f6c	gi|343915525|gb|JN202434.1|	90.728	99	1.75e-107	302	1076758	Parvamoeba rugata	eukaryotes	Parvamoeba rugata
0236c4ef80736105859abc5a58af0f6c	gi|343915527|gb|JN202435.1|	90.397	99	8.16e-106	302	1076758	Parvamoeba rugata	eukaryotes	Parvamoeba rugata
9ce715c025944d379cf85ef4ae9222e5	gi|1876161349|gb|MT228925.1|	90.878	97	2.92e-105	296	2754053	Vexillifera sp. AKu-2020a	eukaryotes	Vexillifera sp. AKu-2020a
9ce715c025944d379cf85ef4ae9222e5	gi|1876161346|gb|MT228924.1|	90.878	97	2.92e-105	296	2754053	Vexillifera sp. AKu-2020a	eukaryotes	Vexillifera sp. AKu-2020a
f724cd699e7f93ccf5fa84cb6f72334a	gi|1876161349|gb|MT228925.1|	91.216	97	1.75e-107	296	2754053	Vexillifera sp. AKu-2020a	eukaryotes	Vexillifera sp. AKu-2020a
f724cd699e7f93ccf5fa84cb6f72334a	gi|1876161346|gb|MT228924.1|	91.216	97	1.75e-107	296	2754053	Vexillifera sp. AKu-2020a	eukaryotes	Vexillifera sp. AKu-2020a
fabf912af9c407e477678509b53fbb30	gi|1876161349|gb|MT228925.1|	90.132	99	2.94e-105	304	2754053	Vexillifera sp. AKu-2020a	eukaryotes	Vexillifera sp. AKu-2020a
fabf912af9c407e477678509b53fbb30	gi|1876161346|gb|MT228924.1|	90.132	99	2.94e-105	304	2754053	Vexillifera sp. AKu-2020a	eukaryotes	Vexillifera sp. AKu-2020a
ef4dea89424d9f4e4d58266db8c36d5a	gi|67764144|gb|DQ029240.1|	93.770	100	3.69e-124	305	329907	Clubiona kiowa	spiders	Clubiona kiowa
ef4dea89424d9f4e4d58266db8c36d5a	gi|1393855082|gb|MF816124.1|	93.443	100	1.72e-122	305	329907	Clubiona kiowa	spiders	Clubiona kiowa
ef4dea89424d9f4e4d58266db8c36d5a	gi|1393853042|gb|MF815104.1|	93.443	100	1.72e-122	305	329907	Clubiona kiowa	spiders	Clubiona kiowa
ef4dea89424d9f4e4d58266db8c36d5a	gi|1111810877|gb|KY269694.1|	93.115	100	7.99e-121	305	1871940	Clubiona reclusa	spiders	Clubiona reclusa
ef4dea89424d9f4e4d58266db8c36d5a	gi|1111809647|gb|KY269079.1|	93.115	100	7.99e-121	305	1871940	Clubiona reclusa	spiders	Clubiona reclusa
ef4dea89424d9f4e4d58266db8c36d5a	gi|1111808381|gb|KY268446.1|	93.115	100	7.99e-121	305	1871940	Clubiona reclusa	spiders	Clubiona reclusa
ef4dea89424d9f4e4d58266db8c36d5a	gi|1078191992|gb|KX537116.1|	93.115	100	7.99e-121	305	1871940	Clubiona reclusa	spiders	Clubiona reclusa
ef4dea89424d9f4e4d58266db8c36d5a	gi|1078191572|gb|KX536906.1|	93.115	100	7.99e-121	305	1871940	Clubiona reclusa	spiders	Clubiona reclusa
ef4dea89424d9f4e4d58266db8c36d5a	gi|2523276009|gb|OR173353.1|	93.115	100	7.99e-121	305	2981718	Araneae sp.	spiders	Araneae sp.
ef4dea89424d9f4e4d58266db8c36d5a	gi|924465711|gb|KP654312.1|	93.115	100	7.99e-121	305	1107582	Clubiona abboti	spiders	Clubiona abboti
59170211f138b2a1bb34f45b01f0408c	gi|305653481|gb|HQ024163.1|	100.000	100	7.61e-156	305	318790	Ninoe nigripes	segmented worms	Ninoe nigripes
59170211f138b2a1bb34f45b01f0408c	gi|305653475|gb|HQ024160.1|	100.000	100	7.61e-156	305	318790	Ninoe nigripes	segmented worms	Ninoe nigripes
59170211f138b2a1bb34f45b01f0408c	gi|305653467|gb|HQ024156.1|	100.000	100	7.61e-156	305	318790	Ninoe nigripes	segmented worms	Ninoe nigripes
59170211f138b2a1bb34f45b01f0408c	gi|305653465|gb|HQ024155.1|	100.000	100	7.61e-156	305	318790	Ninoe nigripes	segmented worms	Ninoe nigripes
59170211f138b2a1bb34f45b01f0408c	gi|305653459|gb|HQ024152.1|	100.000	100	7.61e-156	305	318790	Ninoe nigripes	segmented worms	Ninoe nigripes
59170211f138b2a1bb34f45b01f0408c	gi|305653451|gb|HQ024148.1|	100.000	100	7.61e-156	305	318790	Ninoe nigripes	segmented worms	Ninoe nigripes
59170211f138b2a1bb34f45b01f0408c	gi|305653445|gb|HQ024145.1|	100.000	100	7.61e-156	305	318790	Ninoe nigripes	segmented worms	Ninoe nigripes
59170211f138b2a1bb34f45b01f0408c	gi|305653443|gb|HQ024144.1|	100.000	100	7.61e-156	305	318790	Ninoe nigripes	segmented worms	Ninoe nigripes
59170211f138b2a1bb34f45b01f0408c	gi|305653437|gb|HQ024141.1|	100.000	100	7.61e-156	305	318790	Ninoe nigripes	segmented worms	Ninoe nigripes
59170211f138b2a1bb34f45b01f0408c	gi|305653435|gb|HQ024140.1|	100.000	100	7.61e-156	305	318790	Ninoe nigripes	segmented worms	Ninoe nigripes
4829865824e8296c082d0f5a7121e59e	gi|1228304410|gb|KY633392.1|	100.000	100	7.61e-156	305	74738	Amphichaeta sannio	segmented worms	Amphichaeta sannio
4829865824e8296c082d0f5a7121e59e	gi|2451866071|gb|OQ309279.1|	100.000	100	7.61e-156	305	74738	Amphichaeta sannio	segmented worms	Amphichaeta sannio
a8dfc224d2aed12f12ac5678f776c59c	gi|1228304410|gb|KY633392.1|	99.344	100	1.65e-152	305	74738	Amphichaeta sannio	segmented worms	Amphichaeta sannio
a8dfc224d2aed12f12ac5678f776c59c	gi|2451866071|gb|OQ309279.1|	99.344	100	1.65e-152	305	74738	Amphichaeta sannio	segmented worms	Amphichaeta sannio
416d71afb81ac70a86db3ad22c0410c6	gi|2432719042|gb|OQ323334.1|	93.770	100	3.69e-124	305	3023934	Tharyx setigera	segmented worms	Tharyx setigera
416d71afb81ac70a86db3ad22c0410c6	gi|2432719144|gb|OQ323385.1|	93.709	99	1.72e-122	302	3023934	Tharyx setigera	segmented worms	Tharyx setigera
416d71afb81ac70a86db3ad22c0410c6	gi|2432718508|gb|OQ323067.1|	93.115	100	7.99e-121	305	3023934	Tharyx setigera	segmented worms	Tharyx setigera
416d71afb81ac70a86db3ad22c0410c6	gi|2425864209|gb|OQ236233.1|	94.286	92	2.89e-115	280	3019974	Tharyx acutus	segmented worms	Tharyx acutus
fc83cce12df13a6c7e834ac257ddf6c6	gi|2307924975|ref|NC_066487.1|	96.393	100	1.68e-137	305	37099	Isochrysis galbana	haptophytes	Isochrysis galbana
fc83cce12df13a6c7e834ac257ddf6c6	gi|693268219|gb|KM202122.1|	96.066	100	7.82e-136	305	1522715	Coscinodiscus sp. MBTD-CMFRI-S025	diatoms	Coscinodiscus sp. MBTD-CMFRI-S025
73b743380f0e6e6c4a5030a3ee88f12d	gi|874520347|gb|KP794934.1|	100.000	100	7.61e-156	305	46592	Dodecaceria concharum	segmented worms	Dodecaceria concharum
73b743380f0e6e6c4a5030a3ee88f12d	gi|78057729|gb|DQ209262.1|	100.000	100	7.61e-156	305	46592	Dodecaceria concharum	segmented worms	Dodecaceria concharum
d21960f837102499ad4959c1a5964985	gi|874520347|gb|KP794934.1|	99.672	100	3.54e-154	305	46592	Dodecaceria concharum	segmented worms	Dodecaceria concharum
d21960f837102499ad4959c1a5964985	gi|78057729|gb|DQ209262.1|	99.672	100	3.54e-154	305	46592	Dodecaceria concharum	segmented worms	Dodecaceria concharum
2ee0a70e72e304c2d25acc870f14ad38	gi|874520347|gb|KP794934.1|	99.344	100	1.65e-152	305	46592	Dodecaceria concharum	segmented worms	Dodecaceria concharum
2ee0a70e72e304c2d25acc870f14ad38	gi|78057729|gb|DQ209262.1|	99.344	100	1.65e-152	305	46592	Dodecaceria concharum	segmented worms	Dodecaceria concharum
00d4def371c2479c4863da869761e5a5	gi|300791531|gb|GU065361.1|	99.672	100	3.54e-154	305	864691	Boltenia echinata	tunicates	Boltenia echinata
00d4def371c2479c4863da869761e5a5	gi|300791529|gb|GU065360.1|	99.672	100	3.54e-154	305	864691	Boltenia echinata	tunicates	Boltenia echinata
c0a9b5a471bf33439a554bb077eade08	gi|1035662397|gb|KU905987.1|	99.344	100	1.65e-152	305	1859082	Orchestia grillus	amphipods	Orchestia grillus
c0a9b5a471bf33439a554bb077eade08	gi|1035662375|gb|KU905976.1|	99.344	100	1.65e-152	305	1859082	Orchestia grillus	amphipods	Orchestia grillus
c0a9b5a471bf33439a554bb077eade08	gi|1035662349|gb|KU905963.1|	99.344	100	1.65e-152	305	1859082	Orchestia grillus	amphipods	Orchestia grillus
c0a9b5a471bf33439a554bb077eade08	gi|2432718196|gb|OQ322911.1|	99.016	100	7.66e-151	305	1859082	Orchestia grillus	amphipods	Orchestia grillus
34f3dd52c2b3361fbdc9355999aa02bd	gi|1497448762|gb|MG314012.1|	100.000	100	7.61e-156	305	587159	Pontogeneia inermis	amphipods	Pontogeneia inermis
34f3dd52c2b3361fbdc9355999aa02bd	gi|1495351158|gb|MG311713.1|	100.000	100	7.61e-156	305	587159	Pontogeneia inermis	amphipods	Pontogeneia inermis
34f3dd52c2b3361fbdc9355999aa02bd	gi|1495347522|gb|MG310895.1|	100.000	100	7.61e-156	305	587159	Pontogeneia inermis	amphipods	Pontogeneia inermis
34f3dd52c2b3361fbdc9355999aa02bd	gi|1495346622|gb|MG310445.1|	100.000	100	7.61e-156	305	587159	Pontogeneia inermis	amphipods	Pontogeneia inermis
34f3dd52c2b3361fbdc9355999aa02bd	gi|1495346420|gb|MG310344.1|	100.000	100	7.61e-156	305	587159	Pontogeneia inermis	amphipods	Pontogeneia inermis
34f3dd52c2b3361fbdc9355999aa02bd	gi|220030497|gb|FJ581862.1|	100.000	100	7.61e-156	305	587159	Pontogeneia inermis	amphipods	Pontogeneia inermis
34f3dd52c2b3361fbdc9355999aa02bd	gi|1502978586|gb|MG320796.1|	99.672	100	3.54e-154	305	587159	Pontogeneia inermis	amphipods	Pontogeneia inermis
34f3dd52c2b3361fbdc9355999aa02bd	gi|1502969012|gb|MG316441.1|	99.672	100	3.54e-154	305	587159	Pontogeneia inermis	amphipods	Pontogeneia inermis
34f3dd52c2b3361fbdc9355999aa02bd	gi|1495353060|gb|MG312664.1|	99.672	100	3.54e-154	305	587159	Pontogeneia inermis	amphipods	Pontogeneia inermis
34f3dd52c2b3361fbdc9355999aa02bd	gi|220030501|gb|FJ581864.1|	99.672	100	3.54e-154	305	587159	Pontogeneia inermis	amphipods	Pontogeneia inermis
192237e0c785b8b72b6a74eab8ed94e0	gi|1841182860|gb|MT366950.1|	90.492	100	1.75e-107	305	1925428	Cystobasidium sp.	basidiomycete fungi	Cystobasidium sp.
f5a06a67d629a0416cbb0a5b4008e0ba	gi|343915525|gb|JN202434.1|	90.789	99	1.36e-108	304	1076758	Parvamoeba rugata	eukaryotes	Parvamoeba rugata
f5a06a67d629a0416cbb0a5b4008e0ba	gi|343915527|gb|JN202435.1|	90.461	99	6.31e-107	304	1076758	Parvamoeba rugata	eukaryotes	Parvamoeba rugata
94f6bac855570426f714a7d75f4f0dee	gi|2868137716|gb|PQ739353.1|	99.672	100	3.54e-154	305	478208	Flustra foliacea	bryozoans	greater hornwrack
94f6bac855570426f714a7d75f4f0dee	gi|2868137712|gb|PQ739351.1|	99.672	100	3.54e-154	305	478208	Flustra foliacea	bryozoans	greater hornwrack
94f6bac855570426f714a7d75f4f0dee	gi|372292033|ref|NC_016722.1|	99.672	100	3.54e-154	305	478208	Flustra foliacea	bryozoans	greater hornwrack
94f6bac855570426f714a7d75f4f0dee	gi|1898550046|gb|MT293116.1|	99.672	100	3.54e-154	305	478208	Flustra foliacea	bryozoans	greater hornwrack
94f6bac855570426f714a7d75f4f0dee	gi|225542652|gb|FJ196080.1|	99.672	100	3.54e-154	305	478208	Flustra foliacea	bryozoans	greater hornwrack
94f6bac855570426f714a7d75f4f0dee	gi|2868137714|gb|PQ739352.1|	99.016	100	5.92e-152	305	478208	Flustra foliacea	bryozoans	greater hornwrack
9f872debdbc7e7f61d415558f9e6de44	gi|2868137716|gb|PQ739353.1|	99.672	100	3.54e-154	305	478208	Flustra foliacea	bryozoans	greater hornwrack
9f872debdbc7e7f61d415558f9e6de44	gi|2868137712|gb|PQ739351.1|	99.672	100	3.54e-154	305	478208	Flustra foliacea	bryozoans	greater hornwrack
9f872debdbc7e7f61d415558f9e6de44	gi|372292033|ref|NC_016722.1|	99.672	100	3.54e-154	305	478208	Flustra foliacea	bryozoans	greater hornwrack
9f872debdbc7e7f61d415558f9e6de44	gi|1898550046|gb|MT293116.1|	99.672	100	3.54e-154	305	478208	Flustra foliacea	bryozoans	greater hornwrack
9f872debdbc7e7f61d415558f9e6de44	gi|225542652|gb|FJ196080.1|	99.672	100	3.54e-154	305	478208	Flustra foliacea	bryozoans	greater hornwrack
9f872debdbc7e7f61d415558f9e6de44	gi|2868137714|gb|PQ739352.1|	99.016	100	5.92e-152	305	478208	Flustra foliacea	bryozoans	greater hornwrack
fbe16e34cfb7cc2b6180ff92d481fb2d	gi|2868137716|gb|PQ739353.1|	99.672	100	3.54e-154	305	478208	Flustra foliacea	bryozoans	greater hornwrack
fbe16e34cfb7cc2b6180ff92d481fb2d	gi|2868137712|gb|PQ739351.1|	99.672	100	3.54e-154	305	478208	Flustra foliacea	bryozoans	greater hornwrack
fbe16e34cfb7cc2b6180ff92d481fb2d	gi|372292033|ref|NC_016722.1|	99.672	100	3.54e-154	305	478208	Flustra foliacea	bryozoans	greater hornwrack
fbe16e34cfb7cc2b6180ff92d481fb2d	gi|1898550046|gb|MT293116.1|	99.672	100	3.54e-154	305	478208	Flustra foliacea	bryozoans	greater hornwrack
fbe16e34cfb7cc2b6180ff92d481fb2d	gi|225542652|gb|FJ196080.1|	99.672	100	3.54e-154	305	478208	Flustra foliacea	bryozoans	greater hornwrack
fbe16e34cfb7cc2b6180ff92d481fb2d	gi|2868137714|gb|PQ739352.1|	99.016	100	5.92e-152	305	478208	Flustra foliacea	bryozoans	greater hornwrack
1903fcb75ec9cb86958e48138fa75f69	gi|2868137716|gb|PQ739353.1|	100.000	100	7.61e-156	305	478208	Flustra foliacea	bryozoans	greater hornwrack
1903fcb75ec9cb86958e48138fa75f69	gi|2868137712|gb|PQ739351.1|	100.000	100	7.61e-156	305	478208	Flustra foliacea	bryozoans	greater hornwrack
1903fcb75ec9cb86958e48138fa75f69	gi|372292033|ref|NC_016722.1|	100.000	100	7.61e-156	305	478208	Flustra foliacea	bryozoans	greater hornwrack
1903fcb75ec9cb86958e48138fa75f69	gi|1898550046|gb|MT293116.1|	100.000	100	7.61e-156	305	478208	Flustra foliacea	bryozoans	greater hornwrack
1903fcb75ec9cb86958e48138fa75f69	gi|225542652|gb|FJ196080.1|	100.000	100	7.61e-156	305	478208	Flustra foliacea	bryozoans	greater hornwrack
1903fcb75ec9cb86958e48138fa75f69	gi|2868137714|gb|PQ739352.1|	99.344	100	1.27e-153	305	478208	Flustra foliacea	bryozoans	greater hornwrack
f95735473fa3bfc4cbbf8f178af6e79d	gi|2868137716|gb|PQ739353.1|	99.672	100	3.54e-154	305	478208	Flustra foliacea	bryozoans	greater hornwrack
f95735473fa3bfc4cbbf8f178af6e79d	gi|2868137712|gb|PQ739351.1|	99.672	100	3.54e-154	305	478208	Flustra foliacea	bryozoans	greater hornwrack
f95735473fa3bfc4cbbf8f178af6e79d	gi|372292033|ref|NC_016722.1|	99.672	100	3.54e-154	305	478208	Flustra foliacea	bryozoans	greater hornwrack
f95735473fa3bfc4cbbf8f178af6e79d	gi|1898550046|gb|MT293116.1|	99.672	100	3.54e-154	305	478208	Flustra foliacea	bryozoans	greater hornwrack
f95735473fa3bfc4cbbf8f178af6e79d	gi|225542652|gb|FJ196080.1|	99.672	100	3.54e-154	305	478208	Flustra foliacea	bryozoans	greater hornwrack
f95735473fa3bfc4cbbf8f178af6e79d	gi|2868137714|gb|PQ739352.1|	99.016	100	5.92e-152	305	478208	Flustra foliacea	bryozoans	greater hornwrack
88db6e18f81d1a42d0c70640e3a80453	gi|1509160922|gb|MG421520.1|	99.672	100	3.54e-154	305	880429	Alitta virens	segmented worms	Alitta virens
88db6e18f81d1a42d0c70640e3a80453	gi|1509160670|gb|MG421418.1|	99.672	100	3.54e-154	305	880429	Alitta virens	segmented worms	Alitta virens
88db6e18f81d1a42d0c70640e3a80453	gi|1489974065|gb|MG423459.1|	99.672	100	3.54e-154	305	880429	Alitta virens	segmented worms	Alitta virens
88db6e18f81d1a42d0c70640e3a80453	gi|1489973793|gb|MG423323.1|	99.672	100	3.54e-154	305	880429	Alitta virens	segmented worms	Alitta virens
88db6e18f81d1a42d0c70640e3a80453	gi|1489970622|gb|MG422890.1|	99.672	100	3.54e-154	305	880429	Alitta virens	segmented worms	Alitta virens
88db6e18f81d1a42d0c70640e3a80453	gi|1489970345|gb|MG422752.1|	99.672	100	3.54e-154	305	880429	Alitta virens	segmented worms	Alitta virens
88db6e18f81d1a42d0c70640e3a80453	gi|1489969198|gb|MG422179.1|	99.672	100	3.54e-154	305	880429	Alitta virens	segmented worms	Alitta virens
88db6e18f81d1a42d0c70640e3a80453	gi|1489968502|gb|MG421831.1|	99.672	100	3.54e-154	305	880429	Alitta virens	segmented worms	Alitta virens
88db6e18f81d1a42d0c70640e3a80453	gi|1189398900|gb|KX781845.1|	99.672	100	3.54e-154	305	880429	Alitta virens	segmented worms	Alitta virens
88db6e18f81d1a42d0c70640e3a80453	gi|2319562935|gb|OP038854.1|	99.672	100	3.54e-154	305	880429	Alitta virens	segmented worms	Alitta virens
29269ea485df683c5a99843b5ad92322	gi|1509160922|gb|MG421520.1|	99.672	100	3.54e-154	305	880429	Alitta virens	segmented worms	Alitta virens
29269ea485df683c5a99843b5ad92322	gi|1509160670|gb|MG421418.1|	99.672	100	3.54e-154	305	880429	Alitta virens	segmented worms	Alitta virens
29269ea485df683c5a99843b5ad92322	gi|1489974065|gb|MG423459.1|	99.672	100	3.54e-154	305	880429	Alitta virens	segmented worms	Alitta virens
29269ea485df683c5a99843b5ad92322	gi|1489973793|gb|MG423323.1|	99.672	100	3.54e-154	305	880429	Alitta virens	segmented worms	Alitta virens
29269ea485df683c5a99843b5ad92322	gi|1489970622|gb|MG422890.1|	99.672	100	3.54e-154	305	880429	Alitta virens	segmented worms	Alitta virens
29269ea485df683c5a99843b5ad92322	gi|1489970345|gb|MG422752.1|	99.672	100	3.54e-154	305	880429	Alitta virens	segmented worms	Alitta virens
29269ea485df683c5a99843b5ad92322	gi|1489969198|gb|MG422179.1|	99.672	100	3.54e-154	305	880429	Alitta virens	segmented worms	Alitta virens
29269ea485df683c5a99843b5ad92322	gi|1489968502|gb|MG421831.1|	99.672	100	3.54e-154	305	880429	Alitta virens	segmented worms	Alitta virens
29269ea485df683c5a99843b5ad92322	gi|1189398900|gb|KX781845.1|	99.672	100	3.54e-154	305	880429	Alitta virens	segmented worms	Alitta virens
29269ea485df683c5a99843b5ad92322	gi|2319562935|gb|OP038854.1|	99.672	100	3.54e-154	305	880429	Alitta virens	segmented worms	Alitta virens
16d55496331e169d0f1bc4fb90c64430	gi|1509160922|gb|MG421520.1|	100.000	100	7.61e-156	305	880429	Alitta virens	segmented worms	Alitta virens
16d55496331e169d0f1bc4fb90c64430	gi|1509160670|gb|MG421418.1|	100.000	100	7.61e-156	305	880429	Alitta virens	segmented worms	Alitta virens
16d55496331e169d0f1bc4fb90c64430	gi|1489974065|gb|MG423459.1|	100.000	100	7.61e-156	305	880429	Alitta virens	segmented worms	Alitta virens
16d55496331e169d0f1bc4fb90c64430	gi|1489973793|gb|MG423323.1|	100.000	100	7.61e-156	305	880429	Alitta virens	segmented worms	Alitta virens
16d55496331e169d0f1bc4fb90c64430	gi|1489970622|gb|MG422890.1|	100.000	100	7.61e-156	305	880429	Alitta virens	segmented worms	Alitta virens
16d55496331e169d0f1bc4fb90c64430	gi|1489970345|gb|MG422752.1|	100.000	100	7.61e-156	305	880429	Alitta virens	segmented worms	Alitta virens
16d55496331e169d0f1bc4fb90c64430	gi|1489969198|gb|MG422179.1|	100.000	100	7.61e-156	305	880429	Alitta virens	segmented worms	Alitta virens
16d55496331e169d0f1bc4fb90c64430	gi|1489968502|gb|MG421831.1|	100.000	100	7.61e-156	305	880429	Alitta virens	segmented worms	Alitta virens
16d55496331e169d0f1bc4fb90c64430	gi|1189398900|gb|KX781845.1|	100.000	100	7.61e-156	305	880429	Alitta virens	segmented worms	Alitta virens
16d55496331e169d0f1bc4fb90c64430	gi|2319562935|gb|OP038854.1|	100.000	100	7.61e-156	305	880429	Alitta virens	segmented worms	Alitta virens
41f4c565a3a473918291fd743dfefbe1	gi|71370945|gb|DQ087502.1|	99.344	100	1.65e-152	305	37621	Priapulus caudatus	priapulids	Priapulus caudatus
41f4c565a3a473918291fd743dfefbe1	gi|117413384|ref|NC_008557.1|	99.016	100	7.66e-151	305	37621	Priapulus caudatus	priapulids	Priapulus caudatus
39776eafde605d61709a94bfc9989c6e	gi|2319562913|gb|OP038843.1|	98.689	100	3.56e-149	305	126592	Hediste diversicolor	segmented worms	Hediste diversicolor
39776eafde605d61709a94bfc9989c6e	gi|2319562965|gb|OP038869.1|	98.361	100	1.66e-147	305	126592	Hediste diversicolor	segmented worms	Hediste diversicolor
39776eafde605d61709a94bfc9989c6e	gi|2319562657|gb|OP038715.1|	98.361	100	1.66e-147	305	126592	Hediste diversicolor	segmented worms	Hediste diversicolor
39776eafde605d61709a94bfc9989c6e	gi|2319562759|gb|OP038766.1|	98.033	100	7.71e-146	305	126592	Hediste diversicolor	segmented worms	Hediste diversicolor
39776eafde605d61709a94bfc9989c6e	gi|2319562915|gb|OP038844.1|	97.705	100	3.59e-144	305	126592	Hediste diversicolor	segmented worms	Hediste diversicolor
39776eafde605d61709a94bfc9989c6e	gi|2319562775|gb|OP038774.1|	97.705	100	3.59e-144	305	126592	Hediste diversicolor	segmented worms	Hediste diversicolor
39776eafde605d61709a94bfc9989c6e	gi|883743956|gb|KR916849.1|	97.377	100	1.67e-142	305	126592	Hediste diversicolor	segmented worms	Hediste diversicolor
39776eafde605d61709a94bfc9989c6e	gi|2319562927|gb|OP038850.1|	97.377	100	1.67e-142	305	126592	Hediste diversicolor	segmented worms	Hediste diversicolor
39776eafde605d61709a94bfc9989c6e	gi|2319562973|gb|OP038873.1|	97.049	100	7.77e-141	305	126592	Hediste diversicolor	segmented worms	Hediste diversicolor
39776eafde605d61709a94bfc9989c6e	gi|2319562867|gb|OP038820.1|	97.049	100	7.77e-141	305	126592	Hediste diversicolor	segmented worms	Hediste diversicolor
3502dfec58a4524e372a070a8aec27e3	gi|2319562915|gb|OP038844.1|	100.000	100	7.61e-156	305	126592	Hediste diversicolor	segmented worms	Hediste diversicolor
3502dfec58a4524e372a070a8aec27e3	gi|2319562775|gb|OP038774.1|	100.000	100	7.61e-156	305	126592	Hediste diversicolor	segmented worms	Hediste diversicolor
3502dfec58a4524e372a070a8aec27e3	gi|2319562965|gb|OP038869.1|	98.033	100	7.71e-146	305	126592	Hediste diversicolor	segmented worms	Hediste diversicolor
3502dfec58a4524e372a070a8aec27e3	gi|2319562927|gb|OP038850.1|	98.033	100	7.71e-146	305	126592	Hediste diversicolor	segmented worms	Hediste diversicolor
3502dfec58a4524e372a070a8aec27e3	gi|2319562657|gb|OP038715.1|	98.033	100	7.71e-146	305	126592	Hediste diversicolor	segmented worms	Hediste diversicolor
3502dfec58a4524e372a070a8aec27e3	gi|2319562913|gb|OP038843.1|	97.705	100	3.59e-144	305	126592	Hediste diversicolor	segmented worms	Hediste diversicolor
3502dfec58a4524e372a070a8aec27e3	gi|2319562759|gb|OP038766.1|	97.377	100	1.67e-142	305	126592	Hediste diversicolor	segmented worms	Hediste diversicolor
3502dfec58a4524e372a070a8aec27e3	gi|883743956|gb|KR916849.1|	97.049	100	7.77e-141	305	126592	Hediste diversicolor	segmented worms	Hediste diversicolor
3502dfec58a4524e372a070a8aec27e3	gi|2319562867|gb|OP038820.1|	97.049	100	7.77e-141	305	126592	Hediste diversicolor	segmented worms	Hediste diversicolor
3502dfec58a4524e372a070a8aec27e3	gi|2319562809|gb|OP038791.1|	97.049	100	7.77e-141	305	126592	Hediste diversicolor	segmented worms	Hediste diversicolor
284a8e316ebb71d317e2df8d3b9734c1	gi|2319562927|gb|OP038850.1|	98.689	100	3.56e-149	305	126592	Hediste diversicolor	segmented worms	Hediste diversicolor
284a8e316ebb71d317e2df8d3b9734c1	gi|883743956|gb|KR916849.1|	98.361	100	1.66e-147	305	126592	Hediste diversicolor	segmented worms	Hediste diversicolor
284a8e316ebb71d317e2df8d3b9734c1	gi|2319562965|gb|OP038869.1|	98.361	100	1.66e-147	305	126592	Hediste diversicolor	segmented worms	Hediste diversicolor
284a8e316ebb71d317e2df8d3b9734c1	gi|2319562657|gb|OP038715.1|	98.361	100	1.66e-147	305	126592	Hediste diversicolor	segmented worms	Hediste diversicolor
284a8e316ebb71d317e2df8d3b9734c1	gi|2319562913|gb|OP038843.1|	98.033	100	7.71e-146	305	126592	Hediste diversicolor	segmented worms	Hediste diversicolor
284a8e316ebb71d317e2df8d3b9734c1	gi|2088245908|ref|NC_057074.1|	98.033	100	7.71e-146	305	126592	Hediste diversicolor	segmented worms	Hediste diversicolor
284a8e316ebb71d317e2df8d3b9734c1	gi|883743954|gb|KR916848.1|	97.705	100	3.59e-144	305	126592	Hediste diversicolor	segmented worms	Hediste diversicolor
284a8e316ebb71d317e2df8d3b9734c1	gi|2319562915|gb|OP038844.1|	97.705	100	3.59e-144	305	126592	Hediste diversicolor	segmented worms	Hediste diversicolor
284a8e316ebb71d317e2df8d3b9734c1	gi|2319562867|gb|OP038820.1|	97.705	100	3.59e-144	305	126592	Hediste diversicolor	segmented worms	Hediste diversicolor
284a8e316ebb71d317e2df8d3b9734c1	gi|2319562811|gb|OP038792.1|	97.705	100	3.59e-144	305	126592	Hediste diversicolor	segmented worms	Hediste diversicolor
3202058237bacaaa0e8d3ed9a7e3b2bd	gi|154799961|dbj|AB009396.1|	97.667	98	2.16e-141	300	115858	Chlorarachnion sp. CCMP238	cercozoans	Chlorarachnion sp. CCMP238
72ab3a6cf68adb7c0dcf104f5a338520	gi|1876161349|gb|MT228925.1|	90.066	99	3.80e-104	302	2754053	Vexillifera sp. AKu-2020a	eukaryotes	Vexillifera sp. AKu-2020a
72ab3a6cf68adb7c0dcf104f5a338520	gi|1876161346|gb|MT228924.1|	90.066	99	3.80e-104	302	2754053	Vexillifera sp. AKu-2020a	eukaryotes	Vexillifera sp. AKu-2020a
4dae889a184add9882a855097ed1c512	gi|1876161349|gb|MT228925.1|	90.397	99	8.16e-106	302	2754053	Vexillifera sp. AKu-2020a	eukaryotes	Vexillifera sp. AKu-2020a
4dae889a184add9882a855097ed1c512	gi|1876161346|gb|MT228924.1|	90.397	99	8.16e-106	302	2754053	Vexillifera sp. AKu-2020a	eukaryotes	Vexillifera sp. AKu-2020a
55b2cb328bc43b3a05d5229c921e8c98	gi|1418576962|ref|NC_037729.1|	90.132	99	2.94e-105	304	2858	Nitzschia alba	diatoms	marine diatom
71bc651706890a948db1715e0ff44934	gi|1418576962|ref|NC_037729.1|	90.461	99	6.31e-107	304	2858	Nitzschia alba	diatoms	marine diatom
834d986b6cca5908853270d7cb6942cb	gi|381423476|gb|JN638037.1|	92.053	99	3.74e-114	302	1167875	Squamamoeba japonica	eukaryotes	Squamamoeba japonica
834d986b6cca5908853270d7cb6942cb	gi|381423472|gb|JN638035.1|	92.053	99	3.74e-114	302	1167875	Squamamoeba japonica	eukaryotes	Squamamoeba japonica
834d986b6cca5908853270d7cb6942cb	gi|381423468|gb|JN638033.1|	92.053	99	3.74e-114	302	1167875	Squamamoeba japonica	eukaryotes	Squamamoeba japonica
834d986b6cca5908853270d7cb6942cb	gi|381423474|gb|JN638036.1|	91.722	99	1.74e-112	302	1167875	Squamamoeba japonica	eukaryotes	Squamamoeba japonica
834d986b6cca5908853270d7cb6942cb	gi|381423470|gb|JN638034.1|	91.667	98	2.25e-111	300	1167875	Squamamoeba japonica	eukaryotes	Squamamoeba japonica
329bd6386c4b254efd672bbf7ca6c21e	gi|936254122|gb|KT209362.1|	100.000	100	2.73e-155	304	371472	Corophium volutator	amphipods	Corophium volutator
329bd6386c4b254efd672bbf7ca6c21e	gi|936253636|gb|KT209119.1|	100.000	100	2.73e-155	304	371472	Corophium volutator	amphipods	Corophium volutator
329bd6386c4b254efd672bbf7ca6c21e	gi|936253006|gb|KT208804.1|	100.000	100	2.73e-155	304	371472	Corophium volutator	amphipods	Corophium volutator
329bd6386c4b254efd672bbf7ca6c21e	gi|936252832|gb|KT208717.1|	100.000	100	2.73e-155	304	371472	Corophium volutator	amphipods	Corophium volutator
329bd6386c4b254efd672bbf7ca6c21e	gi|930364047|gb|KP683475.1|	100.000	94	2.76e-145	286	371472	Corophium volutator	amphipods	Corophium volutator
329bd6386c4b254efd672bbf7ca6c21e	gi|930363945|gb|KP683424.1|	100.000	94	2.76e-145	286	371472	Corophium volutator	amphipods	Corophium volutator
329bd6386c4b254efd672bbf7ca6c21e	gi|930363887|gb|KP683395.1|	100.000	94	2.76e-145	286	371472	Corophium volutator	amphipods	Corophium volutator
329bd6386c4b254efd672bbf7ca6c21e	gi|442736246|gb|JX991763.1|	100.000	94	2.76e-145	286	371472	Corophium volutator	amphipods	Corophium volutator
329bd6386c4b254efd672bbf7ca6c21e	gi|442736240|gb|JX991760.1|	100.000	94	2.76e-145	286	371472	Corophium volutator	amphipods	Corophium volutator
329bd6386c4b254efd672bbf7ca6c21e	gi|930364137|gb|KP683520.1|	99.650	94	1.29e-143	286	371472	Corophium volutator	amphipods	Corophium volutator
415f9c87a91fc4f5cd93af126012a8e2	gi|743123741|gb|KM373435.1|	90.820	100	3.77e-109	305	1970221	Amathia sp. n. 2 AW-2014	bryozoans	Amathia sp. n. 2 AW-2014
415f9c87a91fc4f5cd93af126012a8e2	gi|359292590|gb|JN680992.1|	90.820	100	3.77e-109	305	1118979	Vesiculariidae gen. n. sp. n. AW-2011	bryozoans	Vesiculariidae gen. n. sp. n. AW-2011
5aa6e4f4ffcba90d21db7052ba2eb9ee	gi|1708285158|gb|MH570910.1|	100.000	100	7.61e-156	305	247612	Lepidocyrtus cyaneus	springtails	Lepidocyrtus cyaneus
5aa6e4f4ffcba90d21db7052ba2eb9ee	gi|1708285156|gb|MH570909.1|	100.000	100	7.61e-156	305	247612	Lepidocyrtus cyaneus	springtails	Lepidocyrtus cyaneus
5aa6e4f4ffcba90d21db7052ba2eb9ee	gi|1708285138|gb|MH570900.1|	100.000	100	7.61e-156	305	247612	Lepidocyrtus cyaneus	springtails	Lepidocyrtus cyaneus
5aa6e4f4ffcba90d21db7052ba2eb9ee	gi|1708285136|gb|MH570899.1|	100.000	100	7.61e-156	305	247612	Lepidocyrtus cyaneus	springtails	Lepidocyrtus cyaneus
5aa6e4f4ffcba90d21db7052ba2eb9ee	gi|1708285060|gb|MH570861.1|	100.000	100	7.61e-156	305	247612	Lepidocyrtus cyaneus	springtails	Lepidocyrtus cyaneus
5aa6e4f4ffcba90d21db7052ba2eb9ee	gi|1485768949|gb|MG038037.1|	100.000	100	7.61e-156	305	247612	Lepidocyrtus cyaneus	springtails	Lepidocyrtus cyaneus
5aa6e4f4ffcba90d21db7052ba2eb9ee	gi|1485766153|gb|MG036639.1|	100.000	100	7.61e-156	305	247612	Lepidocyrtus cyaneus	springtails	Lepidocyrtus cyaneus
5aa6e4f4ffcba90d21db7052ba2eb9ee	gi|1708285170|gb|MH570916.1|	99.672	100	3.54e-154	305	247612	Lepidocyrtus cyaneus	springtails	Lepidocyrtus cyaneus
5aa6e4f4ffcba90d21db7052ba2eb9ee	gi|1708285168|gb|MH570915.1|	99.672	100	3.54e-154	305	247612	Lepidocyrtus cyaneus	springtails	Lepidocyrtus cyaneus
5aa6e4f4ffcba90d21db7052ba2eb9ee	gi|1708285164|gb|MH570913.1|	99.672	100	3.54e-154	305	247612	Lepidocyrtus cyaneus	springtails	Lepidocyrtus cyaneus
1412637872cfaf201a03f9824ac48d00	gi|1371545206|gb|MH032525.1|	100.000	100	7.61e-156	305	8265	Pseudopleuronectes americanus	bony fishes	winter flounder
1412637872cfaf201a03f9824ac48d00	gi|1842678534|gb|MT455940.1|	99.344	100	1.65e-152	305	8265	Pseudopleuronectes americanus	bony fishes	winter flounder
1412637872cfaf201a03f9824ac48d00	gi|1842676666|gb|MT455169.1|	99.344	100	1.65e-152	305	8265	Pseudopleuronectes americanus	bony fishes	winter flounder
1412637872cfaf201a03f9824ac48d00	gi|1371545204|gb|MH032524.1|	99.344	100	1.65e-152	305	8265	Pseudopleuronectes americanus	bony fishes	winter flounder
1412637872cfaf201a03f9824ac48d00	gi|1189445158|gb|KY250733.1|	99.344	100	1.65e-152	305	8265	Pseudopleuronectes americanus	bony fishes	winter flounder
1412637872cfaf201a03f9824ac48d00	gi|1129799488|gb|KX688301.1|	99.344	100	1.65e-152	305	8265	Pseudopleuronectes americanus	bony fishes	winter flounder
1412637872cfaf201a03f9824ac48d00	gi|429141027|gb|KC015859.1|	99.344	100	1.65e-152	305	8265	Pseudopleuronectes americanus	bony fishes	winter flounder
1412637872cfaf201a03f9824ac48d00	gi|429141023|gb|KC015857.1|	99.344	100	1.65e-152	305	8265	Pseudopleuronectes americanus	bony fishes	winter flounder
1412637872cfaf201a03f9824ac48d00	gi|429141015|gb|KC015853.1|	99.344	100	1.65e-152	305	8265	Pseudopleuronectes americanus	bony fishes	winter flounder
1412637872cfaf201a03f9824ac48d00	gi|429141007|gb|KC015849.1|	99.344	100	1.65e-152	305	8265	Pseudopleuronectes americanus	bony fishes	winter flounder
7805235c4297d0a40099c90468735675	gi|1842678534|gb|MT455940.1|	100.000	100	7.61e-156	305	8265	Pseudopleuronectes americanus	bony fishes	winter flounder
7805235c4297d0a40099c90468735675	gi|1842676666|gb|MT455169.1|	100.000	100	7.61e-156	305	8265	Pseudopleuronectes americanus	bony fishes	winter flounder
7805235c4297d0a40099c90468735675	gi|1371545204|gb|MH032524.1|	100.000	100	7.61e-156	305	8265	Pseudopleuronectes americanus	bony fishes	winter flounder
7805235c4297d0a40099c90468735675	gi|1189445158|gb|KY250733.1|	100.000	100	7.61e-156	305	8265	Pseudopleuronectes americanus	bony fishes	winter flounder
7805235c4297d0a40099c90468735675	gi|1129799488|gb|KX688301.1|	100.000	100	7.61e-156	305	8265	Pseudopleuronectes americanus	bony fishes	winter flounder
7805235c4297d0a40099c90468735675	gi|429141027|gb|KC015859.1|	100.000	100	7.61e-156	305	8265	Pseudopleuronectes americanus	bony fishes	winter flounder
7805235c4297d0a40099c90468735675	gi|429141023|gb|KC015857.1|	100.000	100	7.61e-156	305	8265	Pseudopleuronectes americanus	bony fishes	winter flounder
7805235c4297d0a40099c90468735675	gi|429141015|gb|KC015853.1|	100.000	100	7.61e-156	305	8265	Pseudopleuronectes americanus	bony fishes	winter flounder
7805235c4297d0a40099c90468735675	gi|429141007|gb|KC015849.1|	100.000	100	7.61e-156	305	8265	Pseudopleuronectes americanus	bony fishes	winter flounder
7805235c4297d0a40099c90468735675	gi|429141003|gb|KC015847.1|	100.000	100	7.61e-156	305	8265	Pseudopleuronectes americanus	bony fishes	winter flounder
6cd27bf1a394a281c17f4f592a2f3586	gi|1824670307|gb|MN317567.1|	100.000	100	7.61e-156	305	2720067	Cunea russae	eukaryotes	Cunea russae
d5d64a04ca8ca8758648da745f0decc0	gi|442565477|dbj|AB618071.1|	92.029	90	4.91e-103	276	991863	Fallacia sp. Baikal_260	diatoms	Fallacia sp. Baikal_260
e56acb63aa98a38004cbb570528821e8	gi|1280963112|gb|MG202007.1|	100.000	99	2.74e-155	304	1157699	Picobiliphyte sp. MS584-11	eukaryotes	Picobiliphyte sp. MS584-11
d80c01d20099bab4d2356bda5764835a	gi|1280963112|gb|MG202007.1|	99.342	99	5.92e-152	304	1157699	Picobiliphyte sp. MS584-11	eukaryotes	Picobiliphyte sp. MS584-11
5545f522dad8950fd020d3662fa36166	gi|1280963112|gb|MG202007.1|	99.671	99	1.27e-153	304	1157699	Picobiliphyte sp. MS584-11	eukaryotes	Picobiliphyte sp. MS584-11
2eb9105a1f73916f93ee42e6b6587b1b	gi|2460634927|gb|OQ644558.1|	90.000	98	4.91e-103	300	2812786	Temora sp.	crustaceans	Temora sp.
24b9b36ad64fa2023ff8b3d7e443ed17	gi|283050881|gb|GU070901.1|	90.000	95	3.82e-99	290	693772	invertebrate environmental sample	animals	invertebrate environmental sample
0ac117e8aaca68d78f61c5e6bd86c97d	gi|1832296267|gb|MN181403.1|	100.000	100	7.61e-156	305	9615	Canis lupus familiaris	carnivores	dog
0ac117e8aaca68d78f61c5e6bd86c97d	gi|1827515275|gb|MN699634.1|	100.000	100	7.61e-156	305	9615	Canis lupus familiaris	carnivores	dog
0ac117e8aaca68d78f61c5e6bd86c97d	gi|1827515191|gb|MN699628.1|	100.000	100	7.61e-156	305	9615	Canis lupus familiaris	carnivores	dog
0ac117e8aaca68d78f61c5e6bd86c97d	gi|1827515163|gb|MN699626.1|	100.000	100	7.61e-156	305	9615	Canis lupus familiaris	carnivores	dog
0ac117e8aaca68d78f61c5e6bd86c97d	gi|1827515135|gb|MN699624.1|	100.000	100	7.61e-156	305	9615	Canis lupus familiaris	carnivores	dog
0ac117e8aaca68d78f61c5e6bd86c97d	gi|1827515121|gb|MN699623.1|	100.000	100	7.61e-156	305	9615	Canis lupus familiaris	carnivores	dog
0ac117e8aaca68d78f61c5e6bd86c97d	gi|1827515093|gb|MN699621.1|	100.000	100	7.61e-156	305	9615	Canis lupus familiaris	carnivores	dog
0ac117e8aaca68d78f61c5e6bd86c97d	gi|1827515079|gb|MN699620.1|	100.000	100	7.61e-156	305	9615	Canis lupus familiaris	carnivores	dog
0ac117e8aaca68d78f61c5e6bd86c97d	gi|1827515065|gb|MN699619.1|	100.000	100	7.61e-156	305	9615	Canis lupus familiaris	carnivores	dog
0ac117e8aaca68d78f61c5e6bd86c97d	gi|1827515051|gb|MN699618.1|	100.000	100	7.61e-156	305	9615	Canis lupus familiaris	carnivores	dog
fbac5c6c999daf2deb3da1e20d839d6a	gi|1049487091|gb|KX145165.1|	99.672	100	3.54e-154	305	8014	Osmerus mordax	bony fishes	rainbow smelt
fbac5c6c999daf2deb3da1e20d839d6a	gi|2325477952|gb|OM736824.1|	99.672	100	3.54e-154	305	8014	Osmerus mordax	bony fishes	rainbow smelt
fbac5c6c999daf2deb3da1e20d839d6a	gi|2048073843|gb|MW856916.1|	99.672	100	3.54e-154	305	8014	Osmerus mordax	bony fishes	rainbow smelt
fbac5c6c999daf2deb3da1e20d839d6a	gi|2048073396|gb|MW856884.1|	99.672	100	3.54e-154	305	8014	Osmerus mordax	bony fishes	rainbow smelt
fbac5c6c999daf2deb3da1e20d839d6a	gi|2048072724|gb|MW856836.1|	99.672	100	3.54e-154	305	8014	Osmerus mordax	bony fishes	rainbow smelt
fbac5c6c999daf2deb3da1e20d839d6a	gi|2048072696|gb|MW856834.1|	99.672	100	3.54e-154	305	8014	Osmerus mordax	bony fishes	rainbow smelt
fbac5c6c999daf2deb3da1e20d839d6a	gi|429140813|gb|KC015752.1|	99.672	100	3.54e-154	305	476922	Osmerus mordax mordax	bony fishes	Atlantic rainbow smelt
fbac5c6c999daf2deb3da1e20d839d6a	gi|332205504|gb|HM151600.1|	99.672	100	3.54e-154	305	8014	Osmerus mordax	bony fishes	rainbow smelt
fbac5c6c999daf2deb3da1e20d839d6a	gi|326536062|ref|NC_015246.1|	99.672	100	3.54e-154	305	8014	Osmerus mordax	bony fishes	rainbow smelt
fbac5c6c999daf2deb3da1e20d839d6a	gi|208436105|gb|FJ205604.1|	99.672	100	3.54e-154	305	8014	Osmerus mordax	bony fishes	rainbow smelt
b04f54182a40b3814903374f47c9c84b	gi|1049487091|gb|KX145165.1|	100.000	100	7.61e-156	305	8014	Osmerus mordax	bony fishes	rainbow smelt
b04f54182a40b3814903374f47c9c84b	gi|2325477952|gb|OM736824.1|	100.000	100	7.61e-156	305	8014	Osmerus mordax	bony fishes	rainbow smelt
b04f54182a40b3814903374f47c9c84b	gi|2048073843|gb|MW856916.1|	100.000	100	7.61e-156	305	8014	Osmerus mordax	bony fishes	rainbow smelt
b04f54182a40b3814903374f47c9c84b	gi|2048073396|gb|MW856884.1|	100.000	100	7.61e-156	305	8014	Osmerus mordax	bony fishes	rainbow smelt
b04f54182a40b3814903374f47c9c84b	gi|2048072724|gb|MW856836.1|	100.000	100	7.61e-156	305	8014	Osmerus mordax	bony fishes	rainbow smelt
b04f54182a40b3814903374f47c9c84b	gi|2048072696|gb|MW856834.1|	100.000	100	7.61e-156	305	8014	Osmerus mordax	bony fishes	rainbow smelt
b04f54182a40b3814903374f47c9c84b	gi|429140813|gb|KC015752.1|	100.000	100	7.61e-156	305	476922	Osmerus mordax mordax	bony fishes	Atlantic rainbow smelt
b04f54182a40b3814903374f47c9c84b	gi|332205504|gb|HM151600.1|	100.000	100	7.61e-156	305	8014	Osmerus mordax	bony fishes	rainbow smelt
b04f54182a40b3814903374f47c9c84b	gi|326536062|ref|NC_015246.1|	100.000	100	7.61e-156	305	8014	Osmerus mordax	bony fishes	rainbow smelt
b04f54182a40b3814903374f47c9c84b	gi|208436105|gb|FJ205604.1|	100.000	100	7.61e-156	305	8014	Osmerus mordax	bony fishes	rainbow smelt
42e1a1e2c42ae73f738963c538860a23	gi|294988087|gb|GQ341775.1|	99.016	100	7.66e-151	305	315708	Gammarus mucronatus	amphipods	Gammarus mucronatus
42e1a1e2c42ae73f738963c538860a23	gi|220030117|gb|FJ581672.1|	99.016	100	7.66e-151	305	315708	Gammarus mucronatus	amphipods	Gammarus mucronatus
42e1a1e2c42ae73f738963c538860a23	gi|220030115|gb|FJ581671.1|	99.016	100	7.66e-151	305	315708	Gammarus mucronatus	amphipods	Gammarus mucronatus
42e1a1e2c42ae73f738963c538860a23	gi|220030111|gb|FJ581669.1|	99.016	100	7.66e-151	305	315708	Gammarus mucronatus	amphipods	Gammarus mucronatus
42e1a1e2c42ae73f738963c538860a23	gi|220030109|gb|FJ581668.1|	99.016	100	7.66e-151	305	315708	Gammarus mucronatus	amphipods	Gammarus mucronatus
42e1a1e2c42ae73f738963c538860a23	gi|220030105|gb|FJ581666.1|	99.016	100	7.66e-151	305	315708	Gammarus mucronatus	amphipods	Gammarus mucronatus
42e1a1e2c42ae73f738963c538860a23	gi|767806747|gb|KP254054.1|	98.689	100	3.56e-149	305	315708	Gammarus mucronatus	amphipods	Gammarus mucronatus
42e1a1e2c42ae73f738963c538860a23	gi|220030121|gb|FJ581674.1|	98.689	100	3.56e-149	305	315708	Gammarus mucronatus	amphipods	Gammarus mucronatus
42e1a1e2c42ae73f738963c538860a23	gi|220030113|gb|FJ581670.1|	98.689	100	3.56e-149	305	315708	Gammarus mucronatus	amphipods	Gammarus mucronatus
42e1a1e2c42ae73f738963c538860a23	gi|220030107|gb|FJ581667.1|	98.689	100	3.56e-149	305	315708	Gammarus mucronatus	amphipods	Gammarus mucronatus
6cb33d92087a952b2126e2a004b285b4	gi|1842676696|gb|MT455184.1|	100.000	100	7.61e-156	305	13677	Scomber scombrus	bony fishes	Atlantic mackerel
6cb33d92087a952b2126e2a004b285b4	gi|1799624491|gb|MN122853.1|	100.000	100	7.61e-156	305	13677	Scomber scombrus	bony fishes	Atlantic mackerel
6cb33d92087a952b2126e2a004b285b4	gi|1791109529|gb|MN893176.1|	100.000	100	7.61e-156	305	13677	Scomber scombrus	bony fishes	Atlantic mackerel
6cb33d92087a952b2126e2a004b285b4	gi|1489802143|gb|MH119971.1|	100.000	100	7.61e-156	305	13677	Scomber scombrus	bony fishes	Atlantic mackerel
6cb33d92087a952b2126e2a004b285b4	gi|2755783533|gb|PP998645.1|	100.000	100	7.61e-156	305	13677	Scomber scombrus	bony fishes	Atlantic mackerel
6cb33d92087a952b2126e2a004b285b4	gi|2755783519|gb|PP998638.1|	100.000	100	7.61e-156	305	13677	Scomber scombrus	bony fishes	Atlantic mackerel
6cb33d92087a952b2126e2a004b285b4	gi|2755783517|gb|PP998637.1|	100.000	100	7.61e-156	305	13677	Scomber scombrus	bony fishes	Atlantic mackerel
6cb33d92087a952b2126e2a004b285b4	gi|2755783515|gb|PP998636.1|	100.000	100	7.61e-156	305	13677	Scomber scombrus	bony fishes	Atlantic mackerel
6cb33d92087a952b2126e2a004b285b4	gi|1205201766|gb|KX782996.1|	100.000	100	7.61e-156	305	13677	Scomber scombrus	bony fishes	Atlantic mackerel
6cb33d92087a952b2126e2a004b285b4	gi|1205201758|gb|KX782992.1|	100.000	100	7.61e-156	305	13677	Scomber scombrus	bony fishes	Atlantic mackerel
bd15acb9b45d617258edb3c5bf59402b	gi|117371627|gb|DQ434302.1|	100.000	100	7.61e-156	305	56072	Ardea herodias	birds	great blue heron
bd15acb9b45d617258edb3c5bf59402b	gi|116876319|gb|DQ433329.1|	100.000	100	7.61e-156	305	56072	Ardea herodias	birds	great blue heron
bd15acb9b45d617258edb3c5bf59402b	gi|116831869|gb|DQ432748.1|	100.000	100	7.61e-156	305	56072	Ardea herodias	birds	great blue heron
bd15acb9b45d617258edb3c5bf59402b	gi|51101736|gb|AY666320.1|	100.000	100	7.61e-156	305	56072	Ardea herodias	birds	great blue heron
bd15acb9b45d617258edb3c5bf59402b	gi|1798173786|gb|MN122856.1|	98.361	100	1.66e-147	305	30390	Ardea cinerea	birds	grey heron
bd15acb9b45d617258edb3c5bf59402b	gi|1338650807|gb|KY754484.1|	98.361	100	1.66e-147	305	30390	Ardea cinerea	birds	grey heron
bd15acb9b45d617258edb3c5bf59402b	gi|961401931|gb|KT803610.1|	98.361	100	1.66e-147	305	30390	Ardea cinerea	birds	grey heron
bd15acb9b45d617258edb3c5bf59402b	gi|2551612946|gb|OR344385.1|	98.361	100	1.66e-147	305	30390	Ardea cinerea	birds	grey heron
bd15acb9b45d617258edb3c5bf59402b	gi|727347582|gb|KJ941185.1|	98.361	100	1.66e-147	305	30390	Ardea cinerea	birds	grey heron
bd15acb9b45d617258edb3c5bf59402b	gi|727347580|gb|KJ941184.1|	98.361	100	1.66e-147	305	30390	Ardea cinerea	birds	grey heron
0e56c0ecc4f38b3e06e2222038f1ea56	gi|1418576962|ref|NC_037729.1|	90.132	99	2.94e-105	304	2858	Nitzschia alba	diatoms	marine diatom
90490554ec7b047a42a0f6e9b66e1fee	gi|283050881|gb|GU070901.1|	90.000	95	3.82e-99	290	693772	invertebrate environmental sample	animals	invertebrate environmental sample
e6ee1d5aec8b5178fa289236942093d5	gi|283050881|gb|GU070901.1|	90.000	95	3.82e-99	290	693772	invertebrate environmental sample	animals	invertebrate environmental sample
c52a161cab624bd187418c29a174b4dc	gi|2890138832|gb|PP181764.1|	99.672	100	3.54e-154	305	3230208	Marionina sp. CEI	segmented worms	Marionina sp. CEI
c52a161cab624bd187418c29a174b4dc	gi|2890138836|gb|PP181766.1|	99.344	100	4.58e-153	305	3230208	Marionina sp. CEI	segmented worms	Marionina sp. CEI
a2839fbe886c1cfa0b62e778d14bbbea	gi|2890138832|gb|PP181764.1|	100.000	100	7.61e-156	305	3230208	Marionina sp. CEI	segmented worms	Marionina sp. CEI
a2839fbe886c1cfa0b62e778d14bbbea	gi|2890138836|gb|PP181766.1|	99.672	100	9.84e-155	305	3230208	Marionina sp. CEI	segmented worms	Marionina sp. CEI
1daa0e87bd033ae86194f698af41773b	gi|743123741|gb|KM373435.1|	90.164	100	8.16e-106	305	1970221	Amathia sp. n. 2 AW-2014	bryozoans	Amathia sp. n. 2 AW-2014
1daa0e87bd033ae86194f698af41773b	gi|359292590|gb|JN680992.1|	90.164	100	8.16e-106	305	1118979	Vesiculariidae gen. n. sp. n. AW-2011	bryozoans	Vesiculariidae gen. n. sp. n. AW-2011
46a8f2f457d927caa4541521295cd50f	gi|743123726|gb|KM373430.1|	98.033	100	4.61e-148	305	1928861	Amathia imbricata	bryozoans	Amathia imbricata
46a8f2f457d927caa4541521295cd50f	gi|743123729|gb|KM373431.1|	96.066	100	1.00e-139	305	1928861	Amathia imbricata	bryozoans	Amathia imbricata
64cc2a8f94cd8ea5882e8a1411323b8c	gi|743123726|gb|KM373430.1|	98.689	100	2.13e-151	305	1928861	Amathia imbricata	bryozoans	Amathia imbricata
64cc2a8f94cd8ea5882e8a1411323b8c	gi|743123729|gb|KM373431.1|	96.721	100	4.64e-143	305	1928861	Amathia imbricata	bryozoans	Amathia imbricata
730754508cffb431ce8a484a59693646	gi|743123726|gb|KM373430.1|	98.361	100	9.91e-150	305	1928861	Amathia imbricata	bryozoans	Amathia imbricata
730754508cffb431ce8a484a59693646	gi|743123729|gb|KM373431.1|	96.393	100	2.16e-141	305	1928861	Amathia imbricata	bryozoans	Amathia imbricata
730754508cffb431ce8a484a59693646	gi|2587839904|gb|OR632419.1|	90.278	94	1.06e-99	288	1585634	Vesicularia spinosa	bryozoans	Vesicularia spinosa
9fb32ea2b66d8f2a13f99f7c9cc058c3	gi|343915525|gb|JN202434.1|	90.000	95	3.82e-99	290	1076758	Parvamoeba rugata	eukaryotes	Parvamoeba rugata
7894495cf9b0567cb12c3ed7f1b84631	gi|668731049|gb|KM086343.1|	96.370	100	2.16e-136	303	2136276	Alderia cf. modesta JEV-2018	gastropods	Alderia cf. modesta JEV-2018
6bd1fe32780c2933f01a980ed2097435	gi|490342756|gb|KC617066.1|	93.092	100	7.96e-121	304	1318556	Macrothrix sp. HE-364	crustaceans	Macrothrix sp. HE-364
db9671a04dda16673a7e043063a3b976	gi|490342756|gb|KC617066.1|	90.033	99	3.78e-104	301	1318556	Macrothrix sp. HE-364	crustaceans	Macrothrix sp. HE-364
0a746b40e6f6b636ba2780c74a151c66	gi|490342756|gb|KC617066.1|	92.359	99	8.02e-116	301	1318556	Macrothrix sp. HE-364	crustaceans	Macrothrix sp. HE-364
f509196c13c1e408cedc123d4055c9c9	gi|490342756|gb|KC617066.1|	92.691	99	1.72e-117	301	1318556	Macrothrix sp. HE-364	crustaceans	Macrothrix sp. HE-364
66d5e5d5a136c1a9b0926d60402d4d94	gi|490342756|gb|KC617066.1|	92.691	99	1.72e-117	301	1318556	Macrothrix sp. HE-364	crustaceans	Macrothrix sp. HE-364
90b89c2b1eb50e4e0de1c17b58725f98	gi|490342756|gb|KC617066.1|	92.359	99	8.02e-116	301	1318556	Macrothrix sp. HE-364	crustaceans	Macrothrix sp. HE-364
0104d7c8bdf953ffa487d25a28f64a0f	gi|490342756|gb|KC617066.1|	92.359	99	8.02e-116	301	1318556	Macrothrix sp. HE-364	crustaceans	Macrothrix sp. HE-364
d116d78a0d3264490226866f4b8ba83a	gi|1247177207|gb|KY572744.1|	100.000	100	2.73e-155	304	80365	Laminaria digitata	brown algae	Laminaria digitata
d116d78a0d3264490226866f4b8ba83a	gi|1247177125|gb|KY572703.1|	100.000	100	2.73e-155	304	80365	Laminaria digitata	brown algae	Laminaria digitata
d116d78a0d3264490226866f4b8ba83a	gi|1247176901|gb|KY572591.1|	100.000	100	2.73e-155	304	80365	Laminaria digitata	brown algae	Laminaria digitata
d116d78a0d3264490226866f4b8ba83a	gi|1247176737|gb|KY572509.1|	100.000	100	2.73e-155	304	80365	Laminaria digitata	brown algae	Laminaria digitata
d116d78a0d3264490226866f4b8ba83a	gi|1247176693|gb|KY572487.1|	100.000	100	2.73e-155	304	80365	Laminaria digitata	brown algae	Laminaria digitata
d116d78a0d3264490226866f4b8ba83a	gi|1247176667|gb|KY572474.1|	100.000	100	2.73e-155	304	80365	Laminaria digitata	brown algae	Laminaria digitata
d116d78a0d3264490226866f4b8ba83a	gi|1247176621|gb|KY572451.1|	100.000	100	2.73e-155	304	80365	Laminaria digitata	brown algae	Laminaria digitata
d116d78a0d3264490226866f4b8ba83a	gi|1247176449|gb|KY572365.1|	100.000	100	2.73e-155	304	80365	Laminaria digitata	brown algae	Laminaria digitata
d116d78a0d3264490226866f4b8ba83a	gi|1247176285|gb|KY572283.1|	100.000	100	2.73e-155	304	80365	Laminaria digitata	brown algae	Laminaria digitata
d116d78a0d3264490226866f4b8ba83a	gi|1247176033|gb|KY572157.1|	100.000	100	2.73e-155	304	80365	Laminaria digitata	brown algae	Laminaria digitata
a46113309b2b7cfb8a259779432bf52d	gi|1509160922|gb|MG421520.1|	100.000	100	9.76e-155	303	880429	Alitta virens	segmented worms	Alitta virens
a46113309b2b7cfb8a259779432bf52d	gi|1509160670|gb|MG421418.1|	100.000	100	9.76e-155	303	880429	Alitta virens	segmented worms	Alitta virens
a46113309b2b7cfb8a259779432bf52d	gi|1489974065|gb|MG423459.1|	100.000	100	9.76e-155	303	880429	Alitta virens	segmented worms	Alitta virens
a46113309b2b7cfb8a259779432bf52d	gi|1489973793|gb|MG423323.1|	100.000	100	9.76e-155	303	880429	Alitta virens	segmented worms	Alitta virens
a46113309b2b7cfb8a259779432bf52d	gi|1489970622|gb|MG422890.1|	100.000	100	9.76e-155	303	880429	Alitta virens	segmented worms	Alitta virens
a46113309b2b7cfb8a259779432bf52d	gi|1489970345|gb|MG422752.1|	100.000	100	9.76e-155	303	880429	Alitta virens	segmented worms	Alitta virens
a46113309b2b7cfb8a259779432bf52d	gi|1489969198|gb|MG422179.1|	100.000	100	9.76e-155	303	880429	Alitta virens	segmented worms	Alitta virens
a46113309b2b7cfb8a259779432bf52d	gi|1489968502|gb|MG421831.1|	100.000	100	9.76e-155	303	880429	Alitta virens	segmented worms	Alitta virens
a46113309b2b7cfb8a259779432bf52d	gi|1189398900|gb|KX781845.1|	100.000	100	9.76e-155	303	880429	Alitta virens	segmented worms	Alitta virens
a46113309b2b7cfb8a259779432bf52d	gi|2319562935|gb|OP038854.1|	100.000	100	9.76e-155	303	880429	Alitta virens	segmented worms	Alitta virens
4cd2f4d910fe79d399844a2db2ba45c6	gi|1509160922|gb|MG421520.1|	99.670	100	4.54e-153	303	880429	Alitta virens	segmented worms	Alitta virens
4cd2f4d910fe79d399844a2db2ba45c6	gi|1509160670|gb|MG421418.1|	99.670	100	4.54e-153	303	880429	Alitta virens	segmented worms	Alitta virens
4cd2f4d910fe79d399844a2db2ba45c6	gi|1489974065|gb|MG423459.1|	99.670	100	4.54e-153	303	880429	Alitta virens	segmented worms	Alitta virens
4cd2f4d910fe79d399844a2db2ba45c6	gi|1489973793|gb|MG423323.1|	99.670	100	4.54e-153	303	880429	Alitta virens	segmented worms	Alitta virens
4cd2f4d910fe79d399844a2db2ba45c6	gi|1489970622|gb|MG422890.1|	99.670	100	4.54e-153	303	880429	Alitta virens	segmented worms	Alitta virens
4cd2f4d910fe79d399844a2db2ba45c6	gi|1489970345|gb|MG422752.1|	99.670	100	4.54e-153	303	880429	Alitta virens	segmented worms	Alitta virens
4cd2f4d910fe79d399844a2db2ba45c6	gi|1489969198|gb|MG422179.1|	99.670	100	4.54e-153	303	880429	Alitta virens	segmented worms	Alitta virens
4cd2f4d910fe79d399844a2db2ba45c6	gi|1489968502|gb|MG421831.1|	99.670	100	4.54e-153	303	880429	Alitta virens	segmented worms	Alitta virens
4cd2f4d910fe79d399844a2db2ba45c6	gi|1189398900|gb|KX781845.1|	99.670	100	4.54e-153	303	880429	Alitta virens	segmented worms	Alitta virens
4cd2f4d910fe79d399844a2db2ba45c6	gi|2319562935|gb|OP038854.1|	99.670	100	4.54e-153	303	880429	Alitta virens	segmented worms	Alitta virens
c49373a6005894f76f7fe5fcca0779ba	gi|515418966|gb|JX995168.1|	99.670	100	4.54e-153	303	463189	Centropages typicus	crustaceans	Centropages typicus
c49373a6005894f76f7fe5fcca0779ba	gi|959315753|gb|KT952468.1|	99.340	100	2.11e-151	303	463189	Centropages typicus	crustaceans	Centropages typicus
c49373a6005894f76f7fe5fcca0779ba	gi|936253212|gb|KT208907.1|	99.340	100	2.11e-151	303	463189	Centropages typicus	crustaceans	Centropages typicus
c49373a6005894f76f7fe5fcca0779ba	gi|936253002|gb|KT208802.1|	99.340	100	2.11e-151	303	463189	Centropages typicus	crustaceans	Centropages typicus
c49373a6005894f76f7fe5fcca0779ba	gi|515419133|gb|JX995173.1|	99.340	100	2.11e-151	303	463189	Centropages typicus	crustaceans	Centropages typicus
c49373a6005894f76f7fe5fcca0779ba	gi|515418970|gb|JX995170.1|	99.340	100	2.11e-151	303	463189	Centropages typicus	crustaceans	Centropages typicus
c49373a6005894f76f7fe5fcca0779ba	gi|515418958|gb|JX995167.1|	99.340	100	2.11e-151	303	463189	Centropages typicus	crustaceans	Centropages typicus
c49373a6005894f76f7fe5fcca0779ba	gi|515418933|gb|JX995165.1|	99.340	100	2.11e-151	303	463189	Centropages typicus	crustaceans	Centropages typicus
c49373a6005894f76f7fe5fcca0779ba	gi|515419131|gb|JX995172.1|	99.010	100	9.83e-150	303	463189	Centropages typicus	crustaceans	Centropages typicus
c49373a6005894f76f7fe5fcca0779ba	gi|515419127|gb|JX995171.1|	99.010	100	9.83e-150	303	463189	Centropages typicus	crustaceans	Centropages typicus
4b4ecd0a263ba3866b50df6573dc58a0	gi|835469371|gb|KR042347.1|	98.680	100	3.54e-149	303	38093	Prokelisia dolus	bugs	Prokelisia dolus
4b4ecd0a263ba3866b50df6573dc58a0	gi|1852459499|gb|MT602506.1|	97.659	99	7.71e-141	299	38093	Prokelisia dolus	bugs	Prokelisia dolus
4b4ecd0a263ba3866b50df6573dc58a0	gi|1852459505|gb|MT602509.1|	97.324	99	3.59e-139	299	38093	Prokelisia dolus	bugs	Prokelisia dolus
4b4ecd0a263ba3866b50df6573dc58a0	gi|1852459503|gb|MT602508.1|	97.324	99	3.59e-139	299	38093	Prokelisia dolus	bugs	Prokelisia dolus
4b4ecd0a263ba3866b50df6573dc58a0	gi|331202984|gb|JF884068.1|	96.700	100	4.64e-138	303	2660449	Prokelisia sp. BOLD:AAO8154	bugs	Prokelisia sp. BOLD:AAO8154
4b4ecd0a263ba3866b50df6573dc58a0	gi|1852459511|gb|MT602512.1|	96.990	99	1.67e-137	299	33364	Prokelisia marginata	bugs	Prokelisia marginata
4b4ecd0a263ba3866b50df6573dc58a0	gi|1852459509|gb|MT602511.1|	96.990	99	1.67e-137	299	33364	Prokelisia marginata	bugs	Prokelisia marginata
4b4ecd0a263ba3866b50df6573dc58a0	gi|1852459501|gb|MT602507.1|	96.990	99	1.67e-137	299	38093	Prokelisia dolus	bugs	Prokelisia dolus
4b4ecd0a263ba3866b50df6573dc58a0	gi|1852459497|gb|MT602505.1|	96.990	99	1.67e-137	299	38093	Prokelisia dolus	bugs	Prokelisia dolus
4b4ecd0a263ba3866b50df6573dc58a0	gi|1852459507|gb|MT602510.1|	96.656	99	7.77e-136	299	33364	Prokelisia marginata	bugs	Prokelisia marginata
9746638d4a3688516a57121c3230ce1e	gi|1786903377|gb|MN856861.1|	99.672	100	3.54e-154	305	438488	Polydora cornuta	segmented worms	Polydora cornuta
9746638d4a3688516a57121c3230ce1e	gi|2732874883|gb|OR886624.2|	99.344	100	1.65e-152	305	438488	Polydora cornuta	segmented worms	Polydora cornuta
9746638d4a3688516a57121c3230ce1e	gi|2732874881|gb|OR886623.2|	99.344	100	1.65e-152	305	438488	Polydora cornuta	segmented worms	Polydora cornuta
9746638d4a3688516a57121c3230ce1e	gi|2732874879|gb|OR886622.2|	99.344	100	1.65e-152	305	438488	Polydora cornuta	segmented worms	Polydora cornuta
9746638d4a3688516a57121c3230ce1e	gi|2732874877|gb|OR886621.2|	99.344	100	1.65e-152	305	438488	Polydora cornuta	segmented worms	Polydora cornuta
9746638d4a3688516a57121c3230ce1e	gi|145617007|gb|EF525291.1|	95.724	99	2.79e-140	304	438488	Polydora cornuta	segmented worms	Polydora cornuta
9746638d4a3688516a57121c3230ce1e	gi|145617005|gb|EF525290.1|	95.724	99	2.79e-140	304	438488	Polydora cornuta	segmented worms	Polydora cornuta
9746638d4a3688516a57121c3230ce1e	gi|767808091|gb|KP254726.1|	92.384	99	8.05e-116	302	438488	Polydora cornuta	segmented worms	Polydora cornuta
9746638d4a3688516a57121c3230ce1e	gi|1786903357|gb|MN856857.1|	92.384	99	8.05e-116	302	438488	Polydora cornuta	segmented worms	Polydora cornuta
9746638d4a3688516a57121c3230ce1e	gi|1786903352|gb|MN856856.1|	92.384	99	8.05e-116	302	438488	Polydora cornuta	segmented worms	Polydora cornuta
36685d438f64fea4cdab4707ab8bc49c	gi|1786903377|gb|MN856861.1|	99.672	100	3.54e-154	305	438488	Polydora cornuta	segmented worms	Polydora cornuta
36685d438f64fea4cdab4707ab8bc49c	gi|2732874883|gb|OR886624.2|	99.344	100	1.65e-152	305	438488	Polydora cornuta	segmented worms	Polydora cornuta
36685d438f64fea4cdab4707ab8bc49c	gi|2732874881|gb|OR886623.2|	99.344	100	1.65e-152	305	438488	Polydora cornuta	segmented worms	Polydora cornuta
36685d438f64fea4cdab4707ab8bc49c	gi|2732874879|gb|OR886622.2|	99.344	100	1.65e-152	305	438488	Polydora cornuta	segmented worms	Polydora cornuta
36685d438f64fea4cdab4707ab8bc49c	gi|2732874877|gb|OR886621.2|	99.344	100	1.65e-152	305	438488	Polydora cornuta	segmented worms	Polydora cornuta
36685d438f64fea4cdab4707ab8bc49c	gi|145617007|gb|EF525291.1|	95.724	99	2.79e-140	304	438488	Polydora cornuta	segmented worms	Polydora cornuta
36685d438f64fea4cdab4707ab8bc49c	gi|145617005|gb|EF525290.1|	95.724	99	2.79e-140	304	438488	Polydora cornuta	segmented worms	Polydora cornuta
36685d438f64fea4cdab4707ab8bc49c	gi|767808091|gb|KP254726.1|	93.046	99	3.72e-119	302	438488	Polydora cornuta	segmented worms	Polydora cornuta
36685d438f64fea4cdab4707ab8bc49c	gi|1786903357|gb|MN856857.1|	93.046	99	3.72e-119	302	438488	Polydora cornuta	segmented worms	Polydora cornuta
36685d438f64fea4cdab4707ab8bc49c	gi|1786903352|gb|MN856856.1|	93.046	99	3.72e-119	302	438488	Polydora cornuta	segmented worms	Polydora cornuta
29fbf5aa73981eba0b4769be34bf68f3	gi|1786903377|gb|MN856861.1|	99.672	100	3.54e-154	305	438488	Polydora cornuta	segmented worms	Polydora cornuta
29fbf5aa73981eba0b4769be34bf68f3	gi|2732874883|gb|OR886624.2|	99.344	100	1.65e-152	305	438488	Polydora cornuta	segmented worms	Polydora cornuta
29fbf5aa73981eba0b4769be34bf68f3	gi|2732874881|gb|OR886623.2|	99.344	100	1.65e-152	305	438488	Polydora cornuta	segmented worms	Polydora cornuta
29fbf5aa73981eba0b4769be34bf68f3	gi|2732874879|gb|OR886622.2|	99.344	100	1.65e-152	305	438488	Polydora cornuta	segmented worms	Polydora cornuta
29fbf5aa73981eba0b4769be34bf68f3	gi|2732874877|gb|OR886621.2|	99.344	100	1.65e-152	305	438488	Polydora cornuta	segmented worms	Polydora cornuta
29fbf5aa73981eba0b4769be34bf68f3	gi|145617007|gb|EF525291.1|	95.724	99	2.79e-140	304	438488	Polydora cornuta	segmented worms	Polydora cornuta
29fbf5aa73981eba0b4769be34bf68f3	gi|145617005|gb|EF525290.1|	95.724	99	2.79e-140	304	438488	Polydora cornuta	segmented worms	Polydora cornuta
29fbf5aa73981eba0b4769be34bf68f3	gi|767808091|gb|KP254726.1|	92.715	99	1.73e-117	302	438488	Polydora cornuta	segmented worms	Polydora cornuta
29fbf5aa73981eba0b4769be34bf68f3	gi|1786903357|gb|MN856857.1|	92.715	99	1.73e-117	302	438488	Polydora cornuta	segmented worms	Polydora cornuta
29fbf5aa73981eba0b4769be34bf68f3	gi|1786903352|gb|MN856856.1|	92.715	99	1.73e-117	302	438488	Polydora cornuta	segmented worms	Polydora cornuta
811d579a4d16e1e1ebc68d41b034f8fd	gi|1786903377|gb|MN856861.1|	99.672	100	3.54e-154	305	438488	Polydora cornuta	segmented worms	Polydora cornuta
811d579a4d16e1e1ebc68d41b034f8fd	gi|2732874883|gb|OR886624.2|	99.344	100	1.65e-152	305	438488	Polydora cornuta	segmented worms	Polydora cornuta
811d579a4d16e1e1ebc68d41b034f8fd	gi|2732874881|gb|OR886623.2|	99.344	100	1.65e-152	305	438488	Polydora cornuta	segmented worms	Polydora cornuta
811d579a4d16e1e1ebc68d41b034f8fd	gi|2732874879|gb|OR886622.2|	99.344	100	1.65e-152	305	438488	Polydora cornuta	segmented worms	Polydora cornuta
811d579a4d16e1e1ebc68d41b034f8fd	gi|2732874877|gb|OR886621.2|	99.344	100	1.65e-152	305	438488	Polydora cornuta	segmented worms	Polydora cornuta
811d579a4d16e1e1ebc68d41b034f8fd	gi|145617007|gb|EF525291.1|	95.724	99	2.79e-140	304	438488	Polydora cornuta	segmented worms	Polydora cornuta
811d579a4d16e1e1ebc68d41b034f8fd	gi|145617005|gb|EF525290.1|	95.724	99	2.79e-140	304	438488	Polydora cornuta	segmented worms	Polydora cornuta
811d579a4d16e1e1ebc68d41b034f8fd	gi|767808091|gb|KP254726.1|	92.384	99	8.05e-116	302	438488	Polydora cornuta	segmented worms	Polydora cornuta
811d579a4d16e1e1ebc68d41b034f8fd	gi|1786903357|gb|MN856857.1|	92.384	99	8.05e-116	302	438488	Polydora cornuta	segmented worms	Polydora cornuta
811d579a4d16e1e1ebc68d41b034f8fd	gi|1786903352|gb|MN856856.1|	92.384	99	8.05e-116	302	438488	Polydora cornuta	segmented worms	Polydora cornuta
7ea9fc52f5c71602433a3a7a02699f7f	gi|1786903377|gb|MN856861.1|	100.000	100	7.61e-156	305	438488	Polydora cornuta	segmented worms	Polydora cornuta
7ea9fc52f5c71602433a3a7a02699f7f	gi|2732874883|gb|OR886624.2|	99.672	100	3.54e-154	305	438488	Polydora cornuta	segmented worms	Polydora cornuta
7ea9fc52f5c71602433a3a7a02699f7f	gi|2732874881|gb|OR886623.2|	99.672	100	3.54e-154	305	438488	Polydora cornuta	segmented worms	Polydora cornuta
7ea9fc52f5c71602433a3a7a02699f7f	gi|2732874879|gb|OR886622.2|	99.672	100	3.54e-154	305	438488	Polydora cornuta	segmented worms	Polydora cornuta
7ea9fc52f5c71602433a3a7a02699f7f	gi|2732874877|gb|OR886621.2|	99.672	100	3.54e-154	305	438488	Polydora cornuta	segmented worms	Polydora cornuta
7ea9fc52f5c71602433a3a7a02699f7f	gi|145617007|gb|EF525291.1|	96.053	99	6.01e-142	304	438488	Polydora cornuta	segmented worms	Polydora cornuta
7ea9fc52f5c71602433a3a7a02699f7f	gi|145617005|gb|EF525290.1|	96.053	99	6.01e-142	304	438488	Polydora cornuta	segmented worms	Polydora cornuta
7ea9fc52f5c71602433a3a7a02699f7f	gi|767808091|gb|KP254726.1|	92.715	99	1.73e-117	302	438488	Polydora cornuta	segmented worms	Polydora cornuta
7ea9fc52f5c71602433a3a7a02699f7f	gi|1786903357|gb|MN856857.1|	92.715	99	1.73e-117	302	438488	Polydora cornuta	segmented worms	Polydora cornuta
7ea9fc52f5c71602433a3a7a02699f7f	gi|1786903352|gb|MN856856.1|	92.715	99	1.73e-117	302	438488	Polydora cornuta	segmented worms	Polydora cornuta
6c6beacef8761e219c7edfd706f7d18d	gi|1786903377|gb|MN856861.1|	99.672	100	3.54e-154	305	438488	Polydora cornuta	segmented worms	Polydora cornuta
6c6beacef8761e219c7edfd706f7d18d	gi|2732874883|gb|OR886624.2|	99.344	100	1.65e-152	305	438488	Polydora cornuta	segmented worms	Polydora cornuta
6c6beacef8761e219c7edfd706f7d18d	gi|2732874881|gb|OR886623.2|	99.344	100	1.65e-152	305	438488	Polydora cornuta	segmented worms	Polydora cornuta
6c6beacef8761e219c7edfd706f7d18d	gi|2732874879|gb|OR886622.2|	99.344	100	1.65e-152	305	438488	Polydora cornuta	segmented worms	Polydora cornuta
6c6beacef8761e219c7edfd706f7d18d	gi|2732874877|gb|OR886621.2|	99.344	100	1.65e-152	305	438488	Polydora cornuta	segmented worms	Polydora cornuta
6c6beacef8761e219c7edfd706f7d18d	gi|145617007|gb|EF525291.1|	95.724	99	2.79e-140	304	438488	Polydora cornuta	segmented worms	Polydora cornuta
6c6beacef8761e219c7edfd706f7d18d	gi|145617005|gb|EF525290.1|	95.724	99	2.79e-140	304	438488	Polydora cornuta	segmented worms	Polydora cornuta
6c6beacef8761e219c7edfd706f7d18d	gi|767808091|gb|KP254726.1|	92.384	99	8.05e-116	302	438488	Polydora cornuta	segmented worms	Polydora cornuta
6c6beacef8761e219c7edfd706f7d18d	gi|1786903357|gb|MN856857.1|	92.384	99	8.05e-116	302	438488	Polydora cornuta	segmented worms	Polydora cornuta
6c6beacef8761e219c7edfd706f7d18d	gi|1786903352|gb|MN856856.1|	92.384	99	8.05e-116	302	438488	Polydora cornuta	segmented worms	Polydora cornuta
20c4b03bc8d579caf754033222a88336	gi|499166379|gb|KC732401.1|	99.672	100	3.54e-154	305	1301311	zooplankton environmental sample	eukaryotes	zooplankton environmental sample
20c4b03bc8d579caf754033222a88336	gi|499166405|gb|KC732414.1|	99.344	100	1.65e-152	305	1301311	zooplankton environmental sample	eukaryotes	zooplankton environmental sample
20c4b03bc8d579caf754033222a88336	gi|499166403|gb|KC732413.1|	99.344	100	1.65e-152	305	1301311	zooplankton environmental sample	eukaryotes	zooplankton environmental sample
20c4b03bc8d579caf754033222a88336	gi|499166389|gb|KC732406.1|	99.344	100	1.65e-152	305	1301311	zooplankton environmental sample	eukaryotes	zooplankton environmental sample
20c4b03bc8d579caf754033222a88336	gi|2055417059|ref|NC_056371.1|	99.344	100	1.65e-152	305	1335017	Odontella regia	diatoms	Odontella regia
4205d2ec4afab959a60e20363a19e536	gi|499166379|gb|KC732401.1|	100.000	100	7.61e-156	305	1301311	zooplankton environmental sample	eukaryotes	zooplankton environmental sample
4205d2ec4afab959a60e20363a19e536	gi|499166405|gb|KC732414.1|	99.672	100	3.54e-154	305	1301311	zooplankton environmental sample	eukaryotes	zooplankton environmental sample
4205d2ec4afab959a60e20363a19e536	gi|499166403|gb|KC732413.1|	99.672	100	3.54e-154	305	1301311	zooplankton environmental sample	eukaryotes	zooplankton environmental sample
4205d2ec4afab959a60e20363a19e536	gi|499166389|gb|KC732406.1|	99.672	100	3.54e-154	305	1301311	zooplankton environmental sample	eukaryotes	zooplankton environmental sample
4205d2ec4afab959a60e20363a19e536	gi|2055417059|ref|NC_056371.1|	99.016	100	7.66e-151	305	1335017	Odontella regia	diatoms	Odontella regia
8614e34138c81d5b323b0fda5f421e25	gi|499166379|gb|KC732401.1|	99.344	100	1.65e-152	305	1301311	zooplankton environmental sample	eukaryotes	zooplankton environmental sample
8614e34138c81d5b323b0fda5f421e25	gi|499166405|gb|KC732414.1|	99.016	100	7.66e-151	305	1301311	zooplankton environmental sample	eukaryotes	zooplankton environmental sample
8614e34138c81d5b323b0fda5f421e25	gi|499166403|gb|KC732413.1|	99.016	100	7.66e-151	305	1301311	zooplankton environmental sample	eukaryotes	zooplankton environmental sample
8614e34138c81d5b323b0fda5f421e25	gi|499166389|gb|KC732406.1|	99.016	100	7.66e-151	305	1301311	zooplankton environmental sample	eukaryotes	zooplankton environmental sample
8614e34138c81d5b323b0fda5f421e25	gi|2055417059|ref|NC_056371.1|	99.016	100	7.66e-151	305	1335017	Odontella regia	diatoms	Odontella regia
51118bd91f10de488403f5e909939ed8	gi|375173667|gb|JN717138.1|	100.000	100	1.65e-157	308	2961	Amphidinium carterae	dinoflagellates	Amphidinium carterae
51118bd91f10de488403f5e909939ed8	gi|159798039|gb|EU126140.1|	98.377	100	3.60e-149	308	2961	Amphidinium carterae	dinoflagellates	Amphidinium carterae
51118bd91f10de488403f5e909939ed8	gi|145751738|gb|EF514771.1|	98.377	100	3.60e-149	308	2961	Amphidinium carterae	dinoflagellates	Amphidinium carterae
51118bd91f10de488403f5e909939ed8	gi|145751690|gb|EF514786.1|	98.046	99	6.03e-147	307	2961	Amphidinium carterae	dinoflagellates	Amphidinium carterae
51118bd91f10de488403f5e909939ed8	gi|117937712|gb|EF036568.1|	97.727	100	7.80e-146	308	2961	Amphidinium carterae	dinoflagellates	Amphidinium carterae
33890d5493534e111444e90800991624	gi|575925518|ref|NC_023355.1|	94.754	100	3.67e-129	305	156133	Prasinoderma coloniale	green plants	Prasinoderma coloniale
00fe8310f106081429ec9b3899ca619f	gi|1523769300|gb|MH535943.1|	90.333	98	1.06e-104	300	1973054	Vannella sp.	eukaryotes	Vannella sp.
00fe8310f106081429ec9b3899ca619f	gi|1523769298|gb|MH535942.1|	90.333	98	1.06e-104	300	1973054	Vannella sp.	eukaryotes	Vannella sp.
6550b72382944463176a5d9ef8c50e77	gi|1609531865|gb|MH818794.1|	99.016	100	7.66e-151	305	1436827	Paracalanus sp. F AC-2013	crustaceans	Paracalanus sp. F AC-2013
6550b72382944463176a5d9ef8c50e77	gi|1609531863|gb|MH818793.1|	99.016	100	7.66e-151	305	1436827	Paracalanus sp. F AC-2013	crustaceans	Paracalanus sp. F AC-2013
6550b72382944463176a5d9ef8c50e77	gi|571033389|gb|KF715891.1|	99.016	100	7.66e-151	305	1436827	Paracalanus sp. F AC-2013	crustaceans	Paracalanus sp. F AC-2013
6550b72382944463176a5d9ef8c50e77	gi|571033383|gb|KF715888.1|	99.016	100	7.66e-151	305	1436827	Paracalanus sp. F AC-2013	crustaceans	Paracalanus sp. F AC-2013
6550b72382944463176a5d9ef8c50e77	gi|1609531861|gb|MH818792.1|	99.010	99	9.91e-150	303	1436827	Paracalanus sp. F AC-2013	crustaceans	Paracalanus sp. F AC-2013
6550b72382944463176a5d9ef8c50e77	gi|571033385|gb|KF715889.1|	99.007	99	3.56e-149	302	1436827	Paracalanus sp. F AC-2013	crustaceans	Paracalanus sp. F AC-2013
6550b72382944463176a5d9ef8c50e77	gi|529950647|gb|KC287780.1|	98.033	100	7.71e-146	305	187406	Paracalanus parvus	crustaceans	Paracalanus parvus
6550b72382944463176a5d9ef8c50e77	gi|1609531873|gb|MH818798.1|	98.592	93	4.68e-138	284	1436827	Paracalanus sp. F AC-2013	crustaceans	Paracalanus sp. F AC-2013
6550b72382944463176a5d9ef8c50e77	gi|571033557|gb|KF715975.1|	96.066	100	7.82e-136	305	1436827	Paracalanus sp. F AC-2013	crustaceans	Paracalanus sp. F AC-2013
6550b72382944463176a5d9ef8c50e77	gi|571033553|gb|KF715973.1|	96.066	100	7.82e-136	305	1436827	Paracalanus sp. F AC-2013	crustaceans	Paracalanus sp. F AC-2013
e0745f2aadf546dac63e89b6ae1c98d1	gi|1609531865|gb|MH818794.1|	99.672	100	3.54e-154	305	1436827	Paracalanus sp. F AC-2013	crustaceans	Paracalanus sp. F AC-2013
e0745f2aadf546dac63e89b6ae1c98d1	gi|1609531863|gb|MH818793.1|	99.672	100	3.54e-154	305	1436827	Paracalanus sp. F AC-2013	crustaceans	Paracalanus sp. F AC-2013
e0745f2aadf546dac63e89b6ae1c98d1	gi|571033389|gb|KF715891.1|	99.672	100	3.54e-154	305	1436827	Paracalanus sp. F AC-2013	crustaceans	Paracalanus sp. F AC-2013
e0745f2aadf546dac63e89b6ae1c98d1	gi|571033383|gb|KF715888.1|	99.672	100	3.54e-154	305	1436827	Paracalanus sp. F AC-2013	crustaceans	Paracalanus sp. F AC-2013
e0745f2aadf546dac63e89b6ae1c98d1	gi|1609531861|gb|MH818792.1|	99.670	99	4.58e-153	303	1436827	Paracalanus sp. F AC-2013	crustaceans	Paracalanus sp. F AC-2013
e0745f2aadf546dac63e89b6ae1c98d1	gi|571033385|gb|KF715889.1|	99.669	99	1.65e-152	302	1436827	Paracalanus sp. F AC-2013	crustaceans	Paracalanus sp. F AC-2013
e0745f2aadf546dac63e89b6ae1c98d1	gi|529950647|gb|KC287780.1|	98.693	100	3.56e-149	306	187406	Paracalanus parvus	crustaceans	Paracalanus parvus
e0745f2aadf546dac63e89b6ae1c98d1	gi|1609531873|gb|MH818798.1|	99.296	93	2.16e-141	284	1436827	Paracalanus sp. F AC-2013	crustaceans	Paracalanus sp. F AC-2013
e0745f2aadf546dac63e89b6ae1c98d1	gi|571033553|gb|KF715973.1|	96.721	100	3.61e-139	305	1436827	Paracalanus sp. F AC-2013	crustaceans	Paracalanus sp. F AC-2013
e0745f2aadf546dac63e89b6ae1c98d1	gi|571033543|gb|KF715968.1|	96.721	100	3.61e-139	305	1436827	Paracalanus sp. F AC-2013	crustaceans	Paracalanus sp. F AC-2013
cc027b1b420d2c7ab6e3cfe715e107e2	gi|1609531865|gb|MH818794.1|	100.000	100	7.61e-156	305	1436827	Paracalanus sp. F AC-2013	crustaceans	Paracalanus sp. F AC-2013
cc027b1b420d2c7ab6e3cfe715e107e2	gi|1609531863|gb|MH818793.1|	100.000	100	7.61e-156	305	1436827	Paracalanus sp. F AC-2013	crustaceans	Paracalanus sp. F AC-2013
cc027b1b420d2c7ab6e3cfe715e107e2	gi|571033389|gb|KF715891.1|	100.000	100	7.61e-156	305	1436827	Paracalanus sp. F AC-2013	crustaceans	Paracalanus sp. F AC-2013
cc027b1b420d2c7ab6e3cfe715e107e2	gi|571033383|gb|KF715888.1|	100.000	100	7.61e-156	305	1436827	Paracalanus sp. F AC-2013	crustaceans	Paracalanus sp. F AC-2013
cc027b1b420d2c7ab6e3cfe715e107e2	gi|1609531861|gb|MH818792.1|	100.000	99	9.84e-155	303	1436827	Paracalanus sp. F AC-2013	crustaceans	Paracalanus sp. F AC-2013
cc027b1b420d2c7ab6e3cfe715e107e2	gi|571033385|gb|KF715889.1|	100.000	99	3.54e-154	302	1436827	Paracalanus sp. F AC-2013	crustaceans	Paracalanus sp. F AC-2013
cc027b1b420d2c7ab6e3cfe715e107e2	gi|529950647|gb|KC287780.1|	99.020	100	7.66e-151	306	187406	Paracalanus parvus	crustaceans	Paracalanus parvus
cc027b1b420d2c7ab6e3cfe715e107e2	gi|1609531873|gb|MH818798.1|	99.648	93	4.64e-143	284	1436827	Paracalanus sp. F AC-2013	crustaceans	Paracalanus sp. F AC-2013
cc027b1b420d2c7ab6e3cfe715e107e2	gi|571033553|gb|KF715973.1|	96.393	100	1.68e-137	305	1436827	Paracalanus sp. F AC-2013	crustaceans	Paracalanus sp. F AC-2013
cc027b1b420d2c7ab6e3cfe715e107e2	gi|571033543|gb|KF715968.1|	96.393	100	1.68e-137	305	1436827	Paracalanus sp. F AC-2013	crustaceans	Paracalanus sp. F AC-2013
3ca884fb4fd7915d0219880acc8de785	gi|571033385|gb|KF715889.1|	100.000	100	7.61e-156	305	1436827	Paracalanus sp. F AC-2013	crustaceans	Paracalanus sp. F AC-2013
3ca884fb4fd7915d0219880acc8de785	gi|1609531865|gb|MH818794.1|	100.000	99	3.54e-154	302	1436827	Paracalanus sp. F AC-2013	crustaceans	Paracalanus sp. F AC-2013
3ca884fb4fd7915d0219880acc8de785	gi|1609531863|gb|MH818793.1|	100.000	99	3.54e-154	302	1436827	Paracalanus sp. F AC-2013	crustaceans	Paracalanus sp. F AC-2013
3ca884fb4fd7915d0219880acc8de785	gi|1609531861|gb|MH818792.1|	100.000	99	3.54e-154	302	1436827	Paracalanus sp. F AC-2013	crustaceans	Paracalanus sp. F AC-2013
3ca884fb4fd7915d0219880acc8de785	gi|571033389|gb|KF715891.1|	100.000	99	3.54e-154	302	1436827	Paracalanus sp. F AC-2013	crustaceans	Paracalanus sp. F AC-2013
3ca884fb4fd7915d0219880acc8de785	gi|571033383|gb|KF715888.1|	100.000	99	3.54e-154	302	1436827	Paracalanus sp. F AC-2013	crustaceans	Paracalanus sp. F AC-2013
3ca884fb4fd7915d0219880acc8de785	gi|529950647|gb|KC287780.1|	99.010	99	3.56e-149	303	187406	Paracalanus parvus	crustaceans	Paracalanus parvus
3ca884fb4fd7915d0219880acc8de785	gi|1609531873|gb|MH818798.1|	99.648	93	4.64e-143	284	1436827	Paracalanus sp. F AC-2013	crustaceans	Paracalanus sp. F AC-2013
3ca884fb4fd7915d0219880acc8de785	gi|571033553|gb|KF715973.1|	96.358	99	7.82e-136	302	1436827	Paracalanus sp. F AC-2013	crustaceans	Paracalanus sp. F AC-2013
3ca884fb4fd7915d0219880acc8de785	gi|571033543|gb|KF715968.1|	96.358	99	7.82e-136	302	1436827	Paracalanus sp. F AC-2013	crustaceans	Paracalanus sp. F AC-2013
24efbb69ae20c8e6f4d1eb1c9543b384	gi|571033541|gb|KF715967.1|	100.000	100	7.61e-156	305	1436827	Paracalanus sp. F AC-2013	crustaceans	Paracalanus sp. F AC-2013
24efbb69ae20c8e6f4d1eb1c9543b384	gi|571033557|gb|KF715975.1|	99.672	100	3.54e-154	305	1436827	Paracalanus sp. F AC-2013	crustaceans	Paracalanus sp. F AC-2013
24efbb69ae20c8e6f4d1eb1c9543b384	gi|571033553|gb|KF715973.1|	99.672	100	3.54e-154	305	1436827	Paracalanus sp. F AC-2013	crustaceans	Paracalanus sp. F AC-2013
24efbb69ae20c8e6f4d1eb1c9543b384	gi|571033547|gb|KF715970.1|	99.672	100	3.54e-154	305	1436827	Paracalanus sp. F AC-2013	crustaceans	Paracalanus sp. F AC-2013
24efbb69ae20c8e6f4d1eb1c9543b384	gi|571033543|gb|KF715968.1|	99.672	100	3.54e-154	305	1436827	Paracalanus sp. F AC-2013	crustaceans	Paracalanus sp. F AC-2013
24efbb69ae20c8e6f4d1eb1c9543b384	gi|571033545|gb|KF715969.1|	98.033	100	4.61e-148	305	1436827	Paracalanus sp. F AC-2013	crustaceans	Paracalanus sp. F AC-2013
24efbb69ae20c8e6f4d1eb1c9543b384	gi|1609531865|gb|MH818794.1|	96.066	100	7.82e-136	305	1436827	Paracalanus sp. F AC-2013	crustaceans	Paracalanus sp. F AC-2013
24efbb69ae20c8e6f4d1eb1c9543b384	gi|1609531863|gb|MH818793.1|	96.066	100	7.82e-136	305	1436827	Paracalanus sp. F AC-2013	crustaceans	Paracalanus sp. F AC-2013
24efbb69ae20c8e6f4d1eb1c9543b384	gi|571033389|gb|KF715891.1|	96.066	100	7.82e-136	305	1436827	Paracalanus sp. F AC-2013	crustaceans	Paracalanus sp. F AC-2013
24efbb69ae20c8e6f4d1eb1c9543b384	gi|571033383|gb|KF715888.1|	96.066	100	7.82e-136	305	1436827	Paracalanus sp. F AC-2013	crustaceans	Paracalanus sp. F AC-2013
ae6d35eb3675b7fe9999c6502deaad70	gi|305653631|gb|HQ024238.1|	99.016	100	9.80e-150	305	880393	Scoloplos sp. CMC01	segmented worms	Scoloplos sp. CMC01
ae6d35eb3675b7fe9999c6502deaad70	gi|305653625|gb|HQ024235.1|	99.016	100	9.80e-150	305	880393	Scoloplos sp. CMC01	segmented worms	Scoloplos sp. CMC01
ae6d35eb3675b7fe9999c6502deaad70	gi|305653629|gb|HQ024237.1|	98.033	100	9.87e-145	305	880393	Scoloplos sp. CMC01	segmented worms	Scoloplos sp. CMC01
ae6d35eb3675b7fe9999c6502deaad70	gi|299832974|gb|GU670808.1|	96.358	100	7.74e-136	302	535715	Euchloe belemia	butterflies	Euchloe belemia
ae6d35eb3675b7fe9999c6502deaad70	gi|299556133|gb|GU672619.1|	96.026	100	3.60e-134	302	46605;191418;203782;282391;320255;441325;712041	Scoloplos armiger	segmented worms	Scoloplos armiger
ae6d35eb3675b7fe9999c6502deaad70	gi|94481617|gb|DQ517436.1|	95.364	100	7.79e-131	302	375448	Scoloplos cf. armiger CB-2006	segmented worms	Scoloplos cf. armiger CB-2006
ae6d35eb3675b7fe9999c6502deaad70	gi|1354701678|gb|MF121198.1|	93.980	99	1.70e-122	299	867319	Leitoscoloplos pugettensis CMC02	segmented worms	Leitoscoloplos pugettensis CMC02
ae6d35eb3675b7fe9999c6502deaad70	gi|1354702380|gb|MF121549.1|	93.311	99	3.68e-119	299	46605	Scoloplos armiger	segmented worms	Scoloplos armiger
ae6d35eb3675b7fe9999c6502deaad70	gi|299555655|gb|GU672380.1|	93.311	99	3.68e-119	299	46605	Scoloplos armiger	segmented worms	Scoloplos armiger
ae6d35eb3675b7fe9999c6502deaad70	gi|299555713|gb|GU672409.1|	93.311	99	3.68e-119	299	46605	Scoloplos armiger	segmented worms	Scoloplos armiger
f715c0ae73120ff563909411985ee9ea	gi|1524090508|gb|MH826392.1|	99.016	100	7.66e-151	305	95538	Streblospio benedicti	segmented worms	Streblospio benedicti
f715c0ae73120ff563909411985ee9ea	gi|2432717794|gb|OQ322710.1|	99.016	100	7.66e-151	305	95538	Streblospio benedicti	segmented worms	Streblospio benedicti
f715c0ae73120ff563909411985ee9ea	gi|1524090510|gb|MH826393.1|	98.689	100	3.56e-149	305	95538	Streblospio benedicti	segmented worms	Streblospio benedicti
d0b5626b21ca99d1cb248a4dd3c55a93	gi|1524090508|gb|MH826392.1|	99.338	99	7.66e-151	302	95538	Streblospio benedicti	segmented worms	Streblospio benedicti
d0b5626b21ca99d1cb248a4dd3c55a93	gi|2432717794|gb|OQ322710.1|	99.338	99	7.66e-151	302	95538	Streblospio benedicti	segmented worms	Streblospio benedicti
d0b5626b21ca99d1cb248a4dd3c55a93	gi|1524090510|gb|MH826393.1|	99.007	99	3.56e-149	302	95538	Streblospio benedicti	segmented worms	Streblospio benedicti
0eeedf37df7f26103698398168eab2dc	gi|1524090508|gb|MH826392.1|	99.344	100	1.65e-152	305	95538	Streblospio benedicti	segmented worms	Streblospio benedicti
0eeedf37df7f26103698398168eab2dc	gi|2432717794|gb|OQ322710.1|	99.344	100	1.65e-152	305	95538	Streblospio benedicti	segmented worms	Streblospio benedicti
0eeedf37df7f26103698398168eab2dc	gi|1524090510|gb|MH826393.1|	99.016	100	7.66e-151	305	95538	Streblospio benedicti	segmented worms	Streblospio benedicti
4921dc2b215b8053ef20044fae09cec7	gi|515421606|gb|JX995281.1|	99.672	100	3.54e-154	305	119372	Pseudocalanus moultoni	crustaceans	Pseudocalanus moultoni
4921dc2b215b8053ef20044fae09cec7	gi|515421590|gb|JX995280.1|	99.672	100	3.54e-154	305	119372	Pseudocalanus moultoni	crustaceans	Pseudocalanus moultoni
4921dc2b215b8053ef20044fae09cec7	gi|515421578|gb|JX995278.1|	99.672	100	3.54e-154	305	119372	Pseudocalanus moultoni	crustaceans	Pseudocalanus moultoni
4921dc2b215b8053ef20044fae09cec7	gi|515421581|gb|JX995279.1|	99.344	100	1.65e-152	305	119372	Pseudocalanus moultoni	crustaceans	Pseudocalanus moultoni
4921dc2b215b8053ef20044fae09cec7	gi|515421576|gb|JX995277.1|	99.669	99	1.65e-152	302	119372	Pseudocalanus moultoni	crustaceans	Pseudocalanus moultoni
4921dc2b215b8053ef20044fae09cec7	gi|10197788|gb|AF259670.1|AF259670	99.344	100	1.65e-152	305	136925	Pseudocalanus sp. Oceanus 341	crustaceans	Pseudocalanus sp. Oceanus 341
4921dc2b215b8053ef20044fae09cec7	gi|296404804|gb|GU680119.1|	99.007	99	3.56e-149	302	119372	Pseudocalanus moultoni	crustaceans	Pseudocalanus moultoni
4921dc2b215b8053ef20044fae09cec7	gi|529950825|gb|KC287869.1|	98.621	95	7.77e-141	290	119372	Pseudocalanus moultoni	crustaceans	Pseudocalanus moultoni
4921dc2b215b8053ef20044fae09cec7	gi|12382933|gb|AF332795.1|	97.938	95	1.68e-137	291	119372	Pseudocalanus moultoni	crustaceans	Pseudocalanus moultoni
ebd776b46d2dc41408696e4e224652d4	gi|305653497|gb|HQ024171.1|	100.000	100	7.61e-156	305	880439	Ophioglycera gigantea	segmented worms	Ophioglycera gigantea
ebd776b46d2dc41408696e4e224652d4	gi|305653495|gb|HQ024170.1|	100.000	100	7.61e-156	305	880439	Ophioglycera gigantea	segmented worms	Ophioglycera gigantea
ebd776b46d2dc41408696e4e224652d4	gi|305653493|gb|HQ024169.1|	100.000	100	7.61e-156	305	880439	Ophioglycera gigantea	segmented worms	Ophioglycera gigantea
ebd776b46d2dc41408696e4e224652d4	gi|305653491|gb|HQ024168.1|	100.000	100	7.61e-156	305	880439	Ophioglycera gigantea	segmented worms	Ophioglycera gigantea
ebd776b46d2dc41408696e4e224652d4	gi|305653501|gb|HQ024173.1|	99.672	100	3.54e-154	305	880439	Ophioglycera gigantea	segmented worms	Ophioglycera gigantea
3bcd4cd79729b2b22afcd8118a8d0b8b	gi|305653501|gb|HQ024173.1|	100.000	100	7.61e-156	305	880439	Ophioglycera gigantea	segmented worms	Ophioglycera gigantea
3bcd4cd79729b2b22afcd8118a8d0b8b	gi|305653497|gb|HQ024171.1|	99.672	100	3.54e-154	305	880439	Ophioglycera gigantea	segmented worms	Ophioglycera gigantea
3bcd4cd79729b2b22afcd8118a8d0b8b	gi|305653495|gb|HQ024170.1|	99.672	100	3.54e-154	305	880439	Ophioglycera gigantea	segmented worms	Ophioglycera gigantea
3bcd4cd79729b2b22afcd8118a8d0b8b	gi|305653493|gb|HQ024169.1|	99.672	100	3.54e-154	305	880439	Ophioglycera gigantea	segmented worms	Ophioglycera gigantea
3bcd4cd79729b2b22afcd8118a8d0b8b	gi|305653491|gb|HQ024168.1|	99.672	100	3.54e-154	305	880439	Ophioglycera gigantea	segmented worms	Ophioglycera gigantea
d13bd86e2b42621fa7ee488a21a73637	gi|564734697|gb|KF643818.1|	98.689	100	3.56e-149	305	61334	Nucula proxima	bivalves	Nucula proxima
88402a200ca951404bdcb001664d49f6	gi|564734697|gb|KF643818.1|	99.344	100	1.65e-152	305	61334	Nucula proxima	bivalves	Nucula proxima
94a2cce1753fff356c4f70e34bf1e4bf	gi|564734697|gb|KF643818.1|	99.016	100	7.66e-151	305	61334	Nucula proxima	bivalves	Nucula proxima
d0bf46f31c02c3b3145b9dd75e05560b	gi|529950829|gb|KC287871.1|	100.000	100	7.61e-156	305	119373	Pseudocalanus newmani	crustaceans	Pseudocalanus newmani
d0bf46f31c02c3b3145b9dd75e05560b	gi|12382935|gb|AF332796.1|	99.667	98	2.13e-151	300	119373	Pseudocalanus newmani	crustaceans	Pseudocalanus newmani
d0bf46f31c02c3b3145b9dd75e05560b	gi|408830937|gb|JX502997.1|	99.016	100	7.66e-151	305	119373	Pseudocalanus newmani	crustaceans	Pseudocalanus newmani
d0bf46f31c02c3b3145b9dd75e05560b	gi|529950833|gb|KC287873.1|	98.339	99	2.77e-145	301	119373	Pseudocalanus newmani	crustaceans	Pseudocalanus newmani
d0bf46f31c02c3b3145b9dd75e05560b	gi|1025736455|gb|KU141693.1|	99.652	94	3.59e-144	287	119373	Pseudocalanus newmani	crustaceans	Pseudocalanus newmani
d0bf46f31c02c3b3145b9dd75e05560b	gi|1025736571|gb|KU141751.1|	99.303	94	1.67e-142	287	119373	Pseudocalanus newmani	crustaceans	Pseudocalanus newmani
d0bf46f31c02c3b3145b9dd75e05560b	gi|1025736481|gb|KU141706.1|	99.303	94	1.67e-142	287	119373	Pseudocalanus newmani	crustaceans	Pseudocalanus newmani
d0bf46f31c02c3b3145b9dd75e05560b	gi|1025736457|gb|KU141694.1|	99.303	94	1.67e-142	287	119373	Pseudocalanus newmani	crustaceans	Pseudocalanus newmani
d0bf46f31c02c3b3145b9dd75e05560b	gi|1025736453|gb|KU141692.1|	99.303	94	1.67e-142	287	119373	Pseudocalanus newmani	crustaceans	Pseudocalanus newmani
d0bf46f31c02c3b3145b9dd75e05560b	gi|1025736297|gb|KU141614.1|	99.303	94	1.67e-142	287	119373	Pseudocalanus newmani	crustaceans	Pseudocalanus newmani
314585cf088e907aab6b52c100db4482	gi|1491735785|gb|MG010649.1|	99.672	100	3.54e-154	305	94630	Semibalanus balanoides	crustaceans	northern acorn barnacle
314585cf088e907aab6b52c100db4482	gi|1491735771|gb|MG010648.1|	99.672	100	3.54e-154	305	94630	Semibalanus balanoides	crustaceans	northern acorn barnacle
314585cf088e907aab6b52c100db4482	gi|1495352188|gb|MG312228.1|	99.672	100	3.54e-154	305	94630	Semibalanus balanoides	crustaceans	northern acorn barnacle
314585cf088e907aab6b52c100db4482	gi|1495346846|gb|MG310557.1|	99.672	100	3.54e-154	305	94630	Semibalanus balanoides	crustaceans	northern acorn barnacle
314585cf088e907aab6b52c100db4482	gi|1430074787|gb|MG934971.1|	99.672	100	3.54e-154	305	94630	Semibalanus balanoides	crustaceans	northern acorn barnacle
314585cf088e907aab6b52c100db4482	gi|323121385|gb|HQ987370.1|	99.672	100	3.54e-154	305	94630	Semibalanus balanoides	crustaceans	northern acorn barnacle
314585cf088e907aab6b52c100db4482	gi|301043412|gb|HM425369.1|	99.672	100	3.54e-154	305	94630	Semibalanus balanoides	crustaceans	northern acorn barnacle
314585cf088e907aab6b52c100db4482	gi|7407627|gb|AF242724.1|	99.672	100	3.54e-154	305	94630	Semibalanus balanoides	crustaceans	northern acorn barnacle
314585cf088e907aab6b52c100db4482	gi|7407559|gb|AF242690.1|	99.672	100	3.54e-154	305	94630	Semibalanus balanoides	crustaceans	northern acorn barnacle
314585cf088e907aab6b52c100db4482	gi|7407541|gb|AF242681.1|	99.672	100	3.54e-154	305	94630	Semibalanus balanoides	crustaceans	northern acorn barnacle
5a592153c3390ed925a6bfc16026b72a	gi|936253582|gb|KT209092.1|	100.000	100	7.61e-156	305	94630	Semibalanus balanoides	crustaceans	northern acorn barnacle
5a592153c3390ed925a6bfc16026b72a	gi|936252436|gb|KT208519.1|	100.000	100	7.61e-156	305	94630	Semibalanus balanoides	crustaceans	northern acorn barnacle
5a592153c3390ed925a6bfc16026b72a	gi|936252362|gb|KT208482.1|	100.000	100	7.61e-156	305	94630	Semibalanus balanoides	crustaceans	northern acorn barnacle
5a592153c3390ed925a6bfc16026b72a	gi|936252240|gb|KT208421.1|	100.000	100	7.61e-156	305	94630	Semibalanus balanoides	crustaceans	northern acorn barnacle
5a592153c3390ed925a6bfc16026b72a	gi|323121383|gb|HQ987369.1|	100.000	100	7.61e-156	305	94630	Semibalanus balanoides	crustaceans	northern acorn barnacle
5a592153c3390ed925a6bfc16026b72a	gi|7407629|gb|AF242725.1|	100.000	100	7.61e-156	305	94630	Semibalanus balanoides	crustaceans	northern acorn barnacle
5a592153c3390ed925a6bfc16026b72a	gi|7407621|gb|AF242721.1|	100.000	100	7.61e-156	305	94630	Semibalanus balanoides	crustaceans	northern acorn barnacle
5a592153c3390ed925a6bfc16026b72a	gi|7407589|gb|AF242705.1|	100.000	100	7.61e-156	305	94630	Semibalanus balanoides	crustaceans	northern acorn barnacle
5a592153c3390ed925a6bfc16026b72a	gi|7407587|gb|AF242704.1|	100.000	100	7.61e-156	305	94630	Semibalanus balanoides	crustaceans	northern acorn barnacle
5a592153c3390ed925a6bfc16026b72a	gi|1491735785|gb|MG010649.1|	99.672	100	3.54e-154	305	94630	Semibalanus balanoides	crustaceans	northern acorn barnacle
cc899147af24b744ad0b4853d792288f	gi|1491735785|gb|MG010649.1|	99.672	100	3.54e-154	305	94630	Semibalanus balanoides	crustaceans	northern acorn barnacle
cc899147af24b744ad0b4853d792288f	gi|1491735771|gb|MG010648.1|	99.672	100	3.54e-154	305	94630	Semibalanus balanoides	crustaceans	northern acorn barnacle
cc899147af24b744ad0b4853d792288f	gi|1495352188|gb|MG312228.1|	99.672	100	3.54e-154	305	94630	Semibalanus balanoides	crustaceans	northern acorn barnacle
cc899147af24b744ad0b4853d792288f	gi|1495346846|gb|MG310557.1|	99.672	100	3.54e-154	305	94630	Semibalanus balanoides	crustaceans	northern acorn barnacle
cc899147af24b744ad0b4853d792288f	gi|1430074787|gb|MG934971.1|	99.672	100	3.54e-154	305	94630	Semibalanus balanoides	crustaceans	northern acorn barnacle
cc899147af24b744ad0b4853d792288f	gi|323121385|gb|HQ987370.1|	99.672	100	3.54e-154	305	94630	Semibalanus balanoides	crustaceans	northern acorn barnacle
cc899147af24b744ad0b4853d792288f	gi|301043412|gb|HM425369.1|	99.672	100	3.54e-154	305	94630	Semibalanus balanoides	crustaceans	northern acorn barnacle
cc899147af24b744ad0b4853d792288f	gi|7407627|gb|AF242724.1|	99.672	100	3.54e-154	305	94630	Semibalanus balanoides	crustaceans	northern acorn barnacle
cc899147af24b744ad0b4853d792288f	gi|7407559|gb|AF242690.1|	99.672	100	3.54e-154	305	94630	Semibalanus balanoides	crustaceans	northern acorn barnacle
cc899147af24b744ad0b4853d792288f	gi|7407541|gb|AF242681.1|	99.672	100	3.54e-154	305	94630	Semibalanus balanoides	crustaceans	northern acorn barnacle
cc881593ca92c96847c4d02600d197cd	gi|1491735785|gb|MG010649.1|	100.000	100	7.61e-156	305	94630	Semibalanus balanoides	crustaceans	northern acorn barnacle
cc881593ca92c96847c4d02600d197cd	gi|1491735771|gb|MG010648.1|	100.000	100	7.61e-156	305	94630	Semibalanus balanoides	crustaceans	northern acorn barnacle
cc881593ca92c96847c4d02600d197cd	gi|1495352188|gb|MG312228.1|	100.000	100	7.61e-156	305	94630	Semibalanus balanoides	crustaceans	northern acorn barnacle
cc881593ca92c96847c4d02600d197cd	gi|1495346846|gb|MG310557.1|	100.000	100	7.61e-156	305	94630	Semibalanus balanoides	crustaceans	northern acorn barnacle
cc881593ca92c96847c4d02600d197cd	gi|1430074787|gb|MG934971.1|	100.000	100	7.61e-156	305	94630	Semibalanus balanoides	crustaceans	northern acorn barnacle
cc881593ca92c96847c4d02600d197cd	gi|323121385|gb|HQ987370.1|	100.000	100	7.61e-156	305	94630	Semibalanus balanoides	crustaceans	northern acorn barnacle
cc881593ca92c96847c4d02600d197cd	gi|301043412|gb|HM425369.1|	100.000	100	7.61e-156	305	94630	Semibalanus balanoides	crustaceans	northern acorn barnacle
cc881593ca92c96847c4d02600d197cd	gi|7407627|gb|AF242724.1|	100.000	100	7.61e-156	305	94630	Semibalanus balanoides	crustaceans	northern acorn barnacle
cc881593ca92c96847c4d02600d197cd	gi|7407559|gb|AF242690.1|	100.000	100	7.61e-156	305	94630	Semibalanus balanoides	crustaceans	northern acorn barnacle
cc881593ca92c96847c4d02600d197cd	gi|7407541|gb|AF242681.1|	100.000	100	7.61e-156	305	94630	Semibalanus balanoides	crustaceans	northern acorn barnacle
23e3328164ce2cad29b6676b6644ca0c	gi|1491735785|gb|MG010649.1|	99.672	100	3.54e-154	305	94630	Semibalanus balanoides	crustaceans	northern acorn barnacle
23e3328164ce2cad29b6676b6644ca0c	gi|1491735771|gb|MG010648.1|	99.672	100	3.54e-154	305	94630	Semibalanus balanoides	crustaceans	northern acorn barnacle
23e3328164ce2cad29b6676b6644ca0c	gi|1495352188|gb|MG312228.1|	99.672	100	3.54e-154	305	94630	Semibalanus balanoides	crustaceans	northern acorn barnacle
23e3328164ce2cad29b6676b6644ca0c	gi|1495346846|gb|MG310557.1|	99.672	100	3.54e-154	305	94630	Semibalanus balanoides	crustaceans	northern acorn barnacle
23e3328164ce2cad29b6676b6644ca0c	gi|1430074787|gb|MG934971.1|	99.672	100	3.54e-154	305	94630	Semibalanus balanoides	crustaceans	northern acorn barnacle
23e3328164ce2cad29b6676b6644ca0c	gi|323121385|gb|HQ987370.1|	99.672	100	3.54e-154	305	94630	Semibalanus balanoides	crustaceans	northern acorn barnacle
23e3328164ce2cad29b6676b6644ca0c	gi|301043412|gb|HM425369.1|	99.672	100	3.54e-154	305	94630	Semibalanus balanoides	crustaceans	northern acorn barnacle
23e3328164ce2cad29b6676b6644ca0c	gi|7407627|gb|AF242724.1|	99.672	100	3.54e-154	305	94630	Semibalanus balanoides	crustaceans	northern acorn barnacle
23e3328164ce2cad29b6676b6644ca0c	gi|7407559|gb|AF242690.1|	99.672	100	3.54e-154	305	94630	Semibalanus balanoides	crustaceans	northern acorn barnacle
23e3328164ce2cad29b6676b6644ca0c	gi|7407541|gb|AF242681.1|	99.672	100	3.54e-154	305	94630	Semibalanus balanoides	crustaceans	northern acorn barnacle
0b57af86db8d704713df000022b39617	gi|1491735785|gb|MG010649.1|	99.672	100	3.54e-154	305	94630	Semibalanus balanoides	crustaceans	northern acorn barnacle
0b57af86db8d704713df000022b39617	gi|1491735771|gb|MG010648.1|	99.672	100	3.54e-154	305	94630	Semibalanus balanoides	crustaceans	northern acorn barnacle
0b57af86db8d704713df000022b39617	gi|1495352188|gb|MG312228.1|	99.672	100	3.54e-154	305	94630	Semibalanus balanoides	crustaceans	northern acorn barnacle
0b57af86db8d704713df000022b39617	gi|1495346846|gb|MG310557.1|	99.672	100	3.54e-154	305	94630	Semibalanus balanoides	crustaceans	northern acorn barnacle
0b57af86db8d704713df000022b39617	gi|1430074787|gb|MG934971.1|	99.672	100	3.54e-154	305	94630	Semibalanus balanoides	crustaceans	northern acorn barnacle
0b57af86db8d704713df000022b39617	gi|323121385|gb|HQ987370.1|	99.672	100	3.54e-154	305	94630	Semibalanus balanoides	crustaceans	northern acorn barnacle
0b57af86db8d704713df000022b39617	gi|301043412|gb|HM425369.1|	99.672	100	3.54e-154	305	94630	Semibalanus balanoides	crustaceans	northern acorn barnacle
0b57af86db8d704713df000022b39617	gi|7407627|gb|AF242724.1|	99.672	100	3.54e-154	305	94630	Semibalanus balanoides	crustaceans	northern acorn barnacle
0b57af86db8d704713df000022b39617	gi|7407559|gb|AF242690.1|	99.672	100	3.54e-154	305	94630	Semibalanus balanoides	crustaceans	northern acorn barnacle
0b57af86db8d704713df000022b39617	gi|7407541|gb|AF242681.1|	99.672	100	3.54e-154	305	94630	Semibalanus balanoides	crustaceans	northern acorn barnacle
730364ed4ba97247d52cff3add23a1c6	gi|1502970628|gb|MG317213.1|	100.000	100	7.61e-156	305	94630	Semibalanus balanoides	crustaceans	northern acorn barnacle
730364ed4ba97247d52cff3add23a1c6	gi|1497447994|gb|MG313628.1|	100.000	100	7.61e-156	305	94630	Semibalanus balanoides	crustaceans	northern acorn barnacle
730364ed4ba97247d52cff3add23a1c6	gi|1511250860|ref|NC_039849.1|	100.000	100	7.61e-156	305	94630	Semibalanus balanoides	crustaceans	northern acorn barnacle
730364ed4ba97247d52cff3add23a1c6	gi|1495348204|gb|MG311236.1|	100.000	100	7.61e-156	305	94630	Semibalanus balanoides	crustaceans	northern acorn barnacle
730364ed4ba97247d52cff3add23a1c6	gi|299027519|gb|HM380176.1|	100.000	100	7.61e-156	305	94630	Semibalanus balanoides	crustaceans	northern acorn barnacle
730364ed4ba97247d52cff3add23a1c6	gi|226838117|gb|FJ845815.1|	100.000	100	7.61e-156	305	94630	Semibalanus balanoides	crustaceans	northern acorn barnacle
730364ed4ba97247d52cff3add23a1c6	gi|7407613|gb|AF242717.1|	100.000	100	7.61e-156	305	94630	Semibalanus balanoides	crustaceans	northern acorn barnacle
730364ed4ba97247d52cff3add23a1c6	gi|7407601|gb|AF242711.1|	100.000	100	7.61e-156	305	94630	Semibalanus balanoides	crustaceans	northern acorn barnacle
730364ed4ba97247d52cff3add23a1c6	gi|7407555|gb|AF242688.1|	100.000	100	7.61e-156	305	94630	Semibalanus balanoides	crustaceans	northern acorn barnacle
730364ed4ba97247d52cff3add23a1c6	gi|7407499|gb|AF242660.1|	100.000	100	7.61e-156	305	94630	Semibalanus balanoides	crustaceans	northern acorn barnacle
8a2715425e38d4ee9cdf625343617862	gi|1877093517|gb|MT736548.1|	99.344	100	1.65e-152	305	164412	Balanus crenatus	crustaceans	Balanus crenatus
8a2715425e38d4ee9cdf625343617862	gi|1877093507|gb|MT736543.1|	99.016	100	7.66e-151	305	164412	Balanus crenatus	crustaceans	Balanus crenatus
8a2715425e38d4ee9cdf625343617862	gi|1877093373|gb|MT736476.1|	99.016	100	7.66e-151	305	164412	Balanus crenatus	crustaceans	Balanus crenatus
8a2715425e38d4ee9cdf625343617862	gi|2868138280|gb|PQ739635.1|	98.689	100	3.56e-149	305	164412	Balanus crenatus	crustaceans	Balanus crenatus
8a2715425e38d4ee9cdf625343617862	gi|1430075265|gb|MG935129.1|	98.689	100	3.56e-149	305	164412;172567;1220549	Amphibalanus improvisus	crustaceans	Amphibalanus improvisus
8a2715425e38d4ee9cdf625343617862	gi|1877093519|gb|MT736549.1|	98.689	100	3.56e-149	305	164412	Balanus crenatus	crustaceans	Balanus crenatus
8a2715425e38d4ee9cdf625343617862	gi|1877093513|gb|MT736546.1|	98.689	100	3.56e-149	305	164412	Balanus crenatus	crustaceans	Balanus crenatus
8a2715425e38d4ee9cdf625343617862	gi|1877093505|gb|MT736542.1|	98.689	100	3.56e-149	305	164412	Balanus crenatus	crustaceans	Balanus crenatus
8a2715425e38d4ee9cdf625343617862	gi|1877093503|gb|MT736541.1|	98.689	100	3.56e-149	305	164412	Balanus crenatus	crustaceans	Balanus crenatus
8a2715425e38d4ee9cdf625343617862	gi|1877093399|gb|MT736489.1|	98.689	100	3.56e-149	305	164412	Balanus crenatus	crustaceans	Balanus crenatus
861e64cf13b45344d6b6e60ff8397972	gi|1877093507|gb|MT736543.1|	100.000	100	7.61e-156	305	164412	Balanus crenatus	crustaceans	Balanus crenatus
861e64cf13b45344d6b6e60ff8397972	gi|2868138280|gb|PQ739635.1|	99.672	100	3.54e-154	305	164412	Balanus crenatus	crustaceans	Balanus crenatus
861e64cf13b45344d6b6e60ff8397972	gi|1430075265|gb|MG935129.1|	99.672	100	3.54e-154	305	164412;172567;1220549	Amphibalanus improvisus	crustaceans	Amphibalanus improvisus
861e64cf13b45344d6b6e60ff8397972	gi|1877093519|gb|MT736549.1|	99.672	100	3.54e-154	305	164412	Balanus crenatus	crustaceans	Balanus crenatus
861e64cf13b45344d6b6e60ff8397972	gi|1877093513|gb|MT736546.1|	99.672	100	3.54e-154	305	164412	Balanus crenatus	crustaceans	Balanus crenatus
861e64cf13b45344d6b6e60ff8397972	gi|1877093505|gb|MT736542.1|	99.672	100	3.54e-154	305	164412	Balanus crenatus	crustaceans	Balanus crenatus
861e64cf13b45344d6b6e60ff8397972	gi|1877093325|gb|MT736452.1|	99.672	100	3.54e-154	305	164412	Balanus crenatus	crustaceans	Balanus crenatus
861e64cf13b45344d6b6e60ff8397972	gi|1877093315|gb|MT736447.1|	99.672	100	3.54e-154	305	164412	Balanus crenatus	crustaceans	Balanus crenatus
861e64cf13b45344d6b6e60ff8397972	gi|936254464|gb|KT209533.1|	99.344	100	1.27e-153	305	172567	Balanus balanus	crustaceans	Balanus balanus
861e64cf13b45344d6b6e60ff8397972	gi|1495352454|gb|MG312361.1|	99.344	100	4.58e-153	305	172567	Balanus balanus	crustaceans	Balanus balanus
d6b856a6d00e287f894e8fd3808907d2	gi|1877093507|gb|MT736543.1|	99.672	100	3.54e-154	305	164412	Balanus crenatus	crustaceans	Balanus crenatus
d6b856a6d00e287f894e8fd3808907d2	gi|2868138280|gb|PQ739635.1|	99.344	100	1.65e-152	305	164412	Balanus crenatus	crustaceans	Balanus crenatus
d6b856a6d00e287f894e8fd3808907d2	gi|1430075265|gb|MG935129.1|	99.344	100	1.65e-152	305	164412;172567;1220549	Amphibalanus improvisus	crustaceans	Amphibalanus improvisus
d6b856a6d00e287f894e8fd3808907d2	gi|1877093519|gb|MT736549.1|	99.344	100	1.65e-152	305	164412	Balanus crenatus	crustaceans	Balanus crenatus
d6b856a6d00e287f894e8fd3808907d2	gi|1877093513|gb|MT736546.1|	99.344	100	1.65e-152	305	164412	Balanus crenatus	crustaceans	Balanus crenatus
d6b856a6d00e287f894e8fd3808907d2	gi|1877093505|gb|MT736542.1|	99.344	100	1.65e-152	305	164412	Balanus crenatus	crustaceans	Balanus crenatus
d6b856a6d00e287f894e8fd3808907d2	gi|1877093325|gb|MT736452.1|	99.344	100	1.65e-152	305	164412	Balanus crenatus	crustaceans	Balanus crenatus
d6b856a6d00e287f894e8fd3808907d2	gi|1877093315|gb|MT736447.1|	99.344	100	1.65e-152	305	164412	Balanus crenatus	crustaceans	Balanus crenatus
d6b856a6d00e287f894e8fd3808907d2	gi|936254464|gb|KT209533.1|	99.016	100	5.92e-152	305	172567	Balanus balanus	crustaceans	Balanus balanus
d6b856a6d00e287f894e8fd3808907d2	gi|1495352454|gb|MG312361.1|	99.016	100	2.13e-151	305	172567	Balanus balanus	crustaceans	Balanus balanus
2e85ecf4444d9a874aac61ebc6e49f27	gi|1877093507|gb|MT736543.1|	99.672	100	3.54e-154	305	164412	Balanus crenatus	crustaceans	Balanus crenatus
2e85ecf4444d9a874aac61ebc6e49f27	gi|2868138280|gb|PQ739635.1|	99.344	100	1.65e-152	305	164412	Balanus crenatus	crustaceans	Balanus crenatus
2e85ecf4444d9a874aac61ebc6e49f27	gi|1430075265|gb|MG935129.1|	99.344	100	1.65e-152	305	164412;172567;1220549	Amphibalanus improvisus	crustaceans	Amphibalanus improvisus
2e85ecf4444d9a874aac61ebc6e49f27	gi|1877093519|gb|MT736549.1|	99.344	100	1.65e-152	305	164412	Balanus crenatus	crustaceans	Balanus crenatus
2e85ecf4444d9a874aac61ebc6e49f27	gi|1877093513|gb|MT736546.1|	99.344	100	1.65e-152	305	164412	Balanus crenatus	crustaceans	Balanus crenatus
2e85ecf4444d9a874aac61ebc6e49f27	gi|1877093505|gb|MT736542.1|	99.344	100	1.65e-152	305	164412	Balanus crenatus	crustaceans	Balanus crenatus
2e85ecf4444d9a874aac61ebc6e49f27	gi|1877093325|gb|MT736452.1|	99.344	100	1.65e-152	305	164412	Balanus crenatus	crustaceans	Balanus crenatus
2e85ecf4444d9a874aac61ebc6e49f27	gi|1877093315|gb|MT736447.1|	99.344	100	1.65e-152	305	164412	Balanus crenatus	crustaceans	Balanus crenatus
2e85ecf4444d9a874aac61ebc6e49f27	gi|936254464|gb|KT209533.1|	99.016	100	5.92e-152	305	172567	Balanus balanus	crustaceans	Balanus balanus
2e85ecf4444d9a874aac61ebc6e49f27	gi|1495352454|gb|MG312361.1|	99.016	100	2.13e-151	305	172567	Balanus balanus	crustaceans	Balanus balanus
5bfbd8edcfb16bfe2bfd6cd2ac06034a	gi|1502971929|gb|MG317795.1|	99.672	100	3.54e-154	305	2451577	Balanus sp. HLC-26164	crustaceans	Balanus sp. HLC-26164
5bfbd8edcfb16bfe2bfd6cd2ac06034a	gi|1502969725|gb|MG316795.1|	99.672	100	3.54e-154	305	172567	Balanus balanus	crustaceans	Balanus balanus
5bfbd8edcfb16bfe2bfd6cd2ac06034a	gi|1497448130|gb|MG313696.1|	99.672	100	3.54e-154	305	172567	Balanus balanus	crustaceans	Balanus balanus
5bfbd8edcfb16bfe2bfd6cd2ac06034a	gi|1877093539|gb|MT736559.1|	99.672	100	3.54e-154	305	164412	Balanus crenatus	crustaceans	Balanus crenatus
5bfbd8edcfb16bfe2bfd6cd2ac06034a	gi|1877093533|gb|MT736556.1|	99.672	100	3.54e-154	305	164412	Balanus crenatus	crustaceans	Balanus crenatus
5bfbd8edcfb16bfe2bfd6cd2ac06034a	gi|1877093531|gb|MT736555.1|	99.672	100	3.54e-154	305	164412	Balanus crenatus	crustaceans	Balanus crenatus
5bfbd8edcfb16bfe2bfd6cd2ac06034a	gi|1877093529|gb|MT736554.1|	99.672	100	3.54e-154	305	164412	Balanus crenatus	crustaceans	Balanus crenatus
5bfbd8edcfb16bfe2bfd6cd2ac06034a	gi|1877093515|gb|MT736547.1|	99.672	100	3.54e-154	305	164412	Balanus crenatus	crustaceans	Balanus crenatus
5bfbd8edcfb16bfe2bfd6cd2ac06034a	gi|1877093425|gb|MT736502.1|	99.672	100	3.54e-154	305	164412	Balanus crenatus	crustaceans	Balanus crenatus
5bfbd8edcfb16bfe2bfd6cd2ac06034a	gi|321487661|gb|HQ970908.1|	99.672	100	3.54e-154	305	172567	Balanus balanus	crustaceans	Balanus balanus
5bdc2f6279016b1dc7f5fa283aa060e2	gi|1495352940|gb|MG312604.1|	100.000	100	7.61e-156	305	2451562	Balanus sp. HLC-26165	crustaceans	Balanus sp. HLC-26165
5bdc2f6279016b1dc7f5fa283aa060e2	gi|1430075866|gb|MG935325.1|	100.000	100	7.61e-156	305	164412	Balanus crenatus	crustaceans	Balanus crenatus
5bdc2f6279016b1dc7f5fa283aa060e2	gi|936253294|gb|KT208948.1|	100.000	100	7.61e-156	305	172567	Balanus balanus	crustaceans	Balanus balanus
5bdc2f6279016b1dc7f5fa283aa060e2	gi|936252562|gb|KT208582.1|	100.000	100	7.61e-156	305	172567	Balanus balanus	crustaceans	Balanus balanus
5bdc2f6279016b1dc7f5fa283aa060e2	gi|936252512|gb|KT208557.1|	100.000	100	7.61e-156	305	172567	Balanus balanus	crustaceans	Balanus balanus
5bdc2f6279016b1dc7f5fa283aa060e2	gi|936252338|gb|KT208470.1|	100.000	100	7.61e-156	305	172567	Balanus balanus	crustaceans	Balanus balanus
5bdc2f6279016b1dc7f5fa283aa060e2	gi|1877093431|gb|MT736505.1|	100.000	100	7.61e-156	305	164412	Balanus crenatus	crustaceans	Balanus crenatus
5bdc2f6279016b1dc7f5fa283aa060e2	gi|2868138280|gb|PQ739635.1|	99.672	100	3.54e-154	305	164412	Balanus crenatus	crustaceans	Balanus crenatus
5bdc2f6279016b1dc7f5fa283aa060e2	gi|1502971929|gb|MG317795.1|	99.672	100	3.54e-154	305	2451577	Balanus sp. HLC-26164	crustaceans	Balanus sp. HLC-26164
5bdc2f6279016b1dc7f5fa283aa060e2	gi|1502969725|gb|MG316795.1|	99.672	100	3.54e-154	305	172567	Balanus balanus	crustaceans	Balanus balanus
ddc4ff01f6dae3b85e446a9f41e81d80	gi|1502971929|gb|MG317795.1|	99.672	100	3.54e-154	305	2451577	Balanus sp. HLC-26164	crustaceans	Balanus sp. HLC-26164
ddc4ff01f6dae3b85e446a9f41e81d80	gi|1502969725|gb|MG316795.1|	99.672	100	3.54e-154	305	172567	Balanus balanus	crustaceans	Balanus balanus
ddc4ff01f6dae3b85e446a9f41e81d80	gi|1497448130|gb|MG313696.1|	99.672	100	3.54e-154	305	172567	Balanus balanus	crustaceans	Balanus balanus
ddc4ff01f6dae3b85e446a9f41e81d80	gi|1877093539|gb|MT736559.1|	99.672	100	3.54e-154	305	164412	Balanus crenatus	crustaceans	Balanus crenatus
ddc4ff01f6dae3b85e446a9f41e81d80	gi|1877093533|gb|MT736556.1|	99.672	100	3.54e-154	305	164412	Balanus crenatus	crustaceans	Balanus crenatus
ddc4ff01f6dae3b85e446a9f41e81d80	gi|1877093531|gb|MT736555.1|	99.672	100	3.54e-154	305	164412	Balanus crenatus	crustaceans	Balanus crenatus
ddc4ff01f6dae3b85e446a9f41e81d80	gi|1877093529|gb|MT736554.1|	99.672	100	3.54e-154	305	164412	Balanus crenatus	crustaceans	Balanus crenatus
ddc4ff01f6dae3b85e446a9f41e81d80	gi|1877093515|gb|MT736547.1|	99.672	100	3.54e-154	305	164412	Balanus crenatus	crustaceans	Balanus crenatus
ddc4ff01f6dae3b85e446a9f41e81d80	gi|1877093465|gb|MT736522.1|	99.672	100	3.54e-154	305	164412	Balanus crenatus	crustaceans	Balanus crenatus
ddc4ff01f6dae3b85e446a9f41e81d80	gi|1877093425|gb|MT736502.1|	99.672	100	3.54e-154	305	164412	Balanus crenatus	crustaceans	Balanus crenatus
518c06f2901702c6ea36f928186c377f	gi|1502971929|gb|MG317795.1|	100.000	100	7.61e-156	305	2451577	Balanus sp. HLC-26164	crustaceans	Balanus sp. HLC-26164
518c06f2901702c6ea36f928186c377f	gi|1502969725|gb|MG316795.1|	100.000	100	7.61e-156	305	172567	Balanus balanus	crustaceans	Balanus balanus
518c06f2901702c6ea36f928186c377f	gi|1497448130|gb|MG313696.1|	100.000	100	7.61e-156	305	172567	Balanus balanus	crustaceans	Balanus balanus
518c06f2901702c6ea36f928186c377f	gi|1877093539|gb|MT736559.1|	100.000	100	7.61e-156	305	164412	Balanus crenatus	crustaceans	Balanus crenatus
518c06f2901702c6ea36f928186c377f	gi|1877093533|gb|MT736556.1|	100.000	100	7.61e-156	305	164412	Balanus crenatus	crustaceans	Balanus crenatus
518c06f2901702c6ea36f928186c377f	gi|1877093531|gb|MT736555.1|	100.000	100	7.61e-156	305	164412	Balanus crenatus	crustaceans	Balanus crenatus
518c06f2901702c6ea36f928186c377f	gi|1877093529|gb|MT736554.1|	100.000	100	7.61e-156	305	164412	Balanus crenatus	crustaceans	Balanus crenatus
518c06f2901702c6ea36f928186c377f	gi|1877093515|gb|MT736547.1|	100.000	100	7.61e-156	305	164412	Balanus crenatus	crustaceans	Balanus crenatus
518c06f2901702c6ea36f928186c377f	gi|1877093425|gb|MT736502.1|	100.000	100	7.61e-156	305	164412	Balanus crenatus	crustaceans	Balanus crenatus
518c06f2901702c6ea36f928186c377f	gi|321487661|gb|HQ970908.1|	100.000	100	7.61e-156	305	172567	Balanus balanus	crustaceans	Balanus balanus
05825bea67b0eb49a1df461db6ef9846	gi|321487645|gb|HQ970900.1|	100.000	100	7.61e-156	305	172567	Balanus balanus	crustaceans	Balanus balanus
05825bea67b0eb49a1df461db6ef9846	gi|1502971929|gb|MG317795.1|	99.672	100	3.54e-154	305	2451577	Balanus sp. HLC-26164	crustaceans	Balanus sp. HLC-26164
05825bea67b0eb49a1df461db6ef9846	gi|1502969725|gb|MG316795.1|	99.672	100	3.54e-154	305	172567	Balanus balanus	crustaceans	Balanus balanus
05825bea67b0eb49a1df461db6ef9846	gi|1497448130|gb|MG313696.1|	99.672	100	3.54e-154	305	172567	Balanus balanus	crustaceans	Balanus balanus
05825bea67b0eb49a1df461db6ef9846	gi|1877093539|gb|MT736559.1|	99.672	100	3.54e-154	305	164412	Balanus crenatus	crustaceans	Balanus crenatus
05825bea67b0eb49a1df461db6ef9846	gi|1877093533|gb|MT736556.1|	99.672	100	3.54e-154	305	164412	Balanus crenatus	crustaceans	Balanus crenatus
05825bea67b0eb49a1df461db6ef9846	gi|1877093531|gb|MT736555.1|	99.672	100	3.54e-154	305	164412	Balanus crenatus	crustaceans	Balanus crenatus
05825bea67b0eb49a1df461db6ef9846	gi|1877093529|gb|MT736554.1|	99.672	100	3.54e-154	305	164412	Balanus crenatus	crustaceans	Balanus crenatus
05825bea67b0eb49a1df461db6ef9846	gi|1877093515|gb|MT736547.1|	99.672	100	3.54e-154	305	164412	Balanus crenatus	crustaceans	Balanus crenatus
05825bea67b0eb49a1df461db6ef9846	gi|1877093425|gb|MT736502.1|	99.672	100	3.54e-154	305	164412	Balanus crenatus	crustaceans	Balanus crenatus
12ebfffcf2c6a64001c84fa1841e728e	gi|2868138280|gb|PQ739635.1|	100.000	100	7.61e-156	305	164412	Balanus crenatus	crustaceans	Balanus crenatus
12ebfffcf2c6a64001c84fa1841e728e	gi|1430075265|gb|MG935129.1|	100.000	100	7.61e-156	305	164412;172567;1220549	Amphibalanus improvisus	crustaceans	Amphibalanus improvisus
12ebfffcf2c6a64001c84fa1841e728e	gi|1877093325|gb|MT736452.1|	100.000	100	7.61e-156	305	164412	Balanus crenatus	crustaceans	Balanus crenatus
12ebfffcf2c6a64001c84fa1841e728e	gi|1495352454|gb|MG312361.1|	99.672	100	9.84e-155	305	172567	Balanus balanus	crustaceans	Balanus balanus
12ebfffcf2c6a64001c84fa1841e728e	gi|1495352940|gb|MG312604.1|	99.672	100	3.54e-154	305	2451562	Balanus sp. HLC-26165	crustaceans	Balanus sp. HLC-26165
12ebfffcf2c6a64001c84fa1841e728e	gi|1430075866|gb|MG935325.1|	99.672	100	3.54e-154	305	164412	Balanus crenatus	crustaceans	Balanus crenatus
12ebfffcf2c6a64001c84fa1841e728e	gi|936253294|gb|KT208948.1|	99.672	100	3.54e-154	305	172567	Balanus balanus	crustaceans	Balanus balanus
12ebfffcf2c6a64001c84fa1841e728e	gi|936252562|gb|KT208582.1|	99.672	100	3.54e-154	305	172567	Balanus balanus	crustaceans	Balanus balanus
12ebfffcf2c6a64001c84fa1841e728e	gi|936252512|gb|KT208557.1|	99.672	100	3.54e-154	305	172567	Balanus balanus	crustaceans	Balanus balanus
12ebfffcf2c6a64001c84fa1841e728e	gi|936252338|gb|KT208470.1|	99.672	100	3.54e-154	305	172567	Balanus balanus	crustaceans	Balanus balanus
f4105417f30cb0a9e22c04b8dbf3d2e4	gi|1275456949|gb|MG270106.1|	91.803	100	3.74e-114	305	194193	Anobothrus gracilis	segmented worms	Anobothrus gracilis
f4105417f30cb0a9e22c04b8dbf3d2e4	gi|472833174|gb|JX423739.1|	91.475	100	1.74e-112	305	194193	Anobothrus gracilis	segmented worms	Anobothrus gracilis
bd84c6eb223bd49ddb90c42b29726921	gi|564734697|gb|KF643818.1|	98.689	100	3.56e-149	305	61334	Nucula proxima	bivalves	Nucula proxima
9aaba901adb595771377263f12529700	gi|564734697|gb|KF643818.1|	98.361	100	1.66e-147	305	61334	Nucula proxima	bivalves	Nucula proxima
b652e037c9cc69e06ef3ce2f17b9a251	gi|564734697|gb|KF643818.1|	99.016	100	7.66e-151	305	61334	Nucula proxima	bivalves	Nucula proxima
6e81961aa4f9987cc1de9f398f522caa	gi|564734697|gb|KF643818.1|	98.689	100	3.56e-149	305	61334	Nucula proxima	bivalves	Nucula proxima
3b175f81c393bc59f807e6150c980fb5	gi|564734697|gb|KF643818.1|	99.344	100	1.65e-152	305	61334	Nucula proxima	bivalves	Nucula proxima
11421a93e867a203057ab75c753d287c	gi|564734697|gb|KF643818.1|	99.016	100	7.66e-151	305	61334	Nucula proxima	bivalves	Nucula proxima
1c66fcb798002cbc02237d22e1b345eb	gi|564734697|gb|KF643818.1|	99.672	100	3.54e-154	305	61334	Nucula proxima	bivalves	Nucula proxima
fa6d7bbdfee93100fe4b82ca886cc03e	gi|564734697|gb|KF643818.1|	99.672	100	3.54e-154	305	61334	Nucula proxima	bivalves	Nucula proxima
dc20bbec64a45bb4716a74b666ebaefa	gi|564734697|gb|KF643818.1|	99.016	100	7.66e-151	305	61334	Nucula proxima	bivalves	Nucula proxima
9c6d1ccb097812f482cf94a93641ca12	gi|564734697|gb|KF643818.1|	99.344	100	1.65e-152	305	61334	Nucula proxima	bivalves	Nucula proxima
c8243820f0df484dcb4959c394c65fcc	gi|564734697|gb|KF643818.1|	98.689	100	3.56e-149	305	61334	Nucula proxima	bivalves	Nucula proxima
aa6350b5f1f96fd9a90425eb59eb1c5c	gi|564734697|gb|KF643818.1|	99.016	100	7.66e-151	305	61334	Nucula proxima	bivalves	Nucula proxima
9d321119f94a653fb37232f3e4c15495	gi|564734697|gb|KF643818.1|	100.000	100	7.61e-156	305	61334	Nucula proxima	bivalves	Nucula proxima
9ce11a5a7edf7853c67123200ceaede8	gi|564734697|gb|KF643818.1|	99.672	100	3.54e-154	305	61334	Nucula proxima	bivalves	Nucula proxima
c2154efa4a8c06970401f987712515ea	gi|564734697|gb|KF643818.1|	99.672	100	3.54e-154	305	61334	Nucula proxima	bivalves	Nucula proxima
6d56ea9df43ec87bbed2c458ac254380	gi|564734697|gb|KF643818.1|	99.344	100	1.65e-152	305	61334	Nucula proxima	bivalves	Nucula proxima
14b91879f3342d9c21bed7e7e086142a	gi|564734697|gb|KF643818.1|	99.344	100	1.65e-152	305	61334	Nucula proxima	bivalves	Nucula proxima
ab1e410770d88af6d1d525353b6a0ec4	gi|564734697|gb|KF643818.1|	98.361	100	1.66e-147	305	61334	Nucula proxima	bivalves	Nucula proxima
e954bc4867b3fed07d7a7833975ea4f5	gi|564734697|gb|KF643818.1|	99.672	100	3.54e-154	305	61334	Nucula proxima	bivalves	Nucula proxima
1324ede9dcd14ea288463af5e0320003	gi|564734697|gb|KF643818.1|	99.344	100	1.65e-152	305	61334	Nucula proxima	bivalves	Nucula proxima
1b99212d00add9895289812eada5682b	gi|564734697|gb|KF643818.1|	99.016	100	7.66e-151	305	61334	Nucula proxima	bivalves	Nucula proxima
ce3de1f92b3c2f540f6378e90fde3491	gi|564734697|gb|KF643818.1|	99.672	100	3.54e-154	305	61334	Nucula proxima	bivalves	Nucula proxima
6b5785c19944941331c6e962110bda69	gi|564734697|gb|KF643818.1|	99.344	100	1.65e-152	305	61334	Nucula proxima	bivalves	Nucula proxima
18bdfe4e3cdd0765f0ea1abab551671d	gi|564734697|gb|KF643818.1|	99.669	99	1.65e-152	302	61334	Nucula proxima	bivalves	Nucula proxima
caf0dcbc0722658f2ce85023197f6039	gi|564734697|gb|KF643818.1|	99.344	100	1.65e-152	305	61334	Nucula proxima	bivalves	Nucula proxima
30ffff33b83923c19c636a957fcfd934	gi|564734697|gb|KF643818.1|	99.344	100	1.65e-152	305	61334	Nucula proxima	bivalves	Nucula proxima
10c0fc6723a107bc360faa7a8f3d60c3	gi|564734697|gb|KF643818.1|	99.672	100	3.54e-154	305	61334	Nucula proxima	bivalves	Nucula proxima
523ebdd3f152d6b5672dd18670d3e4fa	gi|564734697|gb|KF643818.1|	98.689	100	3.56e-149	305	61334	Nucula proxima	bivalves	Nucula proxima
535988d94e094ff3d9ffb19e85be5b77	gi|564734697|gb|KF643818.1|	99.672	100	3.54e-154	305	61334	Nucula proxima	bivalves	Nucula proxima
17729c94d0f1c7588ae7d00fc68d6b4e	gi|564734697|gb|KF643818.1|	99.016	100	7.66e-151	305	61334	Nucula proxima	bivalves	Nucula proxima
c826b4c6313594f346795d838ac015f7	gi|2871496435|gb|PP136726.1|	100.000	100	7.61e-156	305	380451	Paranais botniensis	segmented worms	Paranais botniensis
c826b4c6313594f346795d838ac015f7	gi|1228304424|gb|KY633399.1|	100.000	100	7.61e-156	305	380451	Paranais botniensis	segmented worms	Paranais botniensis
c826b4c6313594f346795d838ac015f7	gi|2871496449|gb|PP136733.1|	99.671	99	1.27e-153	304	380451	Paranais botniensis	segmented worms	Paranais botniensis
c826b4c6313594f346795d838ac015f7	gi|2871496443|gb|PP136730.1|	93.770	100	3.69e-124	305	380451	Paranais botniensis	segmented worms	Paranais botniensis
c826b4c6313594f346795d838ac015f7	gi|2871496439|gb|PP136728.1|	93.443	100	1.72e-122	305	380451	Paranais botniensis	segmented worms	Paranais botniensis
c826b4c6313594f346795d838ac015f7	gi|2871496433|gb|PP136725.1|	93.443	100	1.72e-122	305	380451	Paranais botniensis	segmented worms	Paranais botniensis
c826b4c6313594f346795d838ac015f7	gi|2871496445|gb|PP136731.1|	93.399	99	2.22e-121	303	380451	Paranais botniensis	segmented worms	Paranais botniensis
96752cf9425ffa617167e4e3440900df	gi|1590853199|gb|MH549185.1|	100.000	100	7.61e-156	305	136183	Centropages hamatus	crustaceans	Centropages hamatus
96752cf9425ffa617167e4e3440900df	gi|868996405|gb|KT186362.1|	100.000	100	7.61e-156	305	444323	marine zooplankton environmental sample	eukaryotes	marine zooplankton environmental sample
96752cf9425ffa617167e4e3440900df	gi|868996403|gb|KT186361.1|	100.000	100	7.61e-156	305	444323	marine zooplankton environmental sample	eukaryotes	marine zooplankton environmental sample
96752cf9425ffa617167e4e3440900df	gi|868996399|gb|KT186359.1|	100.000	100	7.61e-156	305	444323	marine zooplankton environmental sample	eukaryotes	marine zooplankton environmental sample
96752cf9425ffa617167e4e3440900df	gi|156186218|gb|EU016220.1|	100.000	100	7.61e-156	305	136183	Centropages hamatus	crustaceans	Centropages hamatus
96752cf9425ffa617167e4e3440900df	gi|868996401|gb|KT186360.1|	99.672	100	3.54e-154	305	444323	marine zooplankton environmental sample	eukaryotes	marine zooplankton environmental sample
96752cf9425ffa617167e4e3440900df	gi|10197774|gb|AF259663.1|AF259663	99.344	100	1.65e-152	305	136183	Centropages hamatus	crustaceans	Centropages hamatus
96752cf9425ffa617167e4e3440900df	gi|515419137|gb|JX995175.1|	91.148	100	8.11e-111	305	136183	Centropages hamatus	crustaceans	Centropages hamatus
96752cf9425ffa617167e4e3440900df	gi|515419135|gb|JX995174.1|	91.148	100	8.11e-111	305	136183	Centropages hamatus	crustaceans	Centropages hamatus
96752cf9425ffa617167e4e3440900df	gi|515419155|gb|JX995182.1|	90.820	100	3.77e-109	305	136183	Centropages hamatus	crustaceans	Centropages hamatus
e4691f03f1df0f9e1f9c6f94b11387ad	gi|868996401|gb|KT186360.1|	100.000	100	7.61e-156	305	444323	marine zooplankton environmental sample	eukaryotes	marine zooplankton environmental sample
e4691f03f1df0f9e1f9c6f94b11387ad	gi|1590853199|gb|MH549185.1|	99.672	100	3.54e-154	305	136183	Centropages hamatus	crustaceans	Centropages hamatus
e4691f03f1df0f9e1f9c6f94b11387ad	gi|868996405|gb|KT186362.1|	99.672	100	3.54e-154	305	444323	marine zooplankton environmental sample	eukaryotes	marine zooplankton environmental sample
e4691f03f1df0f9e1f9c6f94b11387ad	gi|868996403|gb|KT186361.1|	99.672	100	3.54e-154	305	444323	marine zooplankton environmental sample	eukaryotes	marine zooplankton environmental sample
e4691f03f1df0f9e1f9c6f94b11387ad	gi|868996399|gb|KT186359.1|	99.672	100	3.54e-154	305	444323	marine zooplankton environmental sample	eukaryotes	marine zooplankton environmental sample
e4691f03f1df0f9e1f9c6f94b11387ad	gi|156186218|gb|EU016220.1|	99.672	100	3.54e-154	305	136183	Centropages hamatus	crustaceans	Centropages hamatus
e4691f03f1df0f9e1f9c6f94b11387ad	gi|10197774|gb|AF259663.1|AF259663	99.016	100	7.66e-151	305	136183	Centropages hamatus	crustaceans	Centropages hamatus
e4691f03f1df0f9e1f9c6f94b11387ad	gi|515419137|gb|JX995175.1|	90.820	100	3.77e-109	305	136183	Centropages hamatus	crustaceans	Centropages hamatus
e4691f03f1df0f9e1f9c6f94b11387ad	gi|515419135|gb|JX995174.1|	90.820	100	3.77e-109	305	136183	Centropages hamatus	crustaceans	Centropages hamatus
e4691f03f1df0f9e1f9c6f94b11387ad	gi|515419155|gb|JX995182.1|	90.492	100	1.75e-107	305	136183	Centropages hamatus	crustaceans	Centropages hamatus
aaf9c3296bc87773e12bcdd4c82a5440	gi|378781160|emb|FR837876.1|	96.026	99	3.64e-134	302	66402	Neochildia fusca	animals	Neochildia fusca
81b10ee342b06cb8679b8d7231cadf3f	gi|378781160|emb|FR837876.1|	95.695	99	1.69e-132	302	66402	Neochildia fusca	animals	Neochildia fusca
3f552c49fb65178f1fbe66385bd56290	gi|378781160|emb|FR837876.1|	96.026	99	3.64e-134	302	66402	Neochildia fusca	animals	Neochildia fusca
ca02b56415208ce899e04b03c4ffcfb4	gi|378781160|emb|FR837876.1|	96.026	99	3.64e-134	302	66402	Neochildia fusca	animals	Neochildia fusca
ec6ac1e55237c01cc0f41cc1f9d6c99b	gi|959315745|gb|KT952463.1|	100.000	100	7.61e-156	305	136180	Acartia tonsa	crustaceans	Acartia tonsa
ec6ac1e55237c01cc0f41cc1f9d6c99b	gi|529949845|gb|KC287379.1|	100.000	100	7.61e-156	305	136180	Acartia tonsa	crustaceans	Acartia tonsa
ec6ac1e55237c01cc0f41cc1f9d6c99b	gi|529949821|gb|KC287367.1|	100.000	100	7.61e-156	305	136180	Acartia tonsa	crustaceans	Acartia tonsa
ec6ac1e55237c01cc0f41cc1f9d6c99b	gi|529949745|gb|KC287329.1|	100.000	100	7.61e-156	305	136180	Acartia tonsa	crustaceans	Acartia tonsa
ec6ac1e55237c01cc0f41cc1f9d6c99b	gi|529949723|gb|KC287318.1|	100.000	100	7.61e-156	305	136180	Acartia tonsa	crustaceans	Acartia tonsa
ec6ac1e55237c01cc0f41cc1f9d6c99b	gi|529949717|gb|KC287315.1|	100.000	100	7.61e-156	305	136180	Acartia tonsa	crustaceans	Acartia tonsa
ec6ac1e55237c01cc0f41cc1f9d6c99b	gi|529949699|gb|KC287306.1|	100.000	100	7.61e-156	305	136180	Acartia tonsa	crustaceans	Acartia tonsa
ec6ac1e55237c01cc0f41cc1f9d6c99b	gi|529949631|gb|KC287272.1|	100.000	100	7.61e-156	305	136180	Acartia tonsa	crustaceans	Acartia tonsa
ec6ac1e55237c01cc0f41cc1f9d6c99b	gi|515421476|gb|JX995266.1|	100.000	100	7.61e-156	305	136180	Acartia tonsa	crustaceans	Acartia tonsa
ec6ac1e55237c01cc0f41cc1f9d6c99b	gi|515420880|gb|JX995256.1|	100.000	100	7.61e-156	305	136180	Acartia tonsa	crustaceans	Acartia tonsa
90dc7af474efb48981df3150f8186b0e	gi|959315745|gb|KT952463.1|	99.672	100	3.54e-154	305	136180	Acartia tonsa	crustaceans	Acartia tonsa
90dc7af474efb48981df3150f8186b0e	gi|529949845|gb|KC287379.1|	99.672	100	3.54e-154	305	136180	Acartia tonsa	crustaceans	Acartia tonsa
90dc7af474efb48981df3150f8186b0e	gi|529949821|gb|KC287367.1|	99.672	100	3.54e-154	305	136180	Acartia tonsa	crustaceans	Acartia tonsa
90dc7af474efb48981df3150f8186b0e	gi|529949745|gb|KC287329.1|	99.672	100	3.54e-154	305	136180	Acartia tonsa	crustaceans	Acartia tonsa
90dc7af474efb48981df3150f8186b0e	gi|529949723|gb|KC287318.1|	99.672	100	3.54e-154	305	136180	Acartia tonsa	crustaceans	Acartia tonsa
90dc7af474efb48981df3150f8186b0e	gi|529949717|gb|KC287315.1|	99.672	100	3.54e-154	305	136180	Acartia tonsa	crustaceans	Acartia tonsa
90dc7af474efb48981df3150f8186b0e	gi|529949699|gb|KC287306.1|	99.672	100	3.54e-154	305	136180	Acartia tonsa	crustaceans	Acartia tonsa
90dc7af474efb48981df3150f8186b0e	gi|529949631|gb|KC287272.1|	99.672	100	3.54e-154	305	136180	Acartia tonsa	crustaceans	Acartia tonsa
90dc7af474efb48981df3150f8186b0e	gi|515421476|gb|JX995266.1|	99.672	100	3.54e-154	305	136180	Acartia tonsa	crustaceans	Acartia tonsa
90dc7af474efb48981df3150f8186b0e	gi|515420880|gb|JX995256.1|	99.672	100	3.54e-154	305	136180	Acartia tonsa	crustaceans	Acartia tonsa
50627c8a4c1a71918103b2a11ed85c36	gi|2309263727|gb|OP534724.1|	100.000	100	7.61e-156	305	3063791	Halichondria loma	sponges	Halichondria loma
50627c8a4c1a71918103b2a11ed85c36	gi|2309263755|gb|OP534738.1|	99.672	100	3.54e-154	305	3063791	Halichondria loma	sponges	Halichondria loma
50627c8a4c1a71918103b2a11ed85c36	gi|2309263753|gb|OP534737.1|	99.672	100	3.54e-154	305	3063791	Halichondria loma	sponges	Halichondria loma
50627c8a4c1a71918103b2a11ed85c36	gi|1851827325|gb|MT586735.1|	98.361	100	1.66e-147	305	2735325	Halichondria coerulea	sponges	Halichondria coerulea
50627c8a4c1a71918103b2a11ed85c36	gi|1913154867|gb|MW059057.1|	98.033	100	7.71e-146	305	2772918	Halichondria sp. 1 JV-2020	sponges	Halichondria sp. 1 JV-2020
50627c8a4c1a71918103b2a11ed85c36	gi|1514866435|gb|MH756604.1|	96.066	100	7.82e-136	305	6063	Halichondria panicea	sponges	Halichondria panicea
50627c8a4c1a71918103b2a11ed85c36	gi|1696742185|gb|MK105765.1|	95.738	100	3.64e-134	305	2591997	Halichondria sp. HK-2019	sponges	Halichondria sp. HK-2019
50627c8a4c1a71918103b2a11ed85c36	gi|1535792319|ref|NC_040168.1|	95.738	100	3.64e-134	305	6063	Halichondria panicea	sponges	Halichondria panicea
50627c8a4c1a71918103b2a11ed85c36	gi|1321068866|gb|KY492588.1|	95.738	100	3.64e-134	305	6063	Halichondria panicea	sponges	Halichondria panicea
50627c8a4c1a71918103b2a11ed85c36	gi|2432606332|gb|OM436249.1|	95.738	100	3.64e-134	305	6063	Halichondria panicea	sponges	Halichondria panicea
0586ecc004b9ebc11634540d8c447997	gi|226348808|gb|FJ858268.1|	100.000	100	7.61e-156	305	564608	Micromonas pusilla CCMP1545	green algae	Micromonas pusilla CCMP1545
0586ecc004b9ebc11634540d8c447997	gi|65428156|gb|AY955048.1|	100.000	100	7.61e-156	305	38833	Micromonas pusilla	green algae	Micromonas pusilla
ed552b4086bab38d312d21a47648eae0	gi|226348808|gb|FJ858268.1|	94.444	100	1.71e-127	306	564608	Micromonas pusilla CCMP1545	green algae	Micromonas pusilla CCMP1545
ed552b4086bab38d312d21a47648eae0	gi|65428156|gb|AY955048.1|	94.444	100	1.71e-127	306	38833	Micromonas pusilla	green algae	Micromonas pusilla
57752e4fdccdc24de6a01c42d24556a3	gi|2574677786|gb|OQ504926.1|	91.639	98	8.11e-111	299	3074057	Discostella sp. clade A (type II)	diatoms	Discostella sp. clade A (type II)
57752e4fdccdc24de6a01c42d24556a3	gi|2574677750|gb|OQ504908.1|	90.970	98	1.75e-107	299	3074058	Discostella sp. clade A (type III)	diatoms	Discostella sp. clade A (type III)
57752e4fdccdc24de6a01c42d24556a3	gi|2574677762|gb|OQ504914.1|	90.397	99	8.16e-106	302	3074061	Discostella sp. clade C (type II)	diatoms	Discostella sp. clade C (type II)
57752e4fdccdc24de6a01c42d24556a3	gi|2574677728|gb|OQ504897.1|	90.397	99	8.16e-106	302	3074068	Discostella sp. clade J	diatoms	Discostella sp. clade J
57752e4fdccdc24de6a01c42d24556a3	gi|2574677774|gb|OQ504920.1|	90.541	97	3.80e-104	296	3074061	Discostella sp. clade C (type II)	diatoms	Discostella sp. clade C (type II)
57752e4fdccdc24de6a01c42d24556a3	gi|2574677766|gb|OQ504916.1|	90.541	97	3.80e-104	296	3074061	Discostella sp. clade C (type II)	diatoms	Discostella sp. clade C (type II)
57752e4fdccdc24de6a01c42d24556a3	gi|2574677760|gb|OQ504913.1|	90.541	97	3.80e-104	296	3074068	Discostella sp. clade J	diatoms	Discostella sp. clade J
57752e4fdccdc24de6a01c42d24556a3	gi|2574677740|gb|OQ504903.1|	90.541	97	3.80e-104	296	3074068	Discostella sp. clade J	diatoms	Discostella sp. clade J
57752e4fdccdc24de6a01c42d24556a3	gi|2574677736|gb|OQ504901.1|	90.541	97	3.80e-104	296	3074068	Discostella sp. clade J	diatoms	Discostella sp. clade J
57752e4fdccdc24de6a01c42d24556a3	gi|2574677726|gb|OQ504896.1|	90.541	97	3.80e-104	296	3074068	Discostella sp. clade J	diatoms	Discostella sp. clade J
e63f81c3d12bcdb639cd46a1518faf96	gi|6331139|dbj|AB020223.1|	100.000	100	7.61e-156	305	49249	Ditylum brightwellii	diatoms	Ditylum brightwellii
e63f81c3d12bcdb639cd46a1518faf96	gi|257798980|gb|GQ844256.1|	100.000	99	9.84e-155	303	49249	Ditylum brightwellii	diatoms	Ditylum brightwellii
e63f81c3d12bcdb639cd46a1518faf96	gi|257798983|gb|GQ844259.1|	99.670	99	4.58e-153	303	49249	Ditylum brightwellii	diatoms	Ditylum brightwellii
e63f81c3d12bcdb639cd46a1518faf96	gi|257798982|gb|GQ844258.1|	99.670	99	4.58e-153	303	49249	Ditylum brightwellii	diatoms	Ditylum brightwellii
e63f81c3d12bcdb639cd46a1518faf96	gi|257798981|gb|GQ844257.1|	99.340	99	7.66e-151	303	49249	Ditylum brightwellii	diatoms	Ditylum brightwellii
e63f81c3d12bcdb639cd46a1518faf96	gi|257798978|gb|GQ844254.1|	99.010	99	9.91e-150	303	49249	Ditylum brightwellii	diatoms	Ditylum brightwellii
e63f81c3d12bcdb639cd46a1518faf96	gi|257798979|gb|GQ844255.1|	95.724	99	1.30e-138	304	49249	Ditylum brightwellii	diatoms	Ditylum brightwellii
8357c543f30c2ab5d2d7a3ccf9252532	gi|257798989|gb|GQ844265.1|	99.670	99	4.58e-153	303	265575	Podosira stelligera	diatoms	Podosira stelligera
8357c543f30c2ab5d2d7a3ccf9252532	gi|257798988|gb|GQ844264.1|	91.749	99	1.74e-112	303	265575	Podosira stelligera	diatoms	Podosira stelligera
259ee2ed0f8e0267fdf290b400200013	gi|37788246|gb|AY218088.1|	98.689	100	3.56e-149	305	231613	Gnathostomula armata	jaw worms	Gnathostomula armata
db36ddfb7a6e3171a191f9251a929d40	gi|1509160131|gb|MG421206.1|	99.672	100	3.54e-154	305	714603	Nephtys caeca	segmented worms	Nephtys caeca
db36ddfb7a6e3171a191f9251a929d40	gi|305653377|gb|HQ024111.1|	99.016	100	7.66e-151	305	880389	Nephtys sp. CMC02	segmented worms	Nephtys sp. CMC02
3f575c0ec179367a0473c9906d5695e8	gi|529949895|gb|KC287404.1|	100.000	100	7.61e-156	305	136180	Acartia tonsa	crustaceans	Acartia tonsa
3f575c0ec179367a0473c9906d5695e8	gi|529949903|gb|KC287408.1|	99.672	100	3.54e-154	305	136180	Acartia tonsa	crustaceans	Acartia tonsa
3f575c0ec179367a0473c9906d5695e8	gi|529949897|gb|KC287405.1|	99.672	100	3.54e-154	305	136180	Acartia tonsa	crustaceans	Acartia tonsa
3f575c0ec179367a0473c9906d5695e8	gi|529949901|gb|KC287407.1|	99.016	100	7.66e-151	305	136180	Acartia tonsa	crustaceans	Acartia tonsa
c63ef67f9954256294109fe63df7e247	gi|1535788915|ref|NC_040107.1|	100.000	100	7.61e-156	305	560612	Stereobalanus canadensis	hemichordates	Stereobalanus canadensis
c63ef67f9954256294109fe63df7e247	gi|1489969050|gb|MG422105.1|	99.664	98	2.75e-150	298	2472217	Hemichordata sp. HUNTSPOL0380	hemichordates	Hemichordata sp. HUNTSPOL0380
a7701e0a2f6d1b96b1e453b450123ef9	gi|1495348776|gb|MG311522.1|	100.000	100	7.61e-156	305	1220549	Amphibalanus improvisus	crustaceans	Amphibalanus improvisus
a7701e0a2f6d1b96b1e453b450123ef9	gi|1563835376|gb|MK308210.1|	99.672	100	3.54e-154	305	1220549	Amphibalanus improvisus	crustaceans	Amphibalanus improvisus
a7701e0a2f6d1b96b1e453b450123ef9	gi|2868137780|gb|PQ739385.1|	99.344	100	1.65e-152	305	1220549	Amphibalanus improvisus	crustaceans	Amphibalanus improvisus
a7701e0a2f6d1b96b1e453b450123ef9	gi|2848921078|emb|OZ188183.1|	99.344	100	1.65e-152	305	1220549	Amphibalanus improvisus	crustaceans	Amphibalanus improvisus
a7701e0a2f6d1b96b1e453b450123ef9	gi|1563835320|gb|MK308179.1|	99.344	100	1.65e-152	305	1220549	Amphibalanus improvisus	crustaceans	Amphibalanus improvisus
a7701e0a2f6d1b96b1e453b450123ef9	gi|2460634915|gb|OQ644552.1|	99.344	100	1.65e-152	305	88352	Balanus sp.	crustaceans	Balanus sp.
a7701e0a2f6d1b96b1e453b450123ef9	gi|2460634913|gb|OQ644551.1|	99.344	100	1.65e-152	305	88352	Balanus sp.	crustaceans	Balanus sp.
a7701e0a2f6d1b96b1e453b450123ef9	gi|1035662449|gb|KU906013.1|	99.344	100	1.65e-152	305	1220549	Amphibalanus improvisus	crustaceans	Amphibalanus improvisus
a7701e0a2f6d1b96b1e453b450123ef9	gi|936253512|gb|KT209057.1|	99.344	100	1.65e-152	305	1220549	Amphibalanus improvisus	crustaceans	Amphibalanus improvisus
a7701e0a2f6d1b96b1e453b450123ef9	gi|936253088|gb|KT208845.1|	99.344	100	1.65e-152	305	1220549	Amphibalanus improvisus	crustaceans	Amphibalanus improvisus
b2baf1def22e7bce9a2d2dbc5e998dfc	gi|1495348776|gb|MG311522.1|	99.672	100	3.54e-154	305	1220549	Amphibalanus improvisus	crustaceans	Amphibalanus improvisus
b2baf1def22e7bce9a2d2dbc5e998dfc	gi|1563835376|gb|MK308210.1|	99.344	100	1.65e-152	305	1220549	Amphibalanus improvisus	crustaceans	Amphibalanus improvisus
b2baf1def22e7bce9a2d2dbc5e998dfc	gi|2868137780|gb|PQ739385.1|	99.016	100	7.66e-151	305	1220549	Amphibalanus improvisus	crustaceans	Amphibalanus improvisus
b2baf1def22e7bce9a2d2dbc5e998dfc	gi|2848921078|emb|OZ188183.1|	99.016	100	7.66e-151	305	1220549	Amphibalanus improvisus	crustaceans	Amphibalanus improvisus
b2baf1def22e7bce9a2d2dbc5e998dfc	gi|1563835320|gb|MK308179.1|	99.016	100	7.66e-151	305	1220549	Amphibalanus improvisus	crustaceans	Amphibalanus improvisus
b2baf1def22e7bce9a2d2dbc5e998dfc	gi|2460634915|gb|OQ644552.1|	99.016	100	7.66e-151	305	88352	Balanus sp.	crustaceans	Balanus sp.
b2baf1def22e7bce9a2d2dbc5e998dfc	gi|2460634913|gb|OQ644551.1|	99.016	100	7.66e-151	305	88352	Balanus sp.	crustaceans	Balanus sp.
b2baf1def22e7bce9a2d2dbc5e998dfc	gi|1035662449|gb|KU906013.1|	99.016	100	7.66e-151	305	1220549	Amphibalanus improvisus	crustaceans	Amphibalanus improvisus
b2baf1def22e7bce9a2d2dbc5e998dfc	gi|936253512|gb|KT209057.1|	99.016	100	7.66e-151	305	1220549	Amphibalanus improvisus	crustaceans	Amphibalanus improvisus
b2baf1def22e7bce9a2d2dbc5e998dfc	gi|936253088|gb|KT208845.1|	99.016	100	7.66e-151	305	1220549	Amphibalanus improvisus	crustaceans	Amphibalanus improvisus
3fbb8f661672c6143cb8ca0ba302f2a6	gi|2868137780|gb|PQ739385.1|	100.000	100	7.61e-156	305	1220549	Amphibalanus improvisus	crustaceans	Amphibalanus improvisus
3fbb8f661672c6143cb8ca0ba302f2a6	gi|2848921078|emb|OZ188183.1|	100.000	100	7.61e-156	305	1220549	Amphibalanus improvisus	crustaceans	Amphibalanus improvisus
3fbb8f661672c6143cb8ca0ba302f2a6	gi|1563835320|gb|MK308179.1|	100.000	100	7.61e-156	305	1220549	Amphibalanus improvisus	crustaceans	Amphibalanus improvisus
3fbb8f661672c6143cb8ca0ba302f2a6	gi|2460634915|gb|OQ644552.1|	100.000	100	7.61e-156	305	88352	Balanus sp.	crustaceans	Balanus sp.
3fbb8f661672c6143cb8ca0ba302f2a6	gi|2460634913|gb|OQ644551.1|	100.000	100	7.61e-156	305	88352	Balanus sp.	crustaceans	Balanus sp.
3fbb8f661672c6143cb8ca0ba302f2a6	gi|1035662449|gb|KU906013.1|	100.000	100	7.61e-156	305	1220549	Amphibalanus improvisus	crustaceans	Amphibalanus improvisus
3fbb8f661672c6143cb8ca0ba302f2a6	gi|936253512|gb|KT209057.1|	100.000	100	7.61e-156	305	1220549	Amphibalanus improvisus	crustaceans	Amphibalanus improvisus
3fbb8f661672c6143cb8ca0ba302f2a6	gi|936253088|gb|KT208845.1|	100.000	100	7.61e-156	305	1220549	Amphibalanus improvisus	crustaceans	Amphibalanus improvisus
3fbb8f661672c6143cb8ca0ba302f2a6	gi|786321723|gb|KP136694.1|	100.000	100	7.61e-156	305	1220549	Amphibalanus improvisus	crustaceans	Amphibalanus improvisus
3fbb8f661672c6143cb8ca0ba302f2a6	gi|786321721|gb|KP136693.1|	100.000	100	7.61e-156	305	1220549	Amphibalanus improvisus	crustaceans	Amphibalanus improvisus
7e7cfc36d0d64bdba35c587c17ca86e3	gi|2074156086|gb|MW413901.1|	99.016	100	7.66e-151	305	216927	Paralia sulcata	diatoms	Paralia sulcata
f5a1fe6d280610aae91bf3fe8a0b5805	gi|2248495830|ref|NC_063456.1|	90.820	100	3.77e-109	305	303402	Nitzschia dissipata	diatoms	Nitzschia dissipata
92b5892fe86dee1039e38ff58c63f778	gi|2248495830|ref|NC_063456.1|	91.419	99	2.25e-111	303	303402	Nitzschia dissipata	diatoms	Nitzschia dissipata
92b5892fe86dee1039e38ff58c63f778	gi|309241447|emb|FN557062.1|	90.785	96	3.80e-104	293	684904	Nitzschia cf. recta RT-2009	diatoms	Nitzschia cf. recta RT-2009
15d06d756abc0339b00103544e7a55b0	gi|2248495830|ref|NC_063456.1|	93.115	100	7.99e-121	305	303402	Nitzschia dissipata	diatoms	Nitzschia dissipata
15d06d756abc0339b00103544e7a55b0	gi|309241447|emb|FN557062.1|	91.468	96	1.75e-107	293	684904	Nitzschia cf. recta RT-2009	diatoms	Nitzschia cf. recta RT-2009
ac504da033945d43624ebccf71a554aa	gi|2248495830|ref|NC_063456.1|	91.803	100	3.74e-114	305	303402	Nitzschia dissipata	diatoms	Nitzschia dissipata
ac504da033945d43624ebccf71a554aa	gi|309241447|emb|FN557062.1|	91.126	96	8.16e-106	293	684904	Nitzschia cf. recta RT-2009	diatoms	Nitzschia cf. recta RT-2009
617423153401416d6e6dd27171621add	gi|2248495830|ref|NC_063456.1|	92.787	100	3.72e-119	305	303402	Nitzschia dissipata	diatoms	Nitzschia dissipata
617423153401416d6e6dd27171621add	gi|309241447|emb|FN557062.1|	91.126	96	8.16e-106	293	684904	Nitzschia cf. recta RT-2009	diatoms	Nitzschia cf. recta RT-2009
05f01e04007fe8c45a4c45c5a1965e2f	gi|2248495830|ref|NC_063456.1|	93.443	100	1.72e-122	305	303402	Nitzschia dissipata	diatoms	Nitzschia dissipata
05f01e04007fe8c45a4c45c5a1965e2f	gi|309241447|emb|FN557062.1|	91.809	96	3.77e-109	293	684904	Nitzschia cf. recta RT-2009	diatoms	Nitzschia cf. recta RT-2009
0717d1350d20adf740e52d692e5e7d81	gi|2248495830|ref|NC_063456.1|	95.410	100	1.69e-132	305	303402	Nitzschia dissipata	diatoms	Nitzschia dissipata
0717d1350d20adf740e52d692e5e7d81	gi|309241447|emb|FN557062.1|	91.809	96	3.77e-109	293	684904	Nitzschia cf. recta RT-2009	diatoms	Nitzschia cf. recta RT-2009
6af5983b1dfe04317f3b4f83d04c23b8	gi|2248495830|ref|NC_063456.1|	95.082	100	7.88e-131	305	303402	Nitzschia dissipata	diatoms	Nitzschia dissipata
6af5983b1dfe04317f3b4f83d04c23b8	gi|309241447|emb|FN557062.1|	91.468	96	1.75e-107	293	684904	Nitzschia cf. recta RT-2009	diatoms	Nitzschia cf. recta RT-2009
4b199edf88cb53f230946124b96c8fdc	gi|2172612263|ref|NC_059753.1|	92.739	99	4.81e-118	303	2819025	Pleurosigma inscriptura	diatoms	Pleurosigma inscriptura
4b199edf88cb53f230946124b96c8fdc	gi|2076000669|gb|MW861541.1|	90.301	98	3.80e-104	299	2914906	Pleurosigma sp. mgcode 4	diatoms	Pleurosigma sp. mgcode 4
9ff6f76675cd092a4e21a05de9f610f4	gi|2172612263|ref|NC_059753.1|	92.409	99	2.24e-116	303	2819025	Pleurosigma inscriptura	diatoms	Pleurosigma inscriptura
d28ea30af1432d3683b2c4341e6915b1	gi|2248495830|ref|NC_063456.1|	98.361	100	1.66e-147	305	303402	Nitzschia dissipata	diatoms	Nitzschia dissipata
d28ea30af1432d3683b2c4341e6915b1	gi|309241447|emb|FN557062.1|	90.444	96	1.77e-102	293	684904	Nitzschia cf. recta RT-2009	diatoms	Nitzschia cf. recta RT-2009
583ea83841a4f72adba1a30f187e74e9	gi|2248495830|ref|NC_063456.1|	97.705	100	3.59e-144	305	303402	Nitzschia dissipata	diatoms	Nitzschia dissipata
a18cba2c7c8072fdb47805701721fa7a	gi|2248495830|ref|NC_063456.1|	90.164	100	8.16e-106	305	303402	Nitzschia dissipata	diatoms	Nitzschia dissipata
b575dcaebb1e111071e46c233583c39e	gi|2248495830|ref|NC_063456.1|	91.475	100	1.74e-112	305	303402	Nitzschia dissipata	diatoms	Nitzschia dissipata
9e087b3d0c53d750246457b1c8258e13	gi|2248495830|ref|NC_063456.1|	92.787	100	3.72e-119	305	303402	Nitzschia dissipata	diatoms	Nitzschia dissipata
ec1b6b1248a97314b668b4b9878c084c	gi|2248495830|ref|NC_063456.1|	93.115	100	7.99e-121	305	303402	Nitzschia dissipata	diatoms	Nitzschia dissipata
ec1b6b1248a97314b668b4b9878c084c	gi|309241447|emb|FN557062.1|	90.102	96	8.22e-101	293	684904	Nitzschia cf. recta RT-2009	diatoms	Nitzschia cf. recta RT-2009
b32ea262336ad27ffd75f0ff685b8bb5	gi|2248495830|ref|NC_063456.1|	93.770	100	3.69e-124	305	303402	Nitzschia dissipata	diatoms	Nitzschia dissipata
b32ea262336ad27ffd75f0ff685b8bb5	gi|309241447|emb|FN557062.1|	90.444	96	1.77e-102	293	684904	Nitzschia cf. recta RT-2009	diatoms	Nitzschia cf. recta RT-2009
5887b34bdcc505946431b76f1f199d8b	gi|2248495830|ref|NC_063456.1|	93.770	100	3.69e-124	305	303402	Nitzschia dissipata	diatoms	Nitzschia dissipata
5887b34bdcc505946431b76f1f199d8b	gi|309241447|emb|FN557062.1|	90.444	96	1.77e-102	293	684904	Nitzschia cf. recta RT-2009	diatoms	Nitzschia cf. recta RT-2009
35d952ddf5d037811c256420acee7a93	gi|2248495830|ref|NC_063456.1|	94.754	100	3.67e-129	305	303402	Nitzschia dissipata	diatoms	Nitzschia dissipata
35d952ddf5d037811c256420acee7a93	gi|309241447|emb|FN557062.1|	90.444	96	1.77e-102	293	684904	Nitzschia cf. recta RT-2009	diatoms	Nitzschia cf. recta RT-2009
6c1888e4c0cee48edb38c5d68dff3e15	gi|2248495830|ref|NC_063456.1|	94.426	100	1.71e-127	305	303402	Nitzschia dissipata	diatoms	Nitzschia dissipata
6c1888e4c0cee48edb38c5d68dff3e15	gi|309241447|emb|FN557062.1|	90.102	96	8.22e-101	293	684904	Nitzschia cf. recta RT-2009	diatoms	Nitzschia cf. recta RT-2009
3bbc3f362d0d00ab979eae5963d60aaa	gi|2248495830|ref|NC_063456.1|	94.098	100	7.94e-126	305	303402	Nitzschia dissipata	diatoms	Nitzschia dissipata
b10f4f4ec1d10d75eec5f81e4c29d827	gi|2248495830|ref|NC_063456.1|	92.131	100	8.05e-116	305	303402	Nitzschia dissipata	diatoms	Nitzschia dissipata
1c63c7047008a52284eb883c31a5640c	gi|2248495830|ref|NC_063456.1|	90.820	100	3.77e-109	305	303402	Nitzschia dissipata	diatoms	Nitzschia dissipata
2afeb9cfa480a98f33fe34b9bfed2bcd	gi|309241447|emb|FN557062.1|	90.102	96	8.22e-101	293	684904	Nitzschia cf. recta RT-2009	diatoms	Nitzschia cf. recta RT-2009
f7276c29dbbf2967ad9e1fb8158f2346	gi|2248495830|ref|NC_063456.1|	93.770	100	3.69e-124	305	303402	Nitzschia dissipata	diatoms	Nitzschia dissipata
f7276c29dbbf2967ad9e1fb8158f2346	gi|309241447|emb|FN557062.1|	90.102	96	8.22e-101	293	684904	Nitzschia cf. recta RT-2009	diatoms	Nitzschia cf. recta RT-2009
3c4320225e394c30f4e38e9e0a083c8d	gi|2248495830|ref|NC_063456.1|	92.459	100	1.73e-117	305	303402	Nitzschia dissipata	diatoms	Nitzschia dissipata
3c4320225e394c30f4e38e9e0a083c8d	gi|309241447|emb|FN557062.1|	90.444	96	1.77e-102	293	684904	Nitzschia cf. recta RT-2009	diatoms	Nitzschia cf. recta RT-2009
75275022e47c6397a122053b5d7e48d4	gi|2248495830|ref|NC_063456.1|	92.131	100	8.05e-116	305	303402	Nitzschia dissipata	diatoms	Nitzschia dissipata
75275022e47c6397a122053b5d7e48d4	gi|309241447|emb|FN557062.1|	90.102	96	8.22e-101	293	684904	Nitzschia cf. recta RT-2009	diatoms	Nitzschia cf. recta RT-2009
05c08378104ff1e071aac83f9791c589	gi|2248495830|ref|NC_063456.1|	94.754	100	3.67e-129	305	303402	Nitzschia dissipata	diatoms	Nitzschia dissipata
05c08378104ff1e071aac83f9791c589	gi|309241447|emb|FN557062.1|	90.785	96	3.80e-104	293	684904	Nitzschia cf. recta RT-2009	diatoms	Nitzschia cf. recta RT-2009
a84801522e6b8ae44a933678f2efa119	gi|2248495830|ref|NC_063456.1|	93.443	100	1.72e-122	305	303402	Nitzschia dissipata	diatoms	Nitzschia dissipata
a84801522e6b8ae44a933678f2efa119	gi|309241447|emb|FN557062.1|	90.102	96	8.22e-101	293	684904	Nitzschia cf. recta RT-2009	diatoms	Nitzschia cf. recta RT-2009
18203b7c772d07f68a876ae5fc40b543	gi|6382023|dbj|AB020228.1|	97.377	100	1.67e-142	305	33649	Thalassionema nitzschioides	diatoms	Thalassionema nitzschioides
01db7355d49d66ba810d4922f1f6c9d7	gi|6382023|dbj|AB020228.1|	98.033	100	7.71e-146	305	33649	Thalassionema nitzschioides	diatoms	Thalassionema nitzschioides
bdf936cde9b2781b999b321f04396f20	gi|6382023|dbj|AB020228.1|	99.672	100	3.54e-154	305	33649	Thalassionema nitzschioides	diatoms	Thalassionema nitzschioides
13efd60b340d9f4fd7bb02a0482795e7	gi|6382023|dbj|AB020228.1|	99.344	100	1.65e-152	305	33649	Thalassionema nitzschioides	diatoms	Thalassionema nitzschioides
6d5893ff0ac51f08c815a724cfa0cfb5	gi|320337807|gb|HQ709055.1|	92.459	100	1.73e-117	305	334529	Saprolegnia turfosa	oomycetes	Saprolegnia turfosa
6d5893ff0ac51f08c815a724cfa0cfb5	gi|320337805|gb|HQ709054.1|	92.459	100	1.73e-117	305	334529	Saprolegnia turfosa	oomycetes	Saprolegnia turfosa
6d5893ff0ac51f08c815a724cfa0cfb5	gi|320337803|gb|HQ709053.1|	92.131	100	8.05e-116	305	334529	Saprolegnia turfosa	oomycetes	Saprolegnia turfosa
6d5893ff0ac51f08c815a724cfa0cfb5	gi|320337797|gb|HQ709050.1|	91.803	100	3.74e-114	305	334524	Saprolegnia subterranea	oomycetes	Saprolegnia subterranea
6d5893ff0ac51f08c815a724cfa0cfb5	gi|320337791|gb|HQ709047.1|	91.803	100	3.74e-114	305	334524;946379	Achlya rodrigueziana	oomycetes	Achlya rodrigueziana
6d5893ff0ac51f08c815a724cfa0cfb5	gi|320336603|gb|HQ708453.1|	91.475	100	1.74e-112	305	334531	Pythiopsis terrestris	oomycetes	Pythiopsis terrestris
6d5893ff0ac51f08c815a724cfa0cfb5	gi|320336061|gb|HQ708182.1|	91.475	100	1.74e-112	305	1618013	Newbya spinosa	oomycetes	Newbya spinosa
6d5893ff0ac51f08c815a724cfa0cfb5	gi|320337761|gb|HQ709032.1|	91.919	97	2.25e-111	297	120418	Saprolegnia litoralis	oomycetes	Saprolegnia litoralis
6d5893ff0ac51f08c815a724cfa0cfb5	gi|542687346|ref|NC_022178.1|	91.391	99	8.11e-111	302	1202772	Achlya hypogyna	oomycetes	Achlya hypogyna
6d5893ff0ac51f08c815a724cfa0cfb5	gi|320337727|gb|HQ709015.1|	91.148	100	8.11e-111	305	120415	Saprolegnia anisospora	oomycetes	Saprolegnia anisospora
3eb6cf04ecc3bc926e28986281580ba2	gi|2868137640|gb|PQ739315.1|	100.000	100	7.61e-156	305	2923016	Suberites sp.	sponges	Suberites sp.
3eb6cf04ecc3bc926e28986281580ba2	gi|2432606348|gb|OM436257.1|	100.000	100	7.61e-156	305	3023825	Suberites spermatozoon	sponges	Suberites spermatozoon
3eb6cf04ecc3bc926e28986281580ba2	gi|2432606294|gb|OM436230.1|	100.000	100	7.61e-156	305	279591;2923016	Suberites virgultosa	sponges	Suberites virgultosa
3eb6cf04ecc3bc926e28986281580ba2	gi|2709204223|gb|OR269462.1|	100.000	98	4.58e-153	300	3023825	Suberites spermatozoon	sponges	Suberites spermatozoon
3eb6cf04ecc3bc926e28986281580ba2	gi|2800969979|gb|PQ301180.1|	99.669	99	1.65e-152	302	2923016	Suberites sp.	sponges	Suberites sp.
3eb6cf04ecc3bc926e28986281580ba2	gi|2432606356|gb|OM436261.1|	100.000	97	7.66e-151	296	279591	Suberites virgultosa	sponges	Suberites virgultosa
3eb6cf04ecc3bc926e28986281580ba2	gi|2432606360|gb|OM436263.1|	100.000	94	7.71e-146	287	279591	Suberites virgultosa	sponges	Suberites virgultosa
3eb6cf04ecc3bc926e28986281580ba2	gi|1509160271|gb|MG421261.1|	96.721	100	3.61e-139	305	2477125	Suberites sp. BIOUG00807-C10	sponges	Suberites sp. BIOUG00807-C10
3eb6cf04ecc3bc926e28986281580ba2	gi|2518065067|gb|OR126065.1|	96.721	100	3.61e-139	305	3053598	Suberites latus	sponges	Suberites latus
3eb6cf04ecc3bc926e28986281580ba2	gi|2518065063|gb|OR126063.1|	96.721	100	3.61e-139	305	3053598	Suberites latus	sponges	Suberites latus
5705c8ce9a015d2b81ef9ce8fbe75a6a	gi|2518065039|gb|OR126051.1|	98.361	100	1.66e-147	305	3053599	Protosuberites sp.	sponges	Protosuberites sp.
5705c8ce9a015d2b81ef9ce8fbe75a6a	gi|1133566575|gb|KX601204.1|	98.361	100	1.66e-147	305	1931082	Protosuberites sp. ZMAPOR18657	sponges	Protosuberites sp. ZMAPOR18657
5705c8ce9a015d2b81ef9ce8fbe75a6a	gi|2737587456|gb|PP851912.1|	97.049	100	7.77e-141	305	3053599	Protosuberites sp.	sponges	Protosuberites sp.
5705c8ce9a015d2b81ef9ce8fbe75a6a	gi|1133566571|gb|KX601202.1|	97.049	100	7.77e-141	305	1931084	Protosuberites mereui	sponges	Protosuberites mereui
5705c8ce9a015d2b81ef9ce8fbe75a6a	gi|1133566563|gb|KX601198.1|	97.049	100	7.77e-141	305	1931084	Protosuberites mereui	sponges	Protosuberites mereui
5705c8ce9a015d2b81ef9ce8fbe75a6a	gi|1843765592|gb|MT491670.1|	96.721	100	3.61e-139	305	2737321	Homaxinella sp. 1 PRT-2020	sponges	Homaxinella sp. 1 PRT-2020
5705c8ce9a015d2b81ef9ce8fbe75a6a	gi|1843765590|gb|MT491669.1|	96.721	100	3.61e-139	305	2737321	Homaxinella sp. 1 PRT-2020	sponges	Homaxinella sp. 1 PRT-2020
5705c8ce9a015d2b81ef9ce8fbe75a6a	gi|1682790086|gb|MG825741.1|	96.721	100	3.61e-139	305	2075534	Protosuberites sp. MN-2018	sponges	Protosuberites sp. MN-2018
5705c8ce9a015d2b81ef9ce8fbe75a6a	gi|1249141410|gb|KX866738.1|	96.721	100	3.61e-139	305	1336888	Terpios gelatinosus	sponges	Terpios gelatinosus
5705c8ce9a015d2b81ef9ce8fbe75a6a	gi|1133566561|gb|KX601197.1|	96.721	100	3.61e-139	305	1931084	Protosuberites mereui	sponges	Protosuberites mereui
c3608ecc2d89666e4adf6411fd60e23e	gi|2518065039|gb|OR126051.1|	98.689	100	3.56e-149	305	3053599	Protosuberites sp.	sponges	Protosuberites sp.
c3608ecc2d89666e4adf6411fd60e23e	gi|1133566575|gb|KX601204.1|	98.689	100	3.56e-149	305	1931082	Protosuberites sp. ZMAPOR18657	sponges	Protosuberites sp. ZMAPOR18657
c3608ecc2d89666e4adf6411fd60e23e	gi|2737587456|gb|PP851912.1|	97.377	100	1.67e-142	305	3053599	Protosuberites sp.	sponges	Protosuberites sp.
c3608ecc2d89666e4adf6411fd60e23e	gi|1133566571|gb|KX601202.1|	97.377	100	1.67e-142	305	1931084	Protosuberites mereui	sponges	Protosuberites mereui
c3608ecc2d89666e4adf6411fd60e23e	gi|1133566563|gb|KX601198.1|	97.377	100	1.67e-142	305	1931084	Protosuberites mereui	sponges	Protosuberites mereui
c3608ecc2d89666e4adf6411fd60e23e	gi|1843765592|gb|MT491670.1|	97.049	100	7.77e-141	305	2737321	Homaxinella sp. 1 PRT-2020	sponges	Homaxinella sp. 1 PRT-2020
c3608ecc2d89666e4adf6411fd60e23e	gi|1843765590|gb|MT491669.1|	97.049	100	7.77e-141	305	2737321	Homaxinella sp. 1 PRT-2020	sponges	Homaxinella sp. 1 PRT-2020
c3608ecc2d89666e4adf6411fd60e23e	gi|1682790086|gb|MG825741.1|	97.049	100	7.77e-141	305	2075534	Protosuberites sp. MN-2018	sponges	Protosuberites sp. MN-2018
c3608ecc2d89666e4adf6411fd60e23e	gi|1249141410|gb|KX866738.1|	97.049	100	7.77e-141	305	1336888	Terpios gelatinosus	sponges	Terpios gelatinosus
c3608ecc2d89666e4adf6411fd60e23e	gi|1133566561|gb|KX601197.1|	97.049	100	7.77e-141	305	1931084	Protosuberites mereui	sponges	Protosuberites mereui
8e811a5d7c56566186269748484a0729	gi|2737587456|gb|PP851912.1|	97.377	100	1.67e-142	305	3053599	Protosuberites sp.	sponges	Protosuberites sp.
8e811a5d7c56566186269748484a0729	gi|1133566553|gb|KX601193.1|	97.377	100	1.67e-142	305	283546	Protosuberites denhartogi	sponges	Protosuberites denhartogi
8e811a5d7c56566186269748484a0729	gi|1843765602|gb|MT491675.1|	97.049	100	7.77e-141	305	2737395	Didiscus cf. placospongioides G3833	sponges	Didiscus cf. placospongioides G3833
8e811a5d7c56566186269748484a0729	gi|1843765592|gb|MT491670.1|	97.049	100	7.77e-141	305	2737321	Homaxinella sp. 1 PRT-2020	sponges	Homaxinella sp. 1 PRT-2020
8e811a5d7c56566186269748484a0729	gi|1843765590|gb|MT491669.1|	97.049	100	7.77e-141	305	2737321	Homaxinella sp. 1 PRT-2020	sponges	Homaxinella sp. 1 PRT-2020
8e811a5d7c56566186269748484a0729	gi|1133566551|gb|KX601192.1|	97.049	100	7.77e-141	305	283546	Protosuberites denhartogi	sponges	Protosuberites denhartogi
8e811a5d7c56566186269748484a0729	gi|1843765260|gb|MT491504.1|	96.721	100	3.61e-139	305	2737351	Pseudosuberites sp. 1 PRT-2020	sponges	Pseudosuberites sp. 1 PRT-2020
8e811a5d7c56566186269748484a0729	gi|2518065039|gb|OR126051.1|	96.721	100	3.61e-139	305	3053599	Protosuberites sp.	sponges	Protosuberites sp.
8e811a5d7c56566186269748484a0729	gi|2441553066|gb|OM628824.1|	96.721	100	3.61e-139	305	3023849	Protosuberites sp. LAR-181204-8156,8159,8160	sponges	Protosuberites sp. LAR-181204-8156,8159,8160
8e811a5d7c56566186269748484a0729	gi|2432606280|gb|OM436223.1|	96.721	100	3.61e-139	305	3023850	Protosuberites sp. LAR-180424-4583,4584	sponges	Protosuberites sp. LAR-180424-4583,4584
2a3913e1c1b29c60b5684a0098c49473	gi|2737587456|gb|PP851912.1|	97.705	100	3.59e-144	305	3053599	Protosuberites sp.	sponges	Protosuberites sp.
2a3913e1c1b29c60b5684a0098c49473	gi|1843765592|gb|MT491670.1|	97.377	100	1.67e-142	305	2737321	Homaxinella sp. 1 PRT-2020	sponges	Homaxinella sp. 1 PRT-2020
2a3913e1c1b29c60b5684a0098c49473	gi|1843765590|gb|MT491669.1|	97.377	100	1.67e-142	305	2737321	Homaxinella sp. 1 PRT-2020	sponges	Homaxinella sp. 1 PRT-2020
2a3913e1c1b29c60b5684a0098c49473	gi|1133566544|gb|KX601188.1|	97.377	100	1.67e-142	305	1931081	Protosuberites ectyoninus	sponges	Protosuberites ectyoninus
2a3913e1c1b29c60b5684a0098c49473	gi|1249141410|gb|KX866738.1|	97.049	100	7.77e-141	305	1336888	Terpios gelatinosus	sponges	Terpios gelatinosus
2a3913e1c1b29c60b5684a0098c49473	gi|1843765602|gb|MT491675.1|	96.721	100	3.61e-139	305	2737395	Didiscus cf. placospongioides G3833	sponges	Didiscus cf. placospongioides G3833
2a3913e1c1b29c60b5684a0098c49473	gi|1843765260|gb|MT491504.1|	96.721	100	3.61e-139	305	2737351	Pseudosuberites sp. 1 PRT-2020	sponges	Pseudosuberites sp. 1 PRT-2020
2a3913e1c1b29c60b5684a0098c49473	gi|2518065039|gb|OR126051.1|	96.721	100	3.61e-139	305	3053599	Protosuberites sp.	sponges	Protosuberites sp.
2a3913e1c1b29c60b5684a0098c49473	gi|2441553066|gb|OM628824.1|	96.721	100	3.61e-139	305	3023849	Protosuberites sp. LAR-181204-8156,8159,8160	sponges	Protosuberites sp. LAR-181204-8156,8159,8160
2a3913e1c1b29c60b5684a0098c49473	gi|2432606280|gb|OM436223.1|	96.721	100	3.61e-139	305	3023850	Protosuberites sp. LAR-180424-4583,4584	sponges	Protosuberites sp. LAR-180424-4583,4584
dba8b8343d9df3f09a11178388d1b61b	gi|1535792319|ref|NC_040168.1|	91.148	100	1.23e-103	305	6063	Halichondria panicea	sponges	Halichondria panicea
dba8b8343d9df3f09a11178388d1b61b	gi|2432606332|gb|OM436249.1|	91.148	100	1.23e-103	305	6063	Halichondria panicea	sponges	Halichondria panicea
dba8b8343d9df3f09a11178388d1b61b	gi|2432606330|gb|OM436248.1|	91.148	100	1.23e-103	305	6063;3151551	Halichondria panicea	sponges	Halichondria panicea
dba8b8343d9df3f09a11178388d1b61b	gi|2432606290|gb|OM436228.1|	91.148	100	1.23e-103	305	6063	Halichondria panicea	sponges	Halichondria panicea
dba8b8343d9df3f09a11178388d1b61b	gi|2061149116|gb|MZ487258.1|	91.148	100	1.23e-103	305	6063	Halichondria panicea	sponges	Halichondria panicea
dba8b8343d9df3f09a11178388d1b61b	gi|2061149104|gb|MZ487254.1|	91.148	100	1.23e-103	305	6063	Halichondria panicea	sponges	Halichondria panicea
dba8b8343d9df3f09a11178388d1b61b	gi|2061149077|gb|MZ487245.1|	91.148	100	1.23e-103	305	6063	Halichondria panicea	sponges	Halichondria panicea
dba8b8343d9df3f09a11178388d1b61b	gi|2061149074|gb|MZ487244.1|	91.148	100	1.23e-103	305	6063	Halichondria panicea	sponges	Halichondria panicea
dba8b8343d9df3f09a11178388d1b61b	gi|2061148329|gb|MZ486935.1|	91.148	100	1.23e-103	305	6063	Halichondria panicea	sponges	Halichondria panicea
dba8b8343d9df3f09a11178388d1b61b	gi|2868138883|gb|PQ739936.1|	90.820	100	1.60e-102	305	3151551	Halichondria sp.	sponges	Halichondria sp.
342902d3f0037586f035d6f38dbf2b3b	gi|1321068866|gb|KY492588.1|	99.344	100	1.65e-152	305	6063	Halichondria panicea	sponges	Halichondria panicea
342902d3f0037586f035d6f38dbf2b3b	gi|2061149140|gb|MZ487266.1|	99.344	100	1.65e-152	305	6063	Halichondria panicea	sponges	Halichondria panicea
342902d3f0037586f035d6f38dbf2b3b	gi|2037095143|gb|MN448237.1|	99.344	100	1.65e-152	305	6063	Halichondria panicea	sponges	Halichondria panicea
342902d3f0037586f035d6f38dbf2b3b	gi|1514866435|gb|MH756604.1|	99.016	100	7.66e-151	305	6063	Halichondria panicea	sponges	Halichondria panicea
342902d3f0037586f035d6f38dbf2b3b	gi|1535792319|ref|NC_040168.1|	98.689	100	3.56e-149	305	6063	Halichondria panicea	sponges	Halichondria panicea
342902d3f0037586f035d6f38dbf2b3b	gi|2432606332|gb|OM436249.1|	98.689	100	3.56e-149	305	6063	Halichondria panicea	sponges	Halichondria panicea
342902d3f0037586f035d6f38dbf2b3b	gi|2432606330|gb|OM436248.1|	98.689	100	3.56e-149	305	6063;3151551	Halichondria panicea	sponges	Halichondria panicea
342902d3f0037586f035d6f38dbf2b3b	gi|2432606290|gb|OM436228.1|	98.689	100	3.56e-149	305	6063	Halichondria panicea	sponges	Halichondria panicea
342902d3f0037586f035d6f38dbf2b3b	gi|2061149104|gb|MZ487254.1|	98.689	100	3.56e-149	305	6063	Halichondria panicea	sponges	Halichondria panicea
342902d3f0037586f035d6f38dbf2b3b	gi|2061148307|gb|MZ486924.1|	98.689	100	3.56e-149	305	6063	Halichondria panicea	sponges	Halichondria panicea
3cc70790e8b09c5be2ef737ba3659901	gi|1535792319|ref|NC_040168.1|	100.000	100	7.61e-156	305	6063	Halichondria panicea	sponges	Halichondria panicea
3cc70790e8b09c5be2ef737ba3659901	gi|2432606332|gb|OM436249.1|	100.000	100	7.61e-156	305	6063	Halichondria panicea	sponges	Halichondria panicea
3cc70790e8b09c5be2ef737ba3659901	gi|2432606330|gb|OM436248.1|	100.000	100	7.61e-156	305	6063;3151551	Halichondria panicea	sponges	Halichondria panicea
3cc70790e8b09c5be2ef737ba3659901	gi|2432606290|gb|OM436228.1|	100.000	100	7.61e-156	305	6063	Halichondria panicea	sponges	Halichondria panicea
3cc70790e8b09c5be2ef737ba3659901	gi|2061149104|gb|MZ487254.1|	100.000	100	7.61e-156	305	6063	Halichondria panicea	sponges	Halichondria panicea
3cc70790e8b09c5be2ef737ba3659901	gi|2061148307|gb|MZ486924.1|	100.000	100	7.61e-156	305	6063	Halichondria panicea	sponges	Halichondria panicea
3cc70790e8b09c5be2ef737ba3659901	gi|512764451|gb|KC869423.1|	100.000	100	7.61e-156	305	6063	Halichondria panicea	sponges	Halichondria panicea
3cc70790e8b09c5be2ef737ba3659901	gi|2868138883|gb|PQ739936.1|	99.672	100	9.84e-155	305	3151551	Halichondria sp.	sponges	Halichondria sp.
3cc70790e8b09c5be2ef737ba3659901	gi|1514866435|gb|MH756604.1|	99.672	100	3.54e-154	305	6063	Halichondria panicea	sponges	Halichondria panicea
3cc70790e8b09c5be2ef737ba3659901	gi|2621717725|emb|OY776077.1|	99.673	100	3.54e-154	306	6063	Halichondria panicea	sponges	Halichondria panicea
b9247710814f2a113de0b53e6e208feb	gi|2518065039|gb|OR126051.1|	96.721	100	3.61e-139	305	3053599	Protosuberites sp.	sponges	Protosuberites sp.
b9247710814f2a113de0b53e6e208feb	gi|1514866435|gb|MH756604.1|	96.393	100	1.68e-137	305	6063	Halichondria panicea	sponges	Halichondria panicea
b9247710814f2a113de0b53e6e208feb	gi|1133566575|gb|KX601204.1|	96.393	100	1.68e-137	305	1931082	Protosuberites sp. ZMAPOR18657	sponges	Protosuberites sp. ZMAPOR18657
b9247710814f2a113de0b53e6e208feb	gi|1535792319|ref|NC_040168.1|	96.066	100	7.82e-136	305	6063	Halichondria panicea	sponges	Halichondria panicea
b9247710814f2a113de0b53e6e208feb	gi|1321068866|gb|KY492588.1|	96.066	100	7.82e-136	305	6063	Halichondria panicea	sponges	Halichondria panicea
b9247710814f2a113de0b53e6e208feb	gi|2432606332|gb|OM436249.1|	96.066	100	7.82e-136	305	6063	Halichondria panicea	sponges	Halichondria panicea
b9247710814f2a113de0b53e6e208feb	gi|2432606330|gb|OM436248.1|	96.066	100	7.82e-136	305	6063;3151551	Halichondria panicea	sponges	Halichondria panicea
b9247710814f2a113de0b53e6e208feb	gi|2432606290|gb|OM436228.1|	96.066	100	7.82e-136	305	6063	Halichondria panicea	sponges	Halichondria panicea
b9247710814f2a113de0b53e6e208feb	gi|1133566571|gb|KX601202.1|	96.066	100	7.82e-136	305	1931084	Protosuberites mereui	sponges	Protosuberites mereui
b9247710814f2a113de0b53e6e208feb	gi|1133566563|gb|KX601198.1|	96.066	100	7.82e-136	305	1931084	Protosuberites mereui	sponges	Protosuberites mereui
e9fef9b89d32d691d297392f81aae4a8	gi|2248495830|ref|NC_063456.1|	90.164	100	8.16e-106	305	303402	Nitzschia dissipata	diatoms	Nitzschia dissipata
279b9d230a6069c159ce28dcabb35a9c	gi|2248495830|ref|NC_063456.1|	90.820	100	3.77e-109	305	303402	Nitzschia dissipata	diatoms	Nitzschia dissipata
e91655ba532fafbfd296bc0181fd4deb	gi|2076000669|gb|MW861541.1|	90.690	95	1.77e-102	290	2914906	Pleurosigma sp. mgcode 4	diatoms	Pleurosigma sp. mgcode 4
5fc2297d5c57441fd959f04dbf7d5c6c	gi|310690180|gb|HQ317076.1|	90.000	98	1.77e-102	300	908857	Navicula sp. BOLD:AAO6950	diatoms	Navicula sp. BOLD:AAO6950
3c1727ca1143aba906b4f75f3d691bb4	gi|2172612263|ref|NC_059753.1|	91.148	100	8.11e-111	305	2819025	Pleurosigma inscriptura	diatoms	Pleurosigma inscriptura
3c1727ca1143aba906b4f75f3d691bb4	gi|2076000669|gb|MW861541.1|	90.635	98	8.16e-106	299	2914906	Pleurosigma sp. mgcode 4	diatoms	Pleurosigma sp. mgcode 4
a58ec405e6b7a4de852ea8a278645179	gi|310690170|gb|HQ317071.1|	90.164	100	8.16e-106	305	138538	Navicula cryptocephala	diatoms	Navicula cryptocephala
845ff7382316fbd9e3fd24620c8e112f	gi|310690170|gb|HQ317071.1|	91.638	94	8.16e-106	287	138538	Navicula cryptocephala	diatoms	Navicula cryptocephala
55964c5448552bcfeb7e83f562106b1a	gi|310690170|gb|HQ317071.1|	91.638	94	8.16e-106	287	138538	Navicula cryptocephala	diatoms	Navicula cryptocephala
b68e3059e9bdb941ecda39a1bd5d8ba3	gi|2076000669|gb|MW861541.1|	91.148	100	8.11e-111	305	2914906	Pleurosigma sp. mgcode 4	diatoms	Pleurosigma sp. mgcode 4
b68e3059e9bdb941ecda39a1bd5d8ba3	gi|2172612263|ref|NC_059753.1|	91.639	98	8.11e-111	299	2819025	Pleurosigma inscriptura	diatoms	Pleurosigma inscriptura
eeeb60bf4263e52b19333e4d8f8976d9	gi|2076000669|gb|MW861541.1|	90.820	100	3.77e-109	305	2914906	Pleurosigma sp. mgcode 4	diatoms	Pleurosigma sp. mgcode 4
eeeb60bf4263e52b19333e4d8f8976d9	gi|2172612263|ref|NC_059753.1|	91.304	98	3.77e-109	299	2819025	Pleurosigma inscriptura	diatoms	Pleurosigma inscriptura
786efb42844a2bc1fb68949f62b87641	gi|2076000669|gb|MW861541.1|	99.672	100	3.54e-154	305	2914906	Pleurosigma sp. mgcode 4	diatoms	Pleurosigma sp. mgcode 4
786efb42844a2bc1fb68949f62b87641	gi|2172612263|ref|NC_059753.1|	91.639	98	8.11e-111	299	2819025	Pleurosigma inscriptura	diatoms	Pleurosigma inscriptura
048d7b63d5050ad09b432992143309cd	gi|2076000669|gb|MW861541.1|	94.098	100	7.94e-126	305	2914906	Pleurosigma sp. mgcode 4	diatoms	Pleurosigma sp. mgcode 4
048d7b63d5050ad09b432992143309cd	gi|2172612263|ref|NC_059753.1|	92.905	97	8.05e-116	296	2819025	Pleurosigma inscriptura	diatoms	Pleurosigma inscriptura
0c06e2e0f367d5ee99e8d9d4a72fc26d	gi|2076000669|gb|MW861541.1|	91.304	98	3.77e-109	299	2914906	Pleurosigma sp. mgcode 4	diatoms	Pleurosigma sp. mgcode 4
b1c543aa90126ff41291f809b3867920	gi|590124141|gb|KF453982.1|	100.000	98	4.58e-153	300	1470272	Asterionellopsis maritima	diatoms	Asterionellopsis maritima
b1c543aa90126ff41291f809b3867920	gi|590124137|gb|KF453980.1|	91.333	98	1.05e-109	300	1470270	Asterionellopsis lenisilicea	diatoms	Asterionellopsis lenisilicea
b1c543aa90126ff41291f809b3867920	gi|590124139|gb|KF453981.1|	91.000	98	4.88e-108	300	1470270	Asterionellopsis lenisilicea	diatoms	Asterionellopsis lenisilicea
a2ad2222aae8a45c0ba00de78380123c	gi|499166413|gb|KC732418.1|	90.164	100	8.16e-106	305	1301311	zooplankton environmental sample	eukaryotes	zooplankton environmental sample
a2ad2222aae8a45c0ba00de78380123c	gi|1102548834|ref|NC_031848.1|	90.244	94	3.82e-99	287	265559	Navicula ramosissima	diatoms	Navicula ramosissima
49bcc59082f40652efc46de5c64a9266	gi|310690182|gb|HQ317077.1|	90.066	99	3.80e-104	302	908858	Navicula sp. BOLD:AAO6951	diatoms	Navicula sp. BOLD:AAO6951
80f9942e9eaefa10972d201ad9527500	gi|2172612263|ref|NC_059753.1|	90.820	100	3.77e-109	305	2819025	Pleurosigma inscriptura	diatoms	Pleurosigma inscriptura
0161d73cb0498ed1ca7a5b8c74fd641c	gi|2172612263|ref|NC_059753.1|	90.820	100	3.77e-109	305	2819025	Pleurosigma inscriptura	diatoms	Pleurosigma inscriptura
a1ef69bbe8727dad09430fcabc72f592	gi|2172612263|ref|NC_059753.1|	91.475	100	1.74e-112	305	2819025	Pleurosigma inscriptura	diatoms	Pleurosigma inscriptura
a1ef69bbe8727dad09430fcabc72f592	gi|2076000669|gb|MW861541.1|	90.066	99	3.80e-104	302	2914906	Pleurosigma sp. mgcode 4	diatoms	Pleurosigma sp. mgcode 4
a03e56df5b96954b440c6689cf161a14	gi|2172612263|ref|NC_059753.1|	90.820	100	3.77e-109	305	2819025	Pleurosigma inscriptura	diatoms	Pleurosigma inscriptura
341f940a12f80608865b0702254e76b8	gi|2172612263|ref|NC_059753.1|	90.820	100	3.77e-109	305	2819025	Pleurosigma inscriptura	diatoms	Pleurosigma inscriptura
e394490b990fb11389788d1251de4a55	gi|2172612263|ref|NC_059753.1|	91.148	100	8.11e-111	305	2819025	Pleurosigma inscriptura	diatoms	Pleurosigma inscriptura
dedc977c517b5f38252a1aac4ed149da	gi|2172612263|ref|NC_059753.1|	90.164	100	8.16e-106	305	2819025	Pleurosigma inscriptura	diatoms	Pleurosigma inscriptura
6c5babb33993d4aa01422adb4ab193d6	gi|2172612263|ref|NC_059753.1|	90.492	100	1.75e-107	305	2819025	Pleurosigma inscriptura	diatoms	Pleurosigma inscriptura
27cc26dcf65176d2811039f597f02717	gi|746001744|ref|NC_026126.1|	90.397	99	8.16e-106	302	1577906	Berkeleya fennica	diatoms	Berkeleya fennica
09d888b0c8634563abe6f649397d4bdb	gi|590124139|gb|KF453981.1|	100.000	98	4.58e-153	300	1470270	Asterionellopsis lenisilicea	diatoms	Asterionellopsis lenisilicea
09d888b0c8634563abe6f649397d4bdb	gi|590124137|gb|KF453980.1|	99.667	98	2.13e-151	300	1470270	Asterionellopsis lenisilicea	diatoms	Asterionellopsis lenisilicea
09d888b0c8634563abe6f649397d4bdb	gi|590124141|gb|KF453982.1|	91.000	98	4.88e-108	300	1470272	Asterionellopsis maritima	diatoms	Asterionellopsis maritima
c8a1dfb6e09138c979f99245cf8e55e6	gi|590124137|gb|KF453980.1|	100.000	98	4.58e-153	300	1470270	Asterionellopsis lenisilicea	diatoms	Asterionellopsis lenisilicea
c8a1dfb6e09138c979f99245cf8e55e6	gi|590124139|gb|KF453981.1|	99.667	98	2.13e-151	300	1470270	Asterionellopsis lenisilicea	diatoms	Asterionellopsis lenisilicea
c8a1dfb6e09138c979f99245cf8e55e6	gi|590124141|gb|KF453982.1|	91.333	98	1.05e-109	300	1470272	Asterionellopsis maritima	diatoms	Asterionellopsis maritima
a0b56c2c409be45a5cd7959f04ae1fbe	gi|2088232805|ref|NC_056793.1|	90.066	99	3.80e-104	302	138539	Navicula veneta	diatoms	Navicula veneta
a0b56c2c409be45a5cd7959f04ae1fbe	gi|310690170|gb|HQ317071.1|	90.066	99	3.80e-104	302	138538	Navicula cryptocephala	diatoms	Navicula cryptocephala
9046f8adbf7d337f9dcded9408603b39	gi|310690170|gb|HQ317071.1|	90.066	99	3.80e-104	302	138538	Navicula cryptocephala	diatoms	Navicula cryptocephala
3e2062a02fa8cc76d4dd82c5bfc5d2ce	gi|918464182|gb|KT257401.1|	92.787	100	3.72e-119	305	485446	Myzocytiopsis sp. venatrix	oomycetes	Myzocytiopsis sp. venatrix
3e2062a02fa8cc76d4dd82c5bfc5d2ce	gi|918464160|gb|KT257390.1|	92.787	100	3.72e-119	305	485446	Myzocytiopsis sp. venatrix	oomycetes	Myzocytiopsis sp. venatrix
3e2062a02fa8cc76d4dd82c5bfc5d2ce	gi|1883777109|gb|MT222699.1|	92.131	100	8.05e-116	305	65070	Pythium aphanidermatum	oomycetes	Pythium aphanidermatum
3e2062a02fa8cc76d4dd82c5bfc5d2ce	gi|1229861940|gb|KY788491.1|	91.803	100	3.74e-114	305	2025989	Nothophytophthora caduca	downy mildews	Nothophytophthora caduca
3e2062a02fa8cc76d4dd82c5bfc5d2ce	gi|1229861938|gb|KY788490.1|	91.803	100	3.74e-114	305	2025989	Nothophytophthora caduca	downy mildews	Nothophytophthora caduca
3e2062a02fa8cc76d4dd82c5bfc5d2ce	gi|1229861928|gb|KY788485.1|	91.803	100	3.74e-114	305	2025989	Nothophytophthora caduca	downy mildews	Nothophytophthora caduca
3e2062a02fa8cc76d4dd82c5bfc5d2ce	gi|1229861926|gb|KY788484.1|	91.803	100	3.74e-114	305	2025989	Nothophytophthora caduca	downy mildews	Nothophytophthora caduca
3e2062a02fa8cc76d4dd82c5bfc5d2ce	gi|1229861924|gb|KY788483.1|	91.803	100	3.74e-114	305	2025989	Nothophytophthora caduca	downy mildews	Nothophytophthora caduca
3e2062a02fa8cc76d4dd82c5bfc5d2ce	gi|1470016356|gb|MG701951.1|	91.148	100	8.11e-111	305	2025989	Nothophytophthora caduca	downy mildews	Nothophytophthora caduca
3e2062a02fa8cc76d4dd82c5bfc5d2ce	gi|1470016344|gb|MG701948.1|	91.148	100	8.11e-111	305	2025989	Nothophytophthora caduca	downy mildews	Nothophytophthora caduca
0a6303df48ffe9e0b0ab3df4f83cb0ab	gi|2813228388|dbj|LC754337.1|	91.176	100	8.11e-111	306	935871	Aphanomyces salsuginosus	oomycetes	Aphanomyces salsuginosus
0a6303df48ffe9e0b0ab3df4f83cb0ab	gi|2813228392|dbj|LC754339.1|	90.850	100	3.77e-109	306	3028233	Aphanomyces cf. keratinophilus	oomycetes	Aphanomyces cf. keratinophilus
0a6303df48ffe9e0b0ab3df4f83cb0ab	gi|320336087|gb|HQ708195.1|	90.850	100	3.77e-109	306	112092	Aphanomyces laevis	oomycetes	Aphanomyces laevis
0a6303df48ffe9e0b0ab3df4f83cb0ab	gi|320336059|gb|HQ708181.1|	90.820	100	3.77e-109	305	944587	Achlya sparrowii	oomycetes	Achlya sparrowii
0a6303df48ffe9e0b0ab3df4f83cb0ab	gi|320336023|gb|HQ708163.1|	90.820	100	3.77e-109	305	112079	Achlya colorata	oomycetes	Achlya colorata
0a6303df48ffe9e0b0ab3df4f83cb0ab	gi|1111669722|ref|NC_032051.1|	90.523	100	1.75e-107	306	112090	Aphanomyces astaci	oomycetes	Aphanomyces astaci
0a6303df48ffe9e0b0ab3df4f83cb0ab	gi|320337741|gb|HQ709022.1|	90.728	99	1.75e-107	302	120416	Saprolegnia eccentrica	oomycetes	Saprolegnia eccentrica
0a6303df48ffe9e0b0ab3df4f83cb0ab	gi|320336061|gb|HQ708182.1|	90.492	100	1.75e-107	305	1618013	Newbya spinosa	oomycetes	Newbya spinosa
0a6303df48ffe9e0b0ab3df4f83cb0ab	gi|320337807|gb|HQ709055.1|	90.164	100	8.16e-106	305	334529	Saprolegnia turfosa	oomycetes	Saprolegnia turfosa
0a6303df48ffe9e0b0ab3df4f83cb0ab	gi|320337805|gb|HQ709054.1|	90.164	100	8.16e-106	305	334529	Saprolegnia turfosa	oomycetes	Saprolegnia turfosa
d8af7196a6f151875566f81bbcbb3f36	gi|2460634927|gb|OQ644558.1|	90.667	98	8.16e-106	300	2812786	Temora sp.	crustaceans	Temora sp.
de9414aa70986c925ea51d2724dc8903	gi|1876161349|gb|MT228925.1|	98.361	100	1.66e-147	305	2754053	Vexillifera sp. AKu-2020a	eukaryotes	Vexillifera sp. AKu-2020a
de9414aa70986c925ea51d2724dc8903	gi|1876161346|gb|MT228924.1|	98.361	100	1.66e-147	305	2754053	Vexillifera sp. AKu-2020a	eukaryotes	Vexillifera sp. AKu-2020a
de9414aa70986c925ea51d2724dc8903	gi|1876161344|gb|MT228923.1|	96.721	100	3.61e-139	305	2754053	Vexillifera sp. AKu-2020a	eukaryotes	Vexillifera sp. AKu-2020a
57ca6cf6094d48140563af88511a0d33	gi|1876161349|gb|MT228925.1|	98.689	100	3.56e-149	305	2754053	Vexillifera sp. AKu-2020a	eukaryotes	Vexillifera sp. AKu-2020a
57ca6cf6094d48140563af88511a0d33	gi|1876161346|gb|MT228924.1|	98.689	100	3.56e-149	305	2754053	Vexillifera sp. AKu-2020a	eukaryotes	Vexillifera sp. AKu-2020a
57ca6cf6094d48140563af88511a0d33	gi|1876161344|gb|MT228923.1|	97.049	100	7.77e-141	305	2754053	Vexillifera sp. AKu-2020a	eukaryotes	Vexillifera sp. AKu-2020a
5c0613f0e6a3499e2c9201c2d93d996f	gi|1876161349|gb|MT228925.1|	99.016	100	7.66e-151	305	2754053	Vexillifera sp. AKu-2020a	eukaryotes	Vexillifera sp. AKu-2020a
5c0613f0e6a3499e2c9201c2d93d996f	gi|1876161346|gb|MT228924.1|	99.016	100	7.66e-151	305	2754053	Vexillifera sp. AKu-2020a	eukaryotes	Vexillifera sp. AKu-2020a
5c0613f0e6a3499e2c9201c2d93d996f	gi|1876161344|gb|MT228923.1|	97.377	100	1.67e-142	305	2754053	Vexillifera sp. AKu-2020a	eukaryotes	Vexillifera sp. AKu-2020a
20910656a5ed2d61ff7973e3e38acb6b	gi|1876161349|gb|MT228925.1|	99.672	100	3.54e-154	305	2754053	Vexillifera sp. AKu-2020a	eukaryotes	Vexillifera sp. AKu-2020a
20910656a5ed2d61ff7973e3e38acb6b	gi|1876161346|gb|MT228924.1|	99.672	100	3.54e-154	305	2754053	Vexillifera sp. AKu-2020a	eukaryotes	Vexillifera sp. AKu-2020a
20910656a5ed2d61ff7973e3e38acb6b	gi|1876161344|gb|MT228923.1|	98.033	100	7.71e-146	305	2754053	Vexillifera sp. AKu-2020a	eukaryotes	Vexillifera sp. AKu-2020a
a6dfe68f2b99b6aa71ab61dc5710e9b5	gi|1876161349|gb|MT228925.1|	96.066	100	7.82e-136	305	2754053	Vexillifera sp. AKu-2020a	eukaryotes	Vexillifera sp. AKu-2020a
a6dfe68f2b99b6aa71ab61dc5710e9b5	gi|1876161346|gb|MT228924.1|	96.066	100	7.82e-136	305	2754053	Vexillifera sp. AKu-2020a	eukaryotes	Vexillifera sp. AKu-2020a
a6dfe68f2b99b6aa71ab61dc5710e9b5	gi|1876161344|gb|MT228923.1|	94.426	100	1.71e-127	305	2754053	Vexillifera sp. AKu-2020a	eukaryotes	Vexillifera sp. AKu-2020a
f6b5d6a6391b74afdd8d82c48964cec2	gi|1876161349|gb|MT228925.1|	96.393	100	1.68e-137	305	2754053	Vexillifera sp. AKu-2020a	eukaryotes	Vexillifera sp. AKu-2020a
f6b5d6a6391b74afdd8d82c48964cec2	gi|1876161346|gb|MT228924.1|	96.393	100	1.68e-137	305	2754053	Vexillifera sp. AKu-2020a	eukaryotes	Vexillifera sp. AKu-2020a
f6b5d6a6391b74afdd8d82c48964cec2	gi|1876161344|gb|MT228923.1|	94.754	100	3.67e-129	305	2754053	Vexillifera sp. AKu-2020a	eukaryotes	Vexillifera sp. AKu-2020a
04e455cc2fe6ac6842f885ef5f7a4074	gi|1876161349|gb|MT228925.1|	95.082	100	7.88e-131	305	2754053	Vexillifera sp. AKu-2020a	eukaryotes	Vexillifera sp. AKu-2020a
04e455cc2fe6ac6842f885ef5f7a4074	gi|1876161346|gb|MT228924.1|	95.082	100	7.88e-131	305	2754053	Vexillifera sp. AKu-2020a	eukaryotes	Vexillifera sp. AKu-2020a
04e455cc2fe6ac6842f885ef5f7a4074	gi|1876161344|gb|MT228923.1|	93.443	100	1.72e-122	305	2754053	Vexillifera sp. AKu-2020a	eukaryotes	Vexillifera sp. AKu-2020a
ef44fb6a376f96f10cf12605c79e52dc	gi|1450114847|gb|MH349024.1|	99.344	100	1.65e-152	305	2301597	Vexillifera abyssalis	eukaryotes	Vexillifera abyssalis
ef44fb6a376f96f10cf12605c79e52dc	gi|1450114853|gb|MH349027.1|	99.016	100	7.66e-151	305	2301597	Vexillifera abyssalis	eukaryotes	Vexillifera abyssalis
ef44fb6a376f96f10cf12605c79e52dc	gi|1450114851|gb|MH349026.1|	99.016	100	7.66e-151	305	2301597	Vexillifera abyssalis	eukaryotes	Vexillifera abyssalis
ef44fb6a376f96f10cf12605c79e52dc	gi|1450114849|gb|MH349025.1|	99.338	99	7.66e-151	302	2301597	Vexillifera abyssalis	eukaryotes	Vexillifera abyssalis
d4d225ff9620eedb8af3a752f6692705	gi|1450114847|gb|MH349024.1|	99.672	100	3.54e-154	305	2301597	Vexillifera abyssalis	eukaryotes	Vexillifera abyssalis
d4d225ff9620eedb8af3a752f6692705	gi|1450114853|gb|MH349027.1|	99.344	100	1.65e-152	305	2301597	Vexillifera abyssalis	eukaryotes	Vexillifera abyssalis
d4d225ff9620eedb8af3a752f6692705	gi|1450114851|gb|MH349026.1|	99.344	100	1.65e-152	305	2301597	Vexillifera abyssalis	eukaryotes	Vexillifera abyssalis
d4d225ff9620eedb8af3a752f6692705	gi|1450114849|gb|MH349025.1|	99.669	99	1.65e-152	302	2301597	Vexillifera abyssalis	eukaryotes	Vexillifera abyssalis
6d348a326294101435516fad96adb621	gi|1450114847|gb|MH349024.1|	100.000	100	7.61e-156	305	2301597	Vexillifera abyssalis	eukaryotes	Vexillifera abyssalis
6d348a326294101435516fad96adb621	gi|1450114853|gb|MH349027.1|	99.672	100	3.54e-154	305	2301597	Vexillifera abyssalis	eukaryotes	Vexillifera abyssalis
6d348a326294101435516fad96adb621	gi|1450114851|gb|MH349026.1|	99.672	100	3.54e-154	305	2301597	Vexillifera abyssalis	eukaryotes	Vexillifera abyssalis
6d348a326294101435516fad96adb621	gi|1450114849|gb|MH349025.1|	100.000	99	3.54e-154	302	2301597	Vexillifera abyssalis	eukaryotes	Vexillifera abyssalis
629f76ed78f7bcc7b04654230d535a0b	gi|1450114847|gb|MH349024.1|	99.344	100	1.65e-152	305	2301597	Vexillifera abyssalis	eukaryotes	Vexillifera abyssalis
629f76ed78f7bcc7b04654230d535a0b	gi|1450114853|gb|MH349027.1|	99.016	100	7.66e-151	305	2301597	Vexillifera abyssalis	eukaryotes	Vexillifera abyssalis
629f76ed78f7bcc7b04654230d535a0b	gi|1450114851|gb|MH349026.1|	99.016	100	7.66e-151	305	2301597	Vexillifera abyssalis	eukaryotes	Vexillifera abyssalis
629f76ed78f7bcc7b04654230d535a0b	gi|1450114849|gb|MH349025.1|	99.338	99	7.66e-151	302	2301597	Vexillifera abyssalis	eukaryotes	Vexillifera abyssalis
4750e97a06dbc6293829413590ec0d90	gi|381423476|gb|JN638037.1|	100.000	100	7.61e-156	305	1167875	Squamamoeba japonica	eukaryotes	Squamamoeba japonica
4750e97a06dbc6293829413590ec0d90	gi|381423472|gb|JN638035.1|	100.000	100	7.61e-156	305	1167875	Squamamoeba japonica	eukaryotes	Squamamoeba japonica
4750e97a06dbc6293829413590ec0d90	gi|381423468|gb|JN638033.1|	100.000	100	7.61e-156	305	1167875	Squamamoeba japonica	eukaryotes	Squamamoeba japonica
4750e97a06dbc6293829413590ec0d90	gi|381423474|gb|JN638036.1|	99.672	100	3.54e-154	305	1167875	Squamamoeba japonica	eukaryotes	Squamamoeba japonica
4750e97a06dbc6293829413590ec0d90	gi|381423470|gb|JN638034.1|	99.670	99	4.58e-153	303	1167875	Squamamoeba japonica	eukaryotes	Squamamoeba japonica
c1b4791f8ab7f8a2c87a3568faa78df1	gi|381423476|gb|JN638037.1|	99.344	100	1.65e-152	305	1167875	Squamamoeba japonica	eukaryotes	Squamamoeba japonica
c1b4791f8ab7f8a2c87a3568faa78df1	gi|381423472|gb|JN638035.1|	99.344	100	1.65e-152	305	1167875	Squamamoeba japonica	eukaryotes	Squamamoeba japonica
c1b4791f8ab7f8a2c87a3568faa78df1	gi|381423468|gb|JN638033.1|	99.344	100	1.65e-152	305	1167875	Squamamoeba japonica	eukaryotes	Squamamoeba japonica
c1b4791f8ab7f8a2c87a3568faa78df1	gi|381423474|gb|JN638036.1|	99.016	100	7.66e-151	305	1167875	Squamamoeba japonica	eukaryotes	Squamamoeba japonica
c1b4791f8ab7f8a2c87a3568faa78df1	gi|381423470|gb|JN638034.1|	99.010	99	9.91e-150	303	1167875	Squamamoeba japonica	eukaryotes	Squamamoeba japonica
fb0db30a95acf5dcb8f4af17a8953ceb	gi|1876161349|gb|MT228925.1|	90.850	100	3.77e-109	306	2754053	Vexillifera sp. AKu-2020a	eukaryotes	Vexillifera sp. AKu-2020a
fb0db30a95acf5dcb8f4af17a8953ceb	gi|1876161346|gb|MT228924.1|	90.850	100	3.77e-109	306	2754053	Vexillifera sp. AKu-2020a	eukaryotes	Vexillifera sp. AKu-2020a
7616540368c63c2984ca7f46ff6e942c	gi|761380055|ref|NC_026452.1|	90.461	99	6.31e-107	304	529818	Thecamonas trahens	eukaryotes	Thecamonas trahens
4f7ac664aebda94b5fb48f149c1cd3dc	gi|761380055|ref|NC_026452.1|	90.461	99	6.31e-107	304	529818	Thecamonas trahens	eukaryotes	Thecamonas trahens
d46ec85285ccf9e6cc78b7ccf3c73353	gi|761380055|ref|NC_026452.1|	90.365	99	2.94e-105	301	529818	Thecamonas trahens	eukaryotes	Thecamonas trahens
f1d718da7a77ea511f8d09d37dd69121	gi|1876161349|gb|MT228925.1|	90.492	100	1.75e-107	305	2754053	Vexillifera sp. AKu-2020a	eukaryotes	Vexillifera sp. AKu-2020a
f1d718da7a77ea511f8d09d37dd69121	gi|1876161346|gb|MT228924.1|	90.492	100	1.75e-107	305	2754053	Vexillifera sp. AKu-2020a	eukaryotes	Vexillifera sp. AKu-2020a
1a7d85dc607fc82f403156b827c4bea9	gi|2629889131|gb|CP120465.1|	91.803	100	3.74e-114	305	1470871	Picochlorum sp. SENEW3	green algae	Picochlorum sp. SENEW3
08aaa914c9ecbfdc92f865f85e543308	gi|2629889131|gb|CP120465.1|	91.803	100	3.74e-114	305	1470871	Picochlorum sp. SENEW3	green algae	Picochlorum sp. SENEW3
cc5436beeabca609597fb37579cdb7ee	gi|2629889131|gb|CP120465.1|	92.131	100	8.05e-116	305	1470871	Picochlorum sp. SENEW3	green algae	Picochlorum sp. SENEW3
8e480b6d317c5bd78d42360771920fef	gi|2724824343|gb|PP746557.1|	96.078	100	7.82e-136	306	41300	Choricystis parasitica	green algae	Choricystis parasitica
8e480b6d317c5bd78d42360771920fef	gi|2531936450|emb|OY253665.1|	94.444	100	1.71e-127	306	3025909	Choricystis sp. odSpoLacu1	green algae	Choricystis sp. odSpoLacu1
6a6a83671efe98c0064698b82d6c3400	gi|2724824343|gb|PP746557.1|	95.425	100	1.69e-132	306	41300	Choricystis parasitica	green algae	Choricystis parasitica
6a6a83671efe98c0064698b82d6c3400	gi|2531936450|emb|OY253665.1|	93.791	100	3.69e-124	306	3025909	Choricystis sp. odSpoLacu1	green algae	Choricystis sp. odSpoLacu1
0ccf289cd56f90b8043b4b99d69370c6	gi|2724824343|gb|PP746557.1|	95.752	100	3.64e-134	306	41300	Choricystis parasitica	green algae	Choricystis parasitica
0ccf289cd56f90b8043b4b99d69370c6	gi|2531936450|emb|OY253665.1|	94.118	100	7.94e-126	306	3025909	Choricystis sp. odSpoLacu1	green algae	Choricystis sp. odSpoLacu1
c43ef5748acaa62bfb00cf570689228e	gi|283050937|gb|GU070933.1|	91.060	99	3.77e-109	302	693772	invertebrate environmental sample	animals	invertebrate environmental sample
c43ef5748acaa62bfb00cf570689228e	gi|257798975|gb|GQ844251.1|	91.060	99	3.77e-109	302	29204	Cyclotella cryptica	diatoms	Cyclotella cryptica
66da7258540617157370b53d4c1c907c	gi|257798975|gb|GQ844251.1|	90.397	99	8.16e-106	302	29204	Cyclotella cryptica	diatoms	Cyclotella cryptica
c09ad67bd58b2c93274d07e9ca7426e6	gi|257798975|gb|GQ844251.1|	90.728	99	1.75e-107	302	29204	Cyclotella cryptica	diatoms	Cyclotella cryptica
e67c7fb0520a0814e0ebe538d9c83a32	gi|257798975|gb|GQ844251.1|	90.397	99	8.16e-106	302	29204	Cyclotella cryptica	diatoms	Cyclotella cryptica
c880a7eaeabe3f2cd9b848e61a02d0e9	gi|257798975|gb|GQ844251.1|	91.060	99	3.77e-109	302	29204	Cyclotella cryptica	diatoms	Cyclotella cryptica
93928efd79194041b7728477fe20b267	gi|283050937|gb|GU070933.1|	90.066	99	3.80e-104	302	693772	invertebrate environmental sample	animals	invertebrate environmental sample
d5ca8ef5d2c7c061d25cb79729bea798	gi|283050937|gb|GU070933.1|	90.397	99	8.16e-106	302	693772	invertebrate environmental sample	animals	invertebrate environmental sample
96a27ae0cf2a8f2e25cbcbe5749ee5d0	gi|2739942924|dbj|LC814784.1|	90.690	95	1.77e-102	290	41457	Skeletonema pseudocostatum	diatoms	Skeletonema pseudocostatum
96a27ae0cf2a8f2e25cbcbe5749ee5d0	gi|2733172124|gb|PP798140.1|	90.690	95	1.77e-102	290	41457	Skeletonema pseudocostatum	diatoms	Skeletonema pseudocostatum
96a27ae0cf2a8f2e25cbcbe5749ee5d0	gi|2733172120|gb|PP798138.1|	90.690	95	1.77e-102	290	41457	Skeletonema pseudocostatum	diatoms	Skeletonema pseudocostatum
96a27ae0cf2a8f2e25cbcbe5749ee5d0	gi|2733172110|gb|PP798133.1|	90.690	95	1.77e-102	290	41457	Skeletonema pseudocostatum	diatoms	Skeletonema pseudocostatum
96a27ae0cf2a8f2e25cbcbe5749ee5d0	gi|1158966918|dbj|LC222540.1|	90.690	95	1.77e-102	290	41457	Skeletonema pseudocostatum	diatoms	Skeletonema pseudocostatum
96a27ae0cf2a8f2e25cbcbe5749ee5d0	gi|2127877873|ref|NC_058790.1|	90.690	95	1.77e-102	290	41457	Skeletonema pseudocostatum	diatoms	Skeletonema pseudocostatum
96a27ae0cf2a8f2e25cbcbe5749ee5d0	gi|383084688|dbj|AB706245.1|	90.690	95	1.77e-102	290	41457	Skeletonema pseudocostatum	diatoms	Skeletonema pseudocostatum
96a27ae0cf2a8f2e25cbcbe5749ee5d0	gi|2739942930|dbj|LC814790.1|	90.345	95	8.22e-101	290	267982	Skeletonema tropicum	diatoms	Skeletonema tropicum
96a27ae0cf2a8f2e25cbcbe5749ee5d0	gi|2733172146|gb|PP798151.1|	90.345	95	8.22e-101	290	267982	Skeletonema tropicum	diatoms	Skeletonema tropicum
96a27ae0cf2a8f2e25cbcbe5749ee5d0	gi|2733172126|gb|PP798141.1|	90.345	95	8.22e-101	290	267982	Skeletonema tropicum	diatoms	Skeletonema tropicum
ad989b87fc6da3a4d113deac86d5fb6d	gi|283050937|gb|GU070933.1|	90.397	99	8.16e-106	302	693772	invertebrate environmental sample	animals	invertebrate environmental sample
5c21668c78dc1b9287fce954e4d70e74	gi|283050937|gb|GU070933.1|	90.728	99	1.75e-107	302	693772	invertebrate environmental sample	animals	invertebrate environmental sample
5c21668c78dc1b9287fce954e4d70e74	gi|2574677786|gb|OQ504926.1|	90.033	99	1.37e-103	301	3074057	Discostella sp. clade A (type II)	diatoms	Discostella sp. clade A (type II)
e3394a564e027fb34d681f731434f6ff	gi|283050937|gb|GU070933.1|	90.820	100	3.77e-109	305	693772	invertebrate environmental sample	animals	invertebrate environmental sample
e3394a564e027fb34d681f731434f6ff	gi|283050943|gb|GU070936.1|	90.492	100	1.75e-107	305	693772	invertebrate environmental sample	animals	invertebrate environmental sample
e3394a564e027fb34d681f731434f6ff	gi|2739942924|dbj|LC814784.1|	91.379	95	8.16e-106	290	41457	Skeletonema pseudocostatum	diatoms	Skeletonema pseudocostatum
e3394a564e027fb34d681f731434f6ff	gi|2733172124|gb|PP798140.1|	91.379	95	8.16e-106	290	41457	Skeletonema pseudocostatum	diatoms	Skeletonema pseudocostatum
e3394a564e027fb34d681f731434f6ff	gi|2733172120|gb|PP798138.1|	91.379	95	8.16e-106	290	41457	Skeletonema pseudocostatum	diatoms	Skeletonema pseudocostatum
e3394a564e027fb34d681f731434f6ff	gi|2733172110|gb|PP798133.1|	91.379	95	8.16e-106	290	41457	Skeletonema pseudocostatum	diatoms	Skeletonema pseudocostatum
e3394a564e027fb34d681f731434f6ff	gi|1158966918|dbj|LC222540.1|	91.379	95	8.16e-106	290	41457	Skeletonema pseudocostatum	diatoms	Skeletonema pseudocostatum
e3394a564e027fb34d681f731434f6ff	gi|2127877873|ref|NC_058790.1|	91.379	95	8.16e-106	290	41457	Skeletonema pseudocostatum	diatoms	Skeletonema pseudocostatum
e3394a564e027fb34d681f731434f6ff	gi|383084688|dbj|AB706245.1|	91.379	95	8.16e-106	290	41457	Skeletonema pseudocostatum	diatoms	Skeletonema pseudocostatum
e3394a564e027fb34d681f731434f6ff	gi|383084682|dbj|AB706242.1|	90.635	98	8.16e-106	299	216823	Skeletonema menzelii	diatoms	Skeletonema menzelii
8443359fbd916772df4c6243ae0e8915	gi|2091526160|ref|NC_057471.1|	90.301	98	3.80e-104	299	83372	Thalassiosira nordenskioeldii	diatoms	Thalassiosira nordenskioeldii
623f564927698f1a0e2a7bb7867b7c92	gi|1096069272|dbj|LC192731.1|	90.066	99	3.80e-104	302	1429247	Skeletonema potamos	diatoms	Skeletonema potamos
19885df3cdd060e1881c516ac8edfcf4	gi|2739942927|dbj|LC814787.1|	92.053	99	3.74e-114	302	216763	Skeletonema subsalsum	diatoms	Skeletonema subsalsum
19885df3cdd060e1881c516ac8edfcf4	gi|2739942906|dbj|LC814766.1|	92.053	99	3.74e-114	302	2843	Skeletonema costatum	diatoms	Skeletonema costatum
19885df3cdd060e1881c516ac8edfcf4	gi|2739942903|dbj|LC814763.1|	92.053	99	3.74e-114	302	2843	Skeletonema costatum	diatoms	Skeletonema costatum
19885df3cdd060e1881c516ac8edfcf4	gi|2733172144|gb|PP798150.1|	92.053	99	3.74e-114	302	2843	Skeletonema costatum	diatoms	Skeletonema costatum
19885df3cdd060e1881c516ac8edfcf4	gi|2733172138|gb|PP798147.1|	92.053	99	3.74e-114	302	2843	Skeletonema costatum	diatoms	Skeletonema costatum
19885df3cdd060e1881c516ac8edfcf4	gi|2733172132|gb|PP798144.1|	92.053	99	3.74e-114	302	2843	Skeletonema costatum	diatoms	Skeletonema costatum
19885df3cdd060e1881c516ac8edfcf4	gi|2733172118|gb|PP798137.1|	92.053	99	3.74e-114	302	2843	Skeletonema costatum	diatoms	Skeletonema costatum
19885df3cdd060e1881c516ac8edfcf4	gi|2733172086|gb|PP798121.1|	92.053	99	3.74e-114	302	2843	Skeletonema costatum	diatoms	Skeletonema costatum
19885df3cdd060e1881c516ac8edfcf4	gi|2733172084|gb|PP798120.1|	92.053	99	3.74e-114	302	2843	Skeletonema costatum	diatoms	Skeletonema costatum
19885df3cdd060e1881c516ac8edfcf4	gi|1158966901|dbj|LC222536.1|	92.053	99	3.74e-114	302	2843	Skeletonema costatum	diatoms	Skeletonema costatum
ae1612afa1262ee49b47cc676d1aa047	gi|2739942927|dbj|LC814787.1|	91.722	99	1.74e-112	302	216763	Skeletonema subsalsum	diatoms	Skeletonema subsalsum
ae1612afa1262ee49b47cc676d1aa047	gi|2739942906|dbj|LC814766.1|	91.722	99	1.74e-112	302	2843	Skeletonema costatum	diatoms	Skeletonema costatum
ae1612afa1262ee49b47cc676d1aa047	gi|2739942903|dbj|LC814763.1|	91.722	99	1.74e-112	302	2843	Skeletonema costatum	diatoms	Skeletonema costatum
ae1612afa1262ee49b47cc676d1aa047	gi|2733172144|gb|PP798150.1|	91.722	99	1.74e-112	302	2843	Skeletonema costatum	diatoms	Skeletonema costatum
ae1612afa1262ee49b47cc676d1aa047	gi|2733172138|gb|PP798147.1|	91.722	99	1.74e-112	302	2843	Skeletonema costatum	diatoms	Skeletonema costatum
ae1612afa1262ee49b47cc676d1aa047	gi|2733172132|gb|PP798144.1|	91.722	99	1.74e-112	302	2843	Skeletonema costatum	diatoms	Skeletonema costatum
ae1612afa1262ee49b47cc676d1aa047	gi|2733172118|gb|PP798137.1|	91.722	99	1.74e-112	302	2843	Skeletonema costatum	diatoms	Skeletonema costatum
ae1612afa1262ee49b47cc676d1aa047	gi|2733172086|gb|PP798121.1|	91.722	99	1.74e-112	302	2843	Skeletonema costatum	diatoms	Skeletonema costatum
ae1612afa1262ee49b47cc676d1aa047	gi|2733172084|gb|PP798120.1|	91.722	99	1.74e-112	302	2843	Skeletonema costatum	diatoms	Skeletonema costatum
ae1612afa1262ee49b47cc676d1aa047	gi|1158966901|dbj|LC222536.1|	91.722	99	1.74e-112	302	2843	Skeletonema costatum	diatoms	Skeletonema costatum
eab25f91facdc611bf6a034a1306cbe8	gi|2739942927|dbj|LC814787.1|	92.384	99	8.05e-116	302	216763	Skeletonema subsalsum	diatoms	Skeletonema subsalsum
eab25f91facdc611bf6a034a1306cbe8	gi|2739942906|dbj|LC814766.1|	92.384	99	8.05e-116	302	2843	Skeletonema costatum	diatoms	Skeletonema costatum
eab25f91facdc611bf6a034a1306cbe8	gi|2739942903|dbj|LC814763.1|	92.384	99	8.05e-116	302	2843	Skeletonema costatum	diatoms	Skeletonema costatum
eab25f91facdc611bf6a034a1306cbe8	gi|2733172144|gb|PP798150.1|	92.384	99	8.05e-116	302	2843	Skeletonema costatum	diatoms	Skeletonema costatum
eab25f91facdc611bf6a034a1306cbe8	gi|2733172138|gb|PP798147.1|	92.384	99	8.05e-116	302	2843	Skeletonema costatum	diatoms	Skeletonema costatum
eab25f91facdc611bf6a034a1306cbe8	gi|2733172132|gb|PP798144.1|	92.384	99	8.05e-116	302	2843	Skeletonema costatum	diatoms	Skeletonema costatum
eab25f91facdc611bf6a034a1306cbe8	gi|2733172118|gb|PP798137.1|	92.384	99	8.05e-116	302	2843	Skeletonema costatum	diatoms	Skeletonema costatum
eab25f91facdc611bf6a034a1306cbe8	gi|2733172086|gb|PP798121.1|	92.384	99	8.05e-116	302	2843	Skeletonema costatum	diatoms	Skeletonema costatum
eab25f91facdc611bf6a034a1306cbe8	gi|2733172084|gb|PP798120.1|	92.384	99	8.05e-116	302	2843	Skeletonema costatum	diatoms	Skeletonema costatum
eab25f91facdc611bf6a034a1306cbe8	gi|1158966901|dbj|LC222536.1|	92.384	99	8.05e-116	302	2843	Skeletonema costatum	diatoms	Skeletonema costatum
4365e74297f3967718a753b8c4b56c33	gi|2739942927|dbj|LC814787.1|	91.060	99	3.77e-109	302	216763	Skeletonema subsalsum	diatoms	Skeletonema subsalsum
4365e74297f3967718a753b8c4b56c33	gi|2739942906|dbj|LC814766.1|	91.060	99	3.77e-109	302	2843	Skeletonema costatum	diatoms	Skeletonema costatum
4365e74297f3967718a753b8c4b56c33	gi|2739942903|dbj|LC814763.1|	91.060	99	3.77e-109	302	2843	Skeletonema costatum	diatoms	Skeletonema costatum
4365e74297f3967718a753b8c4b56c33	gi|2733172144|gb|PP798150.1|	91.060	99	3.77e-109	302	2843	Skeletonema costatum	diatoms	Skeletonema costatum
4365e74297f3967718a753b8c4b56c33	gi|2733172138|gb|PP798147.1|	91.060	99	3.77e-109	302	2843	Skeletonema costatum	diatoms	Skeletonema costatum
4365e74297f3967718a753b8c4b56c33	gi|2733172132|gb|PP798144.1|	91.060	99	3.77e-109	302	2843	Skeletonema costatum	diatoms	Skeletonema costatum
4365e74297f3967718a753b8c4b56c33	gi|2733172118|gb|PP798137.1|	91.060	99	3.77e-109	302	2843	Skeletonema costatum	diatoms	Skeletonema costatum
4365e74297f3967718a753b8c4b56c33	gi|2733172086|gb|PP798121.1|	91.060	99	3.77e-109	302	2843	Skeletonema costatum	diatoms	Skeletonema costatum
4365e74297f3967718a753b8c4b56c33	gi|2733172084|gb|PP798120.1|	91.060	99	3.77e-109	302	2843	Skeletonema costatum	diatoms	Skeletonema costatum
4365e74297f3967718a753b8c4b56c33	gi|1158966901|dbj|LC222536.1|	91.060	99	3.77e-109	302	2843	Skeletonema costatum	diatoms	Skeletonema costatum
713967929ff0db3f53889b3659279da7	gi|2739942927|dbj|LC814787.1|	91.722	99	1.74e-112	302	216763	Skeletonema subsalsum	diatoms	Skeletonema subsalsum
713967929ff0db3f53889b3659279da7	gi|2739942906|dbj|LC814766.1|	91.722	99	1.74e-112	302	2843	Skeletonema costatum	diatoms	Skeletonema costatum
713967929ff0db3f53889b3659279da7	gi|2739942903|dbj|LC814763.1|	91.722	99	1.74e-112	302	2843	Skeletonema costatum	diatoms	Skeletonema costatum
713967929ff0db3f53889b3659279da7	gi|2733172144|gb|PP798150.1|	91.722	99	1.74e-112	302	2843	Skeletonema costatum	diatoms	Skeletonema costatum
713967929ff0db3f53889b3659279da7	gi|2733172138|gb|PP798147.1|	91.722	99	1.74e-112	302	2843	Skeletonema costatum	diatoms	Skeletonema costatum
713967929ff0db3f53889b3659279da7	gi|2733172132|gb|PP798144.1|	91.722	99	1.74e-112	302	2843	Skeletonema costatum	diatoms	Skeletonema costatum
713967929ff0db3f53889b3659279da7	gi|2733172118|gb|PP798137.1|	91.722	99	1.74e-112	302	2843	Skeletonema costatum	diatoms	Skeletonema costatum
713967929ff0db3f53889b3659279da7	gi|2733172086|gb|PP798121.1|	91.722	99	1.74e-112	302	2843	Skeletonema costatum	diatoms	Skeletonema costatum
713967929ff0db3f53889b3659279da7	gi|2733172084|gb|PP798120.1|	91.722	99	1.74e-112	302	2843	Skeletonema costatum	diatoms	Skeletonema costatum
713967929ff0db3f53889b3659279da7	gi|1158966901|dbj|LC222536.1|	91.722	99	1.74e-112	302	2843	Skeletonema costatum	diatoms	Skeletonema costatum
4997d68a1f3d8b78f51662e2baa46acf	gi|2733172098|gb|PP798127.1|	99.342	99	5.92e-152	304	267567	Skeletonema marinoi	diatoms	Skeletonema marinoi
4997d68a1f3d8b78f51662e2baa46acf	gi|383084676|dbj|AB706239.1|	99.342	99	5.92e-152	304	267567	Skeletonema marinoi	diatoms	Skeletonema marinoi
4997d68a1f3d8b78f51662e2baa46acf	gi|6331163|dbj|AB020227.1|	99.342	99	5.92e-152	304	2843	Skeletonema costatum	diatoms	Skeletonema costatum
4997d68a1f3d8b78f51662e2baa46acf	gi|2733172154|gb|PP798155.1|	99.013	99	2.75e-150	304	267567	Skeletonema marinoi	diatoms	Skeletonema marinoi
4997d68a1f3d8b78f51662e2baa46acf	gi|2733172102|gb|PP798129.1|	99.013	99	2.75e-150	304	267567	Skeletonema marinoi	diatoms	Skeletonema marinoi
4997d68a1f3d8b78f51662e2baa46acf	gi|2733172076|gb|PP798116.1|	99.013	99	2.75e-150	304	267567	Skeletonema marinoi	diatoms	Skeletonema marinoi
4997d68a1f3d8b78f51662e2baa46acf	gi|1158966914|dbj|LC222539.1|	99.013	99	2.75e-150	304	267566	Skeletonema dohrnii	diatoms	Skeletonema dohrnii
4997d68a1f3d8b78f51662e2baa46acf	gi|1096069264|dbj|LC192727.1|	99.013	99	2.75e-150	304	267566	Skeletonema dohrnii	diatoms	Skeletonema dohrnii
4997d68a1f3d8b78f51662e2baa46acf	gi|1096069262|dbj|LC192726.1|	99.013	99	2.75e-150	304	267566	Skeletonema dohrnii	diatoms	Skeletonema dohrnii
4997d68a1f3d8b78f51662e2baa46acf	gi|383084646|dbj|AB706224.1|	99.013	99	2.75e-150	304	267566	Skeletonema dohrnii	diatoms	Skeletonema dohrnii
ccb9569824d0e4ed35fd2299d4fd2390	gi|2733172098|gb|PP798127.1|	100.000	100	7.61e-156	305	267567	Skeletonema marinoi	diatoms	Skeletonema marinoi
ccb9569824d0e4ed35fd2299d4fd2390	gi|383084676|dbj|AB706239.1|	100.000	100	7.61e-156	305	267567	Skeletonema marinoi	diatoms	Skeletonema marinoi
ccb9569824d0e4ed35fd2299d4fd2390	gi|6331163|dbj|AB020227.1|	100.000	100	7.61e-156	305	2843	Skeletonema costatum	diatoms	Skeletonema costatum
ccb9569824d0e4ed35fd2299d4fd2390	gi|2733172154|gb|PP798155.1|	99.672	100	3.54e-154	305	267567	Skeletonema marinoi	diatoms	Skeletonema marinoi
ccb9569824d0e4ed35fd2299d4fd2390	gi|2733172102|gb|PP798129.1|	99.672	100	3.54e-154	305	267567	Skeletonema marinoi	diatoms	Skeletonema marinoi
ccb9569824d0e4ed35fd2299d4fd2390	gi|2733172076|gb|PP798116.1|	99.672	100	3.54e-154	305	267567	Skeletonema marinoi	diatoms	Skeletonema marinoi
ccb9569824d0e4ed35fd2299d4fd2390	gi|1158966914|dbj|LC222539.1|	99.672	100	3.54e-154	305	267566	Skeletonema dohrnii	diatoms	Skeletonema dohrnii
ccb9569824d0e4ed35fd2299d4fd2390	gi|1096069264|dbj|LC192727.1|	99.672	100	3.54e-154	305	267566	Skeletonema dohrnii	diatoms	Skeletonema dohrnii
ccb9569824d0e4ed35fd2299d4fd2390	gi|1096069262|dbj|LC192726.1|	99.672	100	3.54e-154	305	267566	Skeletonema dohrnii	diatoms	Skeletonema dohrnii
ccb9569824d0e4ed35fd2299d4fd2390	gi|383084646|dbj|AB706224.1|	99.672	100	3.54e-154	305	267566	Skeletonema dohrnii	diatoms	Skeletonema dohrnii
d94c0ff75afe7f9a3f0013b6fb6f560b	gi|383084682|dbj|AB706242.1|	90.397	99	8.16e-106	302	216823	Skeletonema menzelii	diatoms	Skeletonema menzelii
d94c0ff75afe7f9a3f0013b6fb6f560b	gi|2739942921|dbj|LC814781.1|	90.066	99	3.80e-104	302	216823	Skeletonema menzelii	diatoms	Skeletonema menzelii
d94c0ff75afe7f9a3f0013b6fb6f560b	gi|1158966907|dbj|LC222537.1|	90.301	98	3.80e-104	299	2843	Skeletonema costatum	diatoms	Skeletonema costatum
d94c0ff75afe7f9a3f0013b6fb6f560b	gi|383084684|dbj|AB706243.1|	90.066	99	3.80e-104	302	216823	Skeletonema menzelii	diatoms	Skeletonema menzelii
d94c0ff75afe7f9a3f0013b6fb6f560b	gi|383084680|dbj|AB706241.1|	90.066	99	3.80e-104	302	216823	Skeletonema menzelii	diatoms	Skeletonema menzelii
52d1b95961daf765d78a65b0e477d5f0	gi|257798975|gb|GQ844251.1|	91.060	99	3.77e-109	302	29204	Cyclotella cryptica	diatoms	Cyclotella cryptica
52d1b95961daf765d78a65b0e477d5f0	gi|2574677786|gb|OQ504926.1|	90.033	99	1.37e-103	301	3074057	Discostella sp. clade A (type II)	diatoms	Discostella sp. clade A (type II)
52d1b95961daf765d78a65b0e477d5f0	gi|2574677750|gb|OQ504908.1|	90.033	99	1.37e-103	301	3074058	Discostella sp. clade A (type III)	diatoms	Discostella sp. clade A (type III)
982d6d0baf323ab4f814883860645ab3	gi|257799001|gb|GQ844277.1|	95.050	99	1.02e-129	303	1577725	Conticribra weissflogii	diatoms	Conticribra weissflogii
982d6d0baf323ab4f814883860645ab3	gi|693268193|gb|KM202109.1|	91.148	100	8.11e-111	305	1522713	Chaetoceros sp. MBTD-CMFRI-S045	diatoms	Chaetoceros sp. MBTD-CMFRI-S045
e96bdf3540bee17999be851ec3c03e4e	gi|257798983|gb|GQ844259.1|	100.000	99	9.84e-155	303	49249	Ditylum brightwellii	diatoms	Ditylum brightwellii
e96bdf3540bee17999be851ec3c03e4e	gi|257798982|gb|GQ844258.1|	100.000	99	9.84e-155	303	49249	Ditylum brightwellii	diatoms	Ditylum brightwellii
e96bdf3540bee17999be851ec3c03e4e	gi|6331139|dbj|AB020223.1|	99.672	100	3.54e-154	305	49249	Ditylum brightwellii	diatoms	Ditylum brightwellii
e96bdf3540bee17999be851ec3c03e4e	gi|257798980|gb|GQ844256.1|	99.670	99	4.58e-153	303	49249	Ditylum brightwellii	diatoms	Ditylum brightwellii
e96bdf3540bee17999be851ec3c03e4e	gi|257798981|gb|GQ844257.1|	99.670	99	1.65e-152	303	49249	Ditylum brightwellii	diatoms	Ditylum brightwellii
e96bdf3540bee17999be851ec3c03e4e	gi|257798978|gb|GQ844254.1|	99.340	99	2.13e-151	303	49249	Ditylum brightwellii	diatoms	Ditylum brightwellii
e96bdf3540bee17999be851ec3c03e4e	gi|257798979|gb|GQ844255.1|	96.053	99	2.79e-140	304	49249	Ditylum brightwellii	diatoms	Ditylum brightwellii
0129ffd95042bf71861f6af995f7429f	gi|257799000|gb|GQ844276.1|	90.301	98	3.80e-104	299	265564	Thalassiosira punctigera	diatoms	Thalassiosira punctigera
2ee9c0da9b4ef2d072a44e662ddbeb18	gi|257799000|gb|GQ844276.1|	90.635	98	8.16e-106	299	265564	Thalassiosira punctigera	diatoms	Thalassiosira punctigera
d59d265f81d3da72b91bbab85ae02388	gi|257799000|gb|GQ844276.1|	90.635	98	8.16e-106	299	265564	Thalassiosira punctigera	diatoms	Thalassiosira punctigera
6727f5e43c19381788f163d6690a9cd4	gi|257799000|gb|GQ844276.1|	90.301	98	3.80e-104	299	265564	Thalassiosira punctigera	diatoms	Thalassiosira punctigera
8da08ec73a1ea2ba29ef01427f6a3841	gi|257798992|gb|GQ844268.1|	90.099	99	1.06e-104	303	265543	Minutocellus polymorphus	diatoms	Minutocellus polymorphus
5d2480d74000170f0be41b44487d8c99	gi|257798992|gb|GQ844268.1|	90.099	99	1.06e-104	303	265543	Minutocellus polymorphus	diatoms	Minutocellus polymorphus
f5964f5601b334b263b07f0421e7ccf4	gi|257798992|gb|GQ844268.1|	95.050	99	1.02e-129	303	265543	Minutocellus polymorphus	diatoms	Minutocellus polymorphus
f5964f5601b334b263b07f0421e7ccf4	gi|2172620898|ref|NC_059933.1|	90.397	99	8.16e-106	302	265543	Minutocellus polymorphus	diatoms	Minutocellus polymorphus
f5964f5601b334b263b07f0421e7ccf4	gi|2020303798|gb|MW417227.1|	90.066	99	3.80e-104	302	265543	Minutocellus polymorphus	diatoms	Minutocellus polymorphus
fdaa689b5e36f22ce66b8eeb3b66c17e	gi|257798992|gb|GQ844268.1|	95.380	99	2.19e-131	303	265543	Minutocellus polymorphus	diatoms	Minutocellus polymorphus
fdaa689b5e36f22ce66b8eeb3b66c17e	gi|2172620898|ref|NC_059933.1|	90.728	99	1.75e-107	302	265543	Minutocellus polymorphus	diatoms	Minutocellus polymorphus
fdaa689b5e36f22ce66b8eeb3b66c17e	gi|2020303798|gb|MW417227.1|	90.397	99	8.16e-106	302	265543	Minutocellus polymorphus	diatoms	Minutocellus polymorphus
8d0e826943fef8f981d181b010487946	gi|257798992|gb|GQ844268.1|	90.099	99	1.06e-104	303	265543	Minutocellus polymorphus	diatoms	Minutocellus polymorphus
0133a18ecfaaa7af90a21b22a3d70ee3	gi|257798992|gb|GQ844268.1|	90.132	99	1.06e-104	304	265543	Minutocellus polymorphus	diatoms	Minutocellus polymorphus
0a0f017b172eaffd2d339393ec1258c5	gi|257798990|gb|GQ844266.1|	96.040	99	3.64e-134	303	35125	Melosira nummuloides	diatoms	Melosira nummuloides
0a0f017b172eaffd2d339393ec1258c5	gi|257798991|gb|GQ844267.1|	95.380	99	4.71e-133	303	35125	Melosira nummuloides	diatoms	Melosira nummuloides
093e1a18a4df00873ca09abfea793b69	gi|257798990|gb|GQ844266.1|	99.010	99	3.56e-149	303	35125	Melosira nummuloides	diatoms	Melosira nummuloides
093e1a18a4df00873ca09abfea793b69	gi|257798991|gb|GQ844267.1|	94.389	99	4.74e-128	303	35125	Melosira nummuloides	diatoms	Melosira nummuloides
1e9ff5f5860fdf59aa135620fd03238d	gi|257798990|gb|GQ844266.1|	98.680	99	1.66e-147	303	35125	Melosira nummuloides	diatoms	Melosira nummuloides
1e9ff5f5860fdf59aa135620fd03238d	gi|257798991|gb|GQ844267.1|	94.059	99	2.21e-126	303	35125	Melosira nummuloides	diatoms	Melosira nummuloides
0dd9489a13539e10f1c4d19e32eb24ef	gi|257798990|gb|GQ844266.1|	96.370	99	7.82e-136	303	35125	Melosira nummuloides	diatoms	Melosira nummuloides
0dd9489a13539e10f1c4d19e32eb24ef	gi|257798991|gb|GQ844267.1|	95.710	99	1.01e-134	303	35125	Melosira nummuloides	diatoms	Melosira nummuloides
ab8d160fb1f1d702723229af982a71f1	gi|257798990|gb|GQ844266.1|	99.340	99	7.66e-151	303	35125	Melosira nummuloides	diatoms	Melosira nummuloides
ab8d160fb1f1d702723229af982a71f1	gi|257798991|gb|GQ844267.1|	94.719	99	1.02e-129	303	35125	Melosira nummuloides	diatoms	Melosira nummuloides
3218b542280456cbdb024537230f7a1b	gi|2074156200|gb|MW413905.1|	99.672	100	3.54e-154	305	216802	Guinardia delicatula	diatoms	Guinardia delicatula
1115e3578c74e5457b670c78d0e1958e	gi|2074156200|gb|MW413905.1|	99.344	100	1.65e-152	305	216802	Guinardia delicatula	diatoms	Guinardia delicatula
96cdc6ce720b38de78f1c77d374d2fce	gi|2074156086|gb|MW413901.1|	99.016	100	7.66e-151	305	216927	Paralia sulcata	diatoms	Paralia sulcata
8d3d46035078036f4a32fc38a40cf40f	gi|2074156086|gb|MW413901.1|	99.016	100	7.66e-151	305	216927	Paralia sulcata	diatoms	Paralia sulcata
32e72a804862c1b9e568fd040581e312	gi|2074156086|gb|MW413901.1|	99.344	100	1.65e-152	305	216927	Paralia sulcata	diatoms	Paralia sulcata
22a6e41fe7194186dcb21ba0717a18ee	gi|2074156086|gb|MW413901.1|	99.016	100	7.66e-151	305	216927	Paralia sulcata	diatoms	Paralia sulcata
e02be64aef2dc52eb4324e3bb92b0e80	gi|257798992|gb|GQ844268.1|	99.670	99	1.64e-152	303	265543	Minutocellus polymorphus	diatoms	Minutocellus polymorphus
e02be64aef2dc52eb4324e3bb92b0e80	gi|2172620898|ref|NC_059933.1|	93.377	99	2.86e-120	302	265543	Minutocellus polymorphus	diatoms	Minutocellus polymorphus
e02be64aef2dc52eb4324e3bb92b0e80	gi|2020303798|gb|MW417227.1|	92.715	99	6.20e-117	302	265543	Minutocellus polymorphus	diatoms	Minutocellus polymorphus
4d15eaf4d520132a126346718dd72245	gi|257798992|gb|GQ844268.1|	100.000	99	9.84e-155	303	265543	Minutocellus polymorphus	diatoms	Minutocellus polymorphus
4d15eaf4d520132a126346718dd72245	gi|2172620898|ref|NC_059933.1|	93.377	99	7.99e-121	302	265543	Minutocellus polymorphus	diatoms	Minutocellus polymorphus
4d15eaf4d520132a126346718dd72245	gi|2020303798|gb|MW417227.1|	93.046	99	3.72e-119	302	265543	Minutocellus polymorphus	diatoms	Minutocellus polymorphus
28a77f3e8dee2790c4e260d5db09d221	gi|918021308|ref|NC_027747.1|	95.410	100	1.69e-132	305	1534972	Triparma laevis	eukaryotes	Triparma laevis
cda1925ef62d1d18c7981fd7a748c949	gi|918021308|ref|NC_027747.1|	95.410	100	1.69e-132	305	1534972	Triparma laevis	eukaryotes	Triparma laevis
5da6ceae302edc57dae7f20f301609ae	gi|918021308|ref|NC_027747.1|	95.738	100	3.64e-134	305	1534972	Triparma laevis	eukaryotes	Triparma laevis
3bc6c99e6058d869296cae69f560e419	gi|918021308|ref|NC_027747.1|	95.410	100	1.69e-132	305	1534972	Triparma laevis	eukaryotes	Triparma laevis
79d8a30297f10d5fbce005e700d5c7c8	gi|918021308|ref|NC_027747.1|	95.738	100	3.64e-134	305	1534972	Triparma laevis	eukaryotes	Triparma laevis
da296560dc1520f96d9a538ce18afed7	gi|320336059|gb|HQ708181.1|	91.803	100	3.74e-114	305	944587	Achlya sparrowii	oomycetes	Achlya sparrowii
da296560dc1520f96d9a538ce18afed7	gi|320336047|gb|HQ708175.1|	91.803	100	3.74e-114	305	120396	Achlya papillosa	oomycetes	Achlya papillosa
da296560dc1520f96d9a538ce18afed7	gi|320336023|gb|HQ708163.1|	91.803	100	3.74e-114	305	112079	Achlya colorata	oomycetes	Achlya colorata
da296560dc1520f96d9a538ce18afed7	gi|320337807|gb|HQ709055.1|	91.475	100	1.74e-112	305	334529	Saprolegnia turfosa	oomycetes	Saprolegnia turfosa
da296560dc1520f96d9a538ce18afed7	gi|320337805|gb|HQ709054.1|	91.475	100	1.74e-112	305	334529	Saprolegnia turfosa	oomycetes	Saprolegnia turfosa
da296560dc1520f96d9a538ce18afed7	gi|320336053|gb|HQ708178.1|	91.475	100	1.74e-112	305	112087	Achlya racemosa	oomycetes	Achlya racemosa
da296560dc1520f96d9a538ce18afed7	gi|320336049|gb|HQ708176.1|	91.475	100	1.74e-112	305	112087	Achlya racemosa	oomycetes	Achlya racemosa
da296560dc1520f96d9a538ce18afed7	gi|1621569504|gb|MH760235.1|	91.176	100	8.11e-111	306	129350	Phytophthora colocasiae	downy mildews	Phytophthora colocasiae
da296560dc1520f96d9a538ce18afed7	gi|320337803|gb|HQ709053.1|	91.148	100	8.11e-111	305	334529	Saprolegnia turfosa	oomycetes	Saprolegnia turfosa
da296560dc1520f96d9a538ce18afed7	gi|320337773|gb|HQ709038.1|	91.148	100	8.11e-111	305	120419	Saprolegnia monilifera	oomycetes	Saprolegnia monilifera
c448cbc69d7c329bced6a2f791da26bd	gi|320337411|gb|HQ708857.1|	95.738	100	3.64e-134	305	946377	Pythium sp. CAL-2011c	oomycetes	Pythium sp. CAL-2011c
c448cbc69d7c329bced6a2f791da26bd	gi|320337233|gb|HQ708768.1|	95.738	100	3.64e-134	305	49446	Pythium pachycaule	oomycetes	Pythium pachycaule
c448cbc69d7c329bced6a2f791da26bd	gi|320337231|gb|HQ708767.1|	95.738	100	3.64e-134	305	49446	Pythium pachycaule	oomycetes	Pythium pachycaule
c448cbc69d7c329bced6a2f791da26bd	gi|320336679|gb|HQ708491.1|	95.738	100	3.64e-134	305	289600	Pythium apleroticum	oomycetes	Pythium apleroticum
c448cbc69d7c329bced6a2f791da26bd	gi|320337229|gb|HQ708766.1|	95.410	100	1.69e-132	305	49446	Pythium pachycaule	oomycetes	Pythium pachycaule
c448cbc69d7c329bced6a2f791da26bd	gi|320337227|gb|HQ708765.1|	95.410	100	1.69e-132	305	49446	Pythium pachycaule	oomycetes	Pythium pachycaule
c448cbc69d7c329bced6a2f791da26bd	gi|2622040069|gb|OR790623.1|	95.082	100	7.88e-131	305	49446	Pythium pachycaule	oomycetes	Pythium pachycaule
c448cbc69d7c329bced6a2f791da26bd	gi|769175273|gb|KJ995594.1|	95.082	100	7.88e-131	305	1588902	Pythium brachiatum	oomycetes	Pythium brachiatum
c448cbc69d7c329bced6a2f791da26bd	gi|320337211|gb|HQ708757.1|	95.082	100	7.88e-131	305	182683	Globisporangium okanoganense	oomycetes	Globisporangium okanoganense
c448cbc69d7c329bced6a2f791da26bd	gi|1559462943|gb|MG674170.1|	94.754	100	3.67e-129	305	2506486	Pythium subutonaiense	oomycetes	Pythium subutonaiense
6911df6ac7b855cf77b883e2050fd026	gi|2213903116|gb|OK091240.1|	99.672	100	3.54e-154	305	2874305	Halophytophthora thermoambigua	oomycetes	Halophytophthora thermoambigua
6911df6ac7b855cf77b883e2050fd026	gi|2213903124|gb|OK091244.1|	99.344	100	1.65e-152	305	2874305	Halophytophthora thermoambigua	oomycetes	Halophytophthora thermoambigua
6911df6ac7b855cf77b883e2050fd026	gi|2213903136|gb|OK091250.1|	98.033	100	7.71e-146	305	2929588	Halophytophthora sp. 'thermoambigua-like'	oomycetes	Halophytophthora sp. 'thermoambigua-like'
6911df6ac7b855cf77b883e2050fd026	gi|1042782946|gb|KT886048.1|	97.705	100	3.59e-144	305	1862603	Phytophthora rhizophorae	downy mildews	Phytophthora rhizophorae
6911df6ac7b855cf77b883e2050fd026	gi|2213903076|gb|OK091220.1|	97.705	100	3.59e-144	305	2874301	Halophytophthora lateralis	oomycetes	Halophytophthora lateralis
6911df6ac7b855cf77b883e2050fd026	gi|320336423|gb|HQ708363.1|	97.705	100	3.59e-144	305	758751	Halophytophthora polymorphica	oomycetes	Halophytophthora polymorphica
6911df6ac7b855cf77b883e2050fd026	gi|1209844431|gb|KY327279.1|	97.049	100	7.77e-141	305	758751	Halophytophthora polymorphica	oomycetes	Halophytophthora polymorphica
6911df6ac7b855cf77b883e2050fd026	gi|1042782948|gb|KT886049.1|	97.049	100	7.77e-141	305	1862603	Phytophthora rhizophorae	downy mildews	Phytophthora rhizophorae
6911df6ac7b855cf77b883e2050fd026	gi|1209844426|gb|KY327276.1|	96.721	100	3.61e-139	305	289610	Halophytophthora avicenniae	oomycetes	Halophytophthora avicenniae
6911df6ac7b855cf77b883e2050fd026	gi|1209844424|gb|KY327275.1|	96.721	100	3.61e-139	305	1980703	Halophytophthora sp. GHJ-2017a	oomycetes	Halophytophthora sp. GHJ-2017a
2dd7127847270b4e3bd2888e5089ce63	gi|1409190491|gb|MH477744.1|	94.444	100	1.71e-127	306	2054051	Phytophthora condilina	downy mildews	Phytophthora condilina
2dd7127847270b4e3bd2888e5089ce63	gi|1279123027|gb|MF326839.1|	94.444	100	1.71e-127	306	2054051	Phytophthora condilina	downy mildews	Phytophthora condilina
2dd7127847270b4e3bd2888e5089ce63	gi|2213903824|gb|OK091594.1|	94.444	100	1.71e-127	306	2054051	Phytophthora condilina	downy mildews	Phytophthora condilina
2dd7127847270b4e3bd2888e5089ce63	gi|310770283|gb|HQ012883.1|	94.444	100	1.71e-127	306	2054051	Phytophthora condilina	downy mildews	Phytophthora condilina
2dd7127847270b4e3bd2888e5089ce63	gi|1633436527|gb|MK012377.1|	94.118	100	7.94e-126	306	244122	Phytophthora inundata	downy mildews	Phytophthora inundata
2dd7127847270b4e3bd2888e5089ce63	gi|2814495203|gb|PQ304989.1|	94.118	100	7.94e-126	306	244122	Phytophthora inundata	downy mildews	Phytophthora inundata
2dd7127847270b4e3bd2888e5089ce63	gi|2814495201|gb|PQ304988.1|	94.118	100	7.94e-126	306	244122	Phytophthora inundata	downy mildews	Phytophthora inundata
2dd7127847270b4e3bd2888e5089ce63	gi|2801935852|gb|PQ216454.1|	94.118	100	7.94e-126	306	244122	Phytophthora inundata	downy mildews	Phytophthora inundata
2dd7127847270b4e3bd2888e5089ce63	gi|1382811048|gb|MH136911.1|	94.118	100	7.94e-126	306	244122	Phytophthora inundata	downy mildews	Phytophthora inundata
2dd7127847270b4e3bd2888e5089ce63	gi|1382811046|gb|MH136910.1|	94.118	100	7.94e-126	306	244122	Phytophthora inundata	downy mildews	Phytophthora inundata
306c460a6e4dd8cbcf0cf58ad0a38296	gi|8117157|dbj|AB009416.1|	99.010	99	9.91e-150	303	29199	Chlorarachnion reptans	cercozoans	Chlorarachnion reptans
a5369e0cd8bc4b34f6d1bac4ea7872e6	gi|8117157|dbj|AB009416.1|	100.000	100	7.61e-156	305	29199	Chlorarachnion reptans	cercozoans	Chlorarachnion reptans
4c31ce0a6992b55962414d05b8ff7187	gi|2912148669|gb|PQ667713.1|	92.131	100	8.05e-116	305	180228	Paramoeba pemaquidensis	eukaryotes	Paramoeba pemaquidensis
4c31ce0a6992b55962414d05b8ff7187	gi|2912148667|gb|PQ667712.1|	92.131	100	8.05e-116	305	180228	Paramoeba pemaquidensis	eukaryotes	Paramoeba pemaquidensis
4c31ce0a6992b55962414d05b8ff7187	gi|2912148665|gb|PQ667711.1|	92.131	100	8.05e-116	305	180228	Paramoeba pemaquidensis	eukaryotes	Paramoeba pemaquidensis
4c31ce0a6992b55962414d05b8ff7187	gi|2912148664|gb|PQ667710.1|	92.131	100	8.05e-116	305	180228	Paramoeba pemaquidensis	eukaryotes	Paramoeba pemaquidensis
4c31ce0a6992b55962414d05b8ff7187	gi|2414548374|gb|OP429234.1|	91.803	100	3.74e-114	305	180227	Paramoeba aestuarina	eukaryotes	Paramoeba aestuarina
4c31ce0a6992b55962414d05b8ff7187	gi|2414548372|gb|OP429233.1|	91.803	100	3.74e-114	305	180227	Paramoeba aestuarina	eukaryotes	Paramoeba aestuarina
4c31ce0a6992b55962414d05b8ff7187	gi|2414548370|gb|OP429232.1|	91.803	100	3.74e-114	305	180227	Paramoeba aestuarina	eukaryotes	Paramoeba aestuarina
4c31ce0a6992b55962414d05b8ff7187	gi|2414548368|gb|OP429231.1|	91.803	100	3.74e-114	305	180227	Paramoeba aestuarina	eukaryotes	Paramoeba aestuarina
4c31ce0a6992b55962414d05b8ff7187	gi|2912148662|gb|PQ667709.1|	90.820	100	3.77e-109	305	180228	Paramoeba pemaquidensis	eukaryotes	Paramoeba pemaquidensis
da8b20cfc2c9ec75a358f6bf67547891	gi|2912148669|gb|PQ667713.1|	91.475	100	1.74e-112	305	180228	Paramoeba pemaquidensis	eukaryotes	Paramoeba pemaquidensis
da8b20cfc2c9ec75a358f6bf67547891	gi|2912148667|gb|PQ667712.1|	91.475	100	1.74e-112	305	180228	Paramoeba pemaquidensis	eukaryotes	Paramoeba pemaquidensis
da8b20cfc2c9ec75a358f6bf67547891	gi|2912148665|gb|PQ667711.1|	91.475	100	1.74e-112	305	180228	Paramoeba pemaquidensis	eukaryotes	Paramoeba pemaquidensis
da8b20cfc2c9ec75a358f6bf67547891	gi|2912148664|gb|PQ667710.1|	91.475	100	1.74e-112	305	180228	Paramoeba pemaquidensis	eukaryotes	Paramoeba pemaquidensis
da8b20cfc2c9ec75a358f6bf67547891	gi|2912148662|gb|PQ667709.1|	90.164	100	8.16e-106	305	180228	Paramoeba pemaquidensis	eukaryotes	Paramoeba pemaquidensis
5596c3ac6d54fc3f7f1cb80f2d540427	gi|2912148662|gb|PQ667709.1|	92.459	100	1.73e-117	305	180228	Paramoeba pemaquidensis	eukaryotes	Paramoeba pemaquidensis
5596c3ac6d54fc3f7f1cb80f2d540427	gi|2912148669|gb|PQ667713.1|	91.803	100	3.74e-114	305	180228	Paramoeba pemaquidensis	eukaryotes	Paramoeba pemaquidensis
5596c3ac6d54fc3f7f1cb80f2d540427	gi|2912148667|gb|PQ667712.1|	91.803	100	3.74e-114	305	180228	Paramoeba pemaquidensis	eukaryotes	Paramoeba pemaquidensis
5596c3ac6d54fc3f7f1cb80f2d540427	gi|2912148665|gb|PQ667711.1|	91.803	100	3.74e-114	305	180228	Paramoeba pemaquidensis	eukaryotes	Paramoeba pemaquidensis
5596c3ac6d54fc3f7f1cb80f2d540427	gi|2912148664|gb|PQ667710.1|	91.803	100	3.74e-114	305	180228	Paramoeba pemaquidensis	eukaryotes	Paramoeba pemaquidensis
f44448c0531bb5a08f6703e38d6647e3	gi|2912148669|gb|PQ667713.1|	92.459	100	1.73e-117	305	180228	Paramoeba pemaquidensis	eukaryotes	Paramoeba pemaquidensis
f44448c0531bb5a08f6703e38d6647e3	gi|2912148667|gb|PQ667712.1|	92.459	100	1.73e-117	305	180228	Paramoeba pemaquidensis	eukaryotes	Paramoeba pemaquidensis
f44448c0531bb5a08f6703e38d6647e3	gi|2912148665|gb|PQ667711.1|	92.459	100	1.73e-117	305	180228	Paramoeba pemaquidensis	eukaryotes	Paramoeba pemaquidensis
f44448c0531bb5a08f6703e38d6647e3	gi|2912148664|gb|PQ667710.1|	92.459	100	1.73e-117	305	180228	Paramoeba pemaquidensis	eukaryotes	Paramoeba pemaquidensis
f44448c0531bb5a08f6703e38d6647e3	gi|2414548374|gb|OP429234.1|	92.131	100	8.05e-116	305	180227	Paramoeba aestuarina	eukaryotes	Paramoeba aestuarina
f44448c0531bb5a08f6703e38d6647e3	gi|2414548372|gb|OP429233.1|	92.131	100	8.05e-116	305	180227	Paramoeba aestuarina	eukaryotes	Paramoeba aestuarina
f44448c0531bb5a08f6703e38d6647e3	gi|2414548370|gb|OP429232.1|	92.131	100	8.05e-116	305	180227	Paramoeba aestuarina	eukaryotes	Paramoeba aestuarina
f44448c0531bb5a08f6703e38d6647e3	gi|2414548368|gb|OP429231.1|	92.131	100	8.05e-116	305	180227	Paramoeba aestuarina	eukaryotes	Paramoeba aestuarina
f44448c0531bb5a08f6703e38d6647e3	gi|2912148662|gb|PQ667709.1|	91.148	100	8.11e-111	305	180228	Paramoeba pemaquidensis	eukaryotes	Paramoeba pemaquidensis
78fc623f6c60323766e19dde6fc8c549	gi|2414548374|gb|OP429234.1|	92.131	100	8.05e-116	305	180227	Paramoeba aestuarina	eukaryotes	Paramoeba aestuarina
78fc623f6c60323766e19dde6fc8c549	gi|2414548372|gb|OP429233.1|	92.131	100	8.05e-116	305	180227	Paramoeba aestuarina	eukaryotes	Paramoeba aestuarina
78fc623f6c60323766e19dde6fc8c549	gi|2414548370|gb|OP429232.1|	92.131	100	8.05e-116	305	180227	Paramoeba aestuarina	eukaryotes	Paramoeba aestuarina
78fc623f6c60323766e19dde6fc8c549	gi|2414548368|gb|OP429231.1|	92.131	100	8.05e-116	305	180227	Paramoeba aestuarina	eukaryotes	Paramoeba aestuarina
78fc623f6c60323766e19dde6fc8c549	gi|2912148662|gb|PQ667709.1|	91.803	100	3.74e-114	305	180228	Paramoeba pemaquidensis	eukaryotes	Paramoeba pemaquidensis
78fc623f6c60323766e19dde6fc8c549	gi|2912148669|gb|PQ667713.1|	91.148	100	8.11e-111	305	180228	Paramoeba pemaquidensis	eukaryotes	Paramoeba pemaquidensis
78fc623f6c60323766e19dde6fc8c549	gi|2912148667|gb|PQ667712.1|	91.148	100	8.11e-111	305	180228	Paramoeba pemaquidensis	eukaryotes	Paramoeba pemaquidensis
78fc623f6c60323766e19dde6fc8c549	gi|2912148665|gb|PQ667711.1|	91.148	100	8.11e-111	305	180228	Paramoeba pemaquidensis	eukaryotes	Paramoeba pemaquidensis
78fc623f6c60323766e19dde6fc8c549	gi|2912148664|gb|PQ667710.1|	91.148	100	8.11e-111	305	180228	Paramoeba pemaquidensis	eukaryotes	Paramoeba pemaquidensis
78fc623f6c60323766e19dde6fc8c549	gi|1788196779|gb|MN025475.1|	90.164	100	8.16e-106	305	180228	Paramoeba pemaquidensis	eukaryotes	Paramoeba pemaquidensis
88cd137f9a67f1b34a95c3f5fca8c258	gi|2414548374|gb|OP429234.1|	91.475	100	1.74e-112	305	180227	Paramoeba aestuarina	eukaryotes	Paramoeba aestuarina
88cd137f9a67f1b34a95c3f5fca8c258	gi|2414548372|gb|OP429233.1|	91.475	100	1.74e-112	305	180227	Paramoeba aestuarina	eukaryotes	Paramoeba aestuarina
88cd137f9a67f1b34a95c3f5fca8c258	gi|2414548370|gb|OP429232.1|	91.475	100	1.74e-112	305	180227	Paramoeba aestuarina	eukaryotes	Paramoeba aestuarina
88cd137f9a67f1b34a95c3f5fca8c258	gi|2414548368|gb|OP429231.1|	91.475	100	1.74e-112	305	180227	Paramoeba aestuarina	eukaryotes	Paramoeba aestuarina
88cd137f9a67f1b34a95c3f5fca8c258	gi|2912148669|gb|PQ667713.1|	91.148	100	8.11e-111	305	180228	Paramoeba pemaquidensis	eukaryotes	Paramoeba pemaquidensis
88cd137f9a67f1b34a95c3f5fca8c258	gi|2912148667|gb|PQ667712.1|	91.148	100	8.11e-111	305	180228	Paramoeba pemaquidensis	eukaryotes	Paramoeba pemaquidensis
88cd137f9a67f1b34a95c3f5fca8c258	gi|2912148665|gb|PQ667711.1|	91.148	100	8.11e-111	305	180228	Paramoeba pemaquidensis	eukaryotes	Paramoeba pemaquidensis
88cd137f9a67f1b34a95c3f5fca8c258	gi|2912148664|gb|PQ667710.1|	91.148	100	8.11e-111	305	180228	Paramoeba pemaquidensis	eukaryotes	Paramoeba pemaquidensis
88cd137f9a67f1b34a95c3f5fca8c258	gi|2912148662|gb|PQ667709.1|	90.492	100	1.75e-107	305	180228	Paramoeba pemaquidensis	eukaryotes	Paramoeba pemaquidensis
ee0a0c4f499aaa2a62572c0395404110	gi|2414548374|gb|OP429234.1|	91.803	100	3.74e-114	305	180227	Paramoeba aestuarina	eukaryotes	Paramoeba aestuarina
ee0a0c4f499aaa2a62572c0395404110	gi|2414548372|gb|OP429233.1|	91.803	100	3.74e-114	305	180227	Paramoeba aestuarina	eukaryotes	Paramoeba aestuarina
ee0a0c4f499aaa2a62572c0395404110	gi|2414548370|gb|OP429232.1|	91.803	100	3.74e-114	305	180227	Paramoeba aestuarina	eukaryotes	Paramoeba aestuarina
ee0a0c4f499aaa2a62572c0395404110	gi|2414548368|gb|OP429231.1|	91.803	100	3.74e-114	305	180227	Paramoeba aestuarina	eukaryotes	Paramoeba aestuarina
ee0a0c4f499aaa2a62572c0395404110	gi|2912148669|gb|PQ667713.1|	91.475	100	1.74e-112	305	180228	Paramoeba pemaquidensis	eukaryotes	Paramoeba pemaquidensis
ee0a0c4f499aaa2a62572c0395404110	gi|2912148667|gb|PQ667712.1|	91.475	100	1.74e-112	305	180228	Paramoeba pemaquidensis	eukaryotes	Paramoeba pemaquidensis
ee0a0c4f499aaa2a62572c0395404110	gi|2912148665|gb|PQ667711.1|	91.475	100	1.74e-112	305	180228	Paramoeba pemaquidensis	eukaryotes	Paramoeba pemaquidensis
ee0a0c4f499aaa2a62572c0395404110	gi|2912148664|gb|PQ667710.1|	91.475	100	1.74e-112	305	180228	Paramoeba pemaquidensis	eukaryotes	Paramoeba pemaquidensis
ee0a0c4f499aaa2a62572c0395404110	gi|2912148662|gb|PQ667709.1|	90.820	100	3.77e-109	305	180228	Paramoeba pemaquidensis	eukaryotes	Paramoeba pemaquidensis
0dd3143b3a90b15b045c98f9bd277c0b	gi|2912148669|gb|PQ667713.1|	91.475	100	1.74e-112	305	180228	Paramoeba pemaquidensis	eukaryotes	Paramoeba pemaquidensis
0dd3143b3a90b15b045c98f9bd277c0b	gi|2912148667|gb|PQ667712.1|	91.475	100	1.74e-112	305	180228	Paramoeba pemaquidensis	eukaryotes	Paramoeba pemaquidensis
0dd3143b3a90b15b045c98f9bd277c0b	gi|2912148665|gb|PQ667711.1|	91.475	100	1.74e-112	305	180228	Paramoeba pemaquidensis	eukaryotes	Paramoeba pemaquidensis
0dd3143b3a90b15b045c98f9bd277c0b	gi|2912148664|gb|PQ667710.1|	91.475	100	1.74e-112	305	180228	Paramoeba pemaquidensis	eukaryotes	Paramoeba pemaquidensis
0dd3143b3a90b15b045c98f9bd277c0b	gi|2912148662|gb|PQ667709.1|	90.820	100	3.77e-109	305	180228	Paramoeba pemaquidensis	eukaryotes	Paramoeba pemaquidensis
3d3ba06822a4e6057b57c62c1e96bd81	gi|320336877|gb|HQ708590.1|	96.066	100	7.82e-136	305	172234	Pythium grandisporangium	oomycetes	Pythium grandisporangium
3d3ba06822a4e6057b57c62c1e96bd81	gi|320336113|gb|HQ708208.1|	96.066	100	7.82e-136	305	983661	Salisapilia tartarea	oomycetes	Salisapilia tartarea
3d3ba06822a4e6057b57c62c1e96bd81	gi|1799122906|gb|MN866090.1|	94.444	100	1.71e-127	306	1642465	Phytophthora castaneae	downy mildews	Phytophthora castaneae
3d3ba06822a4e6057b57c62c1e96bd81	gi|1382810974|gb|MH136874.1|	94.444	100	1.71e-127	306	1642464	Phytophthora cocois	downy mildews	Phytophthora cocois
3d3ba06822a4e6057b57c62c1e96bd81	gi|2496538979|dbj|LC765418.1|	94.444	100	1.71e-127	306	1642465	Phytophthora castaneae	downy mildews	Phytophthora castaneae
3d3ba06822a4e6057b57c62c1e96bd81	gi|2496538977|dbj|LC765417.1|	94.444	100	1.71e-127	306	1642465	Phytophthora castaneae	downy mildews	Phytophthora castaneae
3d3ba06822a4e6057b57c62c1e96bd81	gi|2496538975|dbj|LC765416.1|	94.444	100	1.71e-127	306	1642465	Phytophthora castaneae	downy mildews	Phytophthora castaneae
3d3ba06822a4e6057b57c62c1e96bd81	gi|2496538973|dbj|LC765415.1|	94.444	100	1.71e-127	306	1642465	Phytophthora castaneae	downy mildews	Phytophthora castaneae
3d3ba06822a4e6057b57c62c1e96bd81	gi|2496538971|dbj|LC765414.1|	94.444	100	1.71e-127	306	1642465	Phytophthora castaneae	downy mildews	Phytophthora castaneae
3d3ba06822a4e6057b57c62c1e96bd81	gi|2496538969|dbj|LC765413.1|	94.444	100	1.71e-127	306	1642465	Phytophthora castaneae	downy mildews	Phytophthora castaneae
2691ec8a3a85a21349c59f21d146359f	gi|320336877|gb|HQ708590.1|	95.738	100	3.64e-134	305	172234	Pythium grandisporangium	oomycetes	Pythium grandisporangium
2691ec8a3a85a21349c59f21d146359f	gi|320336113|gb|HQ708208.1|	95.738	100	3.64e-134	305	983661	Salisapilia tartarea	oomycetes	Salisapilia tartarea
2691ec8a3a85a21349c59f21d146359f	gi|1799122906|gb|MN866090.1|	94.118	100	7.94e-126	306	1642465	Phytophthora castaneae	downy mildews	Phytophthora castaneae
2691ec8a3a85a21349c59f21d146359f	gi|1382810974|gb|MH136874.1|	94.118	100	7.94e-126	306	1642464	Phytophthora cocois	downy mildews	Phytophthora cocois
2691ec8a3a85a21349c59f21d146359f	gi|2496538979|dbj|LC765418.1|	94.118	100	7.94e-126	306	1642465	Phytophthora castaneae	downy mildews	Phytophthora castaneae
2691ec8a3a85a21349c59f21d146359f	gi|2496538977|dbj|LC765417.1|	94.118	100	7.94e-126	306	1642465	Phytophthora castaneae	downy mildews	Phytophthora castaneae
2691ec8a3a85a21349c59f21d146359f	gi|2496538975|dbj|LC765416.1|	94.118	100	7.94e-126	306	1642465	Phytophthora castaneae	downy mildews	Phytophthora castaneae
2691ec8a3a85a21349c59f21d146359f	gi|2496538973|dbj|LC765415.1|	94.118	100	7.94e-126	306	1642465	Phytophthora castaneae	downy mildews	Phytophthora castaneae
2691ec8a3a85a21349c59f21d146359f	gi|2496538971|dbj|LC765414.1|	94.118	100	7.94e-126	306	1642465	Phytophthora castaneae	downy mildews	Phytophthora castaneae
2691ec8a3a85a21349c59f21d146359f	gi|2496538969|dbj|LC765413.1|	94.118	100	7.94e-126	306	1642465	Phytophthora castaneae	downy mildews	Phytophthora castaneae
125e554d93a0e79aad40e1449d359914	gi|320336877|gb|HQ708590.1|	96.393	100	1.68e-137	305	172234	Pythium grandisporangium	oomycetes	Pythium grandisporangium
125e554d93a0e79aad40e1449d359914	gi|320336113|gb|HQ708208.1|	96.393	100	1.68e-137	305	983661	Salisapilia tartarea	oomycetes	Salisapilia tartarea
125e554d93a0e79aad40e1449d359914	gi|1799122906|gb|MN866090.1|	94.118	100	7.94e-126	306	1642465	Phytophthora castaneae	downy mildews	Phytophthora castaneae
125e554d93a0e79aad40e1449d359914	gi|1382810974|gb|MH136874.1|	94.118	100	7.94e-126	306	1642464	Phytophthora cocois	downy mildews	Phytophthora cocois
125e554d93a0e79aad40e1449d359914	gi|2496538979|dbj|LC765418.1|	94.118	100	7.94e-126	306	1642465	Phytophthora castaneae	downy mildews	Phytophthora castaneae
125e554d93a0e79aad40e1449d359914	gi|2496538977|dbj|LC765417.1|	94.118	100	7.94e-126	306	1642465	Phytophthora castaneae	downy mildews	Phytophthora castaneae
125e554d93a0e79aad40e1449d359914	gi|2496538975|dbj|LC765416.1|	94.118	100	7.94e-126	306	1642465	Phytophthora castaneae	downy mildews	Phytophthora castaneae
125e554d93a0e79aad40e1449d359914	gi|2496538973|dbj|LC765415.1|	94.118	100	7.94e-126	306	1642465	Phytophthora castaneae	downy mildews	Phytophthora castaneae
125e554d93a0e79aad40e1449d359914	gi|2496538971|dbj|LC765414.1|	94.118	100	7.94e-126	306	1642465	Phytophthora castaneae	downy mildews	Phytophthora castaneae
125e554d93a0e79aad40e1449d359914	gi|2496538969|dbj|LC765413.1|	94.118	100	7.94e-126	306	1642465	Phytophthora castaneae	downy mildews	Phytophthora castaneae
a0f8f9b1f1cb22030e26848ea60ef818	gi|324983193|gb|HQ171174.1|	91.803	100	3.74e-114	305	758755	Salisapilia bahamensis	oomycetes	Salisapilia bahamensis
a0f8f9b1f1cb22030e26848ea60ef818	gi|2633551805|gb|OR900718.1|	90.820	100	3.77e-109	305	115418	Globisporangium mamillatum	oomycetes	Globisporangium mamillatum
a0f8f9b1f1cb22030e26848ea60ef818	gi|985769065|gb|KT692875.1|	90.820	100	3.77e-109	305	115418	Globisporangium mamillatum	oomycetes	Globisporangium mamillatum
a0f8f9b1f1cb22030e26848ea60ef818	gi|769175279|gb|KJ995597.1|	90.820	100	3.77e-109	305	1588904	Pythium junctum	oomycetes	Pythium junctum
a0f8f9b1f1cb22030e26848ea60ef818	gi|320337161|gb|HQ708732.1|	90.820	100	3.77e-109	305	115418	Globisporangium mamillatum	oomycetes	Globisporangium mamillatum
a0f8f9b1f1cb22030e26848ea60ef818	gi|320337159|gb|HQ708731.1|	90.820	100	3.77e-109	305	115418	Globisporangium mamillatum	oomycetes	Globisporangium mamillatum
a0f8f9b1f1cb22030e26848ea60ef818	gi|299777413|gb|GU071819.1|	90.820	100	3.77e-109	305	115418	Globisporangium mamillatum	oomycetes	Globisporangium mamillatum
a0f8f9b1f1cb22030e26848ea60ef818	gi|2242463952|dbj|LC710653.1|	90.523	100	1.75e-107	306	2944856	Pythium sp. 'Clade A'	oomycetes	Pythium sp. 'Clade A'
a0f8f9b1f1cb22030e26848ea60ef818	gi|411101610|gb|JQ412799.1|	90.492	100	1.75e-107	305	1450477	Globisporangium cederbergense	oomycetes	Globisporangium cederbergense
a0f8f9b1f1cb22030e26848ea60ef818	gi|411101608|gb|JQ412798.1|	90.492	100	1.75e-107	305	1450477	Globisporangium cederbergense	oomycetes	Globisporangium cederbergense
4859c424fdcb00453eed54898fe8c8c8	gi|2633551805|gb|OR900718.1|	92.459	100	1.73e-117	305	115418	Globisporangium mamillatum	oomycetes	Globisporangium mamillatum
4859c424fdcb00453eed54898fe8c8c8	gi|985769065|gb|KT692875.1|	92.459	100	1.73e-117	305	115418	Globisporangium mamillatum	oomycetes	Globisporangium mamillatum
4859c424fdcb00453eed54898fe8c8c8	gi|320337161|gb|HQ708732.1|	92.459	100	1.73e-117	305	115418	Globisporangium mamillatum	oomycetes	Globisporangium mamillatum
4859c424fdcb00453eed54898fe8c8c8	gi|320337159|gb|HQ708731.1|	92.459	100	1.73e-117	305	115418	Globisporangium mamillatum	oomycetes	Globisporangium mamillatum
4859c424fdcb00453eed54898fe8c8c8	gi|299777413|gb|GU071819.1|	92.459	100	1.73e-117	305	115418	Globisporangium mamillatum	oomycetes	Globisporangium mamillatum
4859c424fdcb00453eed54898fe8c8c8	gi|2633551817|gb|OR900724.1|	92.157	100	8.05e-116	306	2711124	Globisporangium sp.	oomycetes	Globisporangium sp.
4859c424fdcb00453eed54898fe8c8c8	gi|908775969|gb|KT247401.1|	92.157	100	8.05e-116	306	2711122	Globisporangium rostratifingens	oomycetes	Globisporangium rostratifingens
4859c424fdcb00453eed54898fe8c8c8	gi|320337359|gb|HQ708831.1|	92.131	100	8.05e-116	305	373630	Globisporangium spiculum	oomycetes	Globisporangium spiculum
4859c424fdcb00453eed54898fe8c8c8	gi|320337309|gb|HQ708806.1|	92.157	100	8.05e-116	306	2711122	Globisporangium rostratifingens	oomycetes	Globisporangium rostratifingens
4859c424fdcb00453eed54898fe8c8c8	gi|299777505|gb|GU071865.1|	92.131	100	8.05e-116	305	36331	Globisporangium irregulare	oomycetes	Globisporangium irregulare
09a7e22650d128410a7444244167a319	gi|320337205|gb|HQ708754.1|	93.770	100	3.69e-124	305	82942	Globisporangium nunn	oomycetes	Globisporangium nunn
09a7e22650d128410a7444244167a319	gi|165906514|gb|EU350522.1|	93.770	100	3.69e-124	305	82942	Globisporangium nunn	oomycetes	Globisporangium nunn
09a7e22650d128410a7444244167a319	gi|1840520566|gb|MN431954.1|	93.377	99	7.99e-121	302	2052682	Globisporangium ultimum	oomycetes	Globisporangium ultimum
09a7e22650d128410a7444244167a319	gi|1809655668|gb|MN475968.1|	93.115	100	7.99e-121	305	2052682	Globisporangium ultimum	oomycetes	Globisporangium ultimum
09a7e22650d128410a7444244167a319	gi|2897816540|gb|PQ789756.1|	93.115	100	7.99e-121	305	2052682	Globisporangium ultimum	oomycetes	Globisporangium ultimum
09a7e22650d128410a7444244167a319	gi|2633551805|gb|OR900718.1|	93.115	100	7.99e-121	305	115418	Globisporangium mamillatum	oomycetes	Globisporangium mamillatum
09a7e22650d128410a7444244167a319	gi|1628766867|gb|MK696970.1|	93.115	100	7.99e-121	305	2052682	Globisporangium ultimum	oomycetes	Globisporangium ultimum
09a7e22650d128410a7444244167a319	gi|1465230741|gb|MH213049.1|	93.115	100	7.99e-121	305	2052682	Globisporangium ultimum	oomycetes	Globisporangium ultimum
09a7e22650d128410a7444244167a319	gi|1465202071|gb|MH202657.1|	93.115	100	7.99e-121	305	2052683	Globisporangium ultimum var. ultimum	oomycetes	Globisporangium ultimum var. ultimum
09a7e22650d128410a7444244167a319	gi|1378968917|gb|MF462100.1|	93.115	100	7.99e-121	305	2052683	Globisporangium ultimum var. ultimum	oomycetes	Globisporangium ultimum var. ultimum
66374c16614e617067e27d1846876188	gi|2633551805|gb|OR900718.1|	93.115	100	7.99e-121	305	115418	Globisporangium mamillatum	oomycetes	Globisporangium mamillatum
66374c16614e617067e27d1846876188	gi|985769065|gb|KT692875.1|	93.115	100	7.99e-121	305	115418	Globisporangium mamillatum	oomycetes	Globisporangium mamillatum
66374c16614e617067e27d1846876188	gi|2242463952|dbj|LC710653.1|	93.115	100	7.99e-121	305	2944856	Pythium sp. 'Clade A'	oomycetes	Pythium sp. 'Clade A'
66374c16614e617067e27d1846876188	gi|400973673|emb|HE862399.1|	93.115	100	7.99e-121	305	2946837	Pythium agreste	oomycetes	Pythium agreste
66374c16614e617067e27d1846876188	gi|320337359|gb|HQ708831.1|	93.115	100	7.99e-121	305	373630	Globisporangium spiculum	oomycetes	Globisporangium spiculum
66374c16614e617067e27d1846876188	gi|320337161|gb|HQ708732.1|	93.115	100	7.99e-121	305	115418	Globisporangium mamillatum	oomycetes	Globisporangium mamillatum
66374c16614e617067e27d1846876188	gi|320337159|gb|HQ708731.1|	93.115	100	7.99e-121	305	115418	Globisporangium mamillatum	oomycetes	Globisporangium mamillatum
66374c16614e617067e27d1846876188	gi|299777413|gb|GU071819.1|	93.115	100	7.99e-121	305	115418	Globisporangium mamillatum	oomycetes	Globisporangium mamillatum
66374c16614e617067e27d1846876188	gi|1840520566|gb|MN431954.1|	93.046	99	3.72e-119	302	2052682	Globisporangium ultimum	oomycetes	Globisporangium ultimum
66374c16614e617067e27d1846876188	gi|1809655668|gb|MN475968.1|	92.787	100	3.72e-119	305	2052682	Globisporangium ultimum	oomycetes	Globisporangium ultimum
c1b5792b36b4021afebd2175471a88c4	gi|1510281830|gb|MF984160.1|	92.787	100	3.72e-119	305	2487003	Globisporangium tenuihyphum	oomycetes	Globisporangium tenuihyphum
c1b5792b36b4021afebd2175471a88c4	gi|2187015591|gb|OL539842.1|	92.459	100	1.73e-117	305	2708265	Globisporangium heterothallicum	oomycetes	Globisporangium heterothallicum
c1b5792b36b4021afebd2175471a88c4	gi|2067732431|gb|MZ152002.1|	92.459	100	1.73e-117	305	241406	Globisporangium attrantheridium	oomycetes	Globisporangium attrantheridium
c1b5792b36b4021afebd2175471a88c4	gi|411101610|gb|JQ412799.1|	92.459	100	1.73e-117	305	1450477	Globisporangium cederbergense	oomycetes	Globisporangium cederbergense
c1b5792b36b4021afebd2175471a88c4	gi|411101608|gb|JQ412798.1|	92.459	100	1.73e-117	305	1450477	Globisporangium cederbergense	oomycetes	Globisporangium cederbergense
c1b5792b36b4021afebd2175471a88c4	gi|411101596|gb|JQ412792.1|	92.459	100	1.73e-117	305	1450477	Globisporangium cederbergense	oomycetes	Globisporangium cederbergense
c1b5792b36b4021afebd2175471a88c4	gi|320336743|gb|HQ708523.1|	92.459	100	1.73e-117	305	241406	Globisporangium attrantheridium	oomycetes	Globisporangium attrantheridium
c1b5792b36b4021afebd2175471a88c4	gi|1827287259|dbj|LC535404.1|	92.131	100	8.05e-116	305	2711124	Globisporangium sp.	oomycetes	Globisporangium sp.
c1b5792b36b4021afebd2175471a88c4	gi|2633551829|gb|OR900730.1|	92.131	100	8.05e-116	305	2711124	Globisporangium sp.	oomycetes	Globisporangium sp.
c1b5792b36b4021afebd2175471a88c4	gi|2633551825|gb|OR900728.1|	92.131	100	8.05e-116	305	2711124	Globisporangium sp.	oomycetes	Globisporangium sp.
fa6f5ad221349046224a52f4c6b0f126	gi|308913369|gb|HQ261482.1|	90.820	100	3.77e-109	305	907948	Pythium sp. AL-2010	oomycetes	Pythium sp. AL-2010
fa6f5ad221349046224a52f4c6b0f126	gi|1436168097|gb|MG182705.1|	90.492	100	1.75e-107	305	2044929	Globisporangium iranense	oomycetes	Globisporangium iranense
fa6f5ad221349046224a52f4c6b0f126	gi|985768881|gb|KT692783.1|	90.492	100	1.75e-107	305	105152	Globisporangium nodosum	oomycetes	Globisporangium nodosum
fa6f5ad221349046224a52f4c6b0f126	gi|1510281830|gb|MF984160.1|	90.492	100	1.75e-107	305	2487003	Globisporangium tenuihyphum	oomycetes	Globisporangium tenuihyphum
fa6f5ad221349046224a52f4c6b0f126	gi|308913371|gb|HQ261483.1|	90.492	100	1.75e-107	305	907948	Pythium sp. AL-2010	oomycetes	Pythium sp. AL-2010
fa6f5ad221349046224a52f4c6b0f126	gi|320337323|gb|HQ708813.1|	90.492	100	1.75e-107	305	209243	Globisporangium segnitium	oomycetes	Globisporangium segnitium
fa6f5ad221349046224a52f4c6b0f126	gi|320337305|gb|HQ708804.1|	90.492	100	1.75e-107	305	2711122	Globisporangium rostratifingens	oomycetes	Globisporangium rostratifingens
fa6f5ad221349046224a52f4c6b0f126	gi|320336903|gb|HQ708603.1|	90.492	100	1.75e-107	305	2708265	Globisporangium heterothallicum	oomycetes	Globisporangium heterothallicum
fa6f5ad221349046224a52f4c6b0f126	gi|320336619|gb|HQ708461.1|	90.492	100	1.75e-107	305	255163;289603	Globisporangium acrogynum	oomycetes	Globisporangium acrogynum
fa6f5ad221349046224a52f4c6b0f126	gi|335356324|gb|JF895534.1|	90.492	100	1.75e-107	305	1277646	Globisporangium schmitthenneri	oomycetes	Globisporangium schmitthenneri
3207cbd9fde5cdf7d3b036a4da8375a5	gi|320336877|gb|HQ708590.1|	95.410	100	1.69e-132	305	172234	Pythium grandisporangium	oomycetes	Pythium grandisporangium
3207cbd9fde5cdf7d3b036a4da8375a5	gi|320336113|gb|HQ708208.1|	95.410	100	1.69e-132	305	983661	Salisapilia tartarea	oomycetes	Salisapilia tartarea
3207cbd9fde5cdf7d3b036a4da8375a5	gi|1827287259|dbj|LC535404.1|	93.115	100	7.99e-121	305	2711124	Globisporangium sp.	oomycetes	Globisporangium sp.
3207cbd9fde5cdf7d3b036a4da8375a5	gi|2734755893|gb|PP814645.1|	93.137	100	7.99e-121	306	2125992	Globisporangium acanthophoron	oomycetes	Globisporangium acanthophoron
3207cbd9fde5cdf7d3b036a4da8375a5	gi|918464182|gb|KT257401.1|	93.115	100	7.99e-121	305	485446	Myzocytiopsis sp. venatrix	oomycetes	Myzocytiopsis sp. venatrix
3207cbd9fde5cdf7d3b036a4da8375a5	gi|918464160|gb|KT257390.1|	93.115	100	7.99e-121	305	485446	Myzocytiopsis sp. venatrix	oomycetes	Myzocytiopsis sp. venatrix
3207cbd9fde5cdf7d3b036a4da8375a5	gi|985769079|gb|KT692882.1|	93.115	100	7.99e-121	305	2708265	Globisporangium heterothallicum	oomycetes	Globisporangium heterothallicum
3207cbd9fde5cdf7d3b036a4da8375a5	gi|985769077|gb|KT692881.1|	93.115	100	7.99e-121	305	1792278	Globisporangium aff. intermedium JEB-2016	oomycetes	Globisporangium aff. intermedium JEB-2016
3207cbd9fde5cdf7d3b036a4da8375a5	gi|308913321|gb|HQ261458.1|	93.115	100	7.99e-121	305	445398	Phytophthora sulawesiensis	downy mildews	Phytophthora sulawesiensis
3207cbd9fde5cdf7d3b036a4da8375a5	gi|320337391|gb|HQ708847.1|	93.115	100	7.99e-121	305	946377	Pythium sp. CAL-2011c	oomycetes	Pythium sp. CAL-2011c
6da4d2125760096046cb8b6fe437afee	gi|985769103|gb|KT692894.1|	93.115	100	7.99e-121	305	2708265	Globisporangium heterothallicum	oomycetes	Globisporangium heterothallicum
6da4d2125760096046cb8b6fe437afee	gi|985769083|gb|KT692884.1|	93.115	100	7.99e-121	305	2708265	Globisporangium heterothallicum	oomycetes	Globisporangium heterothallicum
6da4d2125760096046cb8b6fe437afee	gi|320336893|gb|HQ708598.1|	93.115	100	7.99e-121	305	2708265	Globisporangium heterothallicum	oomycetes	Globisporangium heterothallicum
6da4d2125760096046cb8b6fe437afee	gi|1840520566|gb|MN431954.1|	93.046	99	3.72e-119	302	2052682	Globisporangium ultimum	oomycetes	Globisporangium ultimum
6da4d2125760096046cb8b6fe437afee	gi|1809655668|gb|MN475968.1|	92.787	100	3.72e-119	305	2052682	Globisporangium ultimum	oomycetes	Globisporangium ultimum
6da4d2125760096046cb8b6fe437afee	gi|2897816540|gb|PQ789756.1|	92.787	100	3.72e-119	305	2052682	Globisporangium ultimum	oomycetes	Globisporangium ultimum
6da4d2125760096046cb8b6fe437afee	gi|1628766867|gb|MK696970.1|	92.787	100	3.72e-119	305	2052682	Globisporangium ultimum	oomycetes	Globisporangium ultimum
6da4d2125760096046cb8b6fe437afee	gi|1465230741|gb|MH213049.1|	92.787	100	3.72e-119	305	2052682	Globisporangium ultimum	oomycetes	Globisporangium ultimum
6da4d2125760096046cb8b6fe437afee	gi|1465202071|gb|MH202657.1|	92.787	100	3.72e-119	305	2052683	Globisporangium ultimum var. ultimum	oomycetes	Globisporangium ultimum var. ultimum
6da4d2125760096046cb8b6fe437afee	gi|1378968917|gb|MF462100.1|	92.787	100	3.72e-119	305	2052683	Globisporangium ultimum var. ultimum	oomycetes	Globisporangium ultimum var. ultimum
ec772a8caecca1d1e358891844d43fec	gi|324983193|gb|HQ171174.1|	91.475	100	1.74e-112	305	758755	Salisapilia bahamensis	oomycetes	Salisapilia bahamensis
ec772a8caecca1d1e358891844d43fec	gi|2633551805|gb|OR900718.1|	90.492	100	1.75e-107	305	115418	Globisporangium mamillatum	oomycetes	Globisporangium mamillatum
ec772a8caecca1d1e358891844d43fec	gi|985769065|gb|KT692875.1|	90.492	100	1.75e-107	305	115418	Globisporangium mamillatum	oomycetes	Globisporangium mamillatum
ec772a8caecca1d1e358891844d43fec	gi|769175279|gb|KJ995597.1|	90.492	100	1.75e-107	305	1588904	Pythium junctum	oomycetes	Pythium junctum
ec772a8caecca1d1e358891844d43fec	gi|320337161|gb|HQ708732.1|	90.492	100	1.75e-107	305	115418	Globisporangium mamillatum	oomycetes	Globisporangium mamillatum
ec772a8caecca1d1e358891844d43fec	gi|320337159|gb|HQ708731.1|	90.492	100	1.75e-107	305	115418	Globisporangium mamillatum	oomycetes	Globisporangium mamillatum
ec772a8caecca1d1e358891844d43fec	gi|299777413|gb|GU071819.1|	90.492	100	1.75e-107	305	115418	Globisporangium mamillatum	oomycetes	Globisporangium mamillatum
ec772a8caecca1d1e358891844d43fec	gi|2242463952|dbj|LC710653.1|	90.196	100	8.16e-106	306	2944856	Pythium sp. 'Clade A'	oomycetes	Pythium sp. 'Clade A'
ec772a8caecca1d1e358891844d43fec	gi|411101610|gb|JQ412799.1|	90.164	100	8.16e-106	305	1450477	Globisporangium cederbergense	oomycetes	Globisporangium cederbergense
ec772a8caecca1d1e358891844d43fec	gi|411101608|gb|JQ412798.1|	90.164	100	8.16e-106	305	1450477	Globisporangium cederbergense	oomycetes	Globisporangium cederbergense
febfa590f14c2d08af67b40d2e394c95	gi|1134029985|dbj|LC209787.1|	92.079	99	1.04e-114	303	1935936	Globisporangium lacustre	oomycetes	Globisporangium lacustre
febfa590f14c2d08af67b40d2e394c95	gi|1169099567|dbj|LC224108.1|	91.803	100	3.74e-114	305	713106;1972065;1972066;1972067	Pythium sp. OPU809	oomycetes	Pythium sp. OPU809
febfa590f14c2d08af67b40d2e394c95	gi|1147710152|dbj|LC216337.1|	91.475	100	1.74e-112	305	289623	Globisporangium marsipium	oomycetes	Globisporangium marsipium
febfa590f14c2d08af67b40d2e394c95	gi|1510281836|gb|MF984163.1|	91.475	100	1.74e-112	305	289623	Globisporangium marsipium	oomycetes	Globisporangium marsipium
febfa590f14c2d08af67b40d2e394c95	gi|482660265|gb|JX397978.1|	91.475	100	1.74e-112	305	645459	Pythium sp. WJB-1	oomycetes	Pythium sp. WJB-1
febfa590f14c2d08af67b40d2e394c95	gi|320337211|gb|HQ708757.1|	91.475	100	1.74e-112	305	182683	Globisporangium okanoganense	oomycetes	Globisporangium okanoganense
febfa590f14c2d08af67b40d2e394c95	gi|320337165|gb|HQ708734.1|	91.475	100	1.74e-112	305	289623	Globisporangium marsipium	oomycetes	Globisporangium marsipium
febfa590f14c2d08af67b40d2e394c95	gi|320336863|gb|HQ708583.1|	91.475	100	1.74e-112	305	289620	Pythium flevoense	oomycetes	Pythium flevoense
febfa590f14c2d08af67b40d2e394c95	gi|320336857|gb|HQ708580.1|	91.475	100	1.74e-112	305	289620	Pythium flevoense	oomycetes	Pythium flevoense
febfa590f14c2d08af67b40d2e394c95	gi|1846399415|dbj|LC548774.1|	91.148	100	8.11e-111	305	65070	Pythium aphanidermatum	oomycetes	Pythium aphanidermatum
5884057a5490b899e9dad9a9b5d23875	gi|2912148662|gb|PQ667709.1|	92.787	100	3.72e-119	305	180228	Paramoeba pemaquidensis	eukaryotes	Paramoeba pemaquidensis
5884057a5490b899e9dad9a9b5d23875	gi|2414548374|gb|OP429234.1|	91.803	100	3.74e-114	305	180227	Paramoeba aestuarina	eukaryotes	Paramoeba aestuarina
5884057a5490b899e9dad9a9b5d23875	gi|2414548372|gb|OP429233.1|	91.803	100	3.74e-114	305	180227	Paramoeba aestuarina	eukaryotes	Paramoeba aestuarina
5884057a5490b899e9dad9a9b5d23875	gi|2414548370|gb|OP429232.1|	91.803	100	3.74e-114	305	180227	Paramoeba aestuarina	eukaryotes	Paramoeba aestuarina
5884057a5490b899e9dad9a9b5d23875	gi|2912148669|gb|PQ667713.1|	91.475	100	1.74e-112	305	180228	Paramoeba pemaquidensis	eukaryotes	Paramoeba pemaquidensis
5884057a5490b899e9dad9a9b5d23875	gi|2912148667|gb|PQ667712.1|	91.475	100	1.74e-112	305	180228	Paramoeba pemaquidensis	eukaryotes	Paramoeba pemaquidensis
5884057a5490b899e9dad9a9b5d23875	gi|2912148665|gb|PQ667711.1|	91.475	100	1.74e-112	305	180228	Paramoeba pemaquidensis	eukaryotes	Paramoeba pemaquidensis
5884057a5490b899e9dad9a9b5d23875	gi|2912148664|gb|PQ667710.1|	91.475	100	1.74e-112	305	180228	Paramoeba pemaquidensis	eukaryotes	Paramoeba pemaquidensis
ce4cd558a4b1a55bdbe3114e5e28b2ae	gi|257798994|gb|GQ844270.1|	100.000	97	7.66e-151	296	44447	Pseudo-nitzschia delicatissima	diatoms	Pseudo-nitzschia delicatissima
ce4cd558a4b1a55bdbe3114e5e28b2ae	gi|2846854535|gb|PQ459334.1|	93.709	99	1.72e-122	302	44447	Pseudo-nitzschia delicatissima	diatoms	Pseudo-nitzschia delicatissima
ce4cd558a4b1a55bdbe3114e5e28b2ae	gi|2192941158|ref|NC_060304.1|	93.709	99	1.72e-122	302	44447	Pseudo-nitzschia delicatissima	diatoms	Pseudo-nitzschia delicatissima
ce4cd558a4b1a55bdbe3114e5e28b2ae	gi|2055404604|ref|NC_056161.1|	92.053	99	3.74e-114	302	237455	Pseudo-nitzschia cuspidata	diatoms	Pseudo-nitzschia cuspidata
ce4cd558a4b1a55bdbe3114e5e28b2ae	gi|335929319|gb|JN050307.1|	91.722	99	1.74e-112	302	237455	Pseudo-nitzschia cuspidata	diatoms	Pseudo-nitzschia cuspidata
ce4cd558a4b1a55bdbe3114e5e28b2ae	gi|1190246131|gb|KX572941.1|	91.060	99	3.77e-109	302	178779	Pseudo-nitzschia pseudodelicatissima	diatoms	Pseudo-nitzschia pseudodelicatissima
ce4cd558a4b1a55bdbe3114e5e28b2ae	gi|926663179|gb|KR871392.1|	91.289	94	3.80e-104	287	1388884	Pseudo-nitzschia lundholmiae	diatoms	Pseudo-nitzschia lundholmiae
ce4cd558a4b1a55bdbe3114e5e28b2ae	gi|335929317|gb|JN050306.1|	90.066	99	3.80e-104	302	237455	Pseudo-nitzschia cuspidata	diatoms	Pseudo-nitzschia cuspidata
ce4cd558a4b1a55bdbe3114e5e28b2ae	gi|930722674|gb|KP750176.1|	90.203	97	1.77e-102	296	195935	Pseudo-nitzschia brasiliana	diatoms	Pseudo-nitzschia brasiliana
ce4cd558a4b1a55bdbe3114e5e28b2ae	gi|1190246123|gb|KX572937.1|	91.135	92	2.29e-101	282	1388884	Pseudo-nitzschia lundholmiae	diatoms	Pseudo-nitzschia lundholmiae
fc5b2cfb127e20225462e9b45f6415da	gi|2055404604|ref|NC_056161.1|	98.033	100	7.71e-146	305	237455	Pseudo-nitzschia cuspidata	diatoms	Pseudo-nitzschia cuspidata
fc5b2cfb127e20225462e9b45f6415da	gi|1190246131|gb|KX572941.1|	97.705	100	3.59e-144	305	178779	Pseudo-nitzschia pseudodelicatissima	diatoms	Pseudo-nitzschia pseudodelicatissima
fc5b2cfb127e20225462e9b45f6415da	gi|335929319|gb|JN050307.1|	97.705	100	3.59e-144	305	237455	Pseudo-nitzschia cuspidata	diatoms	Pseudo-nitzschia cuspidata
fc5b2cfb127e20225462e9b45f6415da	gi|335929317|gb|JN050306.1|	96.721	100	3.61e-139	305	237455	Pseudo-nitzschia cuspidata	diatoms	Pseudo-nitzschia cuspidata
fc5b2cfb127e20225462e9b45f6415da	gi|1190246103|gb|KX572927.1|	97.482	91	3.67e-129	278	237455	Pseudo-nitzschia cuspidata	diatoms	Pseudo-nitzschia cuspidata
fc5b2cfb127e20225462e9b45f6415da	gi|1190246115|gb|KX572933.1|	96.167	94	1.71e-127	287	1388885	Pseudo-nitzschia fukuyoi	diatoms	Pseudo-nitzschia fukuyoi
fc5b2cfb127e20225462e9b45f6415da	gi|1190246117|gb|KX572934.1|	96.057	91	4.78e-123	279	1388885	Pseudo-nitzschia fukuyoi	diatoms	Pseudo-nitzschia fukuyoi
fc5b2cfb127e20225462e9b45f6415da	gi|926663179|gb|KR871392.1|	95.122	94	1.72e-122	287	1388884	Pseudo-nitzschia lundholmiae	diatoms	Pseudo-nitzschia lundholmiae
fc5b2cfb127e20225462e9b45f6415da	gi|1190246113|gb|KX572932.1|	96.029	91	6.18e-122	277	1388885	Pseudo-nitzschia fukuyoi	diatoms	Pseudo-nitzschia fukuyoi
fc5b2cfb127e20225462e9b45f6415da	gi|1190246123|gb|KX572937.1|	95.035	92	1.03e-119	282	1388884	Pseudo-nitzschia lundholmiae	diatoms	Pseudo-nitzschia lundholmiae
f654714ef79bccf4ebd2e4ff8d68fc77	gi|1122816909|gb|KX086261.1|	99.672	100	3.54e-154	305	1663100	Anisolpidium ectocarpii	oomycetes	Anisolpidium ectocarpii
cf2b5b220383ed432e4ead1f2761654b	gi|806935683|gb|KM210527.1|	91.289	94	3.80e-104	287	1638924	Olpidiopsis feldmanni	oomycetes	Olpidiopsis feldmanni
cf2b5b220383ed432e4ead1f2761654b	gi|2843845359|gb|OR663912.1|	90.942	90	4.95e-98	276	2909657	Olpidiopsis sp.	oomycetes	Olpidiopsis sp.
4c1e454a57e8158c22313ba19affa975	gi|806935683|gb|KM210527.1|	92.683	94	8.11e-111	287	1638924	Olpidiopsis feldmanni	oomycetes	Olpidiopsis feldmanni
4c1e454a57e8158c22313ba19affa975	gi|2843845359|gb|OR663912.1|	92.029	90	4.91e-103	276	2909657	Olpidiopsis sp.	oomycetes	Olpidiopsis sp.
6a7429d1705284b3b78fba1e5556b9a2	gi|806935683|gb|KM210527.1|	92.683	94	8.11e-111	287	1638924	Olpidiopsis feldmanni	oomycetes	Olpidiopsis feldmanni
6a7429d1705284b3b78fba1e5556b9a2	gi|2843845359|gb|OR663912.1|	91.667	90	2.29e-101	276	2909657	Olpidiopsis sp.	oomycetes	Olpidiopsis sp.
a7ab457eaef19da5848c11eb8357edc8	gi|806935683|gb|KM210527.1|	91.638	94	8.16e-106	287	1638924	Olpidiopsis feldmanni	oomycetes	Olpidiopsis feldmanni
a7ab457eaef19da5848c11eb8357edc8	gi|2843845359|gb|OR663912.1|	90.580	90	2.30e-96	276	2909657	Olpidiopsis sp.	oomycetes	Olpidiopsis sp.
3c23499f3257be9d7b4014b2dfe3c274	gi|806935683|gb|KM210527.1|	91.638	94	8.16e-106	287	1638924	Olpidiopsis feldmanni	oomycetes	Olpidiopsis feldmanni
3c23499f3257be9d7b4014b2dfe3c274	gi|2843845359|gb|OR663912.1|	91.304	90	1.06e-99	276	2909657	Olpidiopsis sp.	oomycetes	Olpidiopsis sp.
cdb8cfedf5312b798c6a7a3581f6dd1a	gi|2868138280|gb|PQ739635.1|	99.672	100	3.54e-154	305	164412	Balanus crenatus	crustaceans	Balanus crenatus
cdb8cfedf5312b798c6a7a3581f6dd1a	gi|1430075265|gb|MG935129.1|	99.672	100	3.54e-154	305	164412;172567;1220549	Amphibalanus improvisus	crustaceans	Amphibalanus improvisus
cdb8cfedf5312b798c6a7a3581f6dd1a	gi|1877093325|gb|MT736452.1|	99.672	100	3.54e-154	305	164412	Balanus crenatus	crustaceans	Balanus crenatus
cdb8cfedf5312b798c6a7a3581f6dd1a	gi|1495352454|gb|MG312361.1|	99.344	100	4.58e-153	305	172567	Balanus balanus	crustaceans	Balanus balanus
cdb8cfedf5312b798c6a7a3581f6dd1a	gi|1495352940|gb|MG312604.1|	99.344	100	1.65e-152	305	2451562	Balanus sp. HLC-26165	crustaceans	Balanus sp. HLC-26165
cdb8cfedf5312b798c6a7a3581f6dd1a	gi|1430075866|gb|MG935325.1|	99.344	100	1.65e-152	305	164412	Balanus crenatus	crustaceans	Balanus crenatus
cdb8cfedf5312b798c6a7a3581f6dd1a	gi|936253294|gb|KT208948.1|	99.344	100	1.65e-152	305	172567	Balanus balanus	crustaceans	Balanus balanus
cdb8cfedf5312b798c6a7a3581f6dd1a	gi|936252562|gb|KT208582.1|	99.344	100	1.65e-152	305	172567	Balanus balanus	crustaceans	Balanus balanus
cdb8cfedf5312b798c6a7a3581f6dd1a	gi|936252512|gb|KT208557.1|	99.344	100	1.65e-152	305	172567	Balanus balanus	crustaceans	Balanus balanus
cdb8cfedf5312b798c6a7a3581f6dd1a	gi|936252338|gb|KT208470.1|	99.344	100	1.65e-152	305	172567	Balanus balanus	crustaceans	Balanus balanus
81992ac5324e6cc3df54c5582c877765	gi|1693285448|ref|NC_042603.1|	98.689	100	3.56e-149	305	1883388	Chloroparvula pacifica	green algae	Chloroparvula pacifica
52c3083227027f6600a8e07862e015b4	gi|1693285448|ref|NC_042603.1|	99.672	100	3.54e-154	305	1883388	Chloroparvula pacifica	green algae	Chloroparvula pacifica
1cf8f3e5e5e2acc536de68d91947a9fe	gi|1693285448|ref|NC_042603.1|	100.000	100	7.61e-156	305	1883388	Chloroparvula pacifica	green algae	Chloroparvula pacifica
961f51cc6302f633ddb25c3b62c59e32	gi|1693285448|ref|NC_042603.1|	99.672	100	3.54e-154	305	1883388	Chloroparvula pacifica	green algae	Chloroparvula pacifica
ececa989154ea616979387c350d203b1	gi|1693285448|ref|NC_042603.1|	99.672	100	3.54e-154	305	1883388	Chloroparvula pacifica	green algae	Chloroparvula pacifica
655942a4cf730e0a87f4021f81fdc621	gi|1693285448|ref|NC_042603.1|	99.344	100	1.65e-152	305	1883388	Chloroparvula pacifica	green algae	Chloroparvula pacifica
46e0f75d96f03cb65a86239d2fee7b8c	gi|1839331029|gb|MK905797.1|	98.366	99	4.66e-148	306	2576788	Synchaeta triophthalma	rotifers	Synchaeta triophthalma
46e0f75d96f03cb65a86239d2fee7b8c	gi|1839331041|gb|MK905803.1|	96.732	99	1.02e-139	306	2576788	Synchaeta triophthalma	rotifers	Synchaeta triophthalma
46e0f75d96f03cb65a86239d2fee7b8c	gi|1839331039|gb|MK905802.1|	96.732	99	1.02e-139	306	2576788	Synchaeta triophthalma	rotifers	Synchaeta triophthalma
46e0f75d96f03cb65a86239d2fee7b8c	gi|1839331037|gb|MK905801.1|	96.732	99	1.02e-139	306	2576788	Synchaeta triophthalma	rotifers	Synchaeta triophthalma
46e0f75d96f03cb65a86239d2fee7b8c	gi|1839331035|gb|MK905800.1|	96.732	99	1.02e-139	306	2576788	Synchaeta triophthalma	rotifers	Synchaeta triophthalma
46e0f75d96f03cb65a86239d2fee7b8c	gi|1839331033|gb|MK905799.1|	96.732	99	1.02e-139	306	2576788	Synchaeta triophthalma	rotifers	Synchaeta triophthalma
46e0f75d96f03cb65a86239d2fee7b8c	gi|1839331031|gb|MK905798.1|	96.732	99	1.02e-139	306	2576788	Synchaeta triophthalma	rotifers	Synchaeta triophthalma
46e0f75d96f03cb65a86239d2fee7b8c	gi|1839331025|gb|MK905795.1|	96.732	99	1.02e-139	306	2576788	Synchaeta triophthalma	rotifers	Synchaeta triophthalma
46e0f75d96f03cb65a86239d2fee7b8c	gi|1839331023|gb|MK905794.1|	96.732	99	1.02e-139	306	2576788	Synchaeta triophthalma	rotifers	Synchaeta triophthalma
46e0f75d96f03cb65a86239d2fee7b8c	gi|1839331027|gb|MK905796.1|	96.405	99	4.73e-138	306	2576788	Synchaeta triophthalma	rotifers	Synchaeta triophthalma
3d54cee4bae8312069153b3c9c9573e3	gi|1839331195|gb|MK905880.1|	91.148	99	8.20e-111	305	1156572	Synchaeta kitina	rotifers	Synchaeta kitina
3d54cee4bae8312069153b3c9c9573e3	gi|1839331193|gb|MK905879.1|	91.148	99	8.20e-111	305	1156572	Synchaeta kitina	rotifers	Synchaeta kitina
3d54cee4bae8312069153b3c9c9573e3	gi|1839331191|gb|MK905878.1|	91.148	99	8.20e-111	305	1156572	Synchaeta kitina	rotifers	Synchaeta kitina
3d54cee4bae8312069153b3c9c9573e3	gi|1839331189|gb|MK905877.1|	91.148	99	8.20e-111	305	1156572	Synchaeta kitina	rotifers	Synchaeta kitina
3d54cee4bae8312069153b3c9c9573e3	gi|1839331187|gb|MK905876.1|	91.148	99	8.20e-111	305	1156572	Synchaeta kitina	rotifers	Synchaeta kitina
3d54cee4bae8312069153b3c9c9573e3	gi|1839331183|gb|MK905874.1|	91.148	99	8.20e-111	305	1156572	Synchaeta kitina	rotifers	Synchaeta kitina
3d54cee4bae8312069153b3c9c9573e3	gi|1839331181|gb|MK905873.1|	91.148	99	8.20e-111	305	1156572	Synchaeta kitina	rotifers	Synchaeta kitina
3d54cee4bae8312069153b3c9c9573e3	gi|1839331179|gb|MK905872.1|	91.148	99	8.20e-111	305	1156572	Synchaeta kitina	rotifers	Synchaeta kitina
3d54cee4bae8312069153b3c9c9573e3	gi|1839331177|gb|MK905871.1|	91.148	99	8.20e-111	305	1156572	Synchaeta kitina	rotifers	Synchaeta kitina
3d54cee4bae8312069153b3c9c9573e3	gi|379996241|gb|JN936618.1|	91.148	99	8.20e-111	305	1156572	Synchaeta kitina	rotifers	Synchaeta kitina
315e53751a1c35b209d041577fc0f86b	gi|283050920|gb|GU070923.1|	93.645	100	7.81e-121	299	693772	invertebrate environmental sample	animals	invertebrate environmental sample
542fc2eeaa6e1efc3fb7929f70af3241	gi|1430074996|gb|MG935042.1|	100.000	100	7.61e-156	305	308567	Bougainvillia muscus	hydrozoans	Bougainvillia muscus
542fc2eeaa6e1efc3fb7929f70af3241	gi|985560044|gb|KT981907.1|	99.016	100	7.66e-151	305	308567	Bougainvillia muscus	hydrozoans	Bougainvillia muscus
154d988361482e3303dde04a40c94ca8	gi|283050920|gb|GU070923.1|	91.639	100	7.92e-111	299	693772	invertebrate environmental sample	animals	invertebrate environmental sample
5cb8fc993f9866ec6de350c15b1d3699	gi|283050920|gb|GU070923.1|	91.639	100	7.92e-111	299	693772	invertebrate environmental sample	animals	invertebrate environmental sample
dcc5629690c38d049c3efac277b2a5c9	gi|283050920|gb|GU070923.1|	91.304	100	3.69e-109	299	693772	invertebrate environmental sample	animals	invertebrate environmental sample
489411fd38e68f491c53cabae4f37ade	gi|283050920|gb|GU070923.1|	95.318	100	3.58e-129	299	693772	invertebrate environmental sample	animals	invertebrate environmental sample
559b101ca9b411a2bc2e3dcf87b45bcd	gi|283050920|gb|GU070923.1|	94.983	100	1.67e-127	299	693772	invertebrate environmental sample	animals	invertebrate environmental sample
78c865699b7aa21a47fc77fa2115cd49	gi|2871495313|gb|PP136165.1|	99.016	100	7.66e-151	305	74729	Baltidrilus costatus	segmented worms	Baltidrilus costatus
78c865699b7aa21a47fc77fa2115cd49	gi|2871495307|gb|PP136162.1|	99.016	100	7.66e-151	305	74729	Baltidrilus costatus	segmented worms	Baltidrilus costatus
78c865699b7aa21a47fc77fa2115cd49	gi|2871495315|gb|PP136166.1|	98.689	100	3.56e-149	305	74729	Baltidrilus costatus	segmented worms	Baltidrilus costatus
78c865699b7aa21a47fc77fa2115cd49	gi|2871495341|gb|PP136179.1|	98.361	100	1.66e-147	305	74729	Baltidrilus costatus	segmented worms	Baltidrilus costatus
78c865699b7aa21a47fc77fa2115cd49	gi|2871495333|gb|PP136175.1|	98.361	100	1.66e-147	305	74729	Baltidrilus costatus	segmented worms	Baltidrilus costatus
78c865699b7aa21a47fc77fa2115cd49	gi|2871495323|gb|PP136170.1|	98.361	100	1.66e-147	305	74729	Baltidrilus costatus	segmented worms	Baltidrilus costatus
78c865699b7aa21a47fc77fa2115cd49	gi|2871495321|gb|PP136169.1|	98.361	100	1.66e-147	305	74729	Baltidrilus costatus	segmented worms	Baltidrilus costatus
78c865699b7aa21a47fc77fa2115cd49	gi|2871495319|gb|PP136168.1|	98.361	100	1.66e-147	305	74729	Baltidrilus costatus	segmented worms	Baltidrilus costatus
78c865699b7aa21a47fc77fa2115cd49	gi|2871495317|gb|PP136167.1|	98.361	100	1.66e-147	305	74729	Baltidrilus costatus	segmented worms	Baltidrilus costatus
78c865699b7aa21a47fc77fa2115cd49	gi|2871495311|gb|PP136164.1|	98.361	100	1.66e-147	305	74729	Baltidrilus costatus	segmented worms	Baltidrilus costatus
5bd0e017e62ca3110003b55d987090d8	gi|2432719032|gb|OQ323329.1|	99.672	100	3.54e-154	305	3023930	Sabellaria vulgaris	segmented worms	Sabellaria vulgaris
5bd0e017e62ca3110003b55d987090d8	gi|2432718126|gb|OQ322876.1|	99.016	100	7.66e-151	305	3023930	Sabellaria vulgaris	segmented worms	Sabellaria vulgaris
5bd0e017e62ca3110003b55d987090d8	gi|2432717692|gb|OQ322659.1|	99.016	100	7.66e-151	305	3023930	Sabellaria vulgaris	segmented worms	Sabellaria vulgaris
5bd0e017e62ca3110003b55d987090d8	gi|2432718004|gb|OQ322815.1|	98.689	100	3.56e-149	305	3023930	Sabellaria vulgaris	segmented worms	Sabellaria vulgaris
f6e48bcc35667b20424ddae19849b9be	gi|2432719032|gb|OQ323329.1|	100.000	100	7.61e-156	305	3023930	Sabellaria vulgaris	segmented worms	Sabellaria vulgaris
f6e48bcc35667b20424ddae19849b9be	gi|2432718126|gb|OQ322876.1|	99.344	100	1.65e-152	305	3023930	Sabellaria vulgaris	segmented worms	Sabellaria vulgaris
f6e48bcc35667b20424ddae19849b9be	gi|2432717692|gb|OQ322659.1|	99.344	100	1.65e-152	305	3023930	Sabellaria vulgaris	segmented worms	Sabellaria vulgaris
f6e48bcc35667b20424ddae19849b9be	gi|2432718004|gb|OQ322815.1|	99.016	100	7.66e-151	305	3023930	Sabellaria vulgaris	segmented worms	Sabellaria vulgaris
be5dcf3ad87433fca1dcfd63f70b6de5	gi|2432719032|gb|OQ323329.1|	99.672	100	3.54e-154	305	3023930	Sabellaria vulgaris	segmented worms	Sabellaria vulgaris
be5dcf3ad87433fca1dcfd63f70b6de5	gi|2432718126|gb|OQ322876.1|	99.016	100	7.66e-151	305	3023930	Sabellaria vulgaris	segmented worms	Sabellaria vulgaris
be5dcf3ad87433fca1dcfd63f70b6de5	gi|2432717692|gb|OQ322659.1|	99.016	100	7.66e-151	305	3023930	Sabellaria vulgaris	segmented worms	Sabellaria vulgaris
be5dcf3ad87433fca1dcfd63f70b6de5	gi|2432718004|gb|OQ322815.1|	98.689	100	3.56e-149	305	3023930	Sabellaria vulgaris	segmented worms	Sabellaria vulgaris
0ff2ca7c03f22a02337c6a957531c018	gi|2432719032|gb|OQ323329.1|	99.672	100	3.54e-154	305	3023930	Sabellaria vulgaris	segmented worms	Sabellaria vulgaris
0ff2ca7c03f22a02337c6a957531c018	gi|2432718126|gb|OQ322876.1|	99.016	100	7.66e-151	305	3023930	Sabellaria vulgaris	segmented worms	Sabellaria vulgaris
0ff2ca7c03f22a02337c6a957531c018	gi|2432717692|gb|OQ322659.1|	99.016	100	7.66e-151	305	3023930	Sabellaria vulgaris	segmented worms	Sabellaria vulgaris
0ff2ca7c03f22a02337c6a957531c018	gi|2432718004|gb|OQ322815.1|	98.689	100	3.56e-149	305	3023930	Sabellaria vulgaris	segmented worms	Sabellaria vulgaris
a70c1462bc21dbb7ccbe235a2dc21ff7	gi|2432719032|gb|OQ323329.1|	99.344	100	1.65e-152	305	3023930	Sabellaria vulgaris	segmented worms	Sabellaria vulgaris
a70c1462bc21dbb7ccbe235a2dc21ff7	gi|2432718126|gb|OQ322876.1|	99.344	100	1.65e-152	305	3023930	Sabellaria vulgaris	segmented worms	Sabellaria vulgaris
a70c1462bc21dbb7ccbe235a2dc21ff7	gi|2432717692|gb|OQ322659.1|	99.344	100	1.65e-152	305	3023930	Sabellaria vulgaris	segmented worms	Sabellaria vulgaris
a70c1462bc21dbb7ccbe235a2dc21ff7	gi|2432718004|gb|OQ322815.1|	99.016	100	7.66e-151	305	3023930	Sabellaria vulgaris	segmented worms	Sabellaria vulgaris
84dbf36b8672b2a5a21652a9eedf1d49	gi|2432719032|gb|OQ323329.1|	99.672	100	3.54e-154	305	3023930	Sabellaria vulgaris	segmented worms	Sabellaria vulgaris
84dbf36b8672b2a5a21652a9eedf1d49	gi|2432718126|gb|OQ322876.1|	99.672	100	3.54e-154	305	3023930	Sabellaria vulgaris	segmented worms	Sabellaria vulgaris
84dbf36b8672b2a5a21652a9eedf1d49	gi|2432717692|gb|OQ322659.1|	99.672	100	3.54e-154	305	3023930	Sabellaria vulgaris	segmented worms	Sabellaria vulgaris
84dbf36b8672b2a5a21652a9eedf1d49	gi|2432718004|gb|OQ322815.1|	99.344	100	1.65e-152	305	3023930	Sabellaria vulgaris	segmented worms	Sabellaria vulgaris
60d0049be36cfbf7c71b0035ec18fd2c	gi|1842678627|gb|MT455975.1|	100.000	100	7.61e-156	305	7950	Clupea harengus	bony fishes	Atlantic herring
60d0049be36cfbf7c71b0035ec18fd2c	gi|1804023345|gb|MK216579.1|	100.000	100	7.61e-156	305	7950	Clupea harengus	bony fishes	Atlantic herring
60d0049be36cfbf7c71b0035ec18fd2c	gi|1799624616|gb|MN122931.1|	100.000	100	7.61e-156	305	7950	Clupea harengus	bony fishes	Atlantic herring
60d0049be36cfbf7c71b0035ec18fd2c	gi|1153535706|gb|KY018905.1|	100.000	100	7.61e-156	305	7950	Clupea harengus	bony fishes	Atlantic herring
60d0049be36cfbf7c71b0035ec18fd2c	gi|607345583|gb|KJ204815.1|	100.000	100	7.61e-156	305	7950	Clupea harengus	bony fishes	Atlantic herring
60d0049be36cfbf7c71b0035ec18fd2c	gi|429139877|gb|KC015284.1|	100.000	100	7.61e-156	305	7950	Clupea harengus	bony fishes	Atlantic herring
60d0049be36cfbf7c71b0035ec18fd2c	gi|429139883|gb|KC015287.1|	100.000	100	7.61e-156	305	7950	Clupea harengus	bony fishes	Atlantic herring
60d0049be36cfbf7c71b0035ec18fd2c	gi|429139879|gb|KC015285.1|	100.000	100	7.61e-156	305	7950	Clupea harengus	bony fishes	Atlantic herring
60d0049be36cfbf7c71b0035ec18fd2c	gi|426260619|gb|KC193777.1|	100.000	100	7.61e-156	305	7950	Clupea harengus	bony fishes	Atlantic herring
60d0049be36cfbf7c71b0035ec18fd2c	gi|426260591|gb|KC193775.1|	100.000	100	7.61e-156	305	7950	Clupea harengus	bony fishes	Atlantic herring
2705c8ccebc0740963db586dc6dcc9f5	gi|577027745|gb|KF974450.1|	99.016	100	7.66e-151	305	64695	Anurida maritima	springtails	Anurida maritima
2705c8ccebc0740963db586dc6dcc9f5	gi|1837934869|gb|MT434145.1|	97.377	100	1.67e-142	305	64695	Anurida maritima	springtails	Anurida maritima
2705c8ccebc0740963db586dc6dcc9f5	gi|329757280|gb|HQ732028.1|	97.049	100	7.77e-141	305	64695	Anurida maritima	springtails	Anurida maritima
2705c8ccebc0740963db586dc6dcc9f5	gi|1837934867|gb|MT434144.1|	96.721	100	3.61e-139	305	64695	Anurida maritima	springtails	Anurida maritima
45101329e26f142add4bdf0fcac2f17b	gi|17298386|gb|AF354765.1|AF354765	99.672	100	3.54e-154	305	176895	Spurwinkia salsa	gastropods	Spurwinkia salsa
45101329e26f142add4bdf0fcac2f17b	gi|757867869|gb|KP057916.1|	99.344	100	1.65e-152	305	176895	Spurwinkia salsa	gastropods	Spurwinkia salsa
45101329e26f142add4bdf0fcac2f17b	gi|20377508|gb|AF367633.1|	97.324	98	3.61e-139	299	176895	Spurwinkia salsa	gastropods	Spurwinkia salsa
45101329e26f142add4bdf0fcac2f17b	gi|145286327|gb|EF490569.1|	95.410	100	1.69e-132	305	436505	Littoridinops sp. UF155198	gastropods	Littoridinops sp. UF155198
45101329e26f142add4bdf0fcac2f17b	gi|2500090991|gb|OQ918579.1|	95.318	98	3.67e-129	299	338208	Palaemon paludosus	crustaceans	Palaemon paludosus
45101329e26f142add4bdf0fcac2f17b	gi|2500090989|gb|OQ918578.1|	95.318	98	3.67e-129	299	338208	Palaemon paludosus	crustaceans	Palaemon paludosus
45101329e26f142add4bdf0fcac2f17b	gi|145286329|gb|EF490570.1|	94.754	100	3.67e-129	305	436505	Littoridinops sp. UF155198	gastropods	Littoridinops sp. UF155198
45101329e26f142add4bdf0fcac2f17b	gi|1563835036|gb|MK308027.1|	94.426	100	1.71e-127	305	93086	Littoridinops monroensis	gastropods	Littoridinops monroensis
45101329e26f142add4bdf0fcac2f17b	gi|145286325|gb|EF490568.1|	94.426	100	1.71e-127	305	436505	Littoridinops sp. UF155198	gastropods	Littoridinops sp. UF155198
45101329e26f142add4bdf0fcac2f17b	gi|145286323|gb|EF490567.1|	94.426	100	1.71e-127	305	93085	Littoridinops tenuipes	gastropods	Littoridinops tenuipes
2e87c619825e905d590124f261244eb8	gi|757867869|gb|KP057916.1|	99.672	100	3.54e-154	305	176895	Spurwinkia salsa	gastropods	Spurwinkia salsa
2e87c619825e905d590124f261244eb8	gi|17298386|gb|AF354765.1|AF354765	99.344	100	1.65e-152	305	176895	Spurwinkia salsa	gastropods	Spurwinkia salsa
2e87c619825e905d590124f261244eb8	gi|20377508|gb|AF367633.1|	97.659	98	7.77e-141	299	176895	Spurwinkia salsa	gastropods	Spurwinkia salsa
2e87c619825e905d590124f261244eb8	gi|145286327|gb|EF490569.1|	95.738	100	3.64e-134	305	436505	Littoridinops sp. UF155198	gastropods	Littoridinops sp. UF155198
2e87c619825e905d590124f261244eb8	gi|2500090991|gb|OQ918579.1|	95.652	98	7.88e-131	299	338208	Palaemon paludosus	crustaceans	Palaemon paludosus
2e87c619825e905d590124f261244eb8	gi|2500090989|gb|OQ918578.1|	95.652	98	7.88e-131	299	338208	Palaemon paludosus	crustaceans	Palaemon paludosus
2e87c619825e905d590124f261244eb8	gi|145286329|gb|EF490570.1|	95.082	100	7.88e-131	305	436505	Littoridinops sp. UF155198	gastropods	Littoridinops sp. UF155198
2e87c619825e905d590124f261244eb8	gi|1563835036|gb|MK308027.1|	94.754	100	3.67e-129	305	93086	Littoridinops monroensis	gastropods	Littoridinops monroensis
2e87c619825e905d590124f261244eb8	gi|145286325|gb|EF490568.1|	94.754	100	3.67e-129	305	436505	Littoridinops sp. UF155198	gastropods	Littoridinops sp. UF155198
2e87c619825e905d590124f261244eb8	gi|145286323|gb|EF490567.1|	94.754	100	3.67e-129	305	93085	Littoridinops tenuipes	gastropods	Littoridinops tenuipes
8ae7f2c7c322282b8eaf7f8e6b92fad9	gi|757867869|gb|KP057916.1|	99.344	100	1.65e-152	305	176895	Spurwinkia salsa	gastropods	Spurwinkia salsa
8ae7f2c7c322282b8eaf7f8e6b92fad9	gi|17298386|gb|AF354765.1|AF354765	99.016	100	7.66e-151	305	176895	Spurwinkia salsa	gastropods	Spurwinkia salsa
8ae7f2c7c322282b8eaf7f8e6b92fad9	gi|20377508|gb|AF367633.1|	97.324	98	3.61e-139	299	176895	Spurwinkia salsa	gastropods	Spurwinkia salsa
8ae7f2c7c322282b8eaf7f8e6b92fad9	gi|145286329|gb|EF490570.1|	95.410	100	1.69e-132	305	436505	Littoridinops sp. UF155198	gastropods	Littoridinops sp. UF155198
8ae7f2c7c322282b8eaf7f8e6b92fad9	gi|145286327|gb|EF490569.1|	95.410	100	1.69e-132	305	436505	Littoridinops sp. UF155198	gastropods	Littoridinops sp. UF155198
8ae7f2c7c322282b8eaf7f8e6b92fad9	gi|145286325|gb|EF490568.1|	95.082	100	7.88e-131	305	436505	Littoridinops sp. UF155198	gastropods	Littoridinops sp. UF155198
8ae7f2c7c322282b8eaf7f8e6b92fad9	gi|5081532|gb|AF129328.1|AF129328	95.946	97	7.88e-131	296	93099	Pyrgophorus sp.	gastropods	Pyrgophorus sp.
8ae7f2c7c322282b8eaf7f8e6b92fad9	gi|2500090991|gb|OQ918579.1|	95.318	98	3.67e-129	299	338208	Palaemon paludosus	crustaceans	Palaemon paludosus
8ae7f2c7c322282b8eaf7f8e6b92fad9	gi|2500090989|gb|OQ918578.1|	95.318	98	3.67e-129	299	338208	Palaemon paludosus	crustaceans	Palaemon paludosus
8ae7f2c7c322282b8eaf7f8e6b92fad9	gi|1563835036|gb|MK308027.1|	94.426	100	1.71e-127	305	93086	Littoridinops monroensis	gastropods	Littoridinops monroensis
18138abfdfed9483bef682fbb635d742	gi|2622039626|gb|CP138594.1|	90.492	100	1.75e-107	305	150365	Acrodontium crateriforme	ascomycete fungi	Acrodontium crateriforme
18138abfdfed9483bef682fbb635d742	gi|2622039626|gb|CP138594.1|	90.492	100	1.75e-107	305	150365	Acrodontium crateriforme	ascomycete fungi	Acrodontium crateriforme
18138abfdfed9483bef682fbb635d742	gi|2497691078|gb|OQ707026.1|	90.429	99	2.27e-106	303	1562163	Neopestalotiopsis cubana	ascomycete fungi	Neopestalotiopsis cubana
18138abfdfed9483bef682fbb635d742	gi|2497691058|gb|OQ707025.1|	90.429	99	2.27e-106	303	1562163	Neopestalotiopsis cubana	ascomycete fungi	Neopestalotiopsis cubana
18138abfdfed9483bef682fbb635d742	gi|2440032391|ref|NC_071220.1|	90.429	99	2.27e-106	303	1562163	Neopestalotiopsis cubana	ascomycete fungi	Neopestalotiopsis cubana
18138abfdfed9483bef682fbb635d742	gi|372460092|gb|JN574872.1|	90.429	99	2.27e-106	303	131350	Calonectria colhounii	ascomycete fungi	Calonectria colhounii
253a14c96f82cbd81e344861c2bb585f	gi|2735172531|gb|CP155518.1|	94.702	99	1.71e-127	302	1577496	Aspergillus citrinoterreus	ascomycete fungi	Aspergillus citrinoterreus
253a14c96f82cbd81e344861c2bb585f	gi|2301278476|ref|NC_066214.1|	93.770	100	3.69e-124	305	41062	Aspergillus leporis	ascomycete fungi	Aspergillus leporis
253a14c96f82cbd81e344861c2bb585f	gi|2301278450|ref|NC_066213.1|	94.040	99	3.69e-124	302	1226010	Aspergillus bertholletiae	ascomycete fungi	Aspergillus bertholletiae
253a14c96f82cbd81e344861c2bb585f	gi|2301278500|ref|NC_066215.1|	93.709	99	1.72e-122	302	36643	Aspergillus avenaceus	ascomycete fungi	Aspergillus avenaceus
253a14c96f82cbd81e344861c2bb585f	gi|2301278284|ref|NC_066207.1|	93.709	99	1.72e-122	302	656917	Aspergillus minisclerotigenes	ascomycete fungi	Aspergillus minisclerotigenes
253a14c96f82cbd81e344861c2bb585f	gi|1835280137|gb|CP051088.1|	93.377	99	7.99e-121	302	5059	Aspergillus flavus	ascomycete fungi	Aspergillus flavus
253a14c96f82cbd81e344861c2bb585f	gi|1835280102|gb|CP051056.1|	93.377	99	7.99e-121	302	5059	Aspergillus flavus	ascomycete fungi	Aspergillus flavus
253a14c96f82cbd81e344861c2bb585f	gi|1795656097|gb|CP047257.1|	93.115	100	7.99e-121	305	5059	Aspergillus flavus	ascomycete fungi	Aspergillus flavus
253a14c96f82cbd81e344861c2bb585f	gi|1610619022|ref|NC_041445.1|	93.115	100	7.99e-121	305	5067	Aspergillus parasiticus	ascomycete fungi	Aspergillus parasiticus
253a14c96f82cbd81e344861c2bb585f	gi|1246291199|gb|KY352472.1|	93.377	99	7.99e-121	302	5062	Aspergillus oryzae	ascomycete fungi	Aspergillus oryzae
cab95b78b43542650dd2592c3abfc674	gi|2073953076|gb|MW849265.1|	94.098	100	7.94e-126	305	2856	Cylindrotheca closterium	diatoms	Cylindrotheca closterium
cab95b78b43542650dd2592c3abfc674	gi|1418586581|ref|NC_037986.1|	93.793	95	1.73e-117	290	2856	Cylindrotheca closterium	diatoms	Cylindrotheca closterium
cab95b78b43542650dd2592c3abfc674	gi|6331127|dbj|AB020222.1|	92.459	100	1.73e-117	305	2856	Cylindrotheca closterium	diatoms	Cylindrotheca closterium
cab95b78b43542650dd2592c3abfc674	gi|257798976|gb|GQ844252.1|	93.103	95	3.74e-114	290	2856	Cylindrotheca closterium	diatoms	Cylindrotheca closterium
217534ab287a7be4b6017a57e7414870	gi|2073953076|gb|MW849265.1|	94.098	100	7.94e-126	305	2856	Cylindrotheca closterium	diatoms	Cylindrotheca closterium
217534ab287a7be4b6017a57e7414870	gi|1418586581|ref|NC_037986.1|	93.645	98	7.99e-121	299	2856	Cylindrotheca closterium	diatoms	Cylindrotheca closterium
217534ab287a7be4b6017a57e7414870	gi|6331127|dbj|AB020222.1|	93.115	100	7.99e-121	305	2856	Cylindrotheca closterium	diatoms	Cylindrotheca closterium
217534ab287a7be4b6017a57e7414870	gi|257798976|gb|GQ844252.1|	93.448	95	8.05e-116	290	2856	Cylindrotheca closterium	diatoms	Cylindrotheca closterium
217534ab287a7be4b6017a57e7414870	gi|1847694119|ref|NC_048526.1|	90.492	100	1.75e-107	305	3133	Codium fragile	green algae	Codium fragile
217534ab287a7be4b6017a57e7414870	gi|257798977|gb|GQ844253.1|	90.541	97	3.80e-104	296	2853	Cylindrotheca fusiformis	diatoms	Cylindrotheca fusiformis
56ab1dd76cfe75cb1fa08e1c1cd191ee	gi|2073953076|gb|MW849265.1|	95.738	100	3.64e-134	305	2856	Cylindrotheca closterium	diatoms	Cylindrotheca closterium
56ab1dd76cfe75cb1fa08e1c1cd191ee	gi|6331127|dbj|AB020222.1|	94.098	100	7.94e-126	305	2856	Cylindrotheca closterium	diatoms	Cylindrotheca closterium
56ab1dd76cfe75cb1fa08e1c1cd191ee	gi|1418586581|ref|NC_037986.1|	94.828	95	1.72e-122	290	2856	Cylindrotheca closterium	diatoms	Cylindrotheca closterium
56ab1dd76cfe75cb1fa08e1c1cd191ee	gi|257798976|gb|GQ844252.1|	94.828	95	1.72e-122	290	2856	Cylindrotheca closterium	diatoms	Cylindrotheca closterium
56ab1dd76cfe75cb1fa08e1c1cd191ee	gi|1847694119|ref|NC_048526.1|	90.492	100	1.75e-107	305	3133	Codium fragile	green algae	Codium fragile
56ab1dd76cfe75cb1fa08e1c1cd191ee	gi|257798977|gb|GQ844253.1|	90.102	96	8.22e-101	293	2853	Cylindrotheca fusiformis	diatoms	Cylindrotheca fusiformis
685a0ece0bd2d861f374c5005a62ed62	gi|1418586581|ref|NC_037986.1|	95.652	98	7.88e-131	299	2856	Cylindrotheca closterium	diatoms	Cylindrotheca closterium
685a0ece0bd2d861f374c5005a62ed62	gi|6331127|dbj|AB020222.1|	95.082	100	7.88e-131	305	2856	Cylindrotheca closterium	diatoms	Cylindrotheca closterium
685a0ece0bd2d861f374c5005a62ed62	gi|257798976|gb|GQ844252.1|	94.932	97	7.94e-126	296	2856	Cylindrotheca closterium	diatoms	Cylindrotheca closterium
685a0ece0bd2d861f374c5005a62ed62	gi|2073953076|gb|MW849265.1|	92.787	100	3.72e-119	305	2856	Cylindrotheca closterium	diatoms	Cylindrotheca closterium
685a0ece0bd2d861f374c5005a62ed62	gi|1847694119|ref|NC_048526.1|	90.820	100	3.77e-109	305	3133	Codium fragile	green algae	Codium fragile
6b8be7d3b8192598d5d2482b3a210ca8	gi|2073953076|gb|MW849265.1|	93.770	100	3.69e-124	305	2856	Cylindrotheca closterium	diatoms	Cylindrotheca closterium
6b8be7d3b8192598d5d2482b3a210ca8	gi|1418586581|ref|NC_037986.1|	93.311	98	3.72e-119	299	2856	Cylindrotheca closterium	diatoms	Cylindrotheca closterium
6b8be7d3b8192598d5d2482b3a210ca8	gi|6331127|dbj|AB020222.1|	92.787	100	3.72e-119	305	2856	Cylindrotheca closterium	diatoms	Cylindrotheca closterium
6b8be7d3b8192598d5d2482b3a210ca8	gi|257798976|gb|GQ844252.1|	93.103	95	3.74e-114	290	2856	Cylindrotheca closterium	diatoms	Cylindrotheca closterium
6b8be7d3b8192598d5d2482b3a210ca8	gi|1847694119|ref|NC_048526.1|	90.820	100	3.77e-109	305	3133	Codium fragile	green algae	Codium fragile
6b8be7d3b8192598d5d2482b3a210ca8	gi|257798977|gb|GQ844253.1|	90.203	97	1.77e-102	296	2853	Cylindrotheca fusiformis	diatoms	Cylindrotheca fusiformis
cc8d8a049c8c0366b032e949cc14bc4b	gi|1976519903|gb|MT663151.1|	95.082	100	7.88e-131	305	1928706	Sporobolomyces sp.	basidiomycete fungi	Sporobolomyces sp.
cc8d8a049c8c0366b032e949cc14bc4b	gi|1284804789|ref|NC_036340.1|	92.409	99	2.24e-116	303	5537	Rhodotorula mucilaginosa	basidiomycete fungi	Rhodotorula mucilaginosa
cc8d8a049c8c0366b032e949cc14bc4b	gi|2635632557|gb|CP137882.1|	92.409	99	2.24e-116	303	5537	Rhodotorula mucilaginosa	basidiomycete fungi	Rhodotorula mucilaginosa
cb2c9f5ad5fbf70af6572e367a0d2800	gi|354806208|gb|JN418701.1|	90.397	99	8.16e-106	302	431571	Pinnularia acrosphaeria	diatoms	Pinnularia acrosphaeria
456dd2524f66c83fc3b11686aeff1d46	gi|310690184|gb|HQ317078.1|	90.397	99	8.16e-106	302	185982	Nitzschia cf. promare	diatoms	Nitzschia cf. promare
da86f3f696fabae5e01fd3570664d893	gi|6331127|dbj|AB020222.1|	93.443	100	1.72e-122	305	2856	Cylindrotheca closterium	diatoms	Cylindrotheca closterium
da86f3f696fabae5e01fd3570664d893	gi|2073953076|gb|MW849265.1|	92.459	100	1.73e-117	305	2856	Cylindrotheca closterium	diatoms	Cylindrotheca closterium
da86f3f696fabae5e01fd3570664d893	gi|257798976|gb|GQ844252.1|	93.793	95	1.73e-117	290	2856	Cylindrotheca closterium	diatoms	Cylindrotheca closterium
da86f3f696fabae5e01fd3570664d893	gi|1418586581|ref|NC_037986.1|	91.973	98	1.74e-112	299	2856	Cylindrotheca closterium	diatoms	Cylindrotheca closterium
da86f3f696fabae5e01fd3570664d893	gi|257798977|gb|GQ844253.1|	90.878	97	8.16e-106	296	2853	Cylindrotheca fusiformis	diatoms	Cylindrotheca fusiformis
6dfe9c281ccb3647ab0b30b71f25dcaa	gi|6331127|dbj|AB020222.1|	99.016	100	7.66e-151	305	2856	Cylindrotheca closterium	diatoms	Cylindrotheca closterium
6dfe9c281ccb3647ab0b30b71f25dcaa	gi|257798976|gb|GQ844252.1|	98.986	97	7.71e-146	296	2856	Cylindrotheca closterium	diatoms	Cylindrotheca closterium
6dfe9c281ccb3647ab0b30b71f25dcaa	gi|1418586581|ref|NC_037986.1|	97.659	98	7.77e-141	299	2856	Cylindrotheca closterium	diatoms	Cylindrotheca closterium
6dfe9c281ccb3647ab0b30b71f25dcaa	gi|2073953076|gb|MW849265.1|	92.787	100	3.72e-119	305	2856	Cylindrotheca closterium	diatoms	Cylindrotheca closterium
d70e42e336a30140941f56596efb638b	gi|6331127|dbj|AB020222.1|	98.689	100	3.56e-149	305	2856	Cylindrotheca closterium	diatoms	Cylindrotheca closterium
d70e42e336a30140941f56596efb638b	gi|257798976|gb|GQ844252.1|	98.649	97	3.59e-144	296	2856	Cylindrotheca closterium	diatoms	Cylindrotheca closterium
d70e42e336a30140941f56596efb638b	gi|1418586581|ref|NC_037986.1|	97.324	98	3.61e-139	299	2856	Cylindrotheca closterium	diatoms	Cylindrotheca closterium
d70e42e336a30140941f56596efb638b	gi|2073953076|gb|MW849265.1|	93.115	100	7.99e-121	305	2856	Cylindrotheca closterium	diatoms	Cylindrotheca closterium
b5ba48ca4b09a59e4525508f6bc94600	gi|6331127|dbj|AB020222.1|	96.721	100	3.61e-139	305	2856	Cylindrotheca closterium	diatoms	Cylindrotheca closterium
b5ba48ca4b09a59e4525508f6bc94600	gi|257798976|gb|GQ844252.1|	97.241	95	3.64e-134	290	2856	Cylindrotheca closterium	diatoms	Cylindrotheca closterium
b5ba48ca4b09a59e4525508f6bc94600	gi|1418586581|ref|NC_037986.1|	95.318	98	3.67e-129	299	2856	Cylindrotheca closterium	diatoms	Cylindrotheca closterium
b5ba48ca4b09a59e4525508f6bc94600	gi|2073953076|gb|MW849265.1|	93.115	100	7.99e-121	305	2856	Cylindrotheca closterium	diatoms	Cylindrotheca closterium
195a0743d8142954d91279cbd0b15c79	gi|2073953076|gb|MW849265.1|	97.049	100	7.77e-141	305	2856	Cylindrotheca closterium	diatoms	Cylindrotheca closterium
195a0743d8142954d91279cbd0b15c79	gi|6331127|dbj|AB020222.1|	95.410	100	1.69e-132	305	2856	Cylindrotheca closterium	diatoms	Cylindrotheca closterium
195a0743d8142954d91279cbd0b15c79	gi|257798976|gb|GQ844252.1|	96.516	94	3.67e-129	287	2856	Cylindrotheca closterium	diatoms	Cylindrotheca closterium
195a0743d8142954d91279cbd0b15c79	gi|1418586581|ref|NC_037986.1|	95.122	94	1.72e-122	287	2856	Cylindrotheca closterium	diatoms	Cylindrotheca closterium
7d846e3660870a306b99f98097e3b559	gi|1418586581|ref|NC_037986.1|	93.770	100	3.69e-124	305	2856	Cylindrotheca closterium	diatoms	Cylindrotheca closterium
7d846e3660870a306b99f98097e3b559	gi|6331127|dbj|AB020222.1|	94.040	99	3.69e-124	302	2856	Cylindrotheca closterium	diatoms	Cylindrotheca closterium
7d846e3660870a306b99f98097e3b559	gi|257798976|gb|GQ844252.1|	94.502	95	2.22e-121	291	2856	Cylindrotheca closterium	diatoms	Cylindrotheca closterium
7d846e3660870a306b99f98097e3b559	gi|2073953076|gb|MW849265.1|	92.384	99	8.05e-116	302	2856	Cylindrotheca closterium	diatoms	Cylindrotheca closterium
999dd2fcbeef945c8129f1996f3b59ab	gi|6331127|dbj|AB020222.1|	94.098	100	7.94e-126	305	2856	Cylindrotheca closterium	diatoms	Cylindrotheca closterium
999dd2fcbeef945c8129f1996f3b59ab	gi|1418586581|ref|NC_037986.1|	93.980	98	1.72e-122	299	2856	Cylindrotheca closterium	diatoms	Cylindrotheca closterium
999dd2fcbeef945c8129f1996f3b59ab	gi|257798976|gb|GQ844252.1|	94.502	95	2.22e-121	291	2856	Cylindrotheca closterium	diatoms	Cylindrotheca closterium
999dd2fcbeef945c8129f1996f3b59ab	gi|2073953076|gb|MW849265.1|	92.459	100	1.73e-117	305	2856	Cylindrotheca closterium	diatoms	Cylindrotheca closterium
505c08f89e032f4cacf59bd9ae5f4b7d	gi|2073953076|gb|MW849265.1|	94.754	100	3.67e-129	305	2856	Cylindrotheca closterium	diatoms	Cylindrotheca closterium
505c08f89e032f4cacf59bd9ae5f4b7d	gi|6331127|dbj|AB020222.1|	94.426	100	1.71e-127	305	2856	Cylindrotheca closterium	diatoms	Cylindrotheca closterium
505c08f89e032f4cacf59bd9ae5f4b7d	gi|1418586581|ref|NC_037986.1|	95.172	95	3.69e-124	290	2856	Cylindrotheca closterium	diatoms	Cylindrotheca closterium
505c08f89e032f4cacf59bd9ae5f4b7d	gi|257798976|gb|GQ844252.1|	95.172	95	3.69e-124	290	2856	Cylindrotheca closterium	diatoms	Cylindrotheca closterium
505c08f89e032f4cacf59bd9ae5f4b7d	gi|1847694119|ref|NC_048526.1|	90.820	100	3.77e-109	305	3133	Codium fragile	green algae	Codium fragile
a159177d32e0e19b782656c6dc71dc8e	gi|6331127|dbj|AB020222.1|	95.410	100	1.69e-132	305	2856	Cylindrotheca closterium	diatoms	Cylindrotheca closterium
a159177d32e0e19b782656c6dc71dc8e	gi|2073953076|gb|MW849265.1|	95.082	100	7.88e-131	305	2856	Cylindrotheca closterium	diatoms	Cylindrotheca closterium
a159177d32e0e19b782656c6dc71dc8e	gi|1418586581|ref|NC_037986.1|	95.318	98	3.67e-129	299	2856	Cylindrotheca closterium	diatoms	Cylindrotheca closterium
a159177d32e0e19b782656c6dc71dc8e	gi|257798976|gb|GQ844252.1|	95.862	95	1.71e-127	290	2856	Cylindrotheca closterium	diatoms	Cylindrotheca closterium
a159177d32e0e19b782656c6dc71dc8e	gi|1847694119|ref|NC_048526.1|	90.492	100	1.75e-107	305	3133	Codium fragile	green algae	Codium fragile
a159177d32e0e19b782656c6dc71dc8e	gi|257798977|gb|GQ844253.1|	90.878	97	8.16e-106	296	2853	Cylindrotheca fusiformis	diatoms	Cylindrotheca fusiformis
fbedec26b3e6de45819fe17bb3a49749	gi|2073953076|gb|MW849265.1|	99.016	100	7.66e-151	305	2856	Cylindrotheca closterium	diatoms	Cylindrotheca closterium
fbedec26b3e6de45819fe17bb3a49749	gi|6331127|dbj|AB020222.1|	94.098	100	7.94e-126	305	2856	Cylindrotheca closterium	diatoms	Cylindrotheca closterium
fbedec26b3e6de45819fe17bb3a49749	gi|1418586581|ref|NC_037986.1|	95.122	94	1.72e-122	287	2856	Cylindrotheca closterium	diatoms	Cylindrotheca closterium
fbedec26b3e6de45819fe17bb3a49749	gi|257798976|gb|GQ844252.1|	95.122	94	1.72e-122	287	2856	Cylindrotheca closterium	diatoms	Cylindrotheca closterium
fbedec26b3e6de45819fe17bb3a49749	gi|257798977|gb|GQ844253.1|	91.126	96	8.16e-106	293	2853	Cylindrotheca fusiformis	diatoms	Cylindrotheca fusiformis
6fe93a8039515a3874b5ca3f0c88db94	gi|6331127|dbj|AB020222.1|	93.770	100	3.69e-124	305	2856	Cylindrotheca closterium	diatoms	Cylindrotheca closterium
6fe93a8039515a3874b5ca3f0c88db94	gi|1418586581|ref|NC_037986.1|	93.645	98	7.99e-121	299	2856	Cylindrotheca closterium	diatoms	Cylindrotheca closterium
6fe93a8039515a3874b5ca3f0c88db94	gi|257798976|gb|GQ844252.1|	94.158	95	1.03e-119	291	2856	Cylindrotheca closterium	diatoms	Cylindrotheca closterium
6fe93a8039515a3874b5ca3f0c88db94	gi|2073953076|gb|MW849265.1|	92.787	100	3.72e-119	305	2856	Cylindrotheca closterium	diatoms	Cylindrotheca closterium
aad2ab7782966ad9f21e4e5ab6363f8c	gi|2073953076|gb|MW849265.1|	93.443	100	1.72e-122	305	2856	Cylindrotheca closterium	diatoms	Cylindrotheca closterium
aad2ab7782966ad9f21e4e5ab6363f8c	gi|6331127|dbj|AB020222.1|	93.115	100	7.99e-121	305	2856	Cylindrotheca closterium	diatoms	Cylindrotheca closterium
aad2ab7782966ad9f21e4e5ab6363f8c	gi|1418586581|ref|NC_037986.1|	92.977	98	1.73e-117	299	2856	Cylindrotheca closterium	diatoms	Cylindrotheca closterium
aad2ab7782966ad9f21e4e5ab6363f8c	gi|257798976|gb|GQ844252.1|	93.448	95	8.05e-116	290	2856	Cylindrotheca closterium	diatoms	Cylindrotheca closterium
aad2ab7782966ad9f21e4e5ab6363f8c	gi|1847694119|ref|NC_048526.1|	90.492	100	1.75e-107	305	3133	Codium fragile	green algae	Codium fragile
aad2ab7782966ad9f21e4e5ab6363f8c	gi|257798977|gb|GQ844253.1|	90.541	97	3.80e-104	296	2853	Cylindrotheca fusiformis	diatoms	Cylindrotheca fusiformis
d09a9c3598335b56d30792d6cba70e16	gi|6331127|dbj|AB020222.1|	93.443	100	1.72e-122	305	2856	Cylindrotheca closterium	diatoms	Cylindrotheca closterium
d09a9c3598335b56d30792d6cba70e16	gi|2073953076|gb|MW849265.1|	93.115	100	7.99e-121	305	2856	Cylindrotheca closterium	diatoms	Cylindrotheca closterium
d09a9c3598335b56d30792d6cba70e16	gi|1418586581|ref|NC_037986.1|	93.311	98	3.72e-119	299	2856	Cylindrotheca closterium	diatoms	Cylindrotheca closterium
d09a9c3598335b56d30792d6cba70e16	gi|257798976|gb|GQ844252.1|	93.814	95	4.81e-118	291	2856	Cylindrotheca closterium	diatoms	Cylindrotheca closterium
7bd4c9374b4127cbe055f54a5be61790	gi|1418586581|ref|NC_037986.1|	99.331	98	3.56e-149	299	2856	Cylindrotheca closterium	diatoms	Cylindrotheca closterium
7bd4c9374b4127cbe055f54a5be61790	gi|6331127|dbj|AB020222.1|	98.033	100	7.71e-146	305	2856	Cylindrotheca closterium	diatoms	Cylindrotheca closterium
7bd4c9374b4127cbe055f54a5be61790	gi|257798976|gb|GQ844252.1|	97.973	97	7.77e-141	296	2856	Cylindrotheca closterium	diatoms	Cylindrotheca closterium
7bd4c9374b4127cbe055f54a5be61790	gi|2073953076|gb|MW849265.1|	93.770	100	3.69e-124	305	2856	Cylindrotheca closterium	diatoms	Cylindrotheca closterium
7bd4c9374b4127cbe055f54a5be61790	gi|257798977|gb|GQ844253.1|	90.244	94	3.82e-99	287	2853	Cylindrotheca fusiformis	diatoms	Cylindrotheca fusiformis
40c9c53ddc8415d34a508d988ff36bca	gi|1418586581|ref|NC_037986.1|	98.997	98	1.66e-147	299	2856	Cylindrotheca closterium	diatoms	Cylindrotheca closterium
40c9c53ddc8415d34a508d988ff36bca	gi|6331127|dbj|AB020222.1|	97.705	100	3.59e-144	305	2856	Cylindrotheca closterium	diatoms	Cylindrotheca closterium
40c9c53ddc8415d34a508d988ff36bca	gi|257798976|gb|GQ844252.1|	97.635	97	3.61e-139	296	2856	Cylindrotheca closterium	diatoms	Cylindrotheca closterium
40c9c53ddc8415d34a508d988ff36bca	gi|2073953076|gb|MW849265.1|	94.098	100	7.94e-126	305	2856	Cylindrotheca closterium	diatoms	Cylindrotheca closterium
be87db89450eea58229931977a44e634	gi|2073953076|gb|MW849265.1|	98.033	100	7.71e-146	305	2856	Cylindrotheca closterium	diatoms	Cylindrotheca closterium
be87db89450eea58229931977a44e634	gi|1418586581|ref|NC_037986.1|	96.864	94	7.88e-131	287	2856	Cylindrotheca closterium	diatoms	Cylindrotheca closterium
be87db89450eea58229931977a44e634	gi|6331127|dbj|AB020222.1|	94.426	100	1.71e-127	305	2856	Cylindrotheca closterium	diatoms	Cylindrotheca closterium
be87db89450eea58229931977a44e634	gi|257798976|gb|GQ844252.1|	95.470	94	3.69e-124	287	2856	Cylindrotheca closterium	diatoms	Cylindrotheca closterium
be87db89450eea58229931977a44e634	gi|257798977|gb|GQ844253.1|	90.785	96	3.80e-104	293	2853	Cylindrotheca fusiformis	diatoms	Cylindrotheca fusiformis
2399c515632db477b1b8b930dc29a2b0	gi|1418586581|ref|NC_037986.1|	100.000	100	7.61e-156	305	2856	Cylindrotheca closterium	diatoms	Cylindrotheca closterium
2399c515632db477b1b8b930dc29a2b0	gi|6331127|dbj|AB020222.1|	97.324	98	3.61e-139	299	2856	Cylindrotheca closterium	diatoms	Cylindrotheca closterium
2399c515632db477b1b8b930dc29a2b0	gi|257798976|gb|GQ844252.1|	97.297	97	1.68e-137	296	2856	Cylindrotheca closterium	diatoms	Cylindrotheca closterium
2399c515632db477b1b8b930dc29a2b0	gi|2073953076|gb|MW849265.1|	95.122	94	1.72e-122	287	2856	Cylindrotheca closterium	diatoms	Cylindrotheca closterium
74a8459ead0fb552b7a8515061bd5208	gi|1418586581|ref|NC_037986.1|	96.990	98	1.68e-137	299	2856	Cylindrotheca closterium	diatoms	Cylindrotheca closterium
74a8459ead0fb552b7a8515061bd5208	gi|6331127|dbj|AB020222.1|	96.393	100	1.68e-137	305	2856	Cylindrotheca closterium	diatoms	Cylindrotheca closterium
74a8459ead0fb552b7a8515061bd5208	gi|257798976|gb|GQ844252.1|	96.284	97	1.69e-132	296	2856	Cylindrotheca closterium	diatoms	Cylindrotheca closterium
74a8459ead0fb552b7a8515061bd5208	gi|2073953076|gb|MW849265.1|	92.787	100	3.72e-119	305	2856	Cylindrotheca closterium	diatoms	Cylindrotheca closterium
74a8459ead0fb552b7a8515061bd5208	gi|1847694119|ref|NC_048526.1|	90.820	100	3.77e-109	305	3133	Codium fragile	green algae	Codium fragile
cb13479599ddb4cf57595aaec51a9893	gi|1418586581|ref|NC_037986.1|	94.314	98	3.69e-124	299	2856	Cylindrotheca closterium	diatoms	Cylindrotheca closterium
cb13479599ddb4cf57595aaec51a9893	gi|6331127|dbj|AB020222.1|	93.770	100	3.69e-124	305	2856	Cylindrotheca closterium	diatoms	Cylindrotheca closterium
cb13479599ddb4cf57595aaec51a9893	gi|2073953076|gb|MW849265.1|	92.787	100	3.72e-119	305	2856	Cylindrotheca closterium	diatoms	Cylindrotheca closterium
cb13479599ddb4cf57595aaec51a9893	gi|257798976|gb|GQ844252.1|	94.138	95	3.72e-119	290	2856	Cylindrotheca closterium	diatoms	Cylindrotheca closterium
cb13479599ddb4cf57595aaec51a9893	gi|1847694119|ref|NC_048526.1|	90.164	100	8.16e-106	305	3133	Codium fragile	green algae	Codium fragile
52f1224d3be4a351fd373fdcebc604a3	gi|1418586581|ref|NC_037986.1|	94.649	98	7.94e-126	299	2856	Cylindrotheca closterium	diatoms	Cylindrotheca closterium
52f1224d3be4a351fd373fdcebc604a3	gi|6331127|dbj|AB020222.1|	94.098	100	7.94e-126	305	2856	Cylindrotheca closterium	diatoms	Cylindrotheca closterium
52f1224d3be4a351fd373fdcebc604a3	gi|2073953076|gb|MW849265.1|	93.115	100	7.99e-121	305	2856	Cylindrotheca closterium	diatoms	Cylindrotheca closterium
52f1224d3be4a351fd373fdcebc604a3	gi|257798976|gb|GQ844252.1|	94.483	95	7.99e-121	290	2856	Cylindrotheca closterium	diatoms	Cylindrotheca closterium
52f1224d3be4a351fd373fdcebc604a3	gi|1847694119|ref|NC_048526.1|	90.492	100	1.75e-107	305	3133	Codium fragile	green algae	Codium fragile
52f1224d3be4a351fd373fdcebc604a3	gi|257798977|gb|GQ844253.1|	90.203	97	1.77e-102	296	2853	Cylindrotheca fusiformis	diatoms	Cylindrotheca fusiformis
688659d77caa4a1ce0cd948cbee0454e	gi|2073953076|gb|MW849265.1|	97.049	100	7.77e-141	305	2856	Cylindrotheca closterium	diatoms	Cylindrotheca closterium
688659d77caa4a1ce0cd948cbee0454e	gi|1418586581|ref|NC_037986.1|	94.425	94	3.72e-119	287	2856	Cylindrotheca closterium	diatoms	Cylindrotheca closterium
688659d77caa4a1ce0cd948cbee0454e	gi|6331127|dbj|AB020222.1|	92.787	100	3.72e-119	305	2856	Cylindrotheca closterium	diatoms	Cylindrotheca closterium
688659d77caa4a1ce0cd948cbee0454e	gi|257798976|gb|GQ844252.1|	93.728	94	8.05e-116	287	2856	Cylindrotheca closterium	diatoms	Cylindrotheca closterium
688659d77caa4a1ce0cd948cbee0454e	gi|257798977|gb|GQ844253.1|	90.444	96	1.77e-102	293	2853	Cylindrotheca fusiformis	diatoms	Cylindrotheca fusiformis
8a7673fa6508c28aa2b13d555adbdc6d	gi|1976519903|gb|MT663151.1|	96.721	100	3.61e-139	305	1928706	Sporobolomyces sp.	basidiomycete fungi	Sporobolomyces sp.
8a7673fa6508c28aa2b13d555adbdc6d	gi|1284804789|ref|NC_036340.1|	91.419	99	2.25e-111	303	5537	Rhodotorula mucilaginosa	basidiomycete fungi	Rhodotorula mucilaginosa
8a7673fa6508c28aa2b13d555adbdc6d	gi|2635632557|gb|CP137882.1|	91.419	99	2.25e-111	303	5537	Rhodotorula mucilaginosa	basidiomycete fungi	Rhodotorula mucilaginosa
8a7673fa6508c28aa2b13d555adbdc6d	gi|508078582|emb|HF558455.1|	91.148	100	8.11e-111	305	1246992	Rhodotorula taiwanensis RS1	basidiomycete fungi	Rhodotorula taiwanensis RS1
ce8199b211ff9a8e043b5b5aaea983a5	gi|343915525|gb|JN202434.1|	90.164	100	8.16e-106	305	1076758	Parvamoeba rugata	eukaryotes	Parvamoeba rugata
710ca12086dfa5f5e4073ee0c903b039	gi|341573971|gb|JN131834.1|	90.820	100	3.77e-109	305	33657	Phaeocystis antarctica	haptophytes	Phaeocystis antarctica
c26b69c741e3bac3b158d71a2d2889b9	gi|341573971|gb|JN131834.1|	92.131	100	8.05e-116	305	33657	Phaeocystis antarctica	haptophytes	Phaeocystis antarctica
6e628c2d4d0b8816c746b73c6f5d1160	gi|1327835812|gb|MF000485.1|	100.000	100	7.61e-156	305	661998	Mitrocomella brownei	hydrozoans	Mitrocomella brownei
6e628c2d4d0b8816c746b73c6f5d1160	gi|1327835866|gb|MF000512.1|	92.131	100	8.05e-116	305	661999	Mitrocomella niwai	hydrozoans	Mitrocomella niwai
6e628c2d4d0b8816c746b73c6f5d1160	gi|2452997583|gb|OQ031462.1|	90.523	100	1.75e-107	306	1978359	Halopsis ocellata	hydrozoans	Halopsis ocellata
6e628c2d4d0b8816c746b73c6f5d1160	gi|2097191037|gb|OK209669.1|	90.604	98	2.94e-105	298	2877641	Leptothecata sp. USNM IZ 1429781	hydrozoans	Leptothecata sp. USNM IZ 1429781
6e628c2d4d0b8816c746b73c6f5d1160	gi|1069323536|gb|KX665222.1|	90.066	99	3.80e-104	302	37520	Obelia dichotoma	hydrozoans	sea thread hydroid
6e628c2d4d0b8816c746b73c6f5d1160	gi|1069323510|gb|KX665209.1|	90.066	99	3.80e-104	302	37520	Obelia dichotoma	hydrozoans	sea thread hydroid
6e628c2d4d0b8816c746b73c6f5d1160	gi|608606455|gb|KF962164.1|	90.066	99	3.80e-104	302	1483211	Obelia sp. JRH-2014	hydrozoans	Obelia sp. JRH-2014
584ed870beed3b8cf03cdd6b2a00476e	gi|1327835850|gb|MF000504.1|	100.000	100	7.61e-156	305	252671	Clytia hemisphaerica	hydrozoans	Clytia hemisphaerica
584ed870beed3b8cf03cdd6b2a00476e	gi|515423406|gb|KC439970.1|	100.000	100	7.61e-156	305	1345080	Clytia sp. 1 SL-2013	hydrozoans	Clytia sp. 1 SL-2013
584ed870beed3b8cf03cdd6b2a00476e	gi|515423368|gb|KC439969.1|	100.000	100	7.61e-156	305	1345080	Clytia sp. 1 SL-2013	hydrozoans	Clytia sp. 1 SL-2013
584ed870beed3b8cf03cdd6b2a00476e	gi|515423442|gb|KC439973.1|	99.672	100	3.54e-154	305	1345080	Clytia sp. 1 SL-2013	hydrozoans	Clytia sp. 1 SL-2013
584ed870beed3b8cf03cdd6b2a00476e	gi|515423412|gb|KC439971.1|	99.672	100	3.54e-154	305	1345080	Clytia sp. 1 SL-2013	hydrozoans	Clytia sp. 1 SL-2013
584ed870beed3b8cf03cdd6b2a00476e	gi|515423333|gb|KC439966.1|	99.672	100	3.54e-154	305	1345080	Clytia sp. 1 SL-2013	hydrozoans	Clytia sp. 1 SL-2013
584ed870beed3b8cf03cdd6b2a00476e	gi|515423299|gb|KC439965.1|	99.672	100	3.54e-154	305	1345080	Clytia sp. 1 SL-2013	hydrozoans	Clytia sp. 1 SL-2013
584ed870beed3b8cf03cdd6b2a00476e	gi|515423279|gb|KC439963.1|	99.672	100	3.54e-154	305	1345080	Clytia sp. 1 SL-2013	hydrozoans	Clytia sp. 1 SL-2013
584ed870beed3b8cf03cdd6b2a00476e	gi|515423473|gb|KC439974.1|	99.344	100	1.65e-152	305	1345080	Clytia sp. 1 SL-2013	hydrozoans	Clytia sp. 1 SL-2013
584ed870beed3b8cf03cdd6b2a00476e	gi|515423416|gb|KC439972.1|	99.344	100	1.65e-152	305	1345080	Clytia sp. 1 SL-2013	hydrozoans	Clytia sp. 1 SL-2013
a06df519f68d816935cd055bc820aca9	gi|515423279|gb|KC439963.1|	100.000	100	7.61e-156	305	1345080	Clytia sp. 1 SL-2013	hydrozoans	Clytia sp. 1 SL-2013
a06df519f68d816935cd055bc820aca9	gi|1327835850|gb|MF000504.1|	99.672	100	3.54e-154	305	252671	Clytia hemisphaerica	hydrozoans	Clytia hemisphaerica
a06df519f68d816935cd055bc820aca9	gi|515423473|gb|KC439974.1|	99.672	100	3.54e-154	305	1345080	Clytia sp. 1 SL-2013	hydrozoans	Clytia sp. 1 SL-2013
a06df519f68d816935cd055bc820aca9	gi|515423416|gb|KC439972.1|	99.672	100	3.54e-154	305	1345080	Clytia sp. 1 SL-2013	hydrozoans	Clytia sp. 1 SL-2013
a06df519f68d816935cd055bc820aca9	gi|515423406|gb|KC439970.1|	99.672	100	3.54e-154	305	1345080	Clytia sp. 1 SL-2013	hydrozoans	Clytia sp. 1 SL-2013
a06df519f68d816935cd055bc820aca9	gi|515423368|gb|KC439969.1|	99.672	100	3.54e-154	305	1345080	Clytia sp. 1 SL-2013	hydrozoans	Clytia sp. 1 SL-2013
a06df519f68d816935cd055bc820aca9	gi|515423247|gb|KC439962.1|	99.672	100	3.54e-154	305	1345080	Clytia sp. 1 SL-2013	hydrozoans	Clytia sp. 1 SL-2013
a06df519f68d816935cd055bc820aca9	gi|515423442|gb|KC439973.1|	99.344	100	1.65e-152	305	1345080	Clytia sp. 1 SL-2013	hydrozoans	Clytia sp. 1 SL-2013
a06df519f68d816935cd055bc820aca9	gi|515423412|gb|KC439971.1|	99.344	100	1.65e-152	305	1345080	Clytia sp. 1 SL-2013	hydrozoans	Clytia sp. 1 SL-2013
a06df519f68d816935cd055bc820aca9	gi|515423345|gb|KC439967.1|	99.344	100	1.65e-152	305	1345080	Clytia sp. 1 SL-2013	hydrozoans	Clytia sp. 1 SL-2013
d6eaab5de5b733763300e4a0066ad386	gi|1069323602|gb|KX665255.1|	99.344	100	4.58e-153	305	37520	Obelia dichotoma	hydrozoans	sea thread hydroid
d6eaab5de5b733763300e4a0066ad386	gi|2868137814|gb|PQ739402.1|	99.344	100	1.65e-152	305	37520	Obelia dichotoma	hydrozoans	sea thread hydroid
d6eaab5de5b733763300e4a0066ad386	gi|1069323540|gb|KX665224.1|	98.958	94	2.16e-141	288	37520	Obelia dichotoma	hydrozoans	sea thread hydroid
d6eaab5de5b733763300e4a0066ad386	gi|1069323542|gb|KX665225.1|	99.644	92	7.77e-141	281	37520	Obelia dichotoma	hydrozoans	sea thread hydroid
d6eaab5de5b733763300e4a0066ad386	gi|1069323492|gb|KX665200.1|	99.278	91	6.05e-137	277	37520	Obelia dichotoma	hydrozoans	sea thread hydroid
d6eaab5de5b733763300e4a0066ad386	gi|331203266|gb|JF884209.1|	93.729	99	4.78e-123	303	185004	Obelia geniculata	hydrozoans	knotted thread hydroid
d6eaab5de5b733763300e4a0066ad386	gi|1898304136|gb|MT949549.1|	93.443	100	1.72e-122	305	2768722	Campanulariidae sp. JG-2020	hydrozoans	Campanulariidae sp. JG-2020
d6eaab5de5b733763300e4a0066ad386	gi|1511947073|gb|MG791815.1|	93.069	99	1.03e-119	303	37520	Obelia dichotoma	hydrozoans	sea thread hydroid
d6eaab5de5b733763300e4a0066ad386	gi|2868137688|gb|PQ739339.1|	93.069	99	1.03e-119	303	185004	Obelia geniculata	hydrozoans	knotted thread hydroid
d6eaab5de5b733763300e4a0066ad386	gi|2868137684|gb|PQ739337.1|	93.069	99	1.03e-119	303	185004	Obelia geniculata	hydrozoans	knotted thread hydroid
921d2e464f060c158b89e4db506bf40a	gi|1069323602|gb|KX665255.1|	99.016	100	2.13e-151	305	37520	Obelia dichotoma	hydrozoans	sea thread hydroid
921d2e464f060c158b89e4db506bf40a	gi|2868137814|gb|PQ739402.1|	99.016	100	7.66e-151	305	37520	Obelia dichotoma	hydrozoans	sea thread hydroid
921d2e464f060c158b89e4db506bf40a	gi|1069323540|gb|KX665224.1|	98.611	94	1.00e-139	288	37520	Obelia dichotoma	hydrozoans	sea thread hydroid
921d2e464f060c158b89e4db506bf40a	gi|1069323542|gb|KX665225.1|	99.288	92	3.61e-139	281	37520	Obelia dichotoma	hydrozoans	sea thread hydroid
921d2e464f060c158b89e4db506bf40a	gi|1069323492|gb|KX665200.1|	98.917	91	2.81e-135	277	37520	Obelia dichotoma	hydrozoans	sea thread hydroid
921d2e464f060c158b89e4db506bf40a	gi|331203266|gb|JF884209.1|	93.399	99	2.22e-121	303	185004	Obelia geniculata	hydrozoans	knotted thread hydroid
921d2e464f060c158b89e4db506bf40a	gi|1898304136|gb|MT949549.1|	93.115	100	7.99e-121	305	2768722	Campanulariidae sp. JG-2020	hydrozoans	Campanulariidae sp. JG-2020
921d2e464f060c158b89e4db506bf40a	gi|1511947073|gb|MG791815.1|	92.739	99	4.81e-118	303	37520	Obelia dichotoma	hydrozoans	sea thread hydroid
921d2e464f060c158b89e4db506bf40a	gi|2868137688|gb|PQ739339.1|	92.739	99	4.81e-118	303	185004	Obelia geniculata	hydrozoans	knotted thread hydroid
921d2e464f060c158b89e4db506bf40a	gi|2868137684|gb|PQ739337.1|	92.739	99	4.81e-118	303	185004	Obelia geniculata	hydrozoans	knotted thread hydroid
b90535f53dfc35eab8560315fc739fa2	gi|515423622|gb|KC439989.1|	99.672	100	3.54e-154	305	1345082	Obelia sp. 1 SL-2013	hydrozoans	Obelia sp. 1 SL-2013
b90535f53dfc35eab8560315fc739fa2	gi|515423612|gb|KC439988.1|	99.672	100	3.54e-154	305	1345082	Obelia sp. 1 SL-2013	hydrozoans	Obelia sp. 1 SL-2013
b90535f53dfc35eab8560315fc739fa2	gi|515423603|gb|KC439987.1|	99.672	100	3.54e-154	305	1345082	Obelia sp. 1 SL-2013	hydrozoans	Obelia sp. 1 SL-2013
b90535f53dfc35eab8560315fc739fa2	gi|515423592|gb|KC439986.1|	99.672	100	3.54e-154	305	1345082	Obelia sp. 1 SL-2013	hydrozoans	Obelia sp. 1 SL-2013
b90535f53dfc35eab8560315fc739fa2	gi|515423570|gb|KC439985.1|	99.672	100	3.54e-154	305	1345082	Obelia sp. 1 SL-2013	hydrozoans	Obelia sp. 1 SL-2013
b90535f53dfc35eab8560315fc739fa2	gi|515423546|gb|KC439983.1|	99.672	100	3.54e-154	305	1345082	Obelia sp. 1 SL-2013	hydrozoans	Obelia sp. 1 SL-2013
b90535f53dfc35eab8560315fc739fa2	gi|515423544|gb|KC439982.1|	99.672	100	3.54e-154	305	1345082	Obelia sp. 1 SL-2013	hydrozoans	Obelia sp. 1 SL-2013
b90535f53dfc35eab8560315fc739fa2	gi|515423533|gb|KC439980.1|	99.672	100	3.54e-154	305	1345082	Obelia sp. 1 SL-2013	hydrozoans	Obelia sp. 1 SL-2013
b90535f53dfc35eab8560315fc739fa2	gi|515423549|gb|KC439984.1|	99.344	100	1.65e-152	305	1345082	Obelia sp. 1 SL-2013	hydrozoans	Obelia sp. 1 SL-2013
b90535f53dfc35eab8560315fc739fa2	gi|515423541|gb|KC439981.1|	99.344	100	1.65e-152	305	1345082	Obelia sp. 1 SL-2013	hydrozoans	Obelia sp. 1 SL-2013
6b16fde332e40c89df5fb9671b930b05	gi|948299288|ref|NC_028330.1|	90.429	99	8.16e-106	303	468837	Lecanicillium saksenae	ascomycete fungi	Lecanicillium saksenae
e534353d8a61de12a5a1268a5867f610	gi|1511947073|gb|MG791815.1|	99.672	100	3.54e-154	305	37520	Obelia dichotoma	hydrozoans	sea thread hydroid
e534353d8a61de12a5a1268a5867f610	gi|2868137688|gb|PQ739339.1|	99.672	100	3.54e-154	305	185004	Obelia geniculata	hydrozoans	knotted thread hydroid
e534353d8a61de12a5a1268a5867f610	gi|2868137684|gb|PQ739337.1|	99.672	100	3.54e-154	305	185004	Obelia geniculata	hydrozoans	knotted thread hydroid
e534353d8a61de12a5a1268a5867f610	gi|2868137682|gb|PQ739336.1|	99.672	100	3.54e-154	305	185004	Obelia geniculata	hydrozoans	knotted thread hydroid
e534353d8a61de12a5a1268a5867f610	gi|515423931|gb|KC439994.1|	99.672	100	3.54e-154	305	1345083	Obelia sp. 2 SL-2013	hydrozoans	Obelia sp. 2 SL-2013
e534353d8a61de12a5a1268a5867f610	gi|515423648|gb|KC439993.1|	99.672	100	3.54e-154	305	1345083	Obelia sp. 2 SL-2013	hydrozoans	Obelia sp. 2 SL-2013
e534353d8a61de12a5a1268a5867f610	gi|515423638|gb|KC439992.1|	99.672	100	3.54e-154	305	1345083	Obelia sp. 2 SL-2013	hydrozoans	Obelia sp. 2 SL-2013
e534353d8a61de12a5a1268a5867f610	gi|515423635|gb|KC439991.1|	99.672	100	3.54e-154	305	1345083	Obelia sp. 2 SL-2013	hydrozoans	Obelia sp. 2 SL-2013
e534353d8a61de12a5a1268a5867f610	gi|515423625|gb|KC439990.1|	99.672	100	3.54e-154	305	1345083	Obelia sp. 2 SL-2013	hydrozoans	Obelia sp. 2 SL-2013
e534353d8a61de12a5a1268a5867f610	gi|331203266|gb|JF884209.1|	99.672	100	3.54e-154	305	185004	Obelia geniculata	hydrozoans	knotted thread hydroid
9143eb425b3eb28a8d02fc42ee18a9ca	gi|1511947073|gb|MG791815.1|	100.000	100	7.61e-156	305	37520	Obelia dichotoma	hydrozoans	sea thread hydroid
9143eb425b3eb28a8d02fc42ee18a9ca	gi|2868137688|gb|PQ739339.1|	100.000	100	7.61e-156	305	185004	Obelia geniculata	hydrozoans	knotted thread hydroid
9143eb425b3eb28a8d02fc42ee18a9ca	gi|2868137684|gb|PQ739337.1|	100.000	100	7.61e-156	305	185004	Obelia geniculata	hydrozoans	knotted thread hydroid
9143eb425b3eb28a8d02fc42ee18a9ca	gi|2868137682|gb|PQ739336.1|	100.000	100	7.61e-156	305	185004	Obelia geniculata	hydrozoans	knotted thread hydroid
9143eb425b3eb28a8d02fc42ee18a9ca	gi|515423931|gb|KC439994.1|	100.000	100	7.61e-156	305	1345083	Obelia sp. 2 SL-2013	hydrozoans	Obelia sp. 2 SL-2013
9143eb425b3eb28a8d02fc42ee18a9ca	gi|515423648|gb|KC439993.1|	100.000	100	7.61e-156	305	1345083	Obelia sp. 2 SL-2013	hydrozoans	Obelia sp. 2 SL-2013
9143eb425b3eb28a8d02fc42ee18a9ca	gi|515423638|gb|KC439992.1|	100.000	100	7.61e-156	305	1345083	Obelia sp. 2 SL-2013	hydrozoans	Obelia sp. 2 SL-2013
9143eb425b3eb28a8d02fc42ee18a9ca	gi|515423635|gb|KC439991.1|	100.000	100	7.61e-156	305	1345083	Obelia sp. 2 SL-2013	hydrozoans	Obelia sp. 2 SL-2013
9143eb425b3eb28a8d02fc42ee18a9ca	gi|515423625|gb|KC439990.1|	100.000	100	7.61e-156	305	1345083	Obelia sp. 2 SL-2013	hydrozoans	Obelia sp. 2 SL-2013
9143eb425b3eb28a8d02fc42ee18a9ca	gi|331203266|gb|JF884209.1|	99.344	100	1.65e-152	305	185004	Obelia geniculata	hydrozoans	knotted thread hydroid
3916d4f9050f81d284f15aa207103a0b	gi|2497691078|gb|OQ707026.1|	91.089	99	1.05e-109	303	1562163	Neopestalotiopsis cubana	ascomycete fungi	Neopestalotiopsis cubana
3916d4f9050f81d284f15aa207103a0b	gi|2497691058|gb|OQ707025.1|	91.089	99	1.05e-109	303	1562163	Neopestalotiopsis cubana	ascomycete fungi	Neopestalotiopsis cubana
3916d4f9050f81d284f15aa207103a0b	gi|2440032391|ref|NC_071220.1|	91.089	99	1.05e-109	303	1562163	Neopestalotiopsis cubana	ascomycete fungi	Neopestalotiopsis cubana
3916d4f9050f81d284f15aa207103a0b	gi|372460092|gb|JN574872.1|	91.089	99	1.05e-109	303	131350	Calonectria colhounii	ascomycete fungi	Calonectria colhounii
3916d4f9050f81d284f15aa207103a0b	gi|992330782|ref|NC_029238.1|	90.429	99	2.27e-106	303	1051616	Verticillium nonalfalfae	ascomycete fungi	Verticillium nonalfalfae
3916d4f9050f81d284f15aa207103a0b	gi|2078828068|gb|CP069154.1|	90.429	99	2.27e-106	303	1051616	Verticillium nonalfalfae	ascomycete fungi	Verticillium nonalfalfae
3916d4f9050f81d284f15aa207103a0b	gi|2078810049|gb|CP069145.1|	90.429	99	2.27e-106	303	1051616	Verticillium nonalfalfae	ascomycete fungi	Verticillium nonalfalfae
3916d4f9050f81d284f15aa207103a0b	gi|1236514529|ref|NC_035508.1|	90.099	99	1.06e-104	303	335852	Apiospora arundinis	ascomycete fungi	Apiospora arundinis
aa3ba9ca5f9db5834b3a55efd0e713f9	gi|2497691078|gb|OQ707026.1|	90.759	99	4.88e-108	303	1562163	Neopestalotiopsis cubana	ascomycete fungi	Neopestalotiopsis cubana
aa3ba9ca5f9db5834b3a55efd0e713f9	gi|2497691058|gb|OQ707025.1|	90.759	99	4.88e-108	303	1562163	Neopestalotiopsis cubana	ascomycete fungi	Neopestalotiopsis cubana
aa3ba9ca5f9db5834b3a55efd0e713f9	gi|2440032391|ref|NC_071220.1|	90.759	99	4.88e-108	303	1562163	Neopestalotiopsis cubana	ascomycete fungi	Neopestalotiopsis cubana
aa3ba9ca5f9db5834b3a55efd0e713f9	gi|372460092|gb|JN574872.1|	90.759	99	4.88e-108	303	131350	Calonectria colhounii	ascomycete fungi	Calonectria colhounii
aa3ba9ca5f9db5834b3a55efd0e713f9	gi|992330782|ref|NC_029238.1|	90.099	99	1.06e-104	303	1051616	Verticillium nonalfalfae	ascomycete fungi	Verticillium nonalfalfae
aa3ba9ca5f9db5834b3a55efd0e713f9	gi|2078828068|gb|CP069154.1|	90.099	99	1.06e-104	303	1051616	Verticillium nonalfalfae	ascomycete fungi	Verticillium nonalfalfae
aa3ba9ca5f9db5834b3a55efd0e713f9	gi|2078810049|gb|CP069145.1|	90.099	99	1.06e-104	303	1051616	Verticillium nonalfalfae	ascomycete fungi	Verticillium nonalfalfae
9998f7b2d83063d73602459a448cede0	gi|2497691078|gb|OQ707026.1|	90.759	99	4.88e-108	303	1562163	Neopestalotiopsis cubana	ascomycete fungi	Neopestalotiopsis cubana
9998f7b2d83063d73602459a448cede0	gi|2497691058|gb|OQ707025.1|	90.759	99	4.88e-108	303	1562163	Neopestalotiopsis cubana	ascomycete fungi	Neopestalotiopsis cubana
9998f7b2d83063d73602459a448cede0	gi|2440032391|ref|NC_071220.1|	90.759	99	4.88e-108	303	1562163	Neopestalotiopsis cubana	ascomycete fungi	Neopestalotiopsis cubana
9998f7b2d83063d73602459a448cede0	gi|372460092|gb|JN574872.1|	90.759	99	4.88e-108	303	131350	Calonectria colhounii	ascomycete fungi	Calonectria colhounii
9998f7b2d83063d73602459a448cede0	gi|992330782|ref|NC_029238.1|	90.099	99	1.06e-104	303	1051616	Verticillium nonalfalfae	ascomycete fungi	Verticillium nonalfalfae
9998f7b2d83063d73602459a448cede0	gi|2078828068|gb|CP069154.1|	90.099	99	1.06e-104	303	1051616	Verticillium nonalfalfae	ascomycete fungi	Verticillium nonalfalfae
9998f7b2d83063d73602459a448cede0	gi|2078810049|gb|CP069145.1|	90.099	99	1.06e-104	303	1051616	Verticillium nonalfalfae	ascomycete fungi	Verticillium nonalfalfae
6b60b5e1ef044e04c01878e1e55286a4	gi|1876161349|gb|MT228925.1|	93.289	98	1.34e-118	298	2754053	Vexillifera sp. AKu-2020a	eukaryotes	Vexillifera sp. AKu-2020a
6b60b5e1ef044e04c01878e1e55286a4	gi|1876161346|gb|MT228924.1|	93.289	98	1.34e-118	298	2754053	Vexillifera sp. AKu-2020a	eukaryotes	Vexillifera sp. AKu-2020a
6b60b5e1ef044e04c01878e1e55286a4	gi|1876161344|gb|MT228923.1|	91.611	98	2.92e-110	298	2754053	Vexillifera sp. AKu-2020a	eukaryotes	Vexillifera sp. AKu-2020a
a7c3e6b8ea99a48c8798077683bfc0fd	gi|2846854574|gb|PQ459335.1|	96.393	100	1.68e-137	305	37318	Pseudo-nitzschia pungens	diatoms	Pseudo-nitzschia pungens
a7c3e6b8ea99a48c8798077683bfc0fd	gi|2088244865|ref|NC_057054.1|	96.393	100	1.68e-137	305	37318	Pseudo-nitzschia pungens	diatoms	Pseudo-nitzschia pungens
a7c3e6b8ea99a48c8798077683bfc0fd	gi|926663169|gb|KR871387.1|	95.470	94	3.69e-124	287	37318	Pseudo-nitzschia pungens	diatoms	Pseudo-nitzschia pungens
a7c3e6b8ea99a48c8798077683bfc0fd	gi|2055404604|ref|NC_056161.1|	90.820	100	3.77e-109	305	237455	Pseudo-nitzschia cuspidata	diatoms	Pseudo-nitzschia cuspidata
a7c3e6b8ea99a48c8798077683bfc0fd	gi|2846854613|gb|PQ459336.1|	90.970	98	1.75e-107	299	37319	Pseudo-nitzschia multiseries	diatoms	Pseudo-nitzschia multiseries
a7c3e6b8ea99a48c8798077683bfc0fd	gi|1190246131|gb|KX572941.1|	90.492	100	1.75e-107	305	178779	Pseudo-nitzschia pseudodelicatissima	diatoms	Pseudo-nitzschia pseudodelicatissima
a7c3e6b8ea99a48c8798077683bfc0fd	gi|836614244|ref|NC_027265.1|	90.728	99	1.75e-107	302	37319	Pseudo-nitzschia multiseries	diatoms	Pseudo-nitzschia multiseries
a7c3e6b8ea99a48c8798077683bfc0fd	gi|335929325|gb|JN050310.1|	90.970	98	1.75e-107	299	1041512	Pseudo-nitzschia hasleana	diatoms	Pseudo-nitzschia hasleana
a7c3e6b8ea99a48c8798077683bfc0fd	gi|926663179|gb|KR871392.1|	91.638	94	8.16e-106	287	1388884	Pseudo-nitzschia lundholmiae	diatoms	Pseudo-nitzschia lundholmiae
a7c3e6b8ea99a48c8798077683bfc0fd	gi|335929327|gb|JN050311.1|	90.164	100	8.16e-106	305	1041512	Pseudo-nitzschia hasleana	diatoms	Pseudo-nitzschia hasleana
81af5ecc1e5acc1cc30d9ebbf4dacb85	gi|60267441|gb|AY789916.1|	99.344	100	1.65e-152	305	314529	Calycella syringa	hydrozoans	Calycella syringa
81af5ecc1e5acc1cc30d9ebbf4dacb85	gi|1069323564|gb|KX665236.1|	92.069	95	3.77e-109	290	1886623	Hartlaubella gelatinosa	hydrozoans	Hartlaubella gelatinosa
81af5ecc1e5acc1cc30d9ebbf4dacb85	gi|1069323562|gb|KX665235.1|	91.930	93	2.27e-106	285	1886623	Hartlaubella gelatinosa	hydrozoans	Hartlaubella gelatinosa
c69ff8f8760b57ae7368cf57321ecaed	gi|60267441|gb|AY789916.1|	99.672	100	3.54e-154	305	314529	Calycella syringa	hydrozoans	Calycella syringa
c69ff8f8760b57ae7368cf57321ecaed	gi|1069323564|gb|KX665236.1|	91.724	95	1.75e-107	290	1886623	Hartlaubella gelatinosa	hydrozoans	Hartlaubella gelatinosa
c69ff8f8760b57ae7368cf57321ecaed	gi|1069323562|gb|KX665235.1|	91.579	93	1.06e-104	285	1886623	Hartlaubella gelatinosa	hydrozoans	Hartlaubella gelatinosa
aea199d6ffab572b3b879639dc1e01ef	gi|60267441|gb|AY789916.1|	99.344	100	1.65e-152	305	314529	Calycella syringa	hydrozoans	Calycella syringa
aea199d6ffab572b3b879639dc1e01ef	gi|1069323564|gb|KX665236.1|	91.724	95	1.75e-107	290	1886623	Hartlaubella gelatinosa	hydrozoans	Hartlaubella gelatinosa
aea199d6ffab572b3b879639dc1e01ef	gi|1069323562|gb|KX665235.1|	91.579	93	1.06e-104	285	1886623	Hartlaubella gelatinosa	hydrozoans	Hartlaubella gelatinosa
1c30c7395652ca10fc19f23ea76b71c4	gi|60267441|gb|AY789916.1|	99.344	100	1.65e-152	305	314529	Calycella syringa	hydrozoans	Calycella syringa
1c30c7395652ca10fc19f23ea76b71c4	gi|1069323564|gb|KX665236.1|	91.724	95	1.75e-107	290	1886623	Hartlaubella gelatinosa	hydrozoans	Hartlaubella gelatinosa
1c30c7395652ca10fc19f23ea76b71c4	gi|1069323562|gb|KX665235.1|	91.579	93	1.06e-104	285	1886623	Hartlaubella gelatinosa	hydrozoans	Hartlaubella gelatinosa
a4d86594d0c50727fcc67705ad367152	gi|60267441|gb|AY789916.1|	100.000	100	7.61e-156	305	314529	Calycella syringa	hydrozoans	Calycella syringa
a4d86594d0c50727fcc67705ad367152	gi|1069323564|gb|KX665236.1|	92.069	95	3.77e-109	290	1886623	Hartlaubella gelatinosa	hydrozoans	Hartlaubella gelatinosa
a4d86594d0c50727fcc67705ad367152	gi|1069323562|gb|KX665235.1|	91.930	93	2.27e-106	285	1886623	Hartlaubella gelatinosa	hydrozoans	Hartlaubella gelatinosa
00a0e28deaf28152bdfd70ed86a15239	gi|218138610|gb|FJ501228.1|	97.049	100	2.16e-141	305	48486	Fusarium babinda	ascomycete fungi	Fusarium babinda
00a0e28deaf28152bdfd70ed86a15239	gi|219964437|gb|FJ544549.1|	96.078	100	1.30e-138	306	282271	Fusarium boothii	ascomycete fungi	Fusarium boothii
00a0e28deaf28152bdfd70ed86a15239	gi|1839127545|gb|MT010934.1|	96.393	100	1.68e-137	305	48507	Fusarium denticulatum	ascomycete fungi	Fusarium denticulatum
00a0e28deaf28152bdfd70ed86a15239	gi|1839127312|gb|MT010926.1|	96.393	100	1.68e-137	305	42673	Fusarium nygamai	ascomycete fungi	Fusarium nygamai
00a0e28deaf28152bdfd70ed86a15239	gi|1839126948|gb|MT010913.1|	96.393	100	1.68e-137	305	78864	Fusarium globosum	ascomycete fungi	Fusarium globosum
00a0e28deaf28152bdfd70ed86a15239	gi|1839126919|gb|MT010912.1|	96.393	100	1.68e-137	305	48484	Fusarium annulatum	ascomycete fungi	Fusarium annulatum
00a0e28deaf28152bdfd70ed86a15239	gi|1839126901|gb|MT010911.1|	96.393	100	1.68e-137	305	48491	Fusarium concentricum	ascomycete fungi	Fusarium concentricum
00a0e28deaf28152bdfd70ed86a15239	gi|1206257055|emb|LT841261.1|	96.393	100	1.68e-137	305	948311	Fusarium proliferatum	ascomycete fungi	Fusarium proliferatum
00a0e28deaf28152bdfd70ed86a15239	gi|1206257012|emb|LT841247.1|	96.393	100	1.68e-137	305	948311	Fusarium proliferatum	ascomycete fungi	Fusarium proliferatum
00a0e28deaf28152bdfd70ed86a15239	gi|2664516584|gb|CP128312.1|	96.393	100	1.68e-137	305	948311	Fusarium proliferatum	ascomycete fungi	Fusarium proliferatum
9a7149f035cdcf8bb1075dfd6a194dfa	gi|2891851651|gb|OR045902.1|	90.508	97	1.37e-103	295	3018325	Pleurocordyceps vitellina	ascomycete fungi	Pleurocordyceps vitellina
c47c8e6e2543f7c2eee3b8d4c0b009d3	gi|2293410496|gb|OM782668.1|	100.000	100	7.61e-156	305	118266	Beauveria brongniartii	ascomycete fungi	Beauveria brongniartii
c47c8e6e2543f7c2eee3b8d4c0b009d3	gi|2591972188|gb|OR545380.1|	99.672	100	3.54e-154	305	931006	Beauveria pseudobassiana	ascomycete fungi	Beauveria pseudobassiana
c47c8e6e2543f7c2eee3b8d4c0b009d3	gi|2293410448|gb|OM782665.1|	99.672	100	3.54e-154	305	931006	Beauveria pseudobassiana	ascomycete fungi	Beauveria pseudobassiana
c47c8e6e2543f7c2eee3b8d4c0b009d3	gi|556506004|ref|NC_022708.1|	99.672	100	3.54e-154	305	931006	Beauveria pseudobassiana	ascomycete fungi	Beauveria pseudobassiana
c47c8e6e2543f7c2eee3b8d4c0b009d3	gi|1027889083|gb|KU869769.1|	99.670	99	4.58e-153	303	176275	Beauveria bassiana	ascomycete fungi	Beauveria bassiana
c47c8e6e2543f7c2eee3b8d4c0b009d3	gi|2293410512|gb|OM782669.1|	99.670	99	4.58e-153	303	176275	Beauveria bassiana	ascomycete fungi	Beauveria bassiana
c47c8e6e2543f7c2eee3b8d4c0b009d3	gi|2307922952|ref|NC_066449.1|	99.670	99	4.58e-153	303	37997	Beauveria amorpha	ascomycete fungi	Beauveria amorpha
c47c8e6e2543f7c2eee3b8d4c0b009d3	gi|2018124786|ref|NC_053825.1|	99.670	99	4.58e-153	303	1290591	Beauveria lii	ascomycete fungi	Beauveria lii
c47c8e6e2543f7c2eee3b8d4c0b009d3	gi|218138590|gb|FJ501223.1|	99.670	99	4.58e-153	303	176275	Beauveria bassiana	ascomycete fungi	Beauveria bassiana
c47c8e6e2543f7c2eee3b8d4c0b009d3	gi|156122185|gb|EU100742.1|	99.670	99	4.58e-153	303	176275	Beauveria bassiana	ascomycete fungi	Beauveria bassiana
552cc72c5192fa5bd561e1a5e2c52932	gi|2833138010|gb|PQ468422.1|	95.738	100	3.64e-134	305	129524	Cordyceps pruinosa	ascomycete fungi	Cordyceps pruinosa
552cc72c5192fa5bd561e1a5e2c52932	gi|2833137984|gb|PQ468421.1|	95.738	100	3.64e-134	305	2794018	Cordyceps neopruinosa	ascomycete fungi	Cordyceps neopruinosa
552cc72c5192fa5bd561e1a5e2c52932	gi|2192910169|ref|NC_060296.1|	95.738	100	3.64e-134	305	129524	Cordyceps pruinosa	ascomycete fungi	Cordyceps pruinosa
552cc72c5192fa5bd561e1a5e2c52932	gi|2833137928|gb|PQ468419.1|	95.410	100	1.69e-132	305	2775437	Cordyceps cocoonihabita	ascomycete fungi	Cordyceps cocoonihabita
552cc72c5192fa5bd561e1a5e2c52932	gi|1599549063|emb|LR536627.1|	94.754	100	3.67e-129	305	93591	Lecanicillium fungicola	ascomycete fungi	Lecanicillium fungicola
552cc72c5192fa5bd561e1a5e2c52932	gi|2617469749|emb|OY756929.1|	94.754	100	3.67e-129	305	114497	Cordyceps fumosorosea	ascomycete fungi	Cordyceps fumosorosea
552cc72c5192fa5bd561e1a5e2c52932	gi|1784812960|gb|MK512381.1|	94.426	100	1.71e-127	305	89141	Cordyceps farinosa	ascomycete fungi	Cordyceps farinosa
552cc72c5192fa5bd561e1a5e2c52932	gi|2879910256|gb|PQ625785.1|	94.426	100	1.71e-127	305	3381451	Samsoniella aranea	ascomycete fungi	Samsoniella aranea
552cc72c5192fa5bd561e1a5e2c52932	gi|2806491756|gb|PQ276910.1|	94.426	100	1.71e-127	305	114497	Cordyceps fumosorosea	ascomycete fungi	Cordyceps fumosorosea
552cc72c5192fa5bd561e1a5e2c52932	gi|2328378751|ref|NC_068092.1|	94.426	100	1.71e-127	305	797268	Samsoniella hepiali	ascomycete fungi	Samsoniella hepiali
864c63e1d6eddb6698ef74a17c43c55d	gi|2328358126|ref|NC_067712.1|	90.066	99	3.80e-104	302	99896	Pleurocordyceps sinensis	ascomycete fungi	Pleurocordyceps sinensis
33707b2be25d368d5657050e2a4c20ef	gi|1043378898|ref|NC_030636.1|	100.000	100	7.61e-156	305	38006	Beauveria caledonica	ascomycete fungi	Beauveria caledonica
33707b2be25d368d5657050e2a4c20ef	gi|2293410464|gb|OM782666.1|	100.000	100	7.61e-156	305	38006	Beauveria caledonica	ascomycete fungi	Beauveria caledonica
33707b2be25d368d5657050e2a4c20ef	gi|1829772163|ref|NC_046840.1|	98.350	99	2.14e-146	303	2714763	Akanthomyces lecanii	ascomycete fungi	Akanthomyces lecanii
33707b2be25d368d5657050e2a4c20ef	gi|2583763507|gb|OR506462.1|	98.350	99	2.14e-146	303	2714763	Akanthomyces lecanii	ascomycete fungi	Akanthomyces lecanii
33707b2be25d368d5657050e2a4c20ef	gi|1784812960|gb|MK512381.1|	97.690	99	4.64e-143	303	89141	Cordyceps farinosa	ascomycete fungi	Cordyceps farinosa
33707b2be25d368d5657050e2a4c20ef	gi|2879910256|gb|PQ625785.1|	97.690	99	4.64e-143	303	3381451	Samsoniella aranea	ascomycete fungi	Samsoniella aranea
33707b2be25d368d5657050e2a4c20ef	gi|2806491756|gb|PQ276910.1|	97.690	99	4.64e-143	303	114497	Cordyceps fumosorosea	ascomycete fungi	Cordyceps fumosorosea
33707b2be25d368d5657050e2a4c20ef	gi|2328378751|ref|NC_068092.1|	97.690	99	4.64e-143	303	797268	Samsoniella hepiali	ascomycete fungi	Samsoniella hepiali
33707b2be25d368d5657050e2a4c20ef	gi|83657443|gb|DQ311640.1|	97.690	99	4.64e-143	303	2714763	Akanthomyces lecanii	ascomycete fungi	Akanthomyces lecanii
33707b2be25d368d5657050e2a4c20ef	gi|27544882|ref|NC_004514.1|	97.360	99	2.16e-141	303	2231603	Akanthomyces muscarius	ascomycete fungi	Akanthomyces muscarius
d36e7d4e02824db86d574a0807040506	gi|310690184|gb|HQ317078.1|	93.770	100	3.69e-124	305	185982	Nitzschia cf. promare	diatoms	Nitzschia cf. promare
635ce80e6d135cfeeda73e7718c6d960	gi|310690184|gb|HQ317078.1|	94.098	100	7.94e-126	305	185982	Nitzschia cf. promare	diatoms	Nitzschia cf. promare
0dbb3efa32bb4caaa8f250db28de6602	gi|1430075105|gb|MG935078.1|	97.049	100	7.77e-141	305	475726	Halecium halecinum	hydrozoans	Halecium halecinum
aeb7be768d10670a74e40a2584f3f3f1	gi|1430075105|gb|MG935078.1|	97.705	100	3.59e-144	305	475726	Halecium halecinum	hydrozoans	Halecium halecinum
e4822e25bc0232262d427576a2da6e6c	gi|1430075105|gb|MG935078.1|	97.377	100	1.67e-142	305	475726	Halecium halecinum	hydrozoans	Halecium halecinum
ef27a0c2d0752d11f6197007c5c45cc6	gi|1430075105|gb|MG935078.1|	97.049	100	7.77e-141	305	475726	Halecium halecinum	hydrozoans	Halecium halecinum
c3dc24cb453192e8865dc2ecb091184c	gi|1386870537|gb|MG136810.1|	99.344	100	1.65e-152	305	13108	Leuckartiara octona	hydrozoans	Leuckartiara octona
c3dc24cb453192e8865dc2ecb091184c	gi|1386870533|gb|MG136808.1|	99.344	100	1.65e-152	305	13108	Leuckartiara octona	hydrozoans	Leuckartiara octona
c3dc24cb453192e8865dc2ecb091184c	gi|1386870507|gb|MG136795.1|	99.344	100	1.65e-152	305	13108	Leuckartiara octona	hydrozoans	Leuckartiara octona
c3dc24cb453192e8865dc2ecb091184c	gi|515424754|gb|KC440106.1|	99.344	100	1.65e-152	305	13108	Leuckartiara octona	hydrozoans	Leuckartiara octona
c3dc24cb453192e8865dc2ecb091184c	gi|1386870499|gb|MG136791.1|	99.340	99	2.13e-151	303	13108	Leuckartiara octona	hydrozoans	Leuckartiara octona
c3dc24cb453192e8865dc2ecb091184c	gi|1386870497|gb|MG136790.1|	99.340	99	2.13e-151	303	13108	Leuckartiara octona	hydrozoans	Leuckartiara octona
c3dc24cb453192e8865dc2ecb091184c	gi|1386870471|gb|MG136777.1|	99.016	100	7.66e-151	305	13108	Leuckartiara octona	hydrozoans	Leuckartiara octona
c3dc24cb453192e8865dc2ecb091184c	gi|952952512|gb|KT809325.1|	99.016	100	7.66e-151	305	13108	Leuckartiara octona	hydrozoans	Leuckartiara octona
c3dc24cb453192e8865dc2ecb091184c	gi|515424766|gb|KC440110.1|	99.016	100	7.66e-151	305	13108	Leuckartiara octona	hydrozoans	Leuckartiara octona
c3dc24cb453192e8865dc2ecb091184c	gi|515424760|gb|KC440108.1|	99.016	100	7.66e-151	305	13108	Leuckartiara octona	hydrozoans	Leuckartiara octona
6a1065dd1806779891f4bac71ea962b9	gi|1386870537|gb|MG136810.1|	100.000	100	7.61e-156	305	13108	Leuckartiara octona	hydrozoans	Leuckartiara octona
6a1065dd1806779891f4bac71ea962b9	gi|1386870533|gb|MG136808.1|	100.000	100	7.61e-156	305	13108	Leuckartiara octona	hydrozoans	Leuckartiara octona
6a1065dd1806779891f4bac71ea962b9	gi|1386870507|gb|MG136795.1|	100.000	100	7.61e-156	305	13108	Leuckartiara octona	hydrozoans	Leuckartiara octona
6a1065dd1806779891f4bac71ea962b9	gi|515424754|gb|KC440106.1|	100.000	100	7.61e-156	305	13108	Leuckartiara octona	hydrozoans	Leuckartiara octona
6a1065dd1806779891f4bac71ea962b9	gi|1386870499|gb|MG136791.1|	100.000	99	9.84e-155	303	13108	Leuckartiara octona	hydrozoans	Leuckartiara octona
6a1065dd1806779891f4bac71ea962b9	gi|1386870497|gb|MG136790.1|	100.000	99	9.84e-155	303	13108	Leuckartiara octona	hydrozoans	Leuckartiara octona
6a1065dd1806779891f4bac71ea962b9	gi|1386870471|gb|MG136777.1|	99.672	100	3.54e-154	305	13108	Leuckartiara octona	hydrozoans	Leuckartiara octona
6a1065dd1806779891f4bac71ea962b9	gi|952952512|gb|KT809325.1|	99.672	100	3.54e-154	305	13108	Leuckartiara octona	hydrozoans	Leuckartiara octona
6a1065dd1806779891f4bac71ea962b9	gi|515424766|gb|KC440110.1|	99.672	100	3.54e-154	305	13108	Leuckartiara octona	hydrozoans	Leuckartiara octona
6a1065dd1806779891f4bac71ea962b9	gi|515424760|gb|KC440108.1|	99.672	100	3.54e-154	305	13108	Leuckartiara octona	hydrozoans	Leuckartiara octona
0b81ee80b1cd725f6d4454c5f0ed1eaf	gi|1489973935|gb|MG423394.1|	100.000	100	7.61e-156	305	2472219	Hemichordata sp. HUNTSPOL0243	hemichordates	Hemichordata sp. HUNTSPOL0243
0b81ee80b1cd725f6d4454c5f0ed1eaf	gi|1489970722|gb|MG422940.1|	98.689	100	3.56e-149	305	2472218	Hemichordata sp. HUNTSPOL0119	hemichordates	Hemichordata sp. HUNTSPOL0119
0b81ee80b1cd725f6d4454c5f0ed1eaf	gi|1489973947|gb|MG423400.1|	100.000	94	2.77e-145	286	2472220	Hemichordata sp. HUNTSPOL0058	hemichordates	Hemichordata sp. HUNTSPOL0058
8bd0a4ac4a0d5db1fee6909f6a47b20f	gi|1489973935|gb|MG423394.1|	99.344	100	1.65e-152	305	2472219	Hemichordata sp. HUNTSPOL0243	hemichordates	Hemichordata sp. HUNTSPOL0243
8bd0a4ac4a0d5db1fee6909f6a47b20f	gi|1489970722|gb|MG422940.1|	98.033	100	7.71e-146	305	2472218	Hemichordata sp. HUNTSPOL0119	hemichordates	Hemichordata sp. HUNTSPOL0119
8bd0a4ac4a0d5db1fee6909f6a47b20f	gi|1489973947|gb|MG423400.1|	99.301	94	6.01e-142	286	2472220	Hemichordata sp. HUNTSPOL0058	hemichordates	Hemichordata sp. HUNTSPOL0058
c8bc8af80f09d385fe9613d1e1c7d445	gi|1489970722|gb|MG422940.1|	100.000	100	7.61e-156	305	2472218	Hemichordata sp. HUNTSPOL0119	hemichordates	Hemichordata sp. HUNTSPOL0119
c8bc8af80f09d385fe9613d1e1c7d445	gi|1489973935|gb|MG423394.1|	98.689	100	3.56e-149	305	2472219	Hemichordata sp. HUNTSPOL0243	hemichordates	Hemichordata sp. HUNTSPOL0243
c8bc8af80f09d385fe9613d1e1c7d445	gi|1489973947|gb|MG423400.1|	98.601	94	1.30e-138	286	2472220	Hemichordata sp. HUNTSPOL0058	hemichordates	Hemichordata sp. HUNTSPOL0058
0d501adaf92c4f6d92193ad3e4e4d0c5	gi|1489970722|gb|MG422940.1|	99.672	100	3.54e-154	305	2472218	Hemichordata sp. HUNTSPOL0119	hemichordates	Hemichordata sp. HUNTSPOL0119
0d501adaf92c4f6d92193ad3e4e4d0c5	gi|1489973935|gb|MG423394.1|	99.016	100	7.66e-151	305	2472219	Hemichordata sp. HUNTSPOL0243	hemichordates	Hemichordata sp. HUNTSPOL0243
0d501adaf92c4f6d92193ad3e4e4d0c5	gi|1489973947|gb|MG423400.1|	98.951	94	2.79e-140	286	2472220	Hemichordata sp. HUNTSPOL0058	hemichordates	Hemichordata sp. HUNTSPOL0058
a0b896eac53aa5030eed14a36fde7a90	gi|1489970590|gb|MG422874.1|	99.672	100	3.54e-154	305	2477072	Spionidae sp. HUNTSPOL0104	segmented worms	Spionidae sp. HUNTSPOL0104
a0b896eac53aa5030eed14a36fde7a90	gi|2432718780|gb|OQ323203.1|	96.393	100	1.68e-137	305	3023867	Marenzelleria sp. RA01	segmented worms	Marenzelleria sp. RA01
80315296d000491af05fe781cd116e68	gi|2432718780|gb|OQ323203.1|	99.672	100	3.54e-154	305	3023867	Marenzelleria sp. RA01	segmented worms	Marenzelleria sp. RA01
80315296d000491af05fe781cd116e68	gi|1489970590|gb|MG422874.1|	96.393	100	1.68e-137	305	2477072	Spionidae sp. HUNTSPOL0104	segmented worms	Spionidae sp. HUNTSPOL0104
47a285b232c55b42f93a1783468a3a81	gi|1489970590|gb|MG422874.1|	97.377	100	1.67e-142	305	2477072	Spionidae sp. HUNTSPOL0104	segmented worms	Spionidae sp. HUNTSPOL0104
47a285b232c55b42f93a1783468a3a81	gi|2432718780|gb|OQ323203.1|	97.049	100	7.77e-141	305	3023867	Marenzelleria sp. RA01	segmented worms	Marenzelleria sp. RA01
a6db1ce1cc3145017ff3078759b33742	gi|2432718780|gb|OQ323203.1|	98.361	100	1.66e-147	305	3023867	Marenzelleria sp. RA01	segmented worms	Marenzelleria sp. RA01
a6db1ce1cc3145017ff3078759b33742	gi|1489970590|gb|MG422874.1|	96.066	100	7.82e-136	305	2477072	Spionidae sp. HUNTSPOL0104	segmented worms	Spionidae sp. HUNTSPOL0104
929f99d9a15a9a8a8f69c70f0b1078e2	gi|2088232767|ref|NC_056792.1|	90.066	99	3.80e-104	302	1003145	Tryblionella apiculata	diatoms	Tryblionella apiculata
2235163a9d4fa7e07aad629f8c335a62	gi|2868137692|gb|PQ739341.1|	91.391	99	8.11e-111	302	475726	Halecium halecinum	hydrozoans	Halecium halecinum
2235163a9d4fa7e07aad629f8c335a62	gi|1430075402|gb|MG935174.1|	90.492	100	1.75e-107	305	475726	Halecium halecinum	hydrozoans	Halecium halecinum
2235163a9d4fa7e07aad629f8c335a62	gi|1430075648|gb|MG935254.1|	90.164	100	2.27e-106	305	475725	Halecium beanii	hydrozoans	Halecium beanii
21ae03c400d3bd87ceef50e68db93080	gi|2891851651|gb|OR045902.1|	90.429	99	8.16e-106	303	3018325	Pleurocordyceps vitellina	ascomycete fungi	Pleurocordyceps vitellina
21ae03c400d3bd87ceef50e68db93080	gi|2328358126|ref|NC_067712.1|	90.066	99	3.80e-104	302	99896	Pleurocordyceps sinensis	ascomycete fungi	Pleurocordyceps sinensis
0aaf290a179b6ed166fb5182ff486cce	gi|1016472806|ref|NC_029851.1|	100.000	100	7.61e-156	305	281364	Emericellopsis fuci	ascomycete fungi	Emericellopsis fuci
0aaf290a179b6ed166fb5182ff486cce	gi|955665815|gb|KR864756.1|	99.016	100	7.66e-151	305	1761922	Emericellopsis sp. 1a5	ascomycete fungi	Emericellopsis sp. 1a5
0aaf290a179b6ed166fb5182ff486cce	gi|218138592|gb|FJ501225.1|	96.393	100	1.68e-137	305	45245	Emericellopsis minima	ascomycete fungi	Emericellopsis minima
0aaf290a179b6ed166fb5182ff486cce	gi|948299288|ref|NC_028330.1|	91.060	99	3.77e-109	302	468837	Lecanicillium saksenae	ascomycete fungi	Lecanicillium saksenae
0aaf290a179b6ed166fb5182ff486cce	gi|1829772163|ref|NC_046840.1|	90.492	100	1.75e-107	305	2714763	Akanthomyces lecanii	ascomycete fungi	Akanthomyces lecanii
0aaf290a179b6ed166fb5182ff486cce	gi|2617469749|emb|OY756929.1|	90.492	100	1.75e-107	305	114497	Cordyceps fumosorosea	ascomycete fungi	Cordyceps fumosorosea
0aaf290a179b6ed166fb5182ff486cce	gi|2583763507|gb|OR506462.1|	90.492	100	1.75e-107	305	2714763	Akanthomyces lecanii	ascomycete fungi	Akanthomyces lecanii
0aaf290a179b6ed166fb5182ff486cce	gi|987167499|gb|KT201148.1|	90.492	100	1.75e-107	305	176275	Beauveria bassiana	ascomycete fungi	Beauveria bassiana
0aaf290a179b6ed166fb5182ff486cce	gi|908744420|gb|KR733105.1|	90.492	100	1.75e-107	305	176275	Beauveria bassiana	ascomycete fungi	Beauveria bassiana
0aaf290a179b6ed166fb5182ff486cce	gi|2293410480|gb|OM782667.1|	90.492	100	1.75e-107	305	176275	Beauveria bassiana	ascomycete fungi	Beauveria bassiana
5392308d64e4dbc8af3d8a30d4ab3a7d	gi|1102548834|ref|NC_031848.1|	99.344	100	1.65e-152	305	265559	Navicula ramosissima	diatoms	Navicula ramosissima
5392308d64e4dbc8af3d8a30d4ab3a7d	gi|499166413|gb|KC732418.1|	91.638	94	8.16e-106	287	1301311	zooplankton environmental sample	eukaryotes	zooplankton environmental sample
af38caf7359b02dec5b2513cfe14f619	gi|2216737164|ref|NC_061970.1|	90.820	100	3.77e-109	305	1970646	Cladosporium anthropophilum	ascomycete fungi	Cladosporium anthropophilum
613c838bf24dbc66f8274a4021952196	gi|2127869447|ref|NC_058694.1|	92.459	100	1.73e-117	305	461172	Edenia gomezpompae	ascomycete fungi	Edenia gomezpompae
613c838bf24dbc66f8274a4021952196	gi|156494363|ref|NC_009746.1|	91.803	100	3.74e-114	305	321614	Parastagonospora nodorum SN15	ascomycete fungi	Parastagonospora nodorum SN15
613c838bf24dbc66f8274a4021952196	gi|1584351552|gb|MK468491.1|	91.475	100	1.74e-112	305	749586	Ascochyta pisi	ascomycete fungi	Ascochyta pisi
613c838bf24dbc66f8274a4021952196	gi|1002162993|ref|NC_029396.1|	91.475	100	1.74e-112	305	749589	Didymella pinodes	ascomycete fungi	pea foot rot fungus
613c838bf24dbc66f8274a4021952196	gi|2161207969|gb|OK054367.1|	91.176	100	8.11e-111	306	59586	Corynespora cassiicola	ascomycete fungi	Corynespora cassiicola
613c838bf24dbc66f8274a4021952196	gi|2161207952|gb|OK054366.1|	91.176	100	8.11e-111	306	59586	Corynespora cassiicola	ascomycete fungi	Corynespora cassiicola
613c838bf24dbc66f8274a4021952196	gi|2161207916|gb|OK054364.1|	90.850	100	3.77e-109	306	59586	Corynespora cassiicola	ascomycete fungi	Corynespora cassiicola
613c838bf24dbc66f8274a4021952196	gi|2161207898|gb|OK054363.1|	90.850	100	3.77e-109	306	59586	Corynespora cassiicola	ascomycete fungi	Corynespora cassiicola
613c838bf24dbc66f8274a4021952196	gi|2161207880|gb|OK054362.1|	90.850	100	3.77e-109	306	59586	Corynespora cassiicola	ascomycete fungi	Corynespora cassiicola
613c838bf24dbc66f8274a4021952196	gi|2305949557|gb|OM236666.1|	90.820	100	3.77e-109	305	1573585	Phoma sp. 1 OB-2014	ascomycete fungi	Phoma sp. 1 OB-2014
e6feefbb0e329fa85d1ccb190bb722c0	gi|2127869447|ref|NC_058694.1|	92.459	100	1.73e-117	305	461172	Edenia gomezpompae	ascomycete fungi	Edenia gomezpompae
e6feefbb0e329fa85d1ccb190bb722c0	gi|156494363|ref|NC_009746.1|	91.803	100	3.74e-114	305	321614	Parastagonospora nodorum SN15	ascomycete fungi	Parastagonospora nodorum SN15
e6feefbb0e329fa85d1ccb190bb722c0	gi|1584351552|gb|MK468491.1|	91.475	100	1.74e-112	305	749586	Ascochyta pisi	ascomycete fungi	Ascochyta pisi
e6feefbb0e329fa85d1ccb190bb722c0	gi|1002162993|ref|NC_029396.1|	91.475	100	1.74e-112	305	749589	Didymella pinodes	ascomycete fungi	pea foot rot fungus
e6feefbb0e329fa85d1ccb190bb722c0	gi|2161207969|gb|OK054367.1|	91.176	100	8.11e-111	306	59586	Corynespora cassiicola	ascomycete fungi	Corynespora cassiicola
e6feefbb0e329fa85d1ccb190bb722c0	gi|2161207952|gb|OK054366.1|	91.176	100	8.11e-111	306	59586	Corynespora cassiicola	ascomycete fungi	Corynespora cassiicola
e6feefbb0e329fa85d1ccb190bb722c0	gi|2161207916|gb|OK054364.1|	90.850	100	3.77e-109	306	59586	Corynespora cassiicola	ascomycete fungi	Corynespora cassiicola
e6feefbb0e329fa85d1ccb190bb722c0	gi|2161207898|gb|OK054363.1|	90.850	100	3.77e-109	306	59586	Corynespora cassiicola	ascomycete fungi	Corynespora cassiicola
e6feefbb0e329fa85d1ccb190bb722c0	gi|2161207880|gb|OK054362.1|	90.850	100	3.77e-109	306	59586	Corynespora cassiicola	ascomycete fungi	Corynespora cassiicola
e6feefbb0e329fa85d1ccb190bb722c0	gi|2305949557|gb|OM236666.1|	90.820	100	3.77e-109	305	1573585	Phoma sp. 1 OB-2014	ascomycete fungi	Phoma sp. 1 OB-2014
645f3262bf79faddcb5aa7067ab73a0d	gi|1905450536|gb|MN657180.1|	99.672	100	3.54e-154	305	1707700	Cladosporium sp.	ascomycete fungi	Cladosporium sp.
645f3262bf79faddcb5aa7067ab73a0d	gi|1841183609|gb|MN661341.1|	95.738	100	3.64e-134	305	29917	Cladosporium cladosporioides	ascomycete fungi	Cladosporium cladosporioides
645f3262bf79faddcb5aa7067ab73a0d	gi|2216737164|ref|NC_061970.1|	93.443	100	1.72e-122	305	1970646	Cladosporium anthropophilum	ascomycete fungi	Cladosporium anthropophilum
ad21cf2388f14e1ed606a6483ebda180	gi|1905450536|gb|MN657180.1|	99.672	100	3.54e-154	305	1707700	Cladosporium sp.	ascomycete fungi	Cladosporium sp.
ad21cf2388f14e1ed606a6483ebda180	gi|1841183609|gb|MN661341.1|	95.738	100	3.64e-134	305	29917	Cladosporium cladosporioides	ascomycete fungi	Cladosporium cladosporioides
ad21cf2388f14e1ed606a6483ebda180	gi|2216737164|ref|NC_061970.1|	93.443	100	1.72e-122	305	1970646	Cladosporium anthropophilum	ascomycete fungi	Cladosporium anthropophilum
cb31d30ea5384189d55fca8d0f72d9e9	gi|1905450536|gb|MN657180.1|	100.000	100	7.61e-156	305	1707700	Cladosporium sp.	ascomycete fungi	Cladosporium sp.
cb31d30ea5384189d55fca8d0f72d9e9	gi|1841183609|gb|MN661341.1|	96.066	100	7.82e-136	305	29917	Cladosporium cladosporioides	ascomycete fungi	Cladosporium cladosporioides
cb31d30ea5384189d55fca8d0f72d9e9	gi|2216737164|ref|NC_061970.1|	93.770	100	3.69e-124	305	1970646	Cladosporium anthropophilum	ascomycete fungi	Cladosporium anthropophilum
ee84b0b1a92721394710377f599030dc	gi|222093389|gb|FJ004548.1|	97.473	91	1.32e-128	277	69788	Penicillium sclerotiorum	ascomycete fungi	Penicillium sclerotiorum
e89b1ad3091f180e65dd900f8d677c85	gi|222093389|gb|FJ004548.1|	96.390	91	1.33e-123	277	69788	Penicillium sclerotiorum	ascomycete fungi	Penicillium sclerotiorum
324b4231c3a3116f0306a8c0e9660f20	gi|1905450536|gb|MN657180.1|	92.787	100	3.72e-119	305	1707700	Cladosporium sp.	ascomycete fungi	Cladosporium sp.
324b4231c3a3116f0306a8c0e9660f20	gi|2216737164|ref|NC_061970.1|	92.131	100	8.05e-116	305	1970646	Cladosporium anthropophilum	ascomycete fungi	Cladosporium anthropophilum
324b4231c3a3116f0306a8c0e9660f20	gi|1841183609|gb|MN661341.1|	91.148	100	8.11e-111	305	29917	Cladosporium cladosporioides	ascomycete fungi	Cladosporium cladosporioides
a6b3fdcfd3f0e330c6c0bfcb4113d35d	gi|2127869447|ref|NC_058694.1|	95.738	100	3.64e-134	305	461172	Edenia gomezpompae	ascomycete fungi	Edenia gomezpompae
a6b3fdcfd3f0e330c6c0bfcb4113d35d	gi|1584351552|gb|MK468491.1|	94.426	100	1.71e-127	305	749586	Ascochyta pisi	ascomycete fungi	Ascochyta pisi
a6b3fdcfd3f0e330c6c0bfcb4113d35d	gi|1002162993|ref|NC_029396.1|	94.426	100	1.71e-127	305	749589	Didymella pinodes	ascomycete fungi	pea foot rot fungus
a6b3fdcfd3f0e330c6c0bfcb4113d35d	gi|813423937|ref|NC_026869.1|	93.115	100	7.99e-121	305	224420	Shiraia bambusicola	ascomycete fungi	Shiraia bambusicola
a6b3fdcfd3f0e330c6c0bfcb4113d35d	gi|2305949557|gb|OM236666.1|	93.115	100	7.99e-121	305	1573585	Phoma sp. 1 OB-2014	ascomycete fungi	Phoma sp. 1 OB-2014
a6b3fdcfd3f0e330c6c0bfcb4113d35d	gi|2452622577|ref|NC_071711.1|	92.131	100	8.05e-116	305	1303443	Periconia digitata	ascomycete fungi	Periconia digitata
a6b3fdcfd3f0e330c6c0bfcb4113d35d	gi|2161207969|gb|OK054367.1|	92.157	100	8.05e-116	306	59586	Corynespora cassiicola	ascomycete fungi	Corynespora cassiicola
a6b3fdcfd3f0e330c6c0bfcb4113d35d	gi|2161207952|gb|OK054366.1|	92.157	100	8.05e-116	306	59586	Corynespora cassiicola	ascomycete fungi	Corynespora cassiicola
a6b3fdcfd3f0e330c6c0bfcb4113d35d	gi|156494363|ref|NC_009746.1|	92.131	100	8.05e-116	305	321614	Parastagonospora nodorum SN15	ascomycete fungi	Parastagonospora nodorum SN15
a6b3fdcfd3f0e330c6c0bfcb4113d35d	gi|2161207916|gb|OK054364.1|	91.830	100	3.74e-114	306	59586	Corynespora cassiicola	ascomycete fungi	Corynespora cassiicola
5d288b1831fe1bd8a295da981f3b17db	gi|310690180|gb|HQ317076.1|	92.810	99	1.35e-118	306	908857	Navicula sp. BOLD:AAO6950	diatoms	Navicula sp. BOLD:AAO6950
8434b8a94b5fc210ac391fe4b73d7a58	gi|310690180|gb|HQ317076.1|	96.040	99	1.01e-134	303	908857	Navicula sp. BOLD:AAO6950	diatoms	Navicula sp. BOLD:AAO6950
18e828a5da25e4bcccf449f608105ec9	gi|1418586581|ref|NC_037986.1|	90.690	95	1.77e-102	290	2856	Cylindrotheca closterium	diatoms	Cylindrotheca closterium
631bb4c04bf4f6e2d97910eb21b000ba	gi|6331127|dbj|AB020222.1|	90.164	100	8.16e-106	305	2856	Cylindrotheca closterium	diatoms	Cylindrotheca closterium
631bb4c04bf4f6e2d97910eb21b000ba	gi|257798976|gb|GQ844252.1|	90.102	96	8.22e-101	293	2856	Cylindrotheca closterium	diatoms	Cylindrotheca closterium
78daa6e6b0bc6c80241f4568b6703137	gi|6331127|dbj|AB020222.1|	90.820	100	3.77e-109	305	2856	Cylindrotheca closterium	diatoms	Cylindrotheca closterium
78daa6e6b0bc6c80241f4568b6703137	gi|1418586581|ref|NC_037986.1|	90.635	98	8.16e-106	299	2856	Cylindrotheca closterium	diatoms	Cylindrotheca closterium
78daa6e6b0bc6c80241f4568b6703137	gi|257798976|gb|GQ844252.1|	90.785	96	3.80e-104	293	2856	Cylindrotheca closterium	diatoms	Cylindrotheca closterium
d767b5a07486207cb7a9d7f90a0598e9	gi|335929325|gb|JN050310.1|	90.000	95	3.82e-99	290	1041512	Pseudo-nitzschia hasleana	diatoms	Pseudo-nitzschia hasleana
740ee22d931fd3776e50b1a347da1ec3	gi|6331127|dbj|AB020222.1|	91.475	100	1.74e-112	305	2856	Cylindrotheca closterium	diatoms	Cylindrotheca closterium
740ee22d931fd3776e50b1a347da1ec3	gi|1418586581|ref|NC_037986.1|	92.414	95	8.11e-111	290	2856	Cylindrotheca closterium	diatoms	Cylindrotheca closterium
740ee22d931fd3776e50b1a347da1ec3	gi|257798976|gb|GQ844252.1|	92.414	95	8.11e-111	290	2856	Cylindrotheca closterium	diatoms	Cylindrotheca closterium
740ee22d931fd3776e50b1a347da1ec3	gi|257798977|gb|GQ844253.1|	90.444	96	1.77e-102	293	2853	Cylindrotheca fusiformis	diatoms	Cylindrotheca fusiformis
c82f89886e2dfa7aacef5a75f777faae	gi|2322828285|dbj|LC735278.1|	91.803	100	3.74e-114	305	2983310	Dothideomycetes sp. NU30	ascomycete fungi	Dothideomycetes sp. NU30
c82f89886e2dfa7aacef5a75f777faae	gi|1812093851|ref|NC_045905.1|	91.391	99	8.11e-111	302	64499	Sydowia polyspora	ascomycete fungi	Sydowia polyspora
c82f89886e2dfa7aacef5a75f777faae	gi|189187601|gb|EU678466.1|	91.554	97	3.77e-109	296	290618	Leohumicola minima	ascomycete fungi	Leohumicola minima
c82f89886e2dfa7aacef5a75f777faae	gi|189187507|gb|EU678419.1|	91.216	97	1.75e-107	296	533304	Leohumicola levissima	ascomycete fungi	Leohumicola levissima
c82f89886e2dfa7aacef5a75f777faae	gi|189187591|gb|EU678461.1|	90.878	97	8.16e-106	296	290619	Leohumicola sp. DAOM 231148	ascomycete fungi	Leohumicola sp. DAOM 231148
c82f89886e2dfa7aacef5a75f777faae	gi|189187569|gb|EU678450.1|	90.878	97	8.16e-106	296	533305	Leohumicola atra	ascomycete fungi	Leohumicola atra
c82f89886e2dfa7aacef5a75f777faae	gi|189187527|gb|EU678429.1|	90.878	97	8.16e-106	296	533304	Leohumicola levissima	ascomycete fungi	Leohumicola levissima
c82f89886e2dfa7aacef5a75f777faae	gi|189187519|gb|EU678425.1|	90.541	97	1.06e-104	296	533305	Leohumicola atra	ascomycete fungi	Leohumicola atra
c82f89886e2dfa7aacef5a75f777faae	gi|189187513|gb|EU678422.1|	90.541	97	3.80e-104	296	533304	Leohumicola levissima	ascomycete fungi	Leohumicola levissima
c82f89886e2dfa7aacef5a75f777faae	gi|189187585|gb|EU678458.1|	90.203	97	1.77e-102	296	290615	Leohumicola verrucosa	ascomycete fungi	Leohumicola verrucosa
c7e35da856154f169184d16ffe00eda2	gi|2192917331|ref|NC_060425.1|	92.384	99	8.05e-116	302	154539	Peniophora lycii	basidiomycete fungi	Peniophora lycii
f7550fee954b1ab5f0e2484597e37eed	gi|2088232767|ref|NC_056792.1|	93.443	100	1.72e-122	305	1003145	Tryblionella apiculata	diatoms	Tryblionella apiculata
2b65fa8af4ca296c779444db1c49e758	gi|2088232767|ref|NC_056792.1|	93.443	100	1.72e-122	305	1003145	Tryblionella apiculata	diatoms	Tryblionella apiculata
92017a01e7d7d0a2bd900c27e3eab82e	gi|2088232767|ref|NC_056792.1|	93.115	100	7.99e-121	305	1003145	Tryblionella apiculata	diatoms	Tryblionella apiculata
fd2cade889f02f184597b119418292d6	gi|2088232767|ref|NC_056792.1|	94.040	99	3.69e-124	302	1003145	Tryblionella apiculata	diatoms	Tryblionella apiculata
2c2c91ada14112ce3903655619936df3	gi|2088232767|ref|NC_056792.1|	94.702	99	1.71e-127	302	1003145	Tryblionella apiculata	diatoms	Tryblionella apiculata
57965f880dff7df11b9d825f6ab57b4a	gi|2088232767|ref|NC_056792.1|	95.738	100	3.64e-134	305	1003145	Tryblionella apiculata	diatoms	Tryblionella apiculata
a416d6468f6fe46d2363fab773eeab62	gi|2633304248|gb|OR795084.1|	92.459	100	1.73e-117	305	1923966	Navicula sp.	diatoms	Navicula sp.
49c1222b53a1a731957da45be859ec62	gi|2633304248|gb|OR795084.1|	91.475	100	1.74e-112	305	1923966	Navicula sp.	diatoms	Navicula sp.
d2306b7150e1133c73a13c206141479d	gi|2633304248|gb|OR795084.1|	90.820	100	3.77e-109	305	1923966	Navicula sp.	diatoms	Navicula sp.
5f2848c55c157611a710d3a708558b21	gi|499166413|gb|KC732418.1|	91.475	100	1.74e-112	305	1301311	zooplankton environmental sample	eukaryotes	zooplankton environmental sample
5f2848c55c157611a710d3a708558b21	gi|1102548834|ref|NC_031848.1|	91.724	95	1.75e-107	290	265559	Navicula ramosissima	diatoms	Navicula ramosissima
00239d63de6ee6891d51e8fb61af104b	gi|1102548834|ref|NC_031848.1|	92.642	98	8.05e-116	299	265559	Navicula ramosissima	diatoms	Navicula ramosissima
00239d63de6ee6891d51e8fb61af104b	gi|499166413|gb|KC732418.1|	91.475	100	1.74e-112	305	1301311	zooplankton environmental sample	eukaryotes	zooplankton environmental sample
429fcc641137a718f874fe8bd1ad8c5c	gi|2633304248|gb|OR795084.1|	92.459	100	1.73e-117	305	1923966	Navicula sp.	diatoms	Navicula sp.
8217aa003650c8720b1a567ce4069dd6	gi|584614193|gb|KF768028.1|	93.667	98	2.22e-121	300	1453366	Plagiogramma sp. IAL-2014a	diatoms	Plagiogramma sp. IAL-2014a
f3dc2bc03be65360b2f65505197ad860	gi|499166413|gb|KC732418.1|	99.344	100	1.65e-152	305	1301311	zooplankton environmental sample	eukaryotes	zooplankton environmental sample
f3dc2bc03be65360b2f65505197ad860	gi|1102548834|ref|NC_031848.1|	91.638	94	8.16e-106	287	265559	Navicula ramosissima	diatoms	Navicula ramosissima
a59407f2dc574d7c31be4b6addca50e8	gi|499166413|gb|KC732418.1|	100.000	100	7.61e-156	305	1301311	zooplankton environmental sample	eukaryotes	zooplankton environmental sample
a59407f2dc574d7c31be4b6addca50e8	gi|1102548834|ref|NC_031848.1|	91.638	94	8.16e-106	287	265559	Navicula ramosissima	diatoms	Navicula ramosissima
2f2f2870495a9749f2c2fec93b6271c8	gi|310690184|gb|HQ317078.1|	95.738	100	3.64e-134	305	185982	Nitzschia cf. promare	diatoms	Nitzschia cf. promare
277af931ac3792a0cb8d7c737f1c3ed0	gi|310690184|gb|HQ317078.1|	95.082	100	7.88e-131	305	185982	Nitzschia cf. promare	diatoms	Nitzschia cf. promare
b6bacd2768be129369f604433393ddc4	gi|310690184|gb|HQ317078.1|	95.410	100	1.69e-132	305	185982	Nitzschia cf. promare	diatoms	Nitzschia cf. promare
4bba85274cfe3ad7e267c7bc1a7abd81	gi|310690184|gb|HQ317078.1|	93.770	100	3.69e-124	305	185982	Nitzschia cf. promare	diatoms	Nitzschia cf. promare
d716f6bfdb406e80d9b658799065baa7	gi|310690184|gb|HQ317078.1|	94.098	100	7.94e-126	305	185982	Nitzschia cf. promare	diatoms	Nitzschia cf. promare
d5aa67dd97533cb32ce9aed729bee7ee	gi|310690184|gb|HQ317078.1|	94.426	100	1.71e-127	305	185982	Nitzschia cf. promare	diatoms	Nitzschia cf. promare
433688bb3128d2439b261773eaf00c49	gi|310690184|gb|HQ317078.1|	93.770	100	3.69e-124	305	185982	Nitzschia cf. promare	diatoms	Nitzschia cf. promare
28a35e0f25ae4c3aa011b806ae453a4c	gi|310690184|gb|HQ317078.1|	94.098	100	7.94e-126	305	185982	Nitzschia cf. promare	diatoms	Nitzschia cf. promare
2b182a92a0e8a1789e9e875e37568ad8	gi|310690184|gb|HQ317078.1|	94.426	100	1.71e-127	305	185982	Nitzschia cf. promare	diatoms	Nitzschia cf. promare
86b69ed006557bd01b605925c41bcc07	gi|310690184|gb|HQ317078.1|	94.754	100	3.67e-129	305	185982	Nitzschia cf. promare	diatoms	Nitzschia cf. promare
c9c9df55369a3640dfb0999bbd5b0b0a	gi|1418586581|ref|NC_037986.1|	90.301	98	3.80e-104	299	2856	Cylindrotheca closterium	diatoms	Cylindrotheca closterium
034995e2ebba449824013f55cc4db2ba	gi|6331127|dbj|AB020222.1|	93.709	99	1.72e-122	302	2856	Cylindrotheca closterium	diatoms	Cylindrotheca closterium
034995e2ebba449824013f55cc4db2ba	gi|2073953076|gb|MW849265.1|	93.377	99	7.99e-121	302	2856	Cylindrotheca closterium	diatoms	Cylindrotheca closterium
034995e2ebba449824013f55cc4db2ba	gi|257798976|gb|GQ844252.1|	94.483	95	7.99e-121	290	2856	Cylindrotheca closterium	diatoms	Cylindrotheca closterium
034995e2ebba449824013f55cc4db2ba	gi|1418586581|ref|NC_037986.1|	92.787	100	3.72e-119	305	2856	Cylindrotheca closterium	diatoms	Cylindrotheca closterium
034995e2ebba449824013f55cc4db2ba	gi|1847694119|ref|NC_048526.1|	90.397	99	8.16e-106	302	3133	Codium fragile	green algae	Codium fragile
034995e2ebba449824013f55cc4db2ba	gi|257798977|gb|GQ844253.1|	91.126	96	8.16e-106	293	2853	Cylindrotheca fusiformis	diatoms	Cylindrotheca fusiformis
6dfc0d633d0da83e146ff88025daeae1	gi|257798976|gb|GQ844252.1|	90.000	95	3.82e-99	290	2856	Cylindrotheca closterium	diatoms	Cylindrotheca closterium
d5c86c2fa5283c212ea283b7211a4a1f	gi|2073953076|gb|MW849265.1|	91.803	100	3.74e-114	305	2856	Cylindrotheca closterium	diatoms	Cylindrotheca closterium
d5c86c2fa5283c212ea283b7211a4a1f	gi|6331127|dbj|AB020222.1|	90.820	100	3.77e-109	305	2856	Cylindrotheca closterium	diatoms	Cylindrotheca closterium
d5c86c2fa5283c212ea283b7211a4a1f	gi|1418586581|ref|NC_037986.1|	91.724	95	1.75e-107	290	2856	Cylindrotheca closterium	diatoms	Cylindrotheca closterium
d5c86c2fa5283c212ea283b7211a4a1f	gi|257798976|gb|GQ844252.1|	91.724	95	1.75e-107	290	2856	Cylindrotheca closterium	diatoms	Cylindrotheca closterium
fc6df4487903d33716c17c73e678e85d	gi|1418586581|ref|NC_037986.1|	90.066	99	3.80e-104	302	2856	Cylindrotheca closterium	diatoms	Cylindrotheca closterium
fc6df4487903d33716c17c73e678e85d	gi|257798976|gb|GQ844252.1|	90.345	95	8.22e-101	290	2856	Cylindrotheca closterium	diatoms	Cylindrotheca closterium
0c018cd91e8e333dbf11829d51de1106	gi|310690184|gb|HQ317078.1|	90.820	100	3.77e-109	305	185982	Nitzschia cf. promare	diatoms	Nitzschia cf. promare
13a46c485d3c5acc324ed9eb2bf4747a	gi|310690184|gb|HQ317078.1|	91.148	100	8.11e-111	305	185982	Nitzschia cf. promare	diatoms	Nitzschia cf. promare
13a46c485d3c5acc324ed9eb2bf4747a	gi|2073953246|gb|MW849269.1|	90.164	100	8.16e-106	305	1881117	Nitzschia traheaformis	diatoms	Nitzschia traheaformis
13a46c485d3c5acc324ed9eb2bf4747a	gi|2073953246|gb|MW849269.1|	90.164	100	8.16e-106	305	1881117	Nitzschia traheaformis	diatoms	Nitzschia traheaformis
13a46c485d3c5acc324ed9eb2bf4747a	gi|2073953246|gb|MW849269.1|	90.164	100	8.16e-106	305	1881117	Nitzschia traheaformis	diatoms	Nitzschia traheaformis
265f6829f006fdd7f0803e532d38ad77	gi|2088232767|ref|NC_056792.1|	96.066	100	7.82e-136	305	1003145	Tryblionella apiculata	diatoms	Tryblionella apiculata
3c1a0dde4e1fddb7c7d660adb51b6e03	gi|1430075833|gb|MG935314.1|	100.000	100	7.61e-156	305	498518	Clava multicornis	hydrozoans	club hydroid
3c1a0dde4e1fddb7c7d660adb51b6e03	gi|1393898835|gb|MG811646.1|	100.000	100	7.61e-156	305	498518	Clava multicornis	hydrozoans	club hydroid
3c1a0dde4e1fddb7c7d660adb51b6e03	gi|985560058|gb|KT981914.1|	100.000	100	7.61e-156	305	498518	Clava multicornis	hydrozoans	club hydroid
3c1a0dde4e1fddb7c7d660adb51b6e03	gi|364283917|ref|NC_016465.1|	100.000	100	7.61e-156	305	498518	Clava multicornis	hydrozoans	club hydroid
3c1a0dde4e1fddb7c7d660adb51b6e03	gi|364283917|ref|NC_016465.1|	100.000	100	7.61e-156	305	498518	Clava multicornis	hydrozoans	club hydroid
e31c9905998a5c1cad4bf1894bf7acfe	gi|2546780875|gb|OR283119.1|	100.000	98	5.92e-152	298	71370	Onchidoris muricata	gastropods	Onchidoris muricata
e31c9905998a5c1cad4bf1894bf7acfe	gi|300226183|gb|HM386492.1|	99.016	100	7.66e-151	305	71370	Onchidoris muricata	gastropods	Onchidoris muricata
e31c9905998a5c1cad4bf1894bf7acfe	gi|1402400763|gb|KY996414.1|	98.689	100	3.56e-149	305	71370	Onchidoris muricata	gastropods	Onchidoris muricata
e31c9905998a5c1cad4bf1894bf7acfe	gi|300226185|gb|HM386493.1|	98.689	100	3.56e-149	305	71370	Onchidoris muricata	gastropods	Onchidoris muricata
e31c9905998a5c1cad4bf1894bf7acfe	gi|2546780855|gb|OR283109.1|	99.329	98	1.28e-148	298	71370	Onchidoris muricata	gastropods	Onchidoris muricata
e31c9905998a5c1cad4bf1894bf7acfe	gi|2546780737|gb|OR283050.1|	99.329	98	1.28e-148	298	71370	Onchidoris muricata	gastropods	Onchidoris muricata
e31c9905998a5c1cad4bf1894bf7acfe	gi|1139451042|gb|KX951697.1|	98.680	99	4.61e-148	303	71370	Onchidoris muricata	gastropods	Onchidoris muricata
e31c9905998a5c1cad4bf1894bf7acfe	gi|1139451040|gb|KX951696.1|	98.680	99	4.61e-148	303	71370	Onchidoris muricata	gastropods	Onchidoris muricata
e31c9905998a5c1cad4bf1894bf7acfe	gi|1139451038|gb|KX951695.1|	98.680	99	4.61e-148	303	71370	Onchidoris muricata	gastropods	Onchidoris muricata
e31c9905998a5c1cad4bf1894bf7acfe	gi|1139451036|gb|KX951694.1|	98.680	99	4.61e-148	303	71370	Onchidoris muricata	gastropods	Onchidoris muricata
5a0737eeb8c65c6d62c9d759ba92319d	gi|300226183|gb|HM386492.1|	99.016	100	7.66e-151	305	71370	Onchidoris muricata	gastropods	Onchidoris muricata
5a0737eeb8c65c6d62c9d759ba92319d	gi|1402400763|gb|KY996414.1|	98.689	100	3.56e-149	305	71370	Onchidoris muricata	gastropods	Onchidoris muricata
5a0737eeb8c65c6d62c9d759ba92319d	gi|300226185|gb|HM386493.1|	98.689	100	3.56e-149	305	71370	Onchidoris muricata	gastropods	Onchidoris muricata
5a0737eeb8c65c6d62c9d759ba92319d	gi|2546780855|gb|OR283109.1|	99.329	98	1.28e-148	298	71370	Onchidoris muricata	gastropods	Onchidoris muricata
5a0737eeb8c65c6d62c9d759ba92319d	gi|1139451042|gb|KX951697.1|	98.680	99	4.61e-148	303	71370	Onchidoris muricata	gastropods	Onchidoris muricata
5a0737eeb8c65c6d62c9d759ba92319d	gi|1139451040|gb|KX951696.1|	98.680	99	4.61e-148	303	71370	Onchidoris muricata	gastropods	Onchidoris muricata
5a0737eeb8c65c6d62c9d759ba92319d	gi|1139451038|gb|KX951695.1|	98.680	99	4.61e-148	303	71370	Onchidoris muricata	gastropods	Onchidoris muricata
5a0737eeb8c65c6d62c9d759ba92319d	gi|1139451036|gb|KX951694.1|	98.680	99	4.61e-148	303	71370	Onchidoris muricata	gastropods	Onchidoris muricata
5a0737eeb8c65c6d62c9d759ba92319d	gi|1139451034|gb|KX951693.1|	98.680	99	4.61e-148	303	71370	Onchidoris muricata	gastropods	Onchidoris muricata
5a0737eeb8c65c6d62c9d759ba92319d	gi|1139451032|gb|KX951692.1|	98.680	99	4.61e-148	303	71370	Onchidoris muricata	gastropods	Onchidoris muricata
c6ce3eb42e1e4fe61ab0f2a1006ec8c9	gi|300226183|gb|HM386492.1|	99.016	100	7.66e-151	305	71370	Onchidoris muricata	gastropods	Onchidoris muricata
c6ce3eb42e1e4fe61ab0f2a1006ec8c9	gi|1402400763|gb|KY996414.1|	98.689	100	3.56e-149	305	71370	Onchidoris muricata	gastropods	Onchidoris muricata
c6ce3eb42e1e4fe61ab0f2a1006ec8c9	gi|300226185|gb|HM386493.1|	98.689	100	3.56e-149	305	71370	Onchidoris muricata	gastropods	Onchidoris muricata
c6ce3eb42e1e4fe61ab0f2a1006ec8c9	gi|2546780855|gb|OR283109.1|	99.329	98	1.28e-148	298	71370	Onchidoris muricata	gastropods	Onchidoris muricata
c6ce3eb42e1e4fe61ab0f2a1006ec8c9	gi|1139451042|gb|KX951697.1|	98.680	99	4.61e-148	303	71370	Onchidoris muricata	gastropods	Onchidoris muricata
c6ce3eb42e1e4fe61ab0f2a1006ec8c9	gi|1139451040|gb|KX951696.1|	98.680	99	4.61e-148	303	71370	Onchidoris muricata	gastropods	Onchidoris muricata
c6ce3eb42e1e4fe61ab0f2a1006ec8c9	gi|1139451038|gb|KX951695.1|	98.680	99	4.61e-148	303	71370	Onchidoris muricata	gastropods	Onchidoris muricata
c6ce3eb42e1e4fe61ab0f2a1006ec8c9	gi|1139451036|gb|KX951694.1|	98.680	99	4.61e-148	303	71370	Onchidoris muricata	gastropods	Onchidoris muricata
c6ce3eb42e1e4fe61ab0f2a1006ec8c9	gi|1139451034|gb|KX951693.1|	98.680	99	4.61e-148	303	71370	Onchidoris muricata	gastropods	Onchidoris muricata
c6ce3eb42e1e4fe61ab0f2a1006ec8c9	gi|1139451032|gb|KX951692.1|	98.680	99	4.61e-148	303	71370	Onchidoris muricata	gastropods	Onchidoris muricata
8ceed620959169f305fbc6dd4384d9ef	gi|300226183|gb|HM386492.1|	99.344	100	1.65e-152	305	71370	Onchidoris muricata	gastropods	Onchidoris muricata
8ceed620959169f305fbc6dd4384d9ef	gi|1402400763|gb|KY996414.1|	99.016	100	7.66e-151	305	71370	Onchidoris muricata	gastropods	Onchidoris muricata
8ceed620959169f305fbc6dd4384d9ef	gi|300226185|gb|HM386493.1|	99.016	100	7.66e-151	305	71370	Onchidoris muricata	gastropods	Onchidoris muricata
8ceed620959169f305fbc6dd4384d9ef	gi|2546780855|gb|OR283109.1|	99.664	98	2.75e-150	298	71370	Onchidoris muricata	gastropods	Onchidoris muricata
8ceed620959169f305fbc6dd4384d9ef	gi|1139451042|gb|KX951697.1|	99.010	99	9.91e-150	303	71370	Onchidoris muricata	gastropods	Onchidoris muricata
8ceed620959169f305fbc6dd4384d9ef	gi|1139451040|gb|KX951696.1|	99.010	99	9.91e-150	303	71370	Onchidoris muricata	gastropods	Onchidoris muricata
8ceed620959169f305fbc6dd4384d9ef	gi|1139451038|gb|KX951695.1|	99.010	99	9.91e-150	303	71370	Onchidoris muricata	gastropods	Onchidoris muricata
8ceed620959169f305fbc6dd4384d9ef	gi|1139451036|gb|KX951694.1|	99.010	99	9.91e-150	303	71370	Onchidoris muricata	gastropods	Onchidoris muricata
8ceed620959169f305fbc6dd4384d9ef	gi|1139451034|gb|KX951693.1|	99.010	99	9.91e-150	303	71370	Onchidoris muricata	gastropods	Onchidoris muricata
8ceed620959169f305fbc6dd4384d9ef	gi|1139451032|gb|KX951692.1|	99.010	99	9.91e-150	303	71370	Onchidoris muricata	gastropods	Onchidoris muricata
922b2c8e5db2dd4561c3ad0112b5e7c0	gi|300226183|gb|HM386492.1|	99.344	100	1.65e-152	305	71370	Onchidoris muricata	gastropods	Onchidoris muricata
922b2c8e5db2dd4561c3ad0112b5e7c0	gi|1402400763|gb|KY996414.1|	99.016	100	7.66e-151	305	71370	Onchidoris muricata	gastropods	Onchidoris muricata
922b2c8e5db2dd4561c3ad0112b5e7c0	gi|300226185|gb|HM386493.1|	99.016	100	7.66e-151	305	71370	Onchidoris muricata	gastropods	Onchidoris muricata
922b2c8e5db2dd4561c3ad0112b5e7c0	gi|2546780855|gb|OR283109.1|	99.664	98	2.75e-150	298	71370	Onchidoris muricata	gastropods	Onchidoris muricata
922b2c8e5db2dd4561c3ad0112b5e7c0	gi|1139451042|gb|KX951697.1|	99.010	99	9.91e-150	303	71370	Onchidoris muricata	gastropods	Onchidoris muricata
922b2c8e5db2dd4561c3ad0112b5e7c0	gi|1139451040|gb|KX951696.1|	99.010	99	9.91e-150	303	71370	Onchidoris muricata	gastropods	Onchidoris muricata
922b2c8e5db2dd4561c3ad0112b5e7c0	gi|1139451038|gb|KX951695.1|	99.010	99	9.91e-150	303	71370	Onchidoris muricata	gastropods	Onchidoris muricata
922b2c8e5db2dd4561c3ad0112b5e7c0	gi|1139451036|gb|KX951694.1|	99.010	99	9.91e-150	303	71370	Onchidoris muricata	gastropods	Onchidoris muricata
922b2c8e5db2dd4561c3ad0112b5e7c0	gi|1139451034|gb|KX951693.1|	99.010	99	9.91e-150	303	71370	Onchidoris muricata	gastropods	Onchidoris muricata
922b2c8e5db2dd4561c3ad0112b5e7c0	gi|1139451032|gb|KX951692.1|	99.010	99	9.91e-150	303	71370	Onchidoris muricata	gastropods	Onchidoris muricata
f9959d91215c06c1e5ce6014a90bafbf	gi|300226183|gb|HM386492.1|	99.344	100	1.65e-152	305	71370	Onchidoris muricata	gastropods	Onchidoris muricata
f9959d91215c06c1e5ce6014a90bafbf	gi|1402400763|gb|KY996414.1|	99.016	100	7.66e-151	305	71370	Onchidoris muricata	gastropods	Onchidoris muricata
f9959d91215c06c1e5ce6014a90bafbf	gi|300226185|gb|HM386493.1|	99.016	100	7.66e-151	305	71370	Onchidoris muricata	gastropods	Onchidoris muricata
f9959d91215c06c1e5ce6014a90bafbf	gi|2546780855|gb|OR283109.1|	99.664	98	2.75e-150	298	71370	Onchidoris muricata	gastropods	Onchidoris muricata
f9959d91215c06c1e5ce6014a90bafbf	gi|1139451042|gb|KX951697.1|	99.010	99	9.91e-150	303	71370	Onchidoris muricata	gastropods	Onchidoris muricata
f9959d91215c06c1e5ce6014a90bafbf	gi|1139451040|gb|KX951696.1|	99.010	99	9.91e-150	303	71370	Onchidoris muricata	gastropods	Onchidoris muricata
f9959d91215c06c1e5ce6014a90bafbf	gi|1139451038|gb|KX951695.1|	99.010	99	9.91e-150	303	71370	Onchidoris muricata	gastropods	Onchidoris muricata
f9959d91215c06c1e5ce6014a90bafbf	gi|1139451036|gb|KX951694.1|	99.010	99	9.91e-150	303	71370	Onchidoris muricata	gastropods	Onchidoris muricata
f9959d91215c06c1e5ce6014a90bafbf	gi|1139451034|gb|KX951693.1|	99.010	99	9.91e-150	303	71370	Onchidoris muricata	gastropods	Onchidoris muricata
f9959d91215c06c1e5ce6014a90bafbf	gi|1139451032|gb|KX951692.1|	99.010	99	9.91e-150	303	71370	Onchidoris muricata	gastropods	Onchidoris muricata
22b444cc69b18743e41dc3024504c5b1	gi|300226183|gb|HM386492.1|	98.689	100	3.56e-149	305	71370	Onchidoris muricata	gastropods	Onchidoris muricata
22b444cc69b18743e41dc3024504c5b1	gi|1402400763|gb|KY996414.1|	98.361	100	1.66e-147	305	71370	Onchidoris muricata	gastropods	Onchidoris muricata
22b444cc69b18743e41dc3024504c5b1	gi|300226185|gb|HM386493.1|	98.361	100	1.66e-147	305	71370	Onchidoris muricata	gastropods	Onchidoris muricata
22b444cc69b18743e41dc3024504c5b1	gi|2546780855|gb|OR283109.1|	98.993	98	5.96e-147	298	71370	Onchidoris muricata	gastropods	Onchidoris muricata
22b444cc69b18743e41dc3024504c5b1	gi|1139451042|gb|KX951697.1|	98.350	99	2.14e-146	303	71370	Onchidoris muricata	gastropods	Onchidoris muricata
22b444cc69b18743e41dc3024504c5b1	gi|1139451040|gb|KX951696.1|	98.350	99	2.14e-146	303	71370	Onchidoris muricata	gastropods	Onchidoris muricata
22b444cc69b18743e41dc3024504c5b1	gi|1139451038|gb|KX951695.1|	98.350	99	2.14e-146	303	71370	Onchidoris muricata	gastropods	Onchidoris muricata
22b444cc69b18743e41dc3024504c5b1	gi|1139451036|gb|KX951694.1|	98.350	99	2.14e-146	303	71370	Onchidoris muricata	gastropods	Onchidoris muricata
22b444cc69b18743e41dc3024504c5b1	gi|1139451034|gb|KX951693.1|	98.350	99	2.14e-146	303	71370	Onchidoris muricata	gastropods	Onchidoris muricata
22b444cc69b18743e41dc3024504c5b1	gi|1139451032|gb|KX951692.1|	98.350	99	2.14e-146	303	71370	Onchidoris muricata	gastropods	Onchidoris muricata
f9190f433e1023123331c336b1c662b4	gi|908308639|gb|KR084489.1|	99.672	100	3.54e-154	305	71370	Onchidoris muricata	gastropods	Onchidoris muricata
f9190f433e1023123331c336b1c662b4	gi|2546780873|gb|OR283118.1|	99.664	98	2.75e-150	298	71370	Onchidoris muricata	gastropods	Onchidoris muricata
f9190f433e1023123331c336b1c662b4	gi|2546780815|gb|OR283089.1|	99.664	98	2.75e-150	298	71370	Onchidoris muricata	gastropods	Onchidoris muricata
f9190f433e1023123331c336b1c662b4	gi|2546780821|gb|OR283092.1|	99.329	98	1.28e-148	298	71370	Onchidoris muricata	gastropods	Onchidoris muricata
f9190f433e1023123331c336b1c662b4	gi|2546780799|gb|OR283081.1|	99.324	97	1.66e-147	296	71370	Onchidoris muricata	gastropods	Onchidoris muricata
f9190f433e1023123331c336b1c662b4	gi|300226183|gb|HM386492.1|	98.361	100	1.66e-147	305	71370	Onchidoris muricata	gastropods	Onchidoris muricata
f9190f433e1023123331c336b1c662b4	gi|1402400763|gb|KY996414.1|	98.033	100	7.71e-146	305	71370	Onchidoris muricata	gastropods	Onchidoris muricata
f9190f433e1023123331c336b1c662b4	gi|2546780855|gb|OR283109.1|	98.986	97	7.71e-146	296	71370	Onchidoris muricata	gastropods	Onchidoris muricata
f9190f433e1023123331c336b1c662b4	gi|2546780775|gb|OR283069.1|	98.986	97	7.71e-146	296	71370	Onchidoris muricata	gastropods	Onchidoris muricata
f9190f433e1023123331c336b1c662b4	gi|668730761|gb|KM219680.1|	98.033	100	7.71e-146	305	71370	Onchidoris muricata	gastropods	Onchidoris muricata
8817061209a0b231c19c6b83d3248113	gi|1787604972|gb|MN868691.1|	99.016	100	7.66e-151	305	3181769	Cuthona pallida	gastropods	Cuthona pallida
8817061209a0b231c19c6b83d3248113	gi|1787604968|gb|MN868689.1|	98.689	100	3.56e-149	305	3181769	Cuthona pallida	gastropods	Cuthona pallida
8817061209a0b231c19c6b83d3248113	gi|1125608006|gb|KY129030.1|	98.689	100	3.56e-149	305	3181769	Cuthona pallida	gastropods	Cuthona pallida
8817061209a0b231c19c6b83d3248113	gi|2868138320|gb|PQ739655.1|	98.361	100	1.66e-147	305	3181769	Cuthona pallida	gastropods	Cuthona pallida
8817061209a0b231c19c6b83d3248113	gi|908308447|gb|KR084393.1|	98.361	100	1.66e-147	305	3181769	Cuthona pallida	gastropods	Cuthona pallida
8817061209a0b231c19c6b83d3248113	gi|2868138326|gb|PQ739658.1|	98.033	100	7.71e-146	305	3181769	Cuthona pallida	gastropods	Cuthona pallida
8817061209a0b231c19c6b83d3248113	gi|1787604974|gb|MN868692.1|	97.705	100	3.59e-144	305	3181769	Cuthona pallida	gastropods	Cuthona pallida
8817061209a0b231c19c6b83d3248113	gi|1787604966|gb|MN868688.1|	97.705	100	3.59e-144	305	3181769	Cuthona pallida	gastropods	Cuthona pallida
8817061209a0b231c19c6b83d3248113	gi|2868138324|gb|PQ739657.1|	97.705	100	3.59e-144	305	3181769	Cuthona pallida	gastropods	Cuthona pallida
8817061209a0b231c19c6b83d3248113	gi|2868138318|gb|PQ739654.1|	97.705	100	3.59e-144	305	3181769	Cuthona pallida	gastropods	Cuthona pallida
2851ec00dae8b9b0d479153480ff77e1	gi|2185536312|ref|XM_046183976.1|	96.358	99	7.82e-136	302	5210	Filobasidium floriforme	basidiomycete fungi	Filobasidium floriforme
c8b7de344394bc3ee129ff05039b1e78	gi|310690198|gb|HQ317085.1|	92.787	100	3.72e-119	305	908854	Nitzschia sp. BOLD:AAO7110	diatoms	Nitzschia sp. BOLD:AAO7110
c8b7de344394bc3ee129ff05039b1e78	gi|459936791|gb|KC736649.1|	93.007	94	6.27e-112	286	303405	Nitzschia inconspicua	diatoms	Nitzschia inconspicua
691d5fb2a7efaa947701a6b102e35159	gi|1876161349|gb|MT228925.1|	90.492	100	1.75e-107	305	2754053	Vexillifera sp. AKu-2020a	eukaryotes	Vexillifera sp. AKu-2020a
691d5fb2a7efaa947701a6b102e35159	gi|1876161346|gb|MT228924.1|	90.492	100	1.75e-107	305	2754053	Vexillifera sp. AKu-2020a	eukaryotes	Vexillifera sp. AKu-2020a
a67d222988826a533e0b0dcc50cfc6bd	gi|515423506|gb|KC439977.1|	99.672	100	3.54e-154	305	1345081	Clytia sp. 2 SL-2013	hydrozoans	Clytia sp. 2 SL-2013
a67d222988826a533e0b0dcc50cfc6bd	gi|515423490|gb|KC439976.1|	99.672	100	3.54e-154	305	1345081	Clytia sp. 2 SL-2013	hydrozoans	Clytia sp. 2 SL-2013
a67d222988826a533e0b0dcc50cfc6bd	gi|270271820|gb|GQ120064.1|	99.672	100	3.54e-154	305	252671	Clytia hemisphaerica	hydrozoans	Clytia hemisphaerica
a67d222988826a533e0b0dcc50cfc6bd	gi|515423516|gb|KC439978.1|	99.344	100	4.58e-153	305	1345081	Clytia sp. 2 SL-2013	hydrozoans	Clytia sp. 2 SL-2013
a67d222988826a533e0b0dcc50cfc6bd	gi|515423482|gb|KC439975.1|	99.344	100	1.65e-152	305	1345081	Clytia sp. 2 SL-2013	hydrozoans	Clytia sp. 2 SL-2013
a67d222988826a533e0b0dcc50cfc6bd	gi|270271822|gb|GQ120065.1|	99.016	100	7.66e-151	305	252671	Clytia hemisphaerica	hydrozoans	Clytia hemisphaerica
a67d222988826a533e0b0dcc50cfc6bd	gi|1327835840|gb|MF000499.1|	94.426	100	1.71e-127	305	27801	Clytia gregaria	hydrozoans	Clytia gregaria
a67d222988826a533e0b0dcc50cfc6bd	gi|1069323556|gb|KX665232.1|	93.841	90	2.25e-111	276	252669	Clytia gracilis	hydrozoans	Clytia gracilis
a67d222988826a533e0b0dcc50cfc6bd	gi|1172522887|gb|KY570315.1|	90.461	99	6.31e-107	304	2751899	Earleria panicula	hydrozoans	Earleria panicula
a67d222988826a533e0b0dcc50cfc6bd	gi|1172522881|gb|KY570312.1|	90.132	99	2.94e-105	304	2751899	Earleria panicula	hydrozoans	Earleria panicula
e21c528356745943ee87e203a6948631	gi|515423506|gb|KC439977.1|	99.672	100	3.54e-154	305	1345081	Clytia sp. 2 SL-2013	hydrozoans	Clytia sp. 2 SL-2013
e21c528356745943ee87e203a6948631	gi|515423490|gb|KC439976.1|	99.672	100	3.54e-154	305	1345081	Clytia sp. 2 SL-2013	hydrozoans	Clytia sp. 2 SL-2013
e21c528356745943ee87e203a6948631	gi|270271820|gb|GQ120064.1|	99.672	100	3.54e-154	305	252671	Clytia hemisphaerica	hydrozoans	Clytia hemisphaerica
e21c528356745943ee87e203a6948631	gi|515423516|gb|KC439978.1|	99.344	100	4.58e-153	305	1345081	Clytia sp. 2 SL-2013	hydrozoans	Clytia sp. 2 SL-2013
e21c528356745943ee87e203a6948631	gi|515423482|gb|KC439975.1|	99.344	100	1.65e-152	305	1345081	Clytia sp. 2 SL-2013	hydrozoans	Clytia sp. 2 SL-2013
e21c528356745943ee87e203a6948631	gi|270271822|gb|GQ120065.1|	99.016	100	7.66e-151	305	252671	Clytia hemisphaerica	hydrozoans	Clytia hemisphaerica
e21c528356745943ee87e203a6948631	gi|1327835840|gb|MF000499.1|	94.426	100	1.71e-127	305	27801	Clytia gregaria	hydrozoans	Clytia gregaria
e21c528356745943ee87e203a6948631	gi|1069323556|gb|KX665232.1|	93.841	90	2.25e-111	276	252669	Clytia gracilis	hydrozoans	Clytia gracilis
cb254596f2e237ade2c97a1c67f356fd	gi|355331654|gb|JN700948.1|	100.000	100	7.61e-156	305	32570	Obelia longissima	hydrozoans	Obelia longissima
cb254596f2e237ade2c97a1c67f356fd	gi|355331654|gb|JN700948.1|	100.000	100	7.61e-156	305	32570	Obelia longissima	hydrozoans	Obelia longissima
cb254596f2e237ade2c97a1c67f356fd	gi|354990909|gb|JN109190.1|	100.000	100	7.61e-156	305	314520	Laomedea flexuosa	hydrozoans	Laomedea flexuosa
cb254596f2e237ade2c97a1c67f356fd	gi|60267431|gb|AY789911.1|	100.000	100	7.61e-156	305	314520	Laomedea flexuosa	hydrozoans	Laomedea flexuosa
cb254596f2e237ade2c97a1c67f356fd	gi|355331610|gb|JN700945.1|	99.344	100	1.65e-152	305	314520	Laomedea flexuosa	hydrozoans	Laomedea flexuosa
cb254596f2e237ade2c97a1c67f356fd	gi|355331610|gb|JN700945.1|	99.344	100	1.65e-152	305	314520	Laomedea flexuosa	hydrozoans	Laomedea flexuosa
cb254596f2e237ade2c97a1c67f356fd	gi|60267433|gb|AY789912.1|	99.654	95	7.71e-146	289	314520	Laomedea flexuosa	hydrozoans	Laomedea flexuosa
cb254596f2e237ade2c97a1c67f356fd	gi|60267429|gb|AY789910.1|	97.993	98	1.67e-142	299	314520	Laomedea flexuosa	hydrozoans	Laomedea flexuosa
8ee01846f45066eeba21869ddae8fc48	gi|515424025|gb|KC440001.1|	99.672	100	3.54e-154	305	1345084	Obelia sp. 3 SL-2013	hydrozoans	Obelia sp. 3 SL-2013
8ee01846f45066eeba21869ddae8fc48	gi|515423992|gb|KC439999.1|	99.672	100	3.54e-154	305	1345084	Obelia sp. 3 SL-2013	hydrozoans	Obelia sp. 3 SL-2013
8ee01846f45066eeba21869ddae8fc48	gi|515423955|gb|KC439996.1|	99.672	100	3.54e-154	305	1345084	Obelia sp. 3 SL-2013	hydrozoans	Obelia sp. 3 SL-2013
8ee01846f45066eeba21869ddae8fc48	gi|60267425|gb|AY789908.1|	99.672	100	3.54e-154	305	32570	Obelia longissima	hydrozoans	Obelia longissima
8ee01846f45066eeba21869ddae8fc48	gi|2868137680|gb|PQ739335.1|	99.344	100	1.65e-152	305	32570	Obelia longissima	hydrozoans	Obelia longissima
8ee01846f45066eeba21869ddae8fc48	gi|1430075299|gb|MG935140.1|	99.344	100	1.65e-152	305	32570	Obelia longissima	hydrozoans	Obelia longissima
8ee01846f45066eeba21869ddae8fc48	gi|755531616|gb|KM603473.1|	99.344	100	1.65e-152	305	37520	Obelia dichotoma	hydrozoans	sea thread hydroid
8ee01846f45066eeba21869ddae8fc48	gi|515424035|gb|KC440002.1|	99.344	100	1.65e-152	305	1345084	Obelia sp. 3 SL-2013	hydrozoans	Obelia sp. 3 SL-2013
8ee01846f45066eeba21869ddae8fc48	gi|515424012|gb|KC440000.1|	99.344	100	1.65e-152	305	1345084	Obelia sp. 3 SL-2013	hydrozoans	Obelia sp. 3 SL-2013
8ee01846f45066eeba21869ddae8fc48	gi|515423967|gb|KC439998.1|	99.344	100	1.65e-152	305	1345084	Obelia sp. 3 SL-2013	hydrozoans	Obelia sp. 3 SL-2013
4e6ba5268196cf3c0cfadb49d2766ebc	gi|410833448|gb|JQ353750.1|	91.722	99	1.74e-112	302	1249111	Obelia sp. MW-2012	hydrozoans	Obelia sp. MW-2012
4e6ba5268196cf3c0cfadb49d2766ebc	gi|1717389823|gb|MN138410.1|	91.060	99	3.77e-109	302	2600290	Obelia sp. BFHL 2016	hydrozoans	Obelia sp. BFHL 2016
4e6ba5268196cf3c0cfadb49d2766ebc	gi|315493533|gb|HM053524.1|	91.554	97	3.77e-109	296	940427	Obelia sp. RW-2010	hydrozoans	Obelia sp. RW-2010
4e6ba5268196cf3c0cfadb49d2766ebc	gi|2868137680|gb|PQ739335.1|	90.728	99	1.75e-107	302	32570	Obelia longissima	hydrozoans	Obelia longissima
4e6ba5268196cf3c0cfadb49d2766ebc	gi|1489973081|gb|MG422967.1|	90.728	99	1.75e-107	302	2474601	Obelia sp. HLC-30538	hydrozoans	Obelia sp. HLC-30538
4e6ba5268196cf3c0cfadb49d2766ebc	gi|1430075299|gb|MG935140.1|	90.728	99	1.75e-107	302	32570	Obelia longissima	hydrozoans	Obelia longissima
4e6ba5268196cf3c0cfadb49d2766ebc	gi|1383527694|gb|MH242692.1|	90.728	99	1.75e-107	302	2172795	Campanulariidae sp. BMBM-0904	hydrozoans	Campanulariidae sp. BMBM-0904
4e6ba5268196cf3c0cfadb49d2766ebc	gi|755531616|gb|KM603473.1|	90.728	99	1.75e-107	302	37520	Obelia dichotoma	hydrozoans	sea thread hydroid
4e6ba5268196cf3c0cfadb49d2766ebc	gi|2070381957|gb|MZ580890.1|	90.728	99	1.75e-107	302	37520	Obelia dichotoma	hydrozoans	sea thread hydroid
4e6ba5268196cf3c0cfadb49d2766ebc	gi|2070381210|gb|MZ580517.1|	90.728	99	1.75e-107	302	37520	Obelia dichotoma	hydrozoans	sea thread hydroid
df7051bef9f8cb3c215e709ca77b7582	gi|515424025|gb|KC440001.1|	99.344	100	1.65e-152	305	1345084	Obelia sp. 3 SL-2013	hydrozoans	Obelia sp. 3 SL-2013
df7051bef9f8cb3c215e709ca77b7582	gi|515423992|gb|KC439999.1|	99.344	100	1.65e-152	305	1345084	Obelia sp. 3 SL-2013	hydrozoans	Obelia sp. 3 SL-2013
df7051bef9f8cb3c215e709ca77b7582	gi|515423955|gb|KC439996.1|	99.344	100	1.65e-152	305	1345084	Obelia sp. 3 SL-2013	hydrozoans	Obelia sp. 3 SL-2013
df7051bef9f8cb3c215e709ca77b7582	gi|60267425|gb|AY789908.1|	99.344	100	1.65e-152	305	32570	Obelia longissima	hydrozoans	Obelia longissima
df7051bef9f8cb3c215e709ca77b7582	gi|2868137680|gb|PQ739335.1|	99.016	100	7.66e-151	305	32570	Obelia longissima	hydrozoans	Obelia longissima
df7051bef9f8cb3c215e709ca77b7582	gi|1430075299|gb|MG935140.1|	99.016	100	7.66e-151	305	32570	Obelia longissima	hydrozoans	Obelia longissima
df7051bef9f8cb3c215e709ca77b7582	gi|755531616|gb|KM603473.1|	99.016	100	7.66e-151	305	37520	Obelia dichotoma	hydrozoans	sea thread hydroid
df7051bef9f8cb3c215e709ca77b7582	gi|515424035|gb|KC440002.1|	99.016	100	7.66e-151	305	1345084	Obelia sp. 3 SL-2013	hydrozoans	Obelia sp. 3 SL-2013
df7051bef9f8cb3c215e709ca77b7582	gi|515424012|gb|KC440000.1|	99.016	100	7.66e-151	305	1345084	Obelia sp. 3 SL-2013	hydrozoans	Obelia sp. 3 SL-2013
df7051bef9f8cb3c215e709ca77b7582	gi|515423967|gb|KC439998.1|	99.016	100	7.66e-151	305	1345084	Obelia sp. 3 SL-2013	hydrozoans	Obelia sp. 3 SL-2013
e17e6ee4c83a969ea5c3506036957014	gi|515424025|gb|KC440001.1|	100.000	100	7.61e-156	305	1345084	Obelia sp. 3 SL-2013	hydrozoans	Obelia sp. 3 SL-2013
e17e6ee4c83a969ea5c3506036957014	gi|515423992|gb|KC439999.1|	100.000	100	7.61e-156	305	1345084	Obelia sp. 3 SL-2013	hydrozoans	Obelia sp. 3 SL-2013
e17e6ee4c83a969ea5c3506036957014	gi|515423955|gb|KC439996.1|	100.000	100	7.61e-156	305	1345084	Obelia sp. 3 SL-2013	hydrozoans	Obelia sp. 3 SL-2013
e17e6ee4c83a969ea5c3506036957014	gi|60267425|gb|AY789908.1|	100.000	100	7.61e-156	305	32570	Obelia longissima	hydrozoans	Obelia longissima
e17e6ee4c83a969ea5c3506036957014	gi|2868137680|gb|PQ739335.1|	99.672	100	3.54e-154	305	32570	Obelia longissima	hydrozoans	Obelia longissima
e17e6ee4c83a969ea5c3506036957014	gi|1430075299|gb|MG935140.1|	99.672	100	3.54e-154	305	32570	Obelia longissima	hydrozoans	Obelia longissima
e17e6ee4c83a969ea5c3506036957014	gi|755531616|gb|KM603473.1|	99.672	100	3.54e-154	305	37520	Obelia dichotoma	hydrozoans	sea thread hydroid
e17e6ee4c83a969ea5c3506036957014	gi|515424035|gb|KC440002.1|	99.672	100	3.54e-154	305	1345084	Obelia sp. 3 SL-2013	hydrozoans	Obelia sp. 3 SL-2013
e17e6ee4c83a969ea5c3506036957014	gi|515424012|gb|KC440000.1|	99.672	100	3.54e-154	305	1345084	Obelia sp. 3 SL-2013	hydrozoans	Obelia sp. 3 SL-2013
e17e6ee4c83a969ea5c3506036957014	gi|515423967|gb|KC439998.1|	99.672	100	3.54e-154	305	1345084	Obelia sp. 3 SL-2013	hydrozoans	Obelia sp. 3 SL-2013
6a7ec16df9c4e3137dd2453d1fc3ab14	gi|515424025|gb|KC440001.1|	99.672	100	3.54e-154	305	1345084	Obelia sp. 3 SL-2013	hydrozoans	Obelia sp. 3 SL-2013
6a7ec16df9c4e3137dd2453d1fc3ab14	gi|515423992|gb|KC439999.1|	99.672	100	3.54e-154	305	1345084	Obelia sp. 3 SL-2013	hydrozoans	Obelia sp. 3 SL-2013
6a7ec16df9c4e3137dd2453d1fc3ab14	gi|515423955|gb|KC439996.1|	99.672	100	3.54e-154	305	1345084	Obelia sp. 3 SL-2013	hydrozoans	Obelia sp. 3 SL-2013
6a7ec16df9c4e3137dd2453d1fc3ab14	gi|60267425|gb|AY789908.1|	99.672	100	3.54e-154	305	32570	Obelia longissima	hydrozoans	Obelia longissima
6a7ec16df9c4e3137dd2453d1fc3ab14	gi|2868137680|gb|PQ739335.1|	99.344	100	1.65e-152	305	32570	Obelia longissima	hydrozoans	Obelia longissima
6a7ec16df9c4e3137dd2453d1fc3ab14	gi|1430075299|gb|MG935140.1|	99.344	100	1.65e-152	305	32570	Obelia longissima	hydrozoans	Obelia longissima
6a7ec16df9c4e3137dd2453d1fc3ab14	gi|755531616|gb|KM603473.1|	99.344	100	1.65e-152	305	37520	Obelia dichotoma	hydrozoans	sea thread hydroid
6a7ec16df9c4e3137dd2453d1fc3ab14	gi|515424035|gb|KC440002.1|	99.344	100	1.65e-152	305	1345084	Obelia sp. 3 SL-2013	hydrozoans	Obelia sp. 3 SL-2013
6a7ec16df9c4e3137dd2453d1fc3ab14	gi|515424012|gb|KC440000.1|	99.344	100	1.65e-152	305	1345084	Obelia sp. 3 SL-2013	hydrozoans	Obelia sp. 3 SL-2013
6a7ec16df9c4e3137dd2453d1fc3ab14	gi|515423967|gb|KC439998.1|	99.344	100	1.65e-152	305	1345084	Obelia sp. 3 SL-2013	hydrozoans	Obelia sp. 3 SL-2013
6ddc7b400608e0b0469cff4126420cd6	gi|1511947073|gb|MG791815.1|	95.738	100	3.64e-134	305	37520	Obelia dichotoma	hydrozoans	sea thread hydroid
6ddc7b400608e0b0469cff4126420cd6	gi|2868137688|gb|PQ739339.1|	95.738	100	3.64e-134	305	185004	Obelia geniculata	hydrozoans	knotted thread hydroid
6ddc7b400608e0b0469cff4126420cd6	gi|2868137684|gb|PQ739337.1|	95.738	100	3.64e-134	305	185004	Obelia geniculata	hydrozoans	knotted thread hydroid
6ddc7b400608e0b0469cff4126420cd6	gi|2868137682|gb|PQ739336.1|	95.738	100	3.64e-134	305	185004	Obelia geniculata	hydrozoans	knotted thread hydroid
6ddc7b400608e0b0469cff4126420cd6	gi|515423931|gb|KC439994.1|	95.738	100	3.64e-134	305	1345083	Obelia sp. 2 SL-2013	hydrozoans	Obelia sp. 2 SL-2013
6ddc7b400608e0b0469cff4126420cd6	gi|515423648|gb|KC439993.1|	95.738	100	3.64e-134	305	1345083	Obelia sp. 2 SL-2013	hydrozoans	Obelia sp. 2 SL-2013
6ddc7b400608e0b0469cff4126420cd6	gi|515423638|gb|KC439992.1|	95.738	100	3.64e-134	305	1345083	Obelia sp. 2 SL-2013	hydrozoans	Obelia sp. 2 SL-2013
6ddc7b400608e0b0469cff4126420cd6	gi|515423635|gb|KC439991.1|	95.738	100	3.64e-134	305	1345083	Obelia sp. 2 SL-2013	hydrozoans	Obelia sp. 2 SL-2013
6ddc7b400608e0b0469cff4126420cd6	gi|515423625|gb|KC439990.1|	95.738	100	3.64e-134	305	1345083	Obelia sp. 2 SL-2013	hydrozoans	Obelia sp. 2 SL-2013
6ddc7b400608e0b0469cff4126420cd6	gi|331203266|gb|JF884209.1|	95.082	100	7.88e-131	305	185004	Obelia geniculata	hydrozoans	knotted thread hydroid
b2a6b6c7be58bdb254c66f1ee307b8ef	gi|1069323564|gb|KX665236.1|	99.656	95	2.14e-146	291	1886623	Hartlaubella gelatinosa	hydrozoans	Hartlaubella gelatinosa
b2a6b6c7be58bdb254c66f1ee307b8ef	gi|1069323562|gb|KX665235.1|	99.649	93	4.64e-143	285	1886623	Hartlaubella gelatinosa	hydrozoans	Hartlaubella gelatinosa
b2a6b6c7be58bdb254c66f1ee307b8ef	gi|1069323538|gb|KX665223.1|	93.046	99	3.72e-119	302	37520	Obelia dichotoma	hydrozoans	sea thread hydroid
b2a6b6c7be58bdb254c66f1ee307b8ef	gi|1069323536|gb|KX665222.1|	93.289	98	1.34e-118	298	37520	Obelia dichotoma	hydrozoans	sea thread hydroid
b2a6b6c7be58bdb254c66f1ee307b8ef	gi|1069323510|gb|KX665209.1|	93.289	98	1.34e-118	298	37520	Obelia dichotoma	hydrozoans	sea thread hydroid
b2a6b6c7be58bdb254c66f1ee307b8ef	gi|608606455|gb|KF962164.1|	93.289	98	1.34e-118	298	1483211	Obelia sp. JRH-2014	hydrozoans	Obelia sp. JRH-2014
b2a6b6c7be58bdb254c66f1ee307b8ef	gi|1717389823|gb|MN138410.1|	92.715	99	1.73e-117	302	2600290	Obelia sp. BFHL 2016	hydrozoans	Obelia sp. BFHL 2016
b2a6b6c7be58bdb254c66f1ee307b8ef	gi|1489973081|gb|MG422967.1|	92.715	99	1.73e-117	302	2474601	Obelia sp. HLC-30538	hydrozoans	Obelia sp. HLC-30538
b2a6b6c7be58bdb254c66f1ee307b8ef	gi|2070381957|gb|MZ580890.1|	92.715	99	1.73e-117	302	37520	Obelia dichotoma	hydrozoans	sea thread hydroid
b2a6b6c7be58bdb254c66f1ee307b8ef	gi|1383527694|gb|MH242692.1|	92.384	99	8.05e-116	302	2172795	Campanulariidae sp. BMBM-0904	hydrozoans	Campanulariidae sp. BMBM-0904
e7511a3fc27f05de9a07443c9a571f5d	gi|1069323564|gb|KX665236.1|	100.000	95	4.61e-148	291	1886623	Hartlaubella gelatinosa	hydrozoans	Hartlaubella gelatinosa
e7511a3fc27f05de9a07443c9a571f5d	gi|1069323562|gb|KX665235.1|	100.000	93	9.98e-145	285	1886623	Hartlaubella gelatinosa	hydrozoans	Hartlaubella gelatinosa
e7511a3fc27f05de9a07443c9a571f5d	gi|1069323538|gb|KX665223.1|	93.377	99	7.99e-121	302	37520	Obelia dichotoma	hydrozoans	sea thread hydroid
e7511a3fc27f05de9a07443c9a571f5d	gi|1069323536|gb|KX665222.1|	93.624	98	2.87e-120	298	37520	Obelia dichotoma	hydrozoans	sea thread hydroid
e7511a3fc27f05de9a07443c9a571f5d	gi|1069323510|gb|KX665209.1|	93.624	98	2.87e-120	298	37520	Obelia dichotoma	hydrozoans	sea thread hydroid
e7511a3fc27f05de9a07443c9a571f5d	gi|608606455|gb|KF962164.1|	93.624	98	2.87e-120	298	1483211	Obelia sp. JRH-2014	hydrozoans	Obelia sp. JRH-2014
e7511a3fc27f05de9a07443c9a571f5d	gi|1717389823|gb|MN138410.1|	93.046	99	3.72e-119	302	2600290	Obelia sp. BFHL 2016	hydrozoans	Obelia sp. BFHL 2016
e7511a3fc27f05de9a07443c9a571f5d	gi|1489973081|gb|MG422967.1|	93.046	99	3.72e-119	302	2474601	Obelia sp. HLC-30538	hydrozoans	Obelia sp. HLC-30538
e7511a3fc27f05de9a07443c9a571f5d	gi|2070381957|gb|MZ580890.1|	93.046	99	3.72e-119	302	37520	Obelia dichotoma	hydrozoans	sea thread hydroid
e7511a3fc27f05de9a07443c9a571f5d	gi|1383527694|gb|MH242692.1|	92.715	99	1.73e-117	302	2172795	Campanulariidae sp. BMBM-0904	hydrozoans	Campanulariidae sp. BMBM-0904
ef4ed27dc3399aaab2eb00577b858139	gi|1069323414|gb|KX665161.1|	99.672	100	3.54e-154	305	314522	Gonothyraea loveni	hydrozoans	Gonothyraea loveni
ef4ed27dc3399aaab2eb00577b858139	gi|1069323588|gb|KX665248.1|	96.000	90	7.99e-121	275	314522	Gonothyraea loveni	hydrozoans	Gonothyraea loveni
ef4ed27dc3399aaab2eb00577b858139	gi|677286668|gb|KJ950448.1|	91.419	99	2.25e-111	303	1541162	Hydrozoa sp. prey of Macellomenia sp. KMK-2014	hydrozoans	Hydrozoa sp. prey of Macellomenia sp. KMK-2014
b5e9017df8c7a330ad72b007fcdfd4b5	gi|1069323414|gb|KX665161.1|	99.672	100	3.54e-154	305	314522	Gonothyraea loveni	hydrozoans	Gonothyraea loveni
b5e9017df8c7a330ad72b007fcdfd4b5	gi|1069323588|gb|KX665248.1|	96.364	90	1.72e-122	275	314522	Gonothyraea loveni	hydrozoans	Gonothyraea loveni
b5e9017df8c7a330ad72b007fcdfd4b5	gi|677286668|gb|KJ950448.1|	92.079	99	1.04e-114	303	1541162	Hydrozoa sp. prey of Macellomenia sp. KMK-2014	hydrozoans	Hydrozoa sp. prey of Macellomenia sp. KMK-2014
7c92d69c306488a0a8ececc8a4136cee	gi|1069323414|gb|KX665161.1|	100.000	100	7.61e-156	305	314522	Gonothyraea loveni	hydrozoans	Gonothyraea loveni
7c92d69c306488a0a8ececc8a4136cee	gi|1069323588|gb|KX665248.1|	96.364	90	1.72e-122	275	314522	Gonothyraea loveni	hydrozoans	Gonothyraea loveni
7c92d69c306488a0a8ececc8a4136cee	gi|677286668|gb|KJ950448.1|	91.749	99	4.84e-113	303	1541162	Hydrozoa sp. prey of Macellomenia sp. KMK-2014	hydrozoans	Hydrozoa sp. prey of Macellomenia sp. KMK-2014
474c84b6e713b3965bbed4f787c76aae	gi|1069323414|gb|KX665161.1|	99.016	100	7.66e-151	305	314522	Gonothyraea loveni	hydrozoans	Gonothyraea loveni
474c84b6e713b3965bbed4f787c76aae	gi|1069323588|gb|KX665248.1|	95.636	90	3.72e-119	275	314522	Gonothyraea loveni	hydrozoans	Gonothyraea loveni
474c84b6e713b3965bbed4f787c76aae	gi|677286668|gb|KJ950448.1|	90.759	99	4.88e-108	303	1541162	Hydrozoa sp. prey of Macellomenia sp. KMK-2014	hydrozoans	Hydrozoa sp. prey of Macellomenia sp. KMK-2014
474c84b6e713b3965bbed4f787c76aae	gi|1069323538|gb|KX665223.1|	90.397	99	8.16e-106	302	37520	Obelia dichotoma	hydrozoans	sea thread hydroid
474c84b6e713b3965bbed4f787c76aae	gi|1069323536|gb|KX665222.1|	90.604	98	2.94e-105	298	37520	Obelia dichotoma	hydrozoans	sea thread hydroid
474c84b6e713b3965bbed4f787c76aae	gi|1069323510|gb|KX665209.1|	90.604	98	2.94e-105	298	37520	Obelia dichotoma	hydrozoans	sea thread hydroid
474c84b6e713b3965bbed4f787c76aae	gi|608606455|gb|KF962164.1|	90.604	98	2.94e-105	298	1483211	Obelia sp. JRH-2014	hydrozoans	Obelia sp. JRH-2014
474c84b6e713b3965bbed4f787c76aae	gi|1069323564|gb|KX665236.1|	90.592	94	8.22e-101	287	1886623	Hartlaubella gelatinosa	hydrozoans	Hartlaubella gelatinosa
474c84b6e713b3965bbed4f787c76aae	gi|1069323562|gb|KX665235.1|	90.526	93	1.06e-99	285	1886623	Hartlaubella gelatinosa	hydrozoans	Hartlaubella gelatinosa
ca52d10d2954296ae493226ff091b532	gi|1069323564|gb|KX665236.1|	91.065	95	1.06e-104	291	1886623	Hartlaubella gelatinosa	hydrozoans	Hartlaubella gelatinosa
ca52d10d2954296ae493226ff091b532	gi|2070381210|gb|MZ580517.1|	90.066	99	3.80e-104	302	37520	Obelia dichotoma	hydrozoans	sea thread hydroid
ca52d10d2954296ae493226ff091b532	gi|1069323562|gb|KX665235.1|	91.727	91	1.77e-102	278	1886623	Hartlaubella gelatinosa	hydrozoans	Hartlaubella gelatinosa
43c3106aa2bdfd9f7c4299110d3a89c4	gi|194579818|gb|EU835658.1|	100.000	100	7.61e-156	305	547546	Dasybranchus sp. DH1	segmented worms	Dasybranchus sp. DH1
43c3106aa2bdfd9f7c4299110d3a89c4	gi|2863699531|gb|PQ658194.1|	93.399	99	2.22e-121	303	73499	Corniculantispora psalliotae	ascomycete fungi	Corniculantispora psalliotae
43c3106aa2bdfd9f7c4299110d3a89c4	gi|948299288|ref|NC_028330.1|	92.739	99	4.81e-118	303	468837	Lecanicillium saksenae	ascomycete fungi	Lecanicillium saksenae
43c3106aa2bdfd9f7c4299110d3a89c4	gi|2833137965|gb|PQ468420.1|	91.749	99	4.84e-113	303	73501	Cordyceps militaris	ascomycete fungi	Cordyceps militaris
43c3106aa2bdfd9f7c4299110d3a89c4	gi|1070408673|gb|KP722512.2|	91.749	99	4.84e-113	303	73501	Cordyceps militaris	ascomycete fungi	Cordyceps militaris
43c3106aa2bdfd9f7c4299110d3a89c4	gi|1070408629|gb|KP722500.2|	91.749	99	4.84e-113	303	73501	Cordyceps militaris	ascomycete fungi	Cordyceps militaris
43c3106aa2bdfd9f7c4299110d3a89c4	gi|1070059219|gb|KP722501.2|	91.749	99	4.84e-113	303	73501	Cordyceps militaris	ascomycete fungi	Cordyceps militaris
43c3106aa2bdfd9f7c4299110d3a89c4	gi|2561340623|gb|OR260463.1|	91.749	99	4.84e-113	303	73501	Cordyceps militaris	ascomycete fungi	Cordyceps militaris
43c3106aa2bdfd9f7c4299110d3a89c4	gi|2561340598|gb|OR260462.1|	91.749	99	4.84e-113	303	73501	Cordyceps militaris	ascomycete fungi	Cordyceps militaris
43c3106aa2bdfd9f7c4299110d3a89c4	gi|833207968|gb|KP722499.1|	91.749	99	4.84e-113	303	73501	Cordyceps militaris	ascomycete fungi	Cordyceps militaris
45dc9bfc52387fb89fea8d9799be34f6	gi|1791079874|gb|MK674497.1|	91.391	99	8.11e-111	302	135283	Podosphaera xanthii	powdery mildews	Podosphaera xanthii
45dc9bfc52387fb89fea8d9799be34f6	gi|761546238|ref|NC_026534.1|	91.060	99	3.77e-109	302	1610689	Sarocladium implicatum	ascomycete fungi	Sarocladium implicatum
45dc9bfc52387fb89fea8d9799be34f6	gi|194579818|gb|EU835658.1|	90.397	99	8.16e-106	302	547546	Dasybranchus sp. DH1	segmented worms	Dasybranchus sp. DH1
72c55437262487d93d51e0a60b007429	gi|1791079874|gb|MK674497.1|	91.722	99	1.74e-112	302	135283	Podosphaera xanthii	powdery mildews	Podosphaera xanthii
72c55437262487d93d51e0a60b007429	gi|761546238|ref|NC_026534.1|	91.391	99	8.11e-111	302	1610689	Sarocladium implicatum	ascomycete fungi	Sarocladium implicatum
72c55437262487d93d51e0a60b007429	gi|194579818|gb|EU835658.1|	90.728	99	1.75e-107	302	547546	Dasybranchus sp. DH1	segmented worms	Dasybranchus sp. DH1
fc88fbed7b519776bb068827ced3895d	gi|2234124261|emb|OW618033.1|	99.672	100	3.54e-154	305	27328	Metschnikowia zobellii	budding yeasts & others	Metschnikowia zobellii
fc88fbed7b519776bb068827ced3895d	gi|2157138588|gb|OK514652.1|	91.554	97	3.77e-109	296	27322	Metschnikowia bicuspidata	budding yeasts & others	Metschnikowia bicuspidata
fc88fbed7b519776bb068827ced3895d	gi|1883434318|gb|MT433106.1|	90.820	100	3.77e-109	305	353897	Metschnikowia aberdeeniae	budding yeasts & others	Metschnikowia aberdeeniae
fc88fbed7b519776bb068827ced3895d	gi|1904809026|ref|NC_050377.1|	90.820	100	3.77e-109	305	353897	Metschnikowia aberdeeniae	budding yeasts & others	Metschnikowia aberdeeniae
fc88fbed7b519776bb068827ced3895d	gi|1883434348|gb|MT433108.1|	90.164	100	8.16e-106	305	353899	Metschnikowia shivogae	budding yeasts & others	Metschnikowia shivogae
fc88fbed7b519776bb068827ced3895d	gi|1904809042|ref|NC_050378.1|	90.164	100	8.16e-106	305	353899	Metschnikowia shivogae	budding yeasts & others	Metschnikowia shivogae
f44d0b73e1a1140915557a89891d8ec3	gi|2234124261|emb|OW618033.1|	99.672	100	3.54e-154	305	27328	Metschnikowia zobellii	budding yeasts & others	Metschnikowia zobellii
f44d0b73e1a1140915557a89891d8ec3	gi|2157138588|gb|OK514652.1|	91.554	97	3.77e-109	296	27322	Metschnikowia bicuspidata	budding yeasts & others	Metschnikowia bicuspidata
f44d0b73e1a1140915557a89891d8ec3	gi|1883434318|gb|MT433106.1|	90.820	100	3.77e-109	305	353897	Metschnikowia aberdeeniae	budding yeasts & others	Metschnikowia aberdeeniae
f44d0b73e1a1140915557a89891d8ec3	gi|1904809026|ref|NC_050377.1|	90.820	100	3.77e-109	305	353897	Metschnikowia aberdeeniae	budding yeasts & others	Metschnikowia aberdeeniae
f44d0b73e1a1140915557a89891d8ec3	gi|1883434348|gb|MT433108.1|	90.164	100	8.16e-106	305	353899	Metschnikowia shivogae	budding yeasts & others	Metschnikowia shivogae
f44d0b73e1a1140915557a89891d8ec3	gi|1904809042|ref|NC_050378.1|	90.164	100	8.16e-106	305	353899	Metschnikowia shivogae	budding yeasts & others	Metschnikowia shivogae
f44d0b73e1a1140915557a89891d8ec3	gi|1904688225|gb|MT421956.1|	90.132	99	1.06e-104	304	135833	Metschnikowia drosophilae	budding yeasts & others	Metschnikowia drosophilae
f44d0b73e1a1140915557a89891d8ec3	gi|1919568021|ref|NC_050840.1|	90.132	99	1.06e-104	304	135833	Metschnikowia drosophilae	budding yeasts & others	Metschnikowia drosophilae
46f7b963e42f4944ff65f6c6352b5af5	gi|2743735691|ref|XM_065769989.1|	91.419	99	2.25e-111	303	58331	Quercus suber	eudicots	Quercus suber
46f7b963e42f4944ff65f6c6352b5af5	gi|1148885259|dbj|AP017981.1|	91.089	99	1.05e-109	303	1450757	Taphrina wiesneri JCM 22204	ascomycete fungi	Taphrina wiesneri JCM 22204
1891b6d9d49588d801375ce774084d86	gi|2460634927|gb|OQ644558.1|	90.492	100	1.75e-107	305	2812786	Temora sp.	crustaceans	Temora sp.
8b17f16a0843a03db9f59b9874efd8aa	gi|2460634927|gb|OQ644558.1|	90.164	100	8.16e-106	305	2812786	Temora sp.	crustaceans	Temora sp.
96a1c036f78fb4de2795198325fec757	gi|2460634927|gb|OQ644558.1|	90.164	100	8.16e-106	305	2812786	Temora sp.	crustaceans	Temora sp.
187c57b7936500bfba9140ace2fab5db	gi|2460634927|gb|OQ644558.1|	95.410	100	1.69e-132	305	2812786	Temora sp.	crustaceans	Temora sp.
78a9cbdeb7e1131e54c553c8cdf333d8	gi|440655533|gb|KC250756.1|	100.000	100	7.61e-156	305	1165749	Chironomus salinarius	flies	Chironomus salinarius
78a9cbdeb7e1131e54c553c8cdf333d8	gi|320568777|gb|HQ928378.1|	100.000	100	7.61e-156	305	1165749	Chironomus salinarius	flies	Chironomus salinarius
78a9cbdeb7e1131e54c553c8cdf333d8	gi|440655535|gb|KC250757.1|	99.672	100	3.54e-154	305	1165749	Chironomus salinarius	flies	Chironomus salinarius
78a9cbdeb7e1131e54c553c8cdf333d8	gi|1820250963|gb|MN454846.1|	98.013	99	3.59e-144	302	1165749	Chironomus salinarius	flies	Chironomus salinarius
78a9cbdeb7e1131e54c553c8cdf333d8	gi|1236764823|gb|MF059291.1|	97.351	99	7.77e-141	302	2017660	Chironomus sp. DFSM AV-2017	flies	Chironomus sp. DFSM AV-2017
78a9cbdeb7e1131e54c553c8cdf333d8	gi|1500137097|dbj|LC329048.1|	96.689	99	1.68e-137	302	1165749	Chironomus salinarius	flies	Chironomus salinarius
78a9cbdeb7e1131e54c553c8cdf333d8	gi|820947819|dbj|LC050904.1|	96.689	99	1.68e-137	302	1165749	Chironomus salinarius	flies	Chironomus salinarius
78a9cbdeb7e1131e54c553c8cdf333d8	gi|407955537|dbj|AB704935.1|	96.689	99	1.68e-137	302	1165749	Chironomus salinarius	flies	Chironomus salinarius
78a9cbdeb7e1131e54c553c8cdf333d8	gi|820947817|dbj|LC050903.1|	96.358	99	7.82e-136	302	1165749	Chironomus salinarius	flies	Chironomus salinarius
ed6512e73fe114b84740838ce648a2af	gi|914697209|gb|KP977943.1|	100.000	100	3.50e-154	302	1638756	Hiatella sp. L HML-2015	bivalves	Hiatella sp. L HML-2015
ed6512e73fe114b84740838ce648a2af	gi|914697173|gb|KP977925.1|	100.000	100	3.50e-154	302	1638756	Hiatella sp. L HML-2015	bivalves	Hiatella sp. L HML-2015
ed6512e73fe114b84740838ce648a2af	gi|914697143|gb|KP977910.1|	100.000	100	3.50e-154	302	1638756	Hiatella sp. L HML-2015	bivalves	Hiatella sp. L HML-2015
ed6512e73fe114b84740838ce648a2af	gi|914697127|gb|KP977902.1|	100.000	100	3.50e-154	302	1638756	Hiatella sp. L HML-2015	bivalves	Hiatella sp. L HML-2015
ed6512e73fe114b84740838ce648a2af	gi|914697029|gb|KP977853.1|	100.000	100	3.50e-154	302	1638756	Hiatella sp. L HML-2015	bivalves	Hiatella sp. L HML-2015
ed6512e73fe114b84740838ce648a2af	gi|914696739|gb|KP977708.1|	100.000	100	3.50e-154	302	1638756	Hiatella sp. L HML-2015	bivalves	Hiatella sp. L HML-2015
ed6512e73fe114b84740838ce648a2af	gi|914696727|gb|KP977702.1|	100.000	100	3.50e-154	302	1638756	Hiatella sp. L HML-2015	bivalves	Hiatella sp. L HML-2015
ed6512e73fe114b84740838ce648a2af	gi|914696637|gb|KP977657.1|	100.000	100	3.50e-154	302	1638756	Hiatella sp. L HML-2015	bivalves	Hiatella sp. L HML-2015
ed6512e73fe114b84740838ce648a2af	gi|914696619|gb|KP977648.1|	100.000	100	3.50e-154	302	1638756	Hiatella sp. L HML-2015	bivalves	Hiatella sp. L HML-2015
ed6512e73fe114b84740838ce648a2af	gi|914696613|gb|KP977645.1|	100.000	100	3.50e-154	302	1638756	Hiatella sp. L HML-2015	bivalves	Hiatella sp. L HML-2015
8bbbf870af27c6e45c72b7655af874f0	gi|2112329422|gb|MZ911851.1|	90.820	100	3.77e-109	305	153906	Percursaria percursa	green algae	Percursaria percursa
a99697e9687b3a9688576da106f4b9bb	gi|305653157|gb|HQ024001.1|	100.000	100	7.61e-156	305	521395	Chone infundibuliformis	segmented worms	Chone infundibuliformis
a99697e9687b3a9688576da106f4b9bb	gi|1354701606|gb|MF121162.1|	93.443	100	1.72e-122	305	2109012	Chone sp. 11BIOAK-1383	segmented worms	Chone sp. 11BIOAK-1383
a99697e9687b3a9688576da106f4b9bb	gi|299017821|gb|HM375491.1|	93.220	97	6.22e-117	295	1037245	Chone sp. CMC02	segmented worms	Chone sp. CMC02
9583e879770f76974ccb7c2d7edb64f2	gi|305653157|gb|HQ024001.1|	99.344	100	1.65e-152	305	521395	Chone infundibuliformis	segmented worms	Chone infundibuliformis
9583e879770f76974ccb7c2d7edb64f2	gi|1354701606|gb|MF121162.1|	93.443	100	1.72e-122	305	2109012	Chone sp. 11BIOAK-1383	segmented worms	Chone sp. 11BIOAK-1383
9583e879770f76974ccb7c2d7edb64f2	gi|299017821|gb|HM375491.1|	93.220	97	6.22e-117	295	1037245	Chone sp. CMC02	segmented worms	Chone sp. CMC02
b9f98db1a2fc57b4877528b49acefdea	gi|979470036|gb|KT956118.1|	100.000	90	1.30e-138	274	1780252	Electra sp. LDM-2016	bryozoans	Electra sp. LDM-2016
dd7f81db6964f0fa11738d1f4fab975c	gi|1919568006|ref|NC_050839.1|	91.503	100	1.74e-112	306	45599	Metschnikowia torresii	budding yeasts & others	Metschnikowia torresii
dd7f81db6964f0fa11738d1f4fab975c	gi|1883434348|gb|MT433108.1|	91.391	99	8.11e-111	302	353899	Metschnikowia shivogae	budding yeasts & others	Metschnikowia shivogae
dd7f81db6964f0fa11738d1f4fab975c	gi|1904809042|ref|NC_050378.1|	91.391	99	8.11e-111	302	353899	Metschnikowia shivogae	budding yeasts & others	Metschnikowia shivogae
dd7f81db6964f0fa11738d1f4fab975c	gi|1904688225|gb|MT421956.1|	91.837	96	3.77e-109	294	135833	Metschnikowia drosophilae	budding yeasts & others	Metschnikowia drosophilae
dd7f81db6964f0fa11738d1f4fab975c	gi|1919568021|ref|NC_050840.1|	91.837	96	3.77e-109	294	135833	Metschnikowia drosophilae	budding yeasts & others	Metschnikowia drosophilae
dd7f81db6964f0fa11738d1f4fab975c	gi|1919567976|ref|NC_050837.1|	91.060	99	3.77e-109	302	197673	Metschnikowia kipukae	budding yeasts & others	Metschnikowia kipukae
dd7f81db6964f0fa11738d1f4fab975c	gi|1883434318|gb|MT433106.1|	91.304	98	3.77e-109	299	353897	Metschnikowia aberdeeniae	budding yeasts & others	Metschnikowia aberdeeniae
dd7f81db6964f0fa11738d1f4fab975c	gi|1904809026|ref|NC_050377.1|	91.304	98	3.77e-109	299	353897	Metschnikowia aberdeeniae	budding yeasts & others	Metschnikowia aberdeeniae
dd7f81db6964f0fa11738d1f4fab975c	gi|1904688406|gb|MT447080.1|	91.065	95	1.06e-104	291	73520	Metschnikowia hibisci	budding yeasts & others	Metschnikowia hibisci
dd7f81db6964f0fa11738d1f4fab975c	gi|533206660|ref|NC_022161.1|	90.847	96	3.80e-104	295	36911	Clavispora lusitaniae	budding yeasts & others	Clavispora lusitaniae
8279800c696d81523a55e252a3a05720	gi|2183644798|gb|OM401594.1|	99.672	100	3.54e-154	305	291240	Thalassarachna basteri	mites & ticks	Thalassarachna basteri
8279800c696d81523a55e252a3a05720	gi|1489812034|gb|MG696237.1|	94.426	100	1.71e-127	305	2060435	Thalassarachna sp. UFMG 131123	mites & ticks	Thalassarachna sp. UFMG 131123
f8c0271a1a0da85c7687e439728f90a2	gi|344227490|gb|JN557915.1|	97.078	100	1.69e-142	308	43686	Pelagodinium beii	dinoflagellates	Pelagodinium beii
f8c0271a1a0da85c7687e439728f90a2	gi|344227488|gb|JN557914.1|	97.078	100	1.69e-142	308	2957	Protodinium simplex	dinoflagellates	Protodinium simplex
f8c0271a1a0da85c7687e439728f90a2	gi|288950168|gb|GQ501239.1|	97.078	100	1.69e-142	308	454271	Gymnodinium sp. CCMP425	dinoflagellates	Gymnodinium sp. CCMP425
f8c0271a1a0da85c7687e439728f90a2	gi|2303466647|gb|OM453929.1|	96.753	100	7.86e-141	308	1407008	Biecheleriopsis adriatica	dinoflagellates	Biecheleriopsis adriatica
f8c0271a1a0da85c7687e439728f90a2	gi|31505718|gb|AY289695.1|	96.104	100	1.70e-137	308	2957	Protodinium simplex	dinoflagellates	Protodinium simplex
f8c0271a1a0da85c7687e439728f90a2	gi|2054066317|gb|MW819745.1|	95.455	100	3.68e-134	308	2820258	Philozoon balanophyllum	dinoflagellates	Philozoon balanophyllum
f8c0271a1a0da85c7687e439728f90a2	gi|2054066313|gb|MW819743.1|	95.455	100	3.68e-134	308	2820260	Philozoon geddesianum	dinoflagellates	Philozoon geddesianum
f8c0271a1a0da85c7687e439728f90a2	gi|2054066311|gb|MW819742.1|	95.455	100	3.68e-134	308	2820261	Philozoon paranemonium	dinoflagellates	Philozoon paranemonium
f8c0271a1a0da85c7687e439728f90a2	gi|2054066309|gb|MW819741.1|	95.455	100	3.68e-134	308	2820252;2820256;2820257	Philozoon actiniarum	dinoflagellates	Philozoon actiniarum
f8c0271a1a0da85c7687e439728f90a2	gi|288950280|gb|GQ501351.1|	95.455	100	3.68e-134	308	671363	Symbiodinium sp. clade A3 MAC-04-218 SCI.01	dinoflagellates	Symbiodinium sp. clade A3 MAC-04-218 SCI.01
427919ab887804931b3415ec339f8837	gi|299555945|gb|GU672525.1|	99.344	100	1.65e-152	305	876016	Nicolea zostericola	segmented worms	Nicolea zostericola
427919ab887804931b3415ec339f8837	gi|299556017|gb|GU672561.1|	98.361	100	1.66e-147	305	876016	Nicolea zostericola	segmented worms	Nicolea zostericola
427919ab887804931b3415ec339f8837	gi|299555949|gb|GU672527.1|	98.033	100	7.71e-146	305	876016	Nicolea zostericola	segmented worms	Nicolea zostericola
427919ab887804931b3415ec339f8837	gi|299556105|gb|GU672605.1|	97.705	100	3.59e-144	305	876016	Nicolea zostericola	segmented worms	Nicolea zostericola
427919ab887804931b3415ec339f8837	gi|299556013|gb|GU672559.1|	97.705	100	3.59e-144	305	876016	Nicolea zostericola	segmented worms	Nicolea zostericola
427919ab887804931b3415ec339f8837	gi|299555993|gb|GU672549.1|	97.705	100	3.59e-144	305	876016	Nicolea zostericola	segmented worms	Nicolea zostericola
427919ab887804931b3415ec339f8837	gi|299555947|gb|GU672526.1|	97.705	100	3.59e-144	305	876016	Nicolea zostericola	segmented worms	Nicolea zostericola
427919ab887804931b3415ec339f8837	gi|304417220|gb|HQ023619.1|	97.682	99	1.67e-142	302	876016	Nicolea zostericola	segmented worms	Nicolea zostericola
427919ab887804931b3415ec339f8837	gi|304417218|gb|HQ023618.1|	97.980	97	2.16e-141	297	876016	Nicolea zostericola	segmented worms	Nicolea zostericola
427919ab887804931b3415ec339f8837	gi|1354702264|gb|MF121491.1|	96.066	100	7.82e-136	305	876016	Nicolea zostericola	segmented worms	Nicolea zostericola
04f32fd4607f9349174f491209b47695	gi|299555945|gb|GU672525.1|	99.010	99	9.91e-150	303	876016	Nicolea zostericola	segmented worms	Nicolea zostericola
04f32fd4607f9349174f491209b47695	gi|299556017|gb|GU672561.1|	98.020	99	9.98e-145	303	876016	Nicolea zostericola	segmented worms	Nicolea zostericola
04f32fd4607f9349174f491209b47695	gi|299555949|gb|GU672527.1|	97.690	99	4.64e-143	303	876016	Nicolea zostericola	segmented worms	Nicolea zostericola
04f32fd4607f9349174f491209b47695	gi|299556105|gb|GU672605.1|	97.360	99	2.16e-141	303	876016	Nicolea zostericola	segmented worms	Nicolea zostericola
04f32fd4607f9349174f491209b47695	gi|299556013|gb|GU672559.1|	97.360	99	2.16e-141	303	876016	Nicolea zostericola	segmented worms	Nicolea zostericola
04f32fd4607f9349174f491209b47695	gi|299555993|gb|GU672549.1|	97.360	99	2.16e-141	303	876016	Nicolea zostericola	segmented worms	Nicolea zostericola
04f32fd4607f9349174f491209b47695	gi|299555947|gb|GU672526.1|	97.360	99	2.16e-141	303	876016	Nicolea zostericola	segmented worms	Nicolea zostericola
04f32fd4607f9349174f491209b47695	gi|304417220|gb|HQ023619.1|	97.351	99	7.77e-141	302	876016	Nicolea zostericola	segmented worms	Nicolea zostericola
04f32fd4607f9349174f491209b47695	gi|304417218|gb|HQ023618.1|	97.643	97	1.00e-139	297	876016	Nicolea zostericola	segmented worms	Nicolea zostericola
04f32fd4607f9349174f491209b47695	gi|1354702264|gb|MF121491.1|	95.710	99	4.71e-133	303	876016	Nicolea zostericola	segmented worms	Nicolea zostericola
6ef116e0ff1453335a0e82e16c52afcd	gi|299555945|gb|GU672525.1|	99.016	100	7.66e-151	305	876016	Nicolea zostericola	segmented worms	Nicolea zostericola
6ef116e0ff1453335a0e82e16c52afcd	gi|299556017|gb|GU672561.1|	98.033	100	7.71e-146	305	876016	Nicolea zostericola	segmented worms	Nicolea zostericola
6ef116e0ff1453335a0e82e16c52afcd	gi|299555949|gb|GU672527.1|	97.705	100	3.59e-144	305	876016	Nicolea zostericola	segmented worms	Nicolea zostericola
6ef116e0ff1453335a0e82e16c52afcd	gi|299556105|gb|GU672605.1|	97.377	100	1.67e-142	305	876016	Nicolea zostericola	segmented worms	Nicolea zostericola
6ef116e0ff1453335a0e82e16c52afcd	gi|299556013|gb|GU672559.1|	97.377	100	1.67e-142	305	876016	Nicolea zostericola	segmented worms	Nicolea zostericola
6ef116e0ff1453335a0e82e16c52afcd	gi|299555993|gb|GU672549.1|	97.377	100	1.67e-142	305	876016	Nicolea zostericola	segmented worms	Nicolea zostericola
6ef116e0ff1453335a0e82e16c52afcd	gi|299555947|gb|GU672526.1|	97.377	100	1.67e-142	305	876016	Nicolea zostericola	segmented worms	Nicolea zostericola
6ef116e0ff1453335a0e82e16c52afcd	gi|304417220|gb|HQ023619.1|	97.351	99	7.77e-141	302	876016	Nicolea zostericola	segmented worms	Nicolea zostericola
6ef116e0ff1453335a0e82e16c52afcd	gi|304417218|gb|HQ023618.1|	97.643	97	1.00e-139	297	876016	Nicolea zostericola	segmented worms	Nicolea zostericola
6ef116e0ff1453335a0e82e16c52afcd	gi|1354702264|gb|MF121491.1|	95.738	100	3.64e-134	305	876016	Nicolea zostericola	segmented worms	Nicolea zostericola
f4e98c38ed03d796acce5790c52a7bce	gi|2871496485|gb|PP136751.1|	100.000	100	7.61e-156	305	3386354	Paranais sp. CED	segmented worms	Paranais sp. CED
f4e98c38ed03d796acce5790c52a7bce	gi|2871496483|gb|PP136750.1|	100.000	100	7.61e-156	305	3386354	Paranais sp. CED	segmented worms	Paranais sp. CED
f4e98c38ed03d796acce5790c52a7bce	gi|2871496489|gb|PP136753.1|	99.672	100	3.54e-154	305	3386354	Paranais sp. CED	segmented worms	Paranais sp. CED
f4e98c38ed03d796acce5790c52a7bce	gi|2871496487|gb|PP136752.1|	99.656	95	2.14e-146	291	3386354	Paranais sp. CED	segmented worms	Paranais sp. CED
812166bee219856365ef95034754e989	gi|374533971|gb|JQ011384.1|	99.310	95	3.59e-144	290	346530	Polygordius jouinae	segmented worms	Polygordius jouinae
812166bee219856365ef95034754e989	gi|1443018335|gb|MG603471.1|	99.649	93	4.64e-143	285	346530	Polygordius jouinae	segmented worms	Polygordius jouinae
812166bee219856365ef95034754e989	gi|374533981|gb|JQ011389.1|	97.377	100	1.67e-142	305	346530	Polygordius jouinae	segmented worms	Polygordius jouinae
812166bee219856365ef95034754e989	gi|1443018213|gb|MG603410.1|	98.947	93	1.00e-139	285	346530	Polygordius jouinae	segmented worms	Polygordius jouinae
812166bee219856365ef95034754e989	gi|1443018205|gb|MG603406.1|	98.947	93	1.00e-139	285	346530	Polygordius jouinae	segmented worms	Polygordius jouinae
812166bee219856365ef95034754e989	gi|1443018209|gb|MG603408.1|	98.596	93	4.68e-138	285	346530	Polygordius jouinae	segmented worms	Polygordius jouinae
812166bee219856365ef95034754e989	gi|1443018207|gb|MG603407.1|	98.596	93	4.68e-138	285	346530	Polygordius jouinae	segmented worms	Polygordius jouinae
812166bee219856365ef95034754e989	gi|1443018203|gb|MG603405.1|	98.596	93	4.68e-138	285	346530	Polygordius jouinae	segmented worms	Polygordius jouinae
812166bee219856365ef95034754e989	gi|374533979|gb|JQ011388.1|	98.936	92	4.68e-138	282	346530	Polygordius jouinae	segmented worms	Polygordius jouinae
812166bee219856365ef95034754e989	gi|374533975|gb|JQ011386.1|	99.283	91	4.68e-138	279	346530	Polygordius jouinae	segmented worms	Polygordius jouinae
317a230357d861e2916d05a0efefcb10	gi|374533981|gb|JQ011389.1|	99.344	100	1.65e-152	305	346530	Polygordius jouinae	segmented worms	Polygordius jouinae
317a230357d861e2916d05a0efefcb10	gi|374533971|gb|JQ011384.1|	98.621	95	7.77e-141	290	346530	Polygordius jouinae	segmented worms	Polygordius jouinae
317a230357d861e2916d05a0efefcb10	gi|1443018213|gb|MG603410.1|	98.947	93	1.00e-139	285	346530	Polygordius jouinae	segmented worms	Polygordius jouinae
317a230357d861e2916d05a0efefcb10	gi|1443018335|gb|MG603471.1|	98.246	93	2.18e-136	285	346530	Polygordius jouinae	segmented worms	Polygordius jouinae
317a230357d861e2916d05a0efefcb10	gi|1443018205|gb|MG603406.1|	98.246	93	2.18e-136	285	346530	Polygordius jouinae	segmented worms	Polygordius jouinae
317a230357d861e2916d05a0efefcb10	gi|374533975|gb|JQ011386.1|	98.925	91	2.18e-136	279	346530	Polygordius jouinae	segmented worms	Polygordius jouinae
317a230357d861e2916d05a0efefcb10	gi|374533979|gb|JQ011388.1|	98.577	92	7.82e-136	281	346530	Polygordius jouinae	segmented worms	Polygordius jouinae
317a230357d861e2916d05a0efefcb10	gi|1443018209|gb|MG603408.1|	97.895	93	1.01e-134	285	346530	Polygordius jouinae	segmented worms	Polygordius jouinae
317a230357d861e2916d05a0efefcb10	gi|1443018207|gb|MG603407.1|	97.895	93	1.01e-134	285	346530	Polygordius jouinae	segmented worms	Polygordius jouinae
317a230357d861e2916d05a0efefcb10	gi|1443018203|gb|MG603405.1|	97.895	93	1.01e-134	285	346530	Polygordius jouinae	segmented worms	Polygordius jouinae
c5bded44581a3d9991a689e3ccdf9eed	gi|2050584375|gb|MT383636.1|	100.000	100	7.61e-156	305	35128	Thalassiosira pseudonana	diatoms	Thalassiosira pseudonana
c5bded44581a3d9991a689e3ccdf9eed	gi|74325165|ref|NC_007405.1|	99.672	100	3.54e-154	305	35128	Thalassiosira pseudonana	diatoms	Thalassiosira pseudonana
c5bded44581a3d9991a689e3ccdf9eed	gi|693268193|gb|KM202109.1|	90.820	100	3.77e-109	305	1522713	Chaetoceros sp. MBTD-CMFRI-S045	diatoms	Chaetoceros sp. MBTD-CMFRI-S045
c5bded44581a3d9991a689e3ccdf9eed	gi|642941659|dbj|AB948162.1|	90.164	100	8.16e-106	305	216823	Skeletonema menzelii	diatoms	Skeletonema menzelii
5d562bc5f36067d95e6d0ab03ec0e9cc	gi|74325165|ref|NC_007405.1|	100.000	100	7.61e-156	305	35128	Thalassiosira pseudonana	diatoms	Thalassiosira pseudonana
5d562bc5f36067d95e6d0ab03ec0e9cc	gi|2050584375|gb|MT383636.1|	99.672	100	3.54e-154	305	35128	Thalassiosira pseudonana	diatoms	Thalassiosira pseudonana
5d562bc5f36067d95e6d0ab03ec0e9cc	gi|693268193|gb|KM202109.1|	91.148	100	8.11e-111	305	1522713	Chaetoceros sp. MBTD-CMFRI-S045	diatoms	Chaetoceros sp. MBTD-CMFRI-S045
d143a0deb36e7b035a407dec13452c7e	gi|305653159|gb|HQ024002.1|	100.000	100	7.61e-156	305	875837	Cirratulidae sp. CMC02	segmented worms	Cirratulidae sp. CMC02
24faa2abb185df34bcb5ec6d11c0288a	gi|2846111977|emb|OZ201067.1|	100.000	100	7.61e-156	305	31216	Littorina littorea	gastropods	Littorina littorea
24faa2abb185df34bcb5ec6d11c0288a	gi|1509160211|gb|MG421238.1|	100.000	100	7.61e-156	305	31216	Littorina littorea	gastropods	Littorina littorea
24faa2abb185df34bcb5ec6d11c0288a	gi|1491588379|gb|MH809412.1|	100.000	100	7.61e-156	305	31216	Littorina littorea	gastropods	Littorina littorea
24faa2abb185df34bcb5ec6d11c0288a	gi|1489973217|gb|MG423035.1|	100.000	100	7.61e-156	305	31216	Littorina littorea	gastropods	Littorina littorea
24faa2abb185df34bcb5ec6d11c0288a	gi|1489969500|gb|MG422330.1|	100.000	100	7.61e-156	305	31216	Littorina littorea	gastropods	Littorina littorea
24faa2abb185df34bcb5ec6d11c0288a	gi|908308747|gb|KR084543.1|	100.000	100	7.61e-156	305	31216	Littorina littorea	gastropods	Littorina littorea
24faa2abb185df34bcb5ec6d11c0288a	gi|2428836365|gb|OP686463.1|	100.000	100	7.61e-156	305	31216	Littorina littorea	gastropods	Littorina littorea
24faa2abb185df34bcb5ec6d11c0288a	gi|2428836349|gb|OP686455.1|	100.000	100	7.61e-156	305	31216	Littorina littorea	gastropods	Littorina littorea
24faa2abb185df34bcb5ec6d11c0288a	gi|564735145|gb|KF644042.1|	100.000	100	7.61e-156	305	31216	Littorina littorea	gastropods	Littorina littorea
24faa2abb185df34bcb5ec6d11c0288a	gi|564733989|gb|KF643464.1|	100.000	100	7.61e-156	305	31216	Littorina littorea	gastropods	Littorina littorea
2b5a6a3d1d2b4765003987a00069e616	gi|1489968420|gb|MG421790.1|	100.000	100	7.61e-156	305	31220	Littorina saxatilis	gastropods	Littorina saxatilis
2b5a6a3d1d2b4765003987a00069e616	gi|1122285225|gb|KU697726.1|	100.000	100	7.61e-156	305	1928867	Littorina sp. F1C2	gastropods	Littorina sp. F1C2
2b5a6a3d1d2b4765003987a00069e616	gi|1122285223|gb|KU697725.1|	100.000	100	7.61e-156	305	31220	Littorina saxatilis	gastropods	Littorina saxatilis
2b5a6a3d1d2b4765003987a00069e616	gi|1122285221|gb|KU697724.1|	100.000	100	7.61e-156	305	31220	Littorina saxatilis	gastropods	Littorina saxatilis
2b5a6a3d1d2b4765003987a00069e616	gi|908309504|gb|KR084922.1|	100.000	100	7.61e-156	305	31220	Littorina saxatilis	gastropods	Littorina saxatilis
2b5a6a3d1d2b4765003987a00069e616	gi|908309086|gb|KR084713.1|	100.000	100	7.61e-156	305	31220	Littorina saxatilis	gastropods	Littorina saxatilis
2b5a6a3d1d2b4765003987a00069e616	gi|908309032|gb|KR084686.1|	100.000	100	7.61e-156	305	31220	Littorina saxatilis	gastropods	Littorina saxatilis
2b5a6a3d1d2b4765003987a00069e616	gi|908308841|gb|KR084590.1|	100.000	100	7.61e-156	305	31220	Littorina saxatilis	gastropods	Littorina saxatilis
2b5a6a3d1d2b4765003987a00069e616	gi|908308797|gb|KR084568.1|	100.000	100	7.61e-156	305	31220	Littorina saxatilis	gastropods	Littorina saxatilis
2b5a6a3d1d2b4765003987a00069e616	gi|908308699|gb|KR084519.1|	100.000	100	7.61e-156	305	31220	Littorina saxatilis	gastropods	Littorina saxatilis
4a8c21346131214f02960cc9773703b0	gi|1491588365|gb|MH809405.1|	100.000	100	7.61e-156	305	45797	Littorina compressa	gastropods	Littorina compressa
4a8c21346131214f02960cc9773703b0	gi|1491588363|gb|MH809404.1|	100.000	100	7.61e-156	305	45797	Littorina compressa	gastropods	Littorina compressa
4a8c21346131214f02960cc9773703b0	gi|1491588361|gb|MH809403.1|	100.000	100	7.61e-156	305	45797	Littorina compressa	gastropods	Littorina compressa
4a8c21346131214f02960cc9773703b0	gi|1491588359|gb|MH809402.1|	100.000	100	7.61e-156	305	45797	Littorina compressa	gastropods	Littorina compressa
4a8c21346131214f02960cc9773703b0	gi|564735257|gb|KF644098.1|	100.000	100	7.61e-156	305	31220	Littorina saxatilis	gastropods	Littorina saxatilis
4a8c21346131214f02960cc9773703b0	gi|564735063|gb|KF644001.1|	100.000	100	7.61e-156	305	31220	Littorina saxatilis	gastropods	Littorina saxatilis
4a8c21346131214f02960cc9773703b0	gi|564734991|gb|KF643965.1|	100.000	100	7.61e-156	305	31220	Littorina saxatilis	gastropods	Littorina saxatilis
4a8c21346131214f02960cc9773703b0	gi|564734989|gb|KF643964.1|	100.000	100	7.61e-156	305	31220	Littorina saxatilis	gastropods	Littorina saxatilis
4a8c21346131214f02960cc9773703b0	gi|564734215|gb|KF643577.1|	100.000	100	7.61e-156	305	31220	Littorina saxatilis	gastropods	Littorina saxatilis
4a8c21346131214f02960cc9773703b0	gi|564734169|gb|KF643554.1|	100.000	100	7.61e-156	305	31220	Littorina saxatilis	gastropods	Littorina saxatilis
8449af3120abca63840ac7798af3252b	gi|1810185388|gb|MN045713.1|	100.000	100	7.61e-156	305	45784	Littorina fabalis	gastropods	Littorina fabalis
8449af3120abca63840ac7798af3252b	gi|1810185386|gb|MN045712.1|	100.000	100	7.61e-156	305	45784	Littorina fabalis	gastropods	Littorina fabalis
8449af3120abca63840ac7798af3252b	gi|1810185380|gb|MN045709.1|	100.000	100	7.61e-156	305	45784	Littorina fabalis	gastropods	Littorina fabalis
8449af3120abca63840ac7798af3252b	gi|1810185318|gb|MN045678.1|	100.000	100	7.61e-156	305	31218	Littorina obtusata	gastropods	Littorina obtusata
8449af3120abca63840ac7798af3252b	gi|1810185302|gb|MN045670.1|	100.000	100	7.61e-156	305	31218	Littorina obtusata	gastropods	Littorina obtusata
8449af3120abca63840ac7798af3252b	gi|1810185300|gb|MN045669.1|	100.000	100	7.61e-156	305	31218	Littorina obtusata	gastropods	Littorina obtusata
8449af3120abca63840ac7798af3252b	gi|1810185292|gb|MN045665.1|	100.000	100	7.61e-156	305	31218	Littorina obtusata	gastropods	Littorina obtusata
8449af3120abca63840ac7798af3252b	gi|1810185274|gb|MN045656.1|	100.000	100	7.61e-156	305	31218	Littorina obtusata	gastropods	Littorina obtusata
8449af3120abca63840ac7798af3252b	gi|1810185258|gb|MN045648.1|	100.000	100	7.61e-156	305	31218	Littorina obtusata	gastropods	Littorina obtusata
8449af3120abca63840ac7798af3252b	gi|1810185244|gb|MN045641.1|	100.000	100	7.61e-156	305	31218	Littorina obtusata	gastropods	Littorina obtusata
2dee09aa4f593015d0f2037c534724b8	gi|2037094515|gb|MN447923.1|	94.098	100	7.94e-126	305	308662	Lafoea dumosa	hydrozoans	Lafoea dumosa
2dee09aa4f593015d0f2037c534724b8	gi|2070381685|gb|MZ580754.1|	93.770	100	3.69e-124	305	308662	Lafoea dumosa	hydrozoans	Lafoea dumosa
2dee09aa4f593015d0f2037c534724b8	gi|1489969749|gb|MG422454.1|	93.377	99	7.99e-121	302	2472557	Lafoeidae sp. 10BPBS-0256	hydrozoans	Lafoeidae sp. 10BPBS-0256
2dee09aa4f593015d0f2037c534724b8	gi|1430075911|gb|MG935340.1|	92.787	100	3.72e-119	305	308662	Lafoea dumosa	hydrozoans	Lafoea dumosa
2dee09aa4f593015d0f2037c534724b8	gi|1430074454|gb|MG934860.1|	90.169	97	6.36e-102	295	308662	Lafoea dumosa	hydrozoans	Lafoea dumosa
2d42d0e0698d0699b4e963771cd19147	gi|1497454532|gb|MH374028.1|	91.973	98	1.74e-112	299	1047171	Zymoseptoria tritici	ascomycete fungi	Zymoseptoria tritici
2d42d0e0698d0699b4e963771cd19147	gi|164422124|ref|NC_010222.1|	91.722	99	1.74e-112	302	1047171	Zymoseptoria tritici	ascomycete fungi	Zymoseptoria tritici
2d42d0e0698d0699b4e963771cd19147	gi|189187601|gb|EU678466.1|	90.169	97	6.36e-102	295	290618	Leohumicola minima	ascomycete fungi	Leohumicola minima
2d42d0e0698d0699b4e963771cd19147	gi|189187591|gb|EU678461.1|	90.169	97	6.36e-102	295	290619	Leohumicola sp. DAOM 231148	ascomycete fungi	Leohumicola sp. DAOM 231148
cfde2cdabd997876dfa8fbefdf9d9189	gi|1125607762|gb|KY128908.1|	99.344	100	1.65e-152	305	1920051	Catriona gymnota	gastropods	Catriona gymnota
cfde2cdabd997876dfa8fbefdf9d9189	gi|564733957|gb|KF643448.1|	99.344	100	1.65e-152	305	1421116	Catriona columbiana	gastropods	Catriona columbiana
cfde2cdabd997876dfa8fbefdf9d9189	gi|1125607760|gb|KY128907.1|	98.689	100	3.56e-149	305	1920051	Catriona gymnota	gastropods	Catriona gymnota
cfde2cdabd997876dfa8fbefdf9d9189	gi|2868138094|gb|PQ739542.1|	93.115	100	7.99e-121	305	2078639	Catriona aurantia	gastropods	Catriona aurantia
cfde2cdabd997876dfa8fbefdf9d9189	gi|1371546506|gb|KY985467.1|	92.787	100	3.72e-119	305	2078639	Catriona aurantia	gastropods	Catriona aurantia
635cef8451cc2911b2d76ec44e1812bc	gi|2587839882|gb|OR632408.1|	99.672	100	3.54e-154	305	97271	Flustrellidra hispida	bryozoans	Flustrellidra hispida
635cef8451cc2911b2d76ec44e1812bc	gi|109289922|ref|NC_008192.1|	99.672	100	3.54e-154	305	97271	Flustrellidra hispida	bryozoans	Flustrellidra hispida
635cef8451cc2911b2d76ec44e1812bc	gi|225542646|gb|FJ196077.1|	97.535	93	1.69e-132	284	97271	Flustrellidra hispida	bryozoans	Flustrellidra hispida
62a83ff40c03b34fc7e60c424d3b6ab4	gi|1898550027|gb|MT293090.1|	99.672	100	3.54e-154	305	95170	Membranipora membranacea	bryozoans	Membranipora membranacea
62a83ff40c03b34fc7e60c424d3b6ab4	gi|225542676|gb|FJ196092.1|	99.672	100	3.54e-154	305	95170	Membranipora membranacea	bryozoans	Membranipora membranacea
62a83ff40c03b34fc7e60c424d3b6ab4	gi|2095611982|emb|OU612076.1|	99.344	100	1.65e-152	305	95170	Membranipora membranacea	bryozoans	Membranipora membranacea
62a83ff40c03b34fc7e60c424d3b6ab4	gi|1898550042|gb|MT293110.1|	99.344	100	1.65e-152	305	95170	Membranipora membranacea	bryozoans	Membranipora membranacea
62a83ff40c03b34fc7e60c424d3b6ab4	gi|1785493611|gb|MN718183.1|	99.643	92	2.79e-140	280	95170	Membranipora membranacea	bryozoans	Membranipora membranacea
62a83ff40c03b34fc7e60c424d3b6ab4	gi|182628240|gb|EU410285.1|	100.000	90	1.30e-138	274	95170	Membranipora membranacea	bryozoans	Membranipora membranacea
62a83ff40c03b34fc7e60c424d3b6ab4	gi|182628232|gb|EU410281.1|	100.000	90	1.30e-138	274	95170	Membranipora membranacea	bryozoans	Membranipora membranacea
62a83ff40c03b34fc7e60c424d3b6ab4	gi|1785493615|gb|MN718185.1|	100.000	90	4.68e-138	273	95170	Membranipora membranacea	bryozoans	Membranipora membranacea
62a83ff40c03b34fc7e60c424d3b6ab4	gi|182628226|gb|EU410278.1|	99.635	90	1.68e-137	274	95170	Membranipora membranacea	bryozoans	Membranipora membranacea
62a83ff40c03b34fc7e60c424d3b6ab4	gi|182628238|gb|EU410284.1|	99.635	90	6.05e-137	274	95170	Membranipora membranacea	bryozoans	Membranipora membranacea
dbb063a4f3b3086035b9c51709a3866c	gi|225542676|gb|FJ196092.1|	99.016	100	7.66e-151	305	95170	Membranipora membranacea	bryozoans	Membranipora membranacea
dbb063a4f3b3086035b9c51709a3866c	gi|2095611982|emb|OU612076.1|	98.689	100	3.56e-149	305	95170	Membranipora membranacea	bryozoans	Membranipora membranacea
dbb063a4f3b3086035b9c51709a3866c	gi|1898550042|gb|MT293110.1|	98.689	100	3.56e-149	305	95170	Membranipora membranacea	bryozoans	Membranipora membranacea
dbb063a4f3b3086035b9c51709a3866c	gi|1898550027|gb|MT293090.1|	98.361	100	1.66e-147	305	95170	Membranipora membranacea	bryozoans	Membranipora membranacea
dbb063a4f3b3086035b9c51709a3866c	gi|1785493613|gb|MN718184.1|	99.273	90	7.82e-136	275	95170	Membranipora membranacea	bryozoans	Membranipora membranacea
dbb063a4f3b3086035b9c51709a3866c	gi|182628218|gb|EU410274.1|	99.270	90	2.81e-135	274	95170	Membranipora membranacea	bryozoans	Membranipora membranacea
dbb063a4f3b3086035b9c51709a3866c	gi|182628216|gb|EU410273.1|	99.270	90	2.81e-135	274	95170	Membranipora membranacea	bryozoans	Membranipora membranacea
dbb063a4f3b3086035b9c51709a3866c	gi|1785493611|gb|MN718183.1|	98.214	92	1.31e-133	280	95170	Membranipora membranacea	bryozoans	Membranipora membranacea
dbb063a4f3b3086035b9c51709a3866c	gi|182628238|gb|EU410284.1|	98.905	90	1.31e-133	274	95170	Membranipora membranacea	bryozoans	Membranipora membranacea
dbb063a4f3b3086035b9c51709a3866c	gi|182628234|gb|EU410282.1|	98.905	90	1.31e-133	274	95170	Membranipora membranacea	bryozoans	Membranipora membranacea
41ea7d78edd30a4d060d91bfaab1ba44	gi|225542676|gb|FJ196092.1|	99.672	100	3.54e-154	305	95170	Membranipora membranacea	bryozoans	Membranipora membranacea
41ea7d78edd30a4d060d91bfaab1ba44	gi|2095611982|emb|OU612076.1|	99.344	100	1.65e-152	305	95170	Membranipora membranacea	bryozoans	Membranipora membranacea
41ea7d78edd30a4d060d91bfaab1ba44	gi|1898550042|gb|MT293110.1|	99.344	100	1.65e-152	305	95170	Membranipora membranacea	bryozoans	Membranipora membranacea
41ea7d78edd30a4d060d91bfaab1ba44	gi|1898550027|gb|MT293090.1|	99.016	100	7.66e-151	305	95170	Membranipora membranacea	bryozoans	Membranipora membranacea
41ea7d78edd30a4d060d91bfaab1ba44	gi|1785493611|gb|MN718183.1|	98.929	92	6.05e-137	280	95170	Membranipora membranacea	bryozoans	Membranipora membranacea
41ea7d78edd30a4d060d91bfaab1ba44	gi|182628238|gb|EU410284.1|	99.635	90	6.05e-137	274	95170	Membranipora membranacea	bryozoans	Membranipora membranacea
41ea7d78edd30a4d060d91bfaab1ba44	gi|182628234|gb|EU410282.1|	99.635	90	6.05e-137	274	95170	Membranipora membranacea	bryozoans	Membranipora membranacea
41ea7d78edd30a4d060d91bfaab1ba44	gi|182628212|gb|EU410271.1|	99.635	90	6.05e-137	274	95170	Membranipora membranacea	bryozoans	Membranipora membranacea
41ea7d78edd30a4d060d91bfaab1ba44	gi|182628198|gb|EU410264.1|	99.635	90	6.05e-137	274	95170	Membranipora membranacea	bryozoans	Membranipora membranacea
41ea7d78edd30a4d060d91bfaab1ba44	gi|1785493617|gb|MN718186.1|	99.634	90	2.18e-136	273	95170	Membranipora membranacea	bryozoans	Membranipora membranacea
8c64848dcb905b5912da64037f63461e	gi|1898550042|gb|MT293110.1|	100.000	100	7.61e-156	305	95170	Membranipora membranacea	bryozoans	Membranipora membranacea
8c64848dcb905b5912da64037f63461e	gi|225542676|gb|FJ196092.1|	99.672	100	3.54e-154	305	95170	Membranipora membranacea	bryozoans	Membranipora membranacea
8c64848dcb905b5912da64037f63461e	gi|2095611982|emb|OU612076.1|	99.344	100	1.65e-152	305	95170	Membranipora membranacea	bryozoans	Membranipora membranacea
8c64848dcb905b5912da64037f63461e	gi|1898550027|gb|MT293090.1|	99.016	100	7.66e-151	305	95170	Membranipora membranacea	bryozoans	Membranipora membranacea
8c64848dcb905b5912da64037f63461e	gi|1785493611|gb|MN718183.1|	98.929	92	6.05e-137	280	95170	Membranipora membranacea	bryozoans	Membranipora membranacea
8c64848dcb905b5912da64037f63461e	gi|182628238|gb|EU410284.1|	99.635	90	6.05e-137	274	95170	Membranipora membranacea	bryozoans	Membranipora membranacea
8c64848dcb905b5912da64037f63461e	gi|182628234|gb|EU410282.1|	99.635	90	6.05e-137	274	95170	Membranipora membranacea	bryozoans	Membranipora membranacea
8c64848dcb905b5912da64037f63461e	gi|182628212|gb|EU410271.1|	99.635	90	6.05e-137	274	95170	Membranipora membranacea	bryozoans	Membranipora membranacea
8c64848dcb905b5912da64037f63461e	gi|182628198|gb|EU410264.1|	99.635	90	6.05e-137	274	95170	Membranipora membranacea	bryozoans	Membranipora membranacea
8c64848dcb905b5912da64037f63461e	gi|1785493617|gb|MN718186.1|	99.634	90	2.18e-136	273	95170	Membranipora membranacea	bryozoans	Membranipora membranacea
664537c71344fef664085446a5d90c4e	gi|225542676|gb|FJ196092.1|	99.672	100	3.54e-154	305	95170	Membranipora membranacea	bryozoans	Membranipora membranacea
664537c71344fef664085446a5d90c4e	gi|2095611982|emb|OU612076.1|	99.344	100	1.65e-152	305	95170	Membranipora membranacea	bryozoans	Membranipora membranacea
664537c71344fef664085446a5d90c4e	gi|1898550042|gb|MT293110.1|	99.344	100	1.65e-152	305	95170	Membranipora membranacea	bryozoans	Membranipora membranacea
664537c71344fef664085446a5d90c4e	gi|1898550027|gb|MT293090.1|	99.016	100	7.66e-151	305	95170	Membranipora membranacea	bryozoans	Membranipora membranacea
664537c71344fef664085446a5d90c4e	gi|1785493613|gb|MN718184.1|	100.000	90	3.61e-139	275	95170	Membranipora membranacea	bryozoans	Membranipora membranacea
664537c71344fef664085446a5d90c4e	gi|1785493611|gb|MN718183.1|	98.929	92	6.05e-137	280	95170	Membranipora membranacea	bryozoans	Membranipora membranacea
664537c71344fef664085446a5d90c4e	gi|182628238|gb|EU410284.1|	99.635	90	6.05e-137	274	95170	Membranipora membranacea	bryozoans	Membranipora membranacea
664537c71344fef664085446a5d90c4e	gi|182628234|gb|EU410282.1|	99.635	90	6.05e-137	274	95170	Membranipora membranacea	bryozoans	Membranipora membranacea
664537c71344fef664085446a5d90c4e	gi|182628212|gb|EU410271.1|	99.635	90	6.05e-137	274	95170	Membranipora membranacea	bryozoans	Membranipora membranacea
664537c71344fef664085446a5d90c4e	gi|182628198|gb|EU410264.1|	99.635	90	6.05e-137	274	95170	Membranipora membranacea	bryozoans	Membranipora membranacea
3b1880cc789a98dc933da99b8fa0ffab	gi|225542676|gb|FJ196092.1|	100.000	100	7.61e-156	305	95170	Membranipora membranacea	bryozoans	Membranipora membranacea
3b1880cc789a98dc933da99b8fa0ffab	gi|2095611982|emb|OU612076.1|	99.672	100	3.54e-154	305	95170	Membranipora membranacea	bryozoans	Membranipora membranacea
3b1880cc789a98dc933da99b8fa0ffab	gi|1898550042|gb|MT293110.1|	99.672	100	3.54e-154	305	95170	Membranipora membranacea	bryozoans	Membranipora membranacea
3b1880cc789a98dc933da99b8fa0ffab	gi|1898550027|gb|MT293090.1|	99.344	100	1.65e-152	305	95170	Membranipora membranacea	bryozoans	Membranipora membranacea
3b1880cc789a98dc933da99b8fa0ffab	gi|1785493611|gb|MN718183.1|	99.286	92	1.30e-138	280	95170	Membranipora membranacea	bryozoans	Membranipora membranacea
3b1880cc789a98dc933da99b8fa0ffab	gi|182628238|gb|EU410284.1|	100.000	90	1.30e-138	274	95170	Membranipora membranacea	bryozoans	Membranipora membranacea
3b1880cc789a98dc933da99b8fa0ffab	gi|182628234|gb|EU410282.1|	100.000	90	1.30e-138	274	95170	Membranipora membranacea	bryozoans	Membranipora membranacea
3b1880cc789a98dc933da99b8fa0ffab	gi|182628212|gb|EU410271.1|	100.000	90	1.30e-138	274	95170	Membranipora membranacea	bryozoans	Membranipora membranacea
3b1880cc789a98dc933da99b8fa0ffab	gi|182628198|gb|EU410264.1|	100.000	90	1.30e-138	274	95170	Membranipora membranacea	bryozoans	Membranipora membranacea
3b1880cc789a98dc933da99b8fa0ffab	gi|1785493617|gb|MN718186.1|	100.000	90	4.68e-138	273	95170	Membranipora membranacea	bryozoans	Membranipora membranacea
594483c47ec83290a06caf55f0c9c6b6	gi|225542676|gb|FJ196092.1|	99.672	100	3.54e-154	305	95170	Membranipora membranacea	bryozoans	Membranipora membranacea
594483c47ec83290a06caf55f0c9c6b6	gi|2095611982|emb|OU612076.1|	99.344	100	1.65e-152	305	95170	Membranipora membranacea	bryozoans	Membranipora membranacea
594483c47ec83290a06caf55f0c9c6b6	gi|1898550042|gb|MT293110.1|	99.344	100	1.65e-152	305	95170	Membranipora membranacea	bryozoans	Membranipora membranacea
594483c47ec83290a06caf55f0c9c6b6	gi|1898550027|gb|MT293090.1|	99.016	100	7.66e-151	305	95170	Membranipora membranacea	bryozoans	Membranipora membranacea
594483c47ec83290a06caf55f0c9c6b6	gi|1785493611|gb|MN718183.1|	99.286	92	1.30e-138	280	95170	Membranipora membranacea	bryozoans	Membranipora membranacea
594483c47ec83290a06caf55f0c9c6b6	gi|182628238|gb|EU410284.1|	100.000	90	1.30e-138	274	95170	Membranipora membranacea	bryozoans	Membranipora membranacea
594483c47ec83290a06caf55f0c9c6b6	gi|182628234|gb|EU410282.1|	100.000	90	1.30e-138	274	95170	Membranipora membranacea	bryozoans	Membranipora membranacea
594483c47ec83290a06caf55f0c9c6b6	gi|182628212|gb|EU410271.1|	100.000	90	1.30e-138	274	95170	Membranipora membranacea	bryozoans	Membranipora membranacea
594483c47ec83290a06caf55f0c9c6b6	gi|182628198|gb|EU410264.1|	100.000	90	1.30e-138	274	95170	Membranipora membranacea	bryozoans	Membranipora membranacea
594483c47ec83290a06caf55f0c9c6b6	gi|1785493617|gb|MN718186.1|	100.000	90	4.68e-138	273	95170	Membranipora membranacea	bryozoans	Membranipora membranacea
f2a20272f0ac47fe9d57ac69e6644f68	gi|225542676|gb|FJ196092.1|	99.672	100	3.54e-154	305	95170	Membranipora membranacea	bryozoans	Membranipora membranacea
f2a20272f0ac47fe9d57ac69e6644f68	gi|2095611982|emb|OU612076.1|	99.344	100	1.65e-152	305	95170	Membranipora membranacea	bryozoans	Membranipora membranacea
f2a20272f0ac47fe9d57ac69e6644f68	gi|1898550042|gb|MT293110.1|	99.344	100	1.65e-152	305	95170	Membranipora membranacea	bryozoans	Membranipora membranacea
f2a20272f0ac47fe9d57ac69e6644f68	gi|1898550027|gb|MT293090.1|	99.016	100	7.66e-151	305	95170	Membranipora membranacea	bryozoans	Membranipora membranacea
f2a20272f0ac47fe9d57ac69e6644f68	gi|182628242|gb|EU410286.1|	100.000	90	1.30e-138	274	95170	Membranipora membranacea	bryozoans	Membranipora membranacea
f2a20272f0ac47fe9d57ac69e6644f68	gi|182628222|gb|EU410276.1|	100.000	90	1.30e-138	274	95170	Membranipora membranacea	bryozoans	Membranipora membranacea
f2a20272f0ac47fe9d57ac69e6644f68	gi|182628224|gb|EU410277.1|	99.635	90	1.68e-137	274	95170	Membranipora membranacea	bryozoans	Membranipora membranacea
f2a20272f0ac47fe9d57ac69e6644f68	gi|1785493611|gb|MN718183.1|	98.929	92	6.05e-137	280	95170	Membranipora membranacea	bryozoans	Membranipora membranacea
f2a20272f0ac47fe9d57ac69e6644f68	gi|182628238|gb|EU410284.1|	99.635	90	6.05e-137	274	95170	Membranipora membranacea	bryozoans	Membranipora membranacea
f2a20272f0ac47fe9d57ac69e6644f68	gi|182628234|gb|EU410282.1|	99.635	90	6.05e-137	274	95170	Membranipora membranacea	bryozoans	Membranipora membranacea
e20f528f3a6563044ca62145bc749b64	gi|225542676|gb|FJ196092.1|	99.016	100	7.66e-151	305	95170	Membranipora membranacea	bryozoans	Membranipora membranacea
e20f528f3a6563044ca62145bc749b64	gi|2095611982|emb|OU612076.1|	98.689	100	3.56e-149	305	95170	Membranipora membranacea	bryozoans	Membranipora membranacea
e20f528f3a6563044ca62145bc749b64	gi|1898550042|gb|MT293110.1|	98.689	100	3.56e-149	305	95170	Membranipora membranacea	bryozoans	Membranipora membranacea
e20f528f3a6563044ca62145bc749b64	gi|1898550027|gb|MT293090.1|	98.361	100	1.66e-147	305	95170	Membranipora membranacea	bryozoans	Membranipora membranacea
e20f528f3a6563044ca62145bc749b64	gi|182628218|gb|EU410274.1|	100.000	90	1.30e-138	274	95170	Membranipora membranacea	bryozoans	Membranipora membranacea
e20f528f3a6563044ca62145bc749b64	gi|182628216|gb|EU410273.1|	100.000	90	1.30e-138	274	95170	Membranipora membranacea	bryozoans	Membranipora membranacea
e20f528f3a6563044ca62145bc749b64	gi|1785493613|gb|MN718184.1|	99.273	90	7.82e-136	275	95170	Membranipora membranacea	bryozoans	Membranipora membranacea
e20f528f3a6563044ca62145bc749b64	gi|1785493611|gb|MN718183.1|	98.214	92	1.31e-133	280	95170	Membranipora membranacea	bryozoans	Membranipora membranacea
e20f528f3a6563044ca62145bc749b64	gi|182628238|gb|EU410284.1|	98.905	90	1.31e-133	274	95170	Membranipora membranacea	bryozoans	Membranipora membranacea
e20f528f3a6563044ca62145bc749b64	gi|182628234|gb|EU410282.1|	98.905	90	1.31e-133	274	95170	Membranipora membranacea	bryozoans	Membranipora membranacea
bdca4a149a0fe3c3f8027e0a30c13269	gi|225542676|gb|FJ196092.1|	99.672	100	3.54e-154	305	95170	Membranipora membranacea	bryozoans	Membranipora membranacea
bdca4a149a0fe3c3f8027e0a30c13269	gi|2095611982|emb|OU612076.1|	99.344	100	1.65e-152	305	95170	Membranipora membranacea	bryozoans	Membranipora membranacea
bdca4a149a0fe3c3f8027e0a30c13269	gi|1898550042|gb|MT293110.1|	99.344	100	1.65e-152	305	95170	Membranipora membranacea	bryozoans	Membranipora membranacea
bdca4a149a0fe3c3f8027e0a30c13269	gi|1898550027|gb|MT293090.1|	99.016	100	7.66e-151	305	95170	Membranipora membranacea	bryozoans	Membranipora membranacea
bdca4a149a0fe3c3f8027e0a30c13269	gi|1785493611|gb|MN718183.1|	98.929	92	6.05e-137	280	95170	Membranipora membranacea	bryozoans	Membranipora membranacea
bdca4a149a0fe3c3f8027e0a30c13269	gi|182628238|gb|EU410284.1|	99.635	90	6.05e-137	274	95170	Membranipora membranacea	bryozoans	Membranipora membranacea
bdca4a149a0fe3c3f8027e0a30c13269	gi|182628234|gb|EU410282.1|	99.635	90	6.05e-137	274	95170	Membranipora membranacea	bryozoans	Membranipora membranacea
bdca4a149a0fe3c3f8027e0a30c13269	gi|182628212|gb|EU410271.1|	99.635	90	6.05e-137	274	95170	Membranipora membranacea	bryozoans	Membranipora membranacea
bdca4a149a0fe3c3f8027e0a30c13269	gi|182628198|gb|EU410264.1|	99.635	90	6.05e-137	274	95170	Membranipora membranacea	bryozoans	Membranipora membranacea
bdca4a149a0fe3c3f8027e0a30c13269	gi|1785493617|gb|MN718186.1|	99.634	90	2.18e-136	273	95170	Membranipora membranacea	bryozoans	Membranipora membranacea
adfcc545ce0ff96638eac8f0e53d0485	gi|1489970546|gb|MG422852.1|	100.000	100	1.65e-157	308	6604	Mya arenaria	bivalves	Mya arenaria
adfcc545ce0ff96638eac8f0e53d0485	gi|1489969789|gb|MG422474.1|	100.000	100	1.65e-157	308	6604	Mya arenaria	bivalves	Mya arenaria
adfcc545ce0ff96638eac8f0e53d0485	gi|1423310888|gb|MG299076.1|	100.000	100	1.65e-157	308	6604	Mya arenaria	bivalves	Mya arenaria
adfcc545ce0ff96638eac8f0e53d0485	gi|1182511259|gb|KX534203.1|	100.000	100	1.65e-157	308	6604	Mya arenaria	bivalves	Mya arenaria
adfcc545ce0ff96638eac8f0e53d0485	gi|1182511257|gb|KX534202.1|	100.000	100	1.65e-157	308	6604	Mya arenaria	bivalves	Mya arenaria
adfcc545ce0ff96638eac8f0e53d0485	gi|1182511255|gb|KX534201.1|	100.000	100	1.65e-157	308	6604	Mya arenaria	bivalves	Mya arenaria
adfcc545ce0ff96638eac8f0e53d0485	gi|1035662499|gb|KU906038.1|	100.000	100	1.65e-157	308	6604	Mya arenaria	bivalves	Mya arenaria
adfcc545ce0ff96638eac8f0e53d0485	gi|1035662309|gb|KU905943.1|	100.000	100	1.65e-157	308	6604	Mya arenaria	bivalves	Mya arenaria
adfcc545ce0ff96638eac8f0e53d0485	gi|1035517901|gb|KT959460.1|	100.000	100	1.65e-157	308	6604	Mya arenaria	bivalves	Mya arenaria
adfcc545ce0ff96638eac8f0e53d0485	gi|1035517769|gb|KT959394.1|	100.000	100	1.65e-157	308	6604	Mya arenaria	bivalves	Mya arenaria
e633c84fa4ae877c98ffc402bf458d07	gi|1495348776|gb|MG311522.1|	99.672	100	3.54e-154	305	1220549	Amphibalanus improvisus	crustaceans	Amphibalanus improvisus
e633c84fa4ae877c98ffc402bf458d07	gi|1563835376|gb|MK308210.1|	99.344	100	1.65e-152	305	1220549	Amphibalanus improvisus	crustaceans	Amphibalanus improvisus
e633c84fa4ae877c98ffc402bf458d07	gi|2868137780|gb|PQ739385.1|	99.016	100	7.66e-151	305	1220549	Amphibalanus improvisus	crustaceans	Amphibalanus improvisus
e633c84fa4ae877c98ffc402bf458d07	gi|2848921078|emb|OZ188183.1|	99.338	99	7.66e-151	302	1220549	Amphibalanus improvisus	crustaceans	Amphibalanus improvisus
e633c84fa4ae877c98ffc402bf458d07	gi|1563835320|gb|MK308179.1|	99.016	100	7.66e-151	305	1220549	Amphibalanus improvisus	crustaceans	Amphibalanus improvisus
e633c84fa4ae877c98ffc402bf458d07	gi|2460634915|gb|OQ644552.1|	99.016	100	7.66e-151	305	88352	Balanus sp.	crustaceans	Balanus sp.
e633c84fa4ae877c98ffc402bf458d07	gi|2460634913|gb|OQ644551.1|	99.016	100	7.66e-151	305	88352	Balanus sp.	crustaceans	Balanus sp.
e633c84fa4ae877c98ffc402bf458d07	gi|1035662449|gb|KU906013.1|	99.016	100	7.66e-151	305	1220549	Amphibalanus improvisus	crustaceans	Amphibalanus improvisus
e633c84fa4ae877c98ffc402bf458d07	gi|936253512|gb|KT209057.1|	99.016	100	7.66e-151	305	1220549	Amphibalanus improvisus	crustaceans	Amphibalanus improvisus
e633c84fa4ae877c98ffc402bf458d07	gi|936253088|gb|KT208845.1|	99.016	100	7.66e-151	305	1220549	Amphibalanus improvisus	crustaceans	Amphibalanus improvisus
3029fe1e3691c770e3e42814d92dc533	gi|1113729002|gb|KU764784.1|	91.830	100	3.74e-114	306	1926936	Anisolpidium rosenvingei	oomycetes	Anisolpidium rosenvingei
3029fe1e3691c770e3e42814d92dc533	gi|1113728999|gb|KU764782.1|	91.830	100	3.74e-114	306	1926936	Anisolpidium rosenvingei	oomycetes	Anisolpidium rosenvingei
02a45dd0f8fac0eefff2d9a1d7aed123	gi|2912148669|gb|PQ667713.1|	94.426	100	1.71e-127	305	180228	Paramoeba pemaquidensis	eukaryotes	Paramoeba pemaquidensis
02a45dd0f8fac0eefff2d9a1d7aed123	gi|2912148667|gb|PQ667712.1|	94.426	100	1.71e-127	305	180228	Paramoeba pemaquidensis	eukaryotes	Paramoeba pemaquidensis
02a45dd0f8fac0eefff2d9a1d7aed123	gi|2912148665|gb|PQ667711.1|	94.426	100	1.71e-127	305	180228	Paramoeba pemaquidensis	eukaryotes	Paramoeba pemaquidensis
02a45dd0f8fac0eefff2d9a1d7aed123	gi|2912148664|gb|PQ667710.1|	94.426	100	1.71e-127	305	180228	Paramoeba pemaquidensis	eukaryotes	Paramoeba pemaquidensis
02a45dd0f8fac0eefff2d9a1d7aed123	gi|2912148662|gb|PQ667709.1|	94.426	100	1.71e-127	305	180228	Paramoeba pemaquidensis	eukaryotes	Paramoeba pemaquidensis
02a45dd0f8fac0eefff2d9a1d7aed123	gi|1788196779|gb|MN025475.1|	91.803	100	3.74e-114	305	180228	Paramoeba pemaquidensis	eukaryotes	Paramoeba pemaquidensis
02a45dd0f8fac0eefff2d9a1d7aed123	gi|1079488025|ref|NC_031417.1|	91.803	100	3.74e-114	305	180228	Paramoeba pemaquidensis	eukaryotes	Paramoeba pemaquidensis
02a45dd0f8fac0eefff2d9a1d7aed123	gi|1788196777|gb|MK990594.1|	91.148	100	8.11e-111	305	308475	Paramoeba branchiphila	eukaryotes	Paramoeba branchiphila
02a45dd0f8fac0eefff2d9a1d7aed123	gi|1254353662|gb|MF140256.1|	90.429	99	2.27e-106	303	2020319	Neoparamoeba longipodia	eukaryotes	Neoparamoeba longipodia
02a45dd0f8fac0eefff2d9a1d7aed123	gi|2414548365|gb|OP429229.1|	90.429	99	2.27e-106	303	2020319	Neoparamoeba longipodia	eukaryotes	Neoparamoeba longipodia
3a9a1ff7820f3f0cbb3394f6f8d51609	gi|2912148662|gb|PQ667709.1|	95.410	100	1.69e-132	305	180228	Paramoeba pemaquidensis	eukaryotes	Paramoeba pemaquidensis
3a9a1ff7820f3f0cbb3394f6f8d51609	gi|2912148669|gb|PQ667713.1|	93.770	100	3.69e-124	305	180228	Paramoeba pemaquidensis	eukaryotes	Paramoeba pemaquidensis
3a9a1ff7820f3f0cbb3394f6f8d51609	gi|2912148667|gb|PQ667712.1|	93.770	100	3.69e-124	305	180228	Paramoeba pemaquidensis	eukaryotes	Paramoeba pemaquidensis
3a9a1ff7820f3f0cbb3394f6f8d51609	gi|2912148665|gb|PQ667711.1|	93.770	100	3.69e-124	305	180228	Paramoeba pemaquidensis	eukaryotes	Paramoeba pemaquidensis
3a9a1ff7820f3f0cbb3394f6f8d51609	gi|2912148664|gb|PQ667710.1|	93.770	100	3.69e-124	305	180228	Paramoeba pemaquidensis	eukaryotes	Paramoeba pemaquidensis
3a9a1ff7820f3f0cbb3394f6f8d51609	gi|1788196779|gb|MN025475.1|	91.148	100	8.11e-111	305	180228	Paramoeba pemaquidensis	eukaryotes	Paramoeba pemaquidensis
3a9a1ff7820f3f0cbb3394f6f8d51609	gi|1079488025|ref|NC_031417.1|	91.148	100	8.11e-111	305	180228	Paramoeba pemaquidensis	eukaryotes	Paramoeba pemaquidensis
3a9a1ff7820f3f0cbb3394f6f8d51609	gi|1788196777|gb|MK990594.1|	90.164	100	8.16e-106	305	308475	Paramoeba branchiphila	eukaryotes	Paramoeba branchiphila
cab03976e75a8cd6a816ed0e9ba37ecd	gi|1465190210|gb|MG936484.1|	99.344	100	1.65e-152	305	186178	Pleopis polyphemoides	crustaceans	Pleopis polyphemoides
cab03976e75a8cd6a816ed0e9ba37ecd	gi|1465189882|gb|MG936320.1|	99.344	100	1.65e-152	305	186178	Pleopis polyphemoides	crustaceans	Pleopis polyphemoides
cab03976e75a8cd6a816ed0e9ba37ecd	gi|1465189706|gb|MG936232.1|	99.344	100	1.65e-152	305	186178	Pleopis polyphemoides	crustaceans	Pleopis polyphemoides
cab03976e75a8cd6a816ed0e9ba37ecd	gi|1465189474|gb|MG936116.1|	99.344	100	1.65e-152	305	186178	Pleopis polyphemoides	crustaceans	Pleopis polyphemoides
cab03976e75a8cd6a816ed0e9ba37ecd	gi|1465189278|gb|MG936018.1|	99.344	100	1.65e-152	305	186178	Pleopis polyphemoides	crustaceans	Pleopis polyphemoides
cab03976e75a8cd6a816ed0e9ba37ecd	gi|189474238|gb|EU675896.1|	99.344	100	1.65e-152	305	186178	Pleopis polyphemoides	crustaceans	Pleopis polyphemoides
cab03976e75a8cd6a816ed0e9ba37ecd	gi|189474236|gb|EU675895.1|	99.344	100	1.65e-152	305	186178	Pleopis polyphemoides	crustaceans	Pleopis polyphemoides
cab03976e75a8cd6a816ed0e9ba37ecd	gi|19071722|gb|AY075050.1|	99.344	100	1.65e-152	305	186178	Pleopis polyphemoides	crustaceans	Pleopis polyphemoides
cab03976e75a8cd6a816ed0e9ba37ecd	gi|116607253|gb|DQ889167.1|	94.426	100	1.71e-127	305	399997	Pleopis sp. BOLD:AAI2700	crustaceans	Pleopis sp. BOLD:AAI2700
cab03976e75a8cd6a816ed0e9ba37ecd	gi|189474276|gb|EU675915.1|	93.770	100	3.69e-124	305	186178	Pleopis polyphemoides	crustaceans	Pleopis polyphemoides
9930bb4f391db153d6118659530a7e1e	gi|2432718004|gb|OQ322815.1|	100.000	100	7.61e-156	305	3023930	Sabellaria vulgaris	segmented worms	Sabellaria vulgaris
9930bb4f391db153d6118659530a7e1e	gi|2432719032|gb|OQ323329.1|	99.016	100	7.66e-151	305	3023930	Sabellaria vulgaris	segmented worms	Sabellaria vulgaris
9930bb4f391db153d6118659530a7e1e	gi|2432718126|gb|OQ322876.1|	99.016	100	7.66e-151	305	3023930	Sabellaria vulgaris	segmented worms	Sabellaria vulgaris
9930bb4f391db153d6118659530a7e1e	gi|2432717692|gb|OQ322659.1|	99.016	100	7.66e-151	305	3023930	Sabellaria vulgaris	segmented worms	Sabellaria vulgaris
bcbdc23d40bf0d9e4a4fb8d415256348	gi|1735237912|ref|NC_044483.1|	99.344	100	1.65e-152	305	86788	Ramalina intermedia	ascomycete fungi	Ramalina intermedia
f3ca4ac7c84eb564ef7774d3ff60418b	gi|335929327|gb|JN050311.1|	90.820	100	3.77e-109	305	1041512	Pseudo-nitzschia hasleana	diatoms	Pseudo-nitzschia hasleana
f3ca4ac7c84eb564ef7774d3ff60418b	gi|335929325|gb|JN050310.1|	90.970	98	1.75e-107	299	1041512	Pseudo-nitzschia hasleana	diatoms	Pseudo-nitzschia hasleana
f3ca4ac7c84eb564ef7774d3ff60418b	gi|1190246093|gb|KX572922.1|	92.419	91	2.94e-105	277	237457	Pseudo-nitzschia caciantha	diatoms	Pseudo-nitzschia caciantha
f3ca4ac7c84eb564ef7774d3ff60418b	gi|1190246097|gb|KX572924.1|	91.489	92	4.91e-103	282	1073398	Pseudo-nitzschia circumpora	diatoms	Pseudo-nitzschia circumpora
f3ca4ac7c84eb564ef7774d3ff60418b	gi|1190246095|gb|KX572923.1|	91.429	92	6.36e-102	280	1073398	Pseudo-nitzschia circumpora	diatoms	Pseudo-nitzschia circumpora
56d08665fd6628431a1bcdd0e610d756	gi|1275508377|gb|KY924883.1|	94.754	100	3.67e-129	305	29910	Tolypocladium inflatum	ascomycete fungi	Tolypocladium inflatum
56d08665fd6628431a1bcdd0e610d756	gi|1275508361|gb|KY924882.1|	94.754	100	3.67e-129	305	29910	Tolypocladium inflatum	ascomycete fungi	Tolypocladium inflatum
56d08665fd6628431a1bcdd0e610d756	gi|1275508345|gb|KY924881.1|	94.754	100	3.67e-129	305	29910	Tolypocladium inflatum	ascomycete fungi	Tolypocladium inflatum
56d08665fd6628431a1bcdd0e610d756	gi|1314948400|ref|NC_036382.1|	94.754	100	3.67e-129	305	29910	Tolypocladium inflatum	ascomycete fungi	Tolypocladium inflatum
56d08665fd6628431a1bcdd0e610d756	gi|2211721647|gb|MT219828.1|	94.754	100	3.67e-129	305	29910	Tolypocladium inflatum	ascomycete fungi	Tolypocladium inflatum
56d08665fd6628431a1bcdd0e610d756	gi|2214664552|ref|NC_061540.1|	94.040	99	3.69e-124	302	2060973	Purpureocillium takamizusanense	ascomycete fungi	Purpureocillium takamizusanense
56d08665fd6628431a1bcdd0e610d756	gi|2026155867|ref|NC_054274.1|	93.729	99	4.78e-123	303	2730933	Tolypocladium guangdongense	ascomycete fungi	Tolypocladium guangdongense
56d08665fd6628431a1bcdd0e610d756	gi|2875317400|gb|PQ822013.1|	93.709	99	1.72e-122	302	33203	Purpureocillium lilacinum	ascomycete fungi	Purpureocillium lilacinum
56d08665fd6628431a1bcdd0e610d756	gi|2258918955|dbj|LC716768.1|	93.709	99	1.72e-122	302	33203	Purpureocillium lilacinum	ascomycete fungi	Purpureocillium lilacinum
56d08665fd6628431a1bcdd0e610d756	gi|2258918932|dbj|LC716767.1|	93.709	99	1.72e-122	302	33203	Purpureocillium lilacinum	ascomycete fungi	Purpureocillium lilacinum
31b6c60ef5045cdc8ad71e328c880819	gi|343915525|gb|JN202434.1|	96.721	100	3.61e-139	305	1076758	Parvamoeba rugata	eukaryotes	Parvamoeba rugata
31b6c60ef5045cdc8ad71e328c880819	gi|343915527|gb|JN202435.1|	96.393	100	1.68e-137	305	1076758	Parvamoeba rugata	eukaryotes	Parvamoeba rugata
0a96db53f7efd03bcdd14286af021ab9	gi|257798977|gb|GQ844253.1|	100.000	97	7.66e-151	296	2853	Cylindrotheca fusiformis	diatoms	Cylindrotheca fusiformis
0a96db53f7efd03bcdd14286af021ab9	gi|257798993|gb|GQ844269.1|	96.949	97	3.61e-139	295	2850	Phaeodactylum tricornutum	diatoms	Phaeodactylum tricornutum
0a96db53f7efd03bcdd14286af021ab9	gi|2073953076|gb|MW849265.1|	90.492	100	1.75e-107	305	2856	Cylindrotheca closterium	diatoms	Cylindrotheca closterium
0a96db53f7efd03bcdd14286af021ab9	gi|257798976|gb|GQ844252.1|	90.244	94	3.82e-99	287	2856	Cylindrotheca closterium	diatoms	Cylindrotheca closterium
de6c4c3dd66f329e8d43e362bb9089a0	gi|1847694119|ref|NC_048526.1|	91.148	100	8.11e-111	305	3133	Codium fragile	green algae	Codium fragile
de6c4c3dd66f329e8d43e362bb9089a0	gi|1418586581|ref|NC_037986.1|	90.000	95	3.82e-99	290	2856	Cylindrotheca closterium	diatoms	Cylindrotheca closterium
881f6d04f9e50c1e4a30ce4b4ecb9c69	gi|1847694119|ref|NC_048526.1|	91.475	100	1.74e-112	305	3133	Codium fragile	green algae	Codium fragile
881f6d04f9e50c1e4a30ce4b4ecb9c69	gi|2073953076|gb|MW849265.1|	90.164	100	8.16e-106	305	2856	Cylindrotheca closterium	diatoms	Cylindrotheca closterium
881f6d04f9e50c1e4a30ce4b4ecb9c69	gi|1418586581|ref|NC_037986.1|	90.345	95	8.22e-101	290	2856	Cylindrotheca closterium	diatoms	Cylindrotheca closterium
881f6d04f9e50c1e4a30ce4b4ecb9c69	gi|257798977|gb|GQ844253.1|	90.102	96	8.22e-101	293	2853	Cylindrotheca fusiformis	diatoms	Cylindrotheca fusiformis
44a50f1dfcee6526ead3450de8102a7f	gi|1847694119|ref|NC_048526.1|	91.148	100	8.11e-111	305	3133	Codium fragile	green algae	Codium fragile
44a50f1dfcee6526ead3450de8102a7f	gi|257798977|gb|GQ844253.1|	90.102	96	8.22e-101	293	2853	Cylindrotheca fusiformis	diatoms	Cylindrotheca fusiformis
44a50f1dfcee6526ead3450de8102a7f	gi|1418586581|ref|NC_037986.1|	90.000	95	3.82e-99	290	2856	Cylindrotheca closterium	diatoms	Cylindrotheca closterium
8182be72a2c1206a45bb7bb81afe8050	gi|310690184|gb|HQ317078.1|	93.770	100	3.69e-124	305	185982	Nitzschia cf. promare	diatoms	Nitzschia cf. promare
f143b27bb30560c40daab2efc7e75367	gi|310690184|gb|HQ317078.1|	94.098	100	7.94e-126	305	185982	Nitzschia cf. promare	diatoms	Nitzschia cf. promare
2b1f8cf05413cd77cf1d512d33b14305	gi|257798977|gb|GQ844253.1|	93.515	96	1.73e-117	293	2853	Cylindrotheca fusiformis	diatoms	Cylindrotheca fusiformis
2b1f8cf05413cd77cf1d512d33b14305	gi|2073953076|gb|MW849265.1|	90.492	100	1.75e-107	305	2856	Cylindrotheca closterium	diatoms	Cylindrotheca closterium
2b1f8cf05413cd77cf1d512d33b14305	gi|257798993|gb|GQ844269.1|	90.444	96	2.27e-106	293	2850	Phaeodactylum tricornutum	diatoms	Phaeodactylum tricornutum
2b1f8cf05413cd77cf1d512d33b14305	gi|1418586581|ref|NC_037986.1|	90.941	94	1.77e-102	287	2856	Cylindrotheca closterium	diatoms	Cylindrotheca closterium
2b1f8cf05413cd77cf1d512d33b14305	gi|257798976|gb|GQ844252.1|	90.592	94	8.22e-101	287	2856	Cylindrotheca closterium	diatoms	Cylindrotheca closterium
018586917d2edf8f9850f759af6008e8	gi|2460634927|gb|OQ644558.1|	93.115	100	7.99e-121	305	2812786	Temora sp.	crustaceans	Temora sp.
e44a902f60a6a026cc1693c8ac045ff5	gi|2337352571|gb|ON155433.1|	99.672	100	3.54e-154	305	2931363	Sternaspis buzhinskajae	segmented worms	Sternaspis buzhinskajae
e44a902f60a6a026cc1693c8ac045ff5	gi|301298695|gb|HM473807.1|	99.344	100	1.65e-152	305	36133	Sternaspis scutata	segmented worms	Sternaspis scutata
e44a902f60a6a026cc1693c8ac045ff5	gi|301298693|gb|HM473806.1|	99.344	100	1.65e-152	305	36133	Sternaspis scutata	segmented worms	Sternaspis scutata
e44a902f60a6a026cc1693c8ac045ff5	gi|614115483|gb|KJ466057.1|	99.342	99	5.92e-152	304	36133	Sternaspis scutata	segmented worms	Sternaspis scutata
80db7687cc7286b450038a1715923e28	gi|2003951393|gb|MT302332.1|	96.358	99	7.82e-136	302	2817451	Anoecia sp. NS1	aphids	Anoecia sp. NS1
80db7687cc7286b450038a1715923e28	gi|2739944196|emb|OZ060897.1|	95.710	99	4.71e-133	303	874299	Anoecia corni	aphids	Anoecia corni
80db7687cc7286b450038a1715923e28	gi|426398487|gb|JQ920912.1|	95.695	99	1.69e-132	302	133068	Anoecia fulviabdominalis	aphids	Anoecia fulviabdominalis
80db7687cc7286b450038a1715923e28	gi|296825303|gb|GU667467.1|	95.695	99	1.69e-132	302	2548850	Anoecia sp. RFQC126-09	aphids	Anoecia sp. RFQC126-09
80db7687cc7286b450038a1715923e28	gi|1321375967|gb|MG167824.1|	95.364	99	7.88e-131	302	133068	Anoecia fulviabdominalis	aphids	Anoecia fulviabdominalis
80db7687cc7286b450038a1715923e28	gi|835482594|gb|KP722588.1|	95.364	99	7.88e-131	302	133068	Anoecia fulviabdominalis	aphids	Anoecia fulviabdominalis
80db7687cc7286b450038a1715923e28	gi|570339566|gb|KF638733.1|	95.364	99	7.88e-131	302	874299	Anoecia corni	aphids	Anoecia corni
80db7687cc7286b450038a1715923e28	gi|515025572|gb|JX489650.1|	95.364	99	7.88e-131	302	133068	Anoecia fulviabdominalis	aphids	Anoecia fulviabdominalis
80db7687cc7286b450038a1715923e28	gi|831434724|gb|KM501362.1|	95.033	99	3.67e-129	302	133068	Anoecia fulviabdominalis	aphids	Anoecia fulviabdominalis
80db7687cc7286b450038a1715923e28	gi|188502555|gb|EU701293.1|	94.754	100	3.67e-129	305	133068	Anoecia fulviabdominalis	aphids	Anoecia fulviabdominalis
d69a40c91935dfcef0b07bf8c0c62a4c	gi|429140793|gb|KC015742.1|	100.000	100	7.61e-156	305	7769	Myxine glutinosa	hagfishes	Atlantic hagfish
d69a40c91935dfcef0b07bf8c0c62a4c	gi|475989065|gb|KC807332.1|	99.672	100	3.54e-154	305	1314856	Myxine limosa	hagfishes	Myxine limosa
d69a40c91935dfcef0b07bf8c0c62a4c	gi|475989055|gb|KC807327.1|	99.672	100	3.54e-154	305	1314856	Myxine limosa	hagfishes	Myxine limosa
d69a40c91935dfcef0b07bf8c0c62a4c	gi|429140797|gb|KC015744.1|	99.672	100	3.54e-154	305	7769	Myxine glutinosa	hagfishes	Atlantic hagfish
d69a40c91935dfcef0b07bf8c0c62a4c	gi|475989053|gb|KC807326.1|	99.344	100	1.65e-152	305	1314856	Myxine limosa	hagfishes	Myxine limosa
d69a40c91935dfcef0b07bf8c0c62a4c	gi|475989057|gb|KC807328.1|	99.016	100	7.66e-151	305	1314856	Myxine limosa	hagfishes	Myxine limosa
d69a40c91935dfcef0b07bf8c0c62a4c	gi|2744382921|emb|OZ076437.1|	98.689	100	3.56e-149	305	7769	Myxine glutinosa	hagfishes	Atlantic hagfish
d69a40c91935dfcef0b07bf8c0c62a4c	gi|651209046|gb|KJ128560.1|	98.689	100	3.56e-149	305	7769	Myxine glutinosa	hagfishes	Atlantic hagfish
d69a40c91935dfcef0b07bf8c0c62a4c	gi|3093325|emb|Y15182.1|	98.689	100	3.56e-149	305	7769	Myxine glutinosa	hagfishes	Atlantic hagfish
d69a40c91935dfcef0b07bf8c0c62a4c	gi|475989077|gb|KC807338.1|	98.361	100	1.66e-147	305	7769	Myxine glutinosa	hagfishes	Atlantic hagfish
6c92aec5b649a587533746e1b87dea20	gi|475989065|gb|KC807332.1|	99.672	100	3.54e-154	305	1314856	Myxine limosa	hagfishes	Myxine limosa
6c92aec5b649a587533746e1b87dea20	gi|475989055|gb|KC807327.1|	99.672	100	3.54e-154	305	1314856	Myxine limosa	hagfishes	Myxine limosa
6c92aec5b649a587533746e1b87dea20	gi|429140797|gb|KC015744.1|	99.672	100	3.54e-154	305	7769	Myxine glutinosa	hagfishes	Atlantic hagfish
6c92aec5b649a587533746e1b87dea20	gi|475989053|gb|KC807326.1|	99.344	100	1.65e-152	305	1314856	Myxine limosa	hagfishes	Myxine limosa
6c92aec5b649a587533746e1b87dea20	gi|429140793|gb|KC015742.1|	99.344	100	1.65e-152	305	7769	Myxine glutinosa	hagfishes	Atlantic hagfish
6c92aec5b649a587533746e1b87dea20	gi|2744382921|emb|OZ076437.1|	99.016	100	7.66e-151	305	7769	Myxine glutinosa	hagfishes	Atlantic hagfish
6c92aec5b649a587533746e1b87dea20	gi|651209046|gb|KJ128560.1|	99.016	100	7.66e-151	305	7769	Myxine glutinosa	hagfishes	Atlantic hagfish
6c92aec5b649a587533746e1b87dea20	gi|475989057|gb|KC807328.1|	99.016	100	7.66e-151	305	1314856	Myxine limosa	hagfishes	Myxine limosa
6c92aec5b649a587533746e1b87dea20	gi|3093325|emb|Y15182.1|	99.016	100	7.66e-151	305	7769	Myxine glutinosa	hagfishes	Atlantic hagfish
6c92aec5b649a587533746e1b87dea20	gi|1894457190|gb|MT410890.1|	98.689	100	9.91e-150	305	7769	Myxine glutinosa	hagfishes	Atlantic hagfish
42ee47eb93a71e3c3dc5fa76493b6de5	gi|1776910796|gb|MK330893.1|	92.203	96	6.34e-112	295	2675676	Philodina corrugata	rotifers	Philodina corrugata
42ee47eb93a71e3c3dc5fa76493b6de5	gi|301068928|gb|GQ465645.1|	90.909	100	8.20e-111	308	104782	Adineta vaga	rotifers	Adineta vaga
42ee47eb93a71e3c3dc5fa76493b6de5	gi|301068926|gb|GQ465644.1|	90.909	100	8.20e-111	308	104782	Adineta vaga	rotifers	Adineta vaga
42ee47eb93a71e3c3dc5fa76493b6de5	gi|239584331|gb|FJ426427.1|	90.584	100	3.81e-109	308	468668	Pleuretra lineata	rotifers	Pleuretra lineata
42ee47eb93a71e3c3dc5fa76493b6de5	gi|239584329|gb|FJ426426.1|	90.584	100	3.81e-109	308	468668	Pleuretra lineata	rotifers	Pleuretra lineata
42ee47eb93a71e3c3dc5fa76493b6de5	gi|134141788|gb|EF173258.1|	90.584	100	3.81e-109	308	104782	Adineta vaga	rotifers	Adineta vaga
42ee47eb93a71e3c3dc5fa76493b6de5	gi|134141776|gb|EF173252.1|	90.584	100	3.81e-109	308	104782	Adineta vaga	rotifers	Adineta vaga
42ee47eb93a71e3c3dc5fa76493b6de5	gi|301068930|gb|GQ465646.1|	90.260	100	4.93e-108	308	104782	Adineta vaga	rotifers	Adineta vaga
42ee47eb93a71e3c3dc5fa76493b6de5	gi|659495575|gb|KJ543643.1|	90.728	98	1.77e-107	302	1511448	Bdelloidea sp. Bd30_01	rotifers	Bdelloidea sp. Bd30_01
42ee47eb93a71e3c3dc5fa76493b6de5	gi|134141678|gb|EF173203.1|	90.260	100	1.77e-107	308	433711	Adineta sp. MX.1.1	rotifers	Adineta sp. MX.1.1
c32dc1df3e9f9abc4797e836a1e7a451	gi|159798042|gb|EU126143.1|	98.052	100	1.68e-147	308	89963	Heterocapsa rotundata	dinoflagellates	Heterocapsa rotundata
c32dc1df3e9f9abc4797e836a1e7a451	gi|118490538|gb|EF036582.2|	98.052	100	1.68e-147	308	89963	Heterocapsa rotundata	dinoflagellates	Heterocapsa rotundata
d9462672e66f1e6e043631fe1faf135e	gi|159798042|gb|EU126143.1|	98.701	100	7.74e-151	308	89963	Heterocapsa rotundata	dinoflagellates	Heterocapsa rotundata
d9462672e66f1e6e043631fe1faf135e	gi|118490538|gb|EF036582.2|	98.701	100	7.74e-151	308	89963	Heterocapsa rotundata	dinoflagellates	Heterocapsa rotundata
23ef92fc983e9d1fd740be60421b16c4	gi|288956489|gb|GQ501762.1|	99.026	100	1.66e-152	308	187300	uncultured dinoflagellate	dinoflagellates	uncultured dinoflagellate
23ef92fc983e9d1fd740be60421b16c4	gi|2303466645|gb|OM453928.1|	99.016	99	7.74e-151	305	584794	Biecheleria cincta	dinoflagellates	Biecheleria cincta
23ef92fc983e9d1fd740be60421b16c4	gi|301506314|gb|HM355858.1|	99.016	99	7.74e-151	305	313252	Woloszynskia sp. CS-341	dinoflagellates	Woloszynskia sp. CS-341
23ef92fc983e9d1fd740be60421b16c4	gi|288956840|gb|GQ502113.1|	99.016	99	7.74e-151	305	671500	Woloszynskia sp. S4-35	dinoflagellates	Woloszynskia sp. S4-35
23ef92fc983e9d1fd740be60421b16c4	gi|288956664|gb|GQ501937.1|	99.016	99	7.74e-151	305	718267	uncultured Woloszynskia	dinoflagellates	uncultured Woloszynskia
23ef92fc983e9d1fd740be60421b16c4	gi|288956838|gb|GQ502111.1|	98.689	99	3.60e-149	305	671499	Woloszynskia sp. ES1-2	dinoflagellates	Woloszynskia sp. ES1-2
23ef92fc983e9d1fd740be60421b16c4	gi|288956480|gb|GQ501753.1|	97.682	98	1.31e-143	302	187300	uncultured dinoflagellate	dinoflagellates	uncultured dinoflagellate
23ef92fc983e9d1fd740be60421b16c4	gi|2054066317|gb|MW819745.1|	96.429	100	3.65e-139	308	2820258	Philozoon balanophyllum	dinoflagellates	Philozoon balanophyllum
23ef92fc983e9d1fd740be60421b16c4	gi|2054066313|gb|MW819743.1|	96.429	100	3.65e-139	308	2820260	Philozoon geddesianum	dinoflagellates	Philozoon geddesianum
23ef92fc983e9d1fd740be60421b16c4	gi|2054066311|gb|MW819742.1|	96.429	100	3.65e-139	308	2820261	Philozoon paranemonium	dinoflagellates	Philozoon paranemonium
605b5fca864eacec3dac923a6cba3d61	gi|288956536|gb|GQ501809.1|	100.000	100	1.65e-157	308	187300	uncultured dinoflagellate	dinoflagellates	uncultured dinoflagellate
605b5fca864eacec3dac923a6cba3d61	gi|288956277|gb|GQ501550.1|	100.000	100	1.65e-157	308	187300	uncultured dinoflagellate	dinoflagellates	uncultured dinoflagellate
605b5fca864eacec3dac923a6cba3d61	gi|288956271|gb|GQ501544.1|	100.000	100	1.65e-157	308	187300	uncultured dinoflagellate	dinoflagellates	uncultured dinoflagellate
605b5fca864eacec3dac923a6cba3d61	gi|288956261|gb|GQ501534.1|	100.000	100	1.65e-157	308	187300	uncultured dinoflagellate	dinoflagellates	uncultured dinoflagellate
605b5fca864eacec3dac923a6cba3d61	gi|288956254|gb|GQ501527.1|	100.000	100	1.65e-157	308	187300	uncultured dinoflagellate	dinoflagellates	uncultured dinoflagellate
605b5fca864eacec3dac923a6cba3d61	gi|288956809|gb|GQ502082.1|	99.675	100	7.69e-156	308	187300	uncultured dinoflagellate	dinoflagellates	uncultured dinoflagellate
605b5fca864eacec3dac923a6cba3d61	gi|288956275|gb|GQ501548.1|	99.675	100	7.69e-156	308	187300	uncultured dinoflagellate	dinoflagellates	uncultured dinoflagellate
605b5fca864eacec3dac923a6cba3d61	gi|288956257|gb|GQ501530.1|	99.675	100	7.69e-156	308	187300	uncultured dinoflagellate	dinoflagellates	uncultured dinoflagellate
605b5fca864eacec3dac923a6cba3d61	gi|288956221|gb|GQ501494.1|	99.675	100	7.69e-156	308	187300	uncultured dinoflagellate	dinoflagellates	uncultured dinoflagellate
605b5fca864eacec3dac923a6cba3d61	gi|288956170|gb|GQ501443.1|	99.675	100	7.69e-156	308	187300	uncultured dinoflagellate	dinoflagellates	uncultured dinoflagellate
0f7b895f91c5b8380486b0cc9c86bf18	gi|2854617126|gb|PQ619108.1|	100.000	100	7.61e-156	305	869203	Echinarachnius parma	sea urchins	Echinarachnius parma
0f7b895f91c5b8380486b0cc9c86bf18	gi|1563835536|gb|MK308297.1|	100.000	100	7.61e-156	305	869203	Echinarachnius parma	sea urchins	Echinarachnius parma
0f7b895f91c5b8380486b0cc9c86bf18	gi|1563835516|gb|MK308286.1|	100.000	100	7.61e-156	305	869203	Echinarachnius parma	sea urchins	Echinarachnius parma
0f7b895f91c5b8380486b0cc9c86bf18	gi|1877093201|gb|MT736390.1|	100.000	100	7.61e-156	305	869203	Echinarachnius parma	sea urchins	Echinarachnius parma
0f7b895f91c5b8380486b0cc9c86bf18	gi|1877093199|gb|MT736389.1|	100.000	100	7.61e-156	305	869203	Echinarachnius parma	sea urchins	Echinarachnius parma
0f7b895f91c5b8380486b0cc9c86bf18	gi|1877093197|gb|MT736388.1|	100.000	100	7.61e-156	305	869203	Echinarachnius parma	sea urchins	Echinarachnius parma
0f7b895f91c5b8380486b0cc9c86bf18	gi|1877093195|gb|MT736387.1|	100.000	100	7.61e-156	305	869203	Echinarachnius parma	sea urchins	Echinarachnius parma
0f7b895f91c5b8380486b0cc9c86bf18	gi|1877093193|gb|MT736386.1|	100.000	100	7.61e-156	305	869203	Echinarachnius parma	sea urchins	Echinarachnius parma
0f7b895f91c5b8380486b0cc9c86bf18	gi|1877093191|gb|MT736385.1|	100.000	100	7.61e-156	305	869203	Echinarachnius parma	sea urchins	Echinarachnius parma
0f7b895f91c5b8380486b0cc9c86bf18	gi|1877093187|gb|MT736383.1|	100.000	100	7.61e-156	305	869203	Echinarachnius parma	sea urchins	Echinarachnius parma
3dac4ff3e1ab0f7add823654cfb7b87d	gi|2868138927|gb|PQ739958.1|	100.000	100	7.61e-156	305	190468	Ophelina acuminata	segmented worms	Ophelina acuminata
3dac4ff3e1ab0f7add823654cfb7b87d	gi|305653483|gb|HQ024164.1|	100.000	100	7.61e-156	305	880401	Ophelina acuminata CMC02	segmented worms	Ophelina acuminata CMC02
3dac4ff3e1ab0f7add823654cfb7b87d	gi|305653489|gb|HQ024167.1|	99.672	100	3.54e-154	305	880401	Ophelina acuminata CMC02	segmented worms	Ophelina acuminata CMC02
3dac4ff3e1ab0f7add823654cfb7b87d	gi|305653485|gb|HQ024165.1|	99.344	100	1.65e-152	305	880401	Ophelina acuminata CMC02	segmented worms	Ophelina acuminata CMC02
3dac4ff3e1ab0f7add823654cfb7b87d	gi|305653487|gb|HQ024166.1|	99.322	97	5.96e-147	295	880401	Ophelina acuminata CMC02	segmented worms	Ophelina acuminata CMC02
3dac4ff3e1ab0f7add823654cfb7b87d	gi|443908194|gb|KC164693.1|	96.066	100	7.82e-136	305	190468	Ophelina acuminata	segmented worms	Ophelina acuminata
3dac4ff3e1ab0f7add823654cfb7b87d	gi|305415430|gb|HQ023898.1|	95.082	100	7.88e-131	305	879542	Ophelina acuminata CMC01	segmented worms	Ophelina acuminata CMC01
3dac4ff3e1ab0f7add823654cfb7b87d	gi|305415432|gb|HQ023899.1|	94.426	100	1.71e-127	305	879542	Ophelina acuminata CMC01	segmented worms	Ophelina acuminata CMC01
3dac4ff3e1ab0f7add823654cfb7b87d	gi|1717389825|gb|MN138411.1|	95.760	93	1.33e-123	283	190468	Ophelina acuminata	segmented worms	Ophelina acuminata
3dac4ff3e1ab0f7add823654cfb7b87d	gi|2442278481|gb|OQ417234.1|	95.390	92	2.22e-121	282	190468	Ophelina acuminata	segmented worms	Ophelina acuminata
651d6455bc08b8e9cfd71c2ed613824a	gi|2161774800|gb|MZ216540.1|	93.919	97	7.99e-121	296	307672	Tetrastemma candidum	ribbon worms	Tetrastemma candidum
651d6455bc08b8e9cfd71c2ed613824a	gi|2161774802|gb|MZ216541.1|	93.836	96	1.34e-118	292	307672	Tetrastemma candidum	ribbon worms	Tetrastemma candidum
2c14b793831ec2e440b9bbb888c6c25c	gi|2023366817|gb|MW888753.1|	95.082	100	7.88e-131	305	74736	Nais elinguis	segmented worms	Nais elinguis
2c14b793831ec2e440b9bbb888c6c25c	gi|2871496283|gb|PP136650.1|	94.754	100	3.67e-129	305	74736	Nais elinguis	segmented worms	Nais elinguis
2c14b793831ec2e440b9bbb888c6c25c	gi|2023366823|gb|MW888755.1|	94.754	100	3.67e-129	305	74736	Nais elinguis	segmented worms	Nais elinguis
2c14b793831ec2e440b9bbb888c6c25c	gi|2871496295|gb|PP136656.1|	94.702	99	1.71e-127	302	74736	Nais elinguis	segmented worms	Nais elinguis
2c14b793831ec2e440b9bbb888c6c25c	gi|2871496293|gb|PP136655.1|	94.702	99	1.71e-127	302	74736	Nais elinguis	segmented worms	Nais elinguis
2c14b793831ec2e440b9bbb888c6c25c	gi|1002340033|emb|LN999283.1|	94.702	99	1.71e-127	302	74736	Nais elinguis	segmented worms	Nais elinguis
2c14b793831ec2e440b9bbb888c6c25c	gi|378532124|gb|JQ519868.1|	94.702	99	1.71e-127	302	74736	Nais elinguis	segmented worms	Nais elinguis
2c14b793831ec2e440b9bbb888c6c25c	gi|378532128|gb|JQ519870.1|	94.702	99	1.71e-127	302	74736	Nais elinguis	segmented worms	Nais elinguis
2c14b793831ec2e440b9bbb888c6c25c	gi|378532108|gb|JQ519860.1|	94.702	99	1.71e-127	302	74736	Nais elinguis	segmented worms	Nais elinguis
2c14b793831ec2e440b9bbb888c6c25c	gi|2871496309|gb|PP136663.1|	94.371	99	7.94e-126	302	74736	Nais elinguis	segmented worms	Nais elinguis
ebce62cfb0ed7a4bb391d283010f2b8c	gi|2871496521|gb|PP136769.1|	100.000	100	7.61e-156	305	3386355	Paranais sp. CEE	segmented worms	Paranais sp. CEE
ebce62cfb0ed7a4bb391d283010f2b8c	gi|2871496513|gb|PP136765.1|	100.000	100	7.61e-156	305	3386355	Paranais sp. CEE	segmented worms	Paranais sp. CEE
ebce62cfb0ed7a4bb391d283010f2b8c	gi|2871496511|gb|PP136764.1|	100.000	100	7.61e-156	305	3386355	Paranais sp. CEE	segmented worms	Paranais sp. CEE
ebce62cfb0ed7a4bb391d283010f2b8c	gi|2871496509|gb|PP136763.1|	100.000	100	7.61e-156	305	3386355	Paranais sp. CEE	segmented worms	Paranais sp. CEE
ebce62cfb0ed7a4bb391d283010f2b8c	gi|2871496507|gb|PP136762.1|	100.000	100	7.61e-156	305	3386355	Paranais sp. CEE	segmented worms	Paranais sp. CEE
ebce62cfb0ed7a4bb391d283010f2b8c	gi|2871496501|gb|PP136759.1|	100.000	100	7.61e-156	305	3386355	Paranais sp. CEE	segmented worms	Paranais sp. CEE
ebce62cfb0ed7a4bb391d283010f2b8c	gi|2871496517|gb|PP136767.1|	99.672	100	3.54e-154	305	3386355	Paranais sp. CEE	segmented worms	Paranais sp. CEE
ebce62cfb0ed7a4bb391d283010f2b8c	gi|2871496505|gb|PP136761.1|	99.672	100	3.54e-154	305	3386355	Paranais sp. CEE	segmented worms	Paranais sp. CEE
ebce62cfb0ed7a4bb391d283010f2b8c	gi|808182033|gb|KP204261.1|	99.672	100	3.54e-154	305	74742	Paranais litoralis	segmented worms	Paranais litoralis
ebce62cfb0ed7a4bb391d283010f2b8c	gi|2871496503|gb|PP136760.1|	98.689	100	3.56e-149	305	3386355	Paranais sp. CEE	segmented worms	Paranais sp. CEE
57ee1feec6e6501137c34e4ac4b9026a	gi|2871496521|gb|PP136769.1|	99.672	100	3.54e-154	305	3386355	Paranais sp. CEE	segmented worms	Paranais sp. CEE
57ee1feec6e6501137c34e4ac4b9026a	gi|2871496513|gb|PP136765.1|	99.672	100	3.54e-154	305	3386355	Paranais sp. CEE	segmented worms	Paranais sp. CEE
57ee1feec6e6501137c34e4ac4b9026a	gi|2871496511|gb|PP136764.1|	99.672	100	3.54e-154	305	3386355	Paranais sp. CEE	segmented worms	Paranais sp. CEE
57ee1feec6e6501137c34e4ac4b9026a	gi|2871496509|gb|PP136763.1|	99.672	100	3.54e-154	305	3386355	Paranais sp. CEE	segmented worms	Paranais sp. CEE
57ee1feec6e6501137c34e4ac4b9026a	gi|2871496507|gb|PP136762.1|	99.672	100	3.54e-154	305	3386355	Paranais sp. CEE	segmented worms	Paranais sp. CEE
57ee1feec6e6501137c34e4ac4b9026a	gi|2871496501|gb|PP136759.1|	99.672	100	3.54e-154	305	3386355	Paranais sp. CEE	segmented worms	Paranais sp. CEE
57ee1feec6e6501137c34e4ac4b9026a	gi|2871496517|gb|PP136767.1|	99.344	100	1.65e-152	305	3386355	Paranais sp. CEE	segmented worms	Paranais sp. CEE
57ee1feec6e6501137c34e4ac4b9026a	gi|2871496505|gb|PP136761.1|	99.344	100	1.65e-152	305	3386355	Paranais sp. CEE	segmented worms	Paranais sp. CEE
57ee1feec6e6501137c34e4ac4b9026a	gi|808182033|gb|KP204261.1|	99.344	100	1.65e-152	305	74742	Paranais litoralis	segmented worms	Paranais litoralis
57ee1feec6e6501137c34e4ac4b9026a	gi|2871496503|gb|PP136760.1|	98.361	100	1.66e-147	305	3386355	Paranais sp. CEE	segmented worms	Paranais sp. CEE
19e97b2b9119235c06fad549a6ce56bb	gi|515419127|gb|JX995171.1|	99.344	100	1.65e-152	305	463189	Centropages typicus	crustaceans	Centropages typicus
19e97b2b9119235c06fad549a6ce56bb	gi|959315753|gb|KT952468.1|	99.016	100	7.66e-151	305	463189	Centropages typicus	crustaceans	Centropages typicus
19e97b2b9119235c06fad549a6ce56bb	gi|515418970|gb|JX995170.1|	99.016	100	7.66e-151	305	463189	Centropages typicus	crustaceans	Centropages typicus
19e97b2b9119235c06fad549a6ce56bb	gi|936253002|gb|KT208802.1|	98.689	100	3.56e-149	305	463189	Centropages typicus	crustaceans	Centropages typicus
19e97b2b9119235c06fad549a6ce56bb	gi|515418966|gb|JX995168.1|	98.689	100	3.56e-149	305	463189	Centropages typicus	crustaceans	Centropages typicus
19e97b2b9119235c06fad549a6ce56bb	gi|959315749|gb|KT952466.1|	98.361	100	1.66e-147	305	463189	Centropages typicus	crustaceans	Centropages typicus
19e97b2b9119235c06fad549a6ce56bb	gi|936253212|gb|KT208907.1|	98.361	100	1.66e-147	305	463189	Centropages typicus	crustaceans	Centropages typicus
19e97b2b9119235c06fad549a6ce56bb	gi|515419133|gb|JX995173.1|	98.361	100	1.66e-147	305	463189	Centropages typicus	crustaceans	Centropages typicus
19e97b2b9119235c06fad549a6ce56bb	gi|515419131|gb|JX995172.1|	98.361	100	1.66e-147	305	463189	Centropages typicus	crustaceans	Centropages typicus
19e97b2b9119235c06fad549a6ce56bb	gi|515418958|gb|JX995167.1|	98.361	100	1.66e-147	305	463189	Centropages typicus	crustaceans	Centropages typicus
4a827dce80ef2452df35026f449b033d	gi|959315753|gb|KT952468.1|	99.672	100	3.54e-154	305	463189	Centropages typicus	crustaceans	Centropages typicus
4a827dce80ef2452df35026f449b033d	gi|515418970|gb|JX995170.1|	99.672	100	3.54e-154	305	463189	Centropages typicus	crustaceans	Centropages typicus
4a827dce80ef2452df35026f449b033d	gi|515419127|gb|JX995171.1|	99.344	100	1.65e-152	305	463189	Centropages typicus	crustaceans	Centropages typicus
4a827dce80ef2452df35026f449b033d	gi|515418966|gb|JX995168.1|	99.344	100	1.65e-152	305	463189	Centropages typicus	crustaceans	Centropages typicus
4a827dce80ef2452df35026f449b033d	gi|959315749|gb|KT952466.1|	99.016	100	7.66e-151	305	463189	Centropages typicus	crustaceans	Centropages typicus
4a827dce80ef2452df35026f449b033d	gi|936253212|gb|KT208907.1|	99.016	100	7.66e-151	305	463189	Centropages typicus	crustaceans	Centropages typicus
4a827dce80ef2452df35026f449b033d	gi|936253002|gb|KT208802.1|	99.016	100	7.66e-151	305	463189	Centropages typicus	crustaceans	Centropages typicus
4a827dce80ef2452df35026f449b033d	gi|515419133|gb|JX995173.1|	99.016	100	7.66e-151	305	463189	Centropages typicus	crustaceans	Centropages typicus
4a827dce80ef2452df35026f449b033d	gi|515419131|gb|JX995172.1|	99.016	100	7.66e-151	305	463189	Centropages typicus	crustaceans	Centropages typicus
4a827dce80ef2452df35026f449b033d	gi|515418958|gb|JX995167.1|	99.016	100	7.66e-151	305	463189	Centropages typicus	crustaceans	Centropages typicus
13bf4c1e94c4ffd2adb5b9fc1dfd6a23	gi|959315753|gb|KT952468.1|	99.344	100	1.65e-152	305	463189	Centropages typicus	crustaceans	Centropages typicus
13bf4c1e94c4ffd2adb5b9fc1dfd6a23	gi|936253002|gb|KT208802.1|	99.344	100	1.65e-152	305	463189	Centropages typicus	crustaceans	Centropages typicus
13bf4c1e94c4ffd2adb5b9fc1dfd6a23	gi|515419127|gb|JX995171.1|	99.344	100	1.65e-152	305	463189	Centropages typicus	crustaceans	Centropages typicus
13bf4c1e94c4ffd2adb5b9fc1dfd6a23	gi|515418970|gb|JX995170.1|	99.344	100	1.65e-152	305	463189	Centropages typicus	crustaceans	Centropages typicus
13bf4c1e94c4ffd2adb5b9fc1dfd6a23	gi|515418966|gb|JX995168.1|	99.016	100	7.66e-151	305	463189	Centropages typicus	crustaceans	Centropages typicus
13bf4c1e94c4ffd2adb5b9fc1dfd6a23	gi|515418933|gb|JX995165.1|	99.016	100	7.66e-151	305	463189	Centropages typicus	crustaceans	Centropages typicus
13bf4c1e94c4ffd2adb5b9fc1dfd6a23	gi|959315749|gb|KT952466.1|	98.689	100	3.56e-149	305	463189	Centropages typicus	crustaceans	Centropages typicus
13bf4c1e94c4ffd2adb5b9fc1dfd6a23	gi|936253212|gb|KT208907.1|	98.689	100	3.56e-149	305	463189	Centropages typicus	crustaceans	Centropages typicus
13bf4c1e94c4ffd2adb5b9fc1dfd6a23	gi|515419133|gb|JX995173.1|	98.689	100	3.56e-149	305	463189	Centropages typicus	crustaceans	Centropages typicus
13bf4c1e94c4ffd2adb5b9fc1dfd6a23	gi|515419131|gb|JX995172.1|	98.689	100	3.56e-149	305	463189	Centropages typicus	crustaceans	Centropages typicus
dfeb5f1cee7979b3d2585b73f126a721	gi|515418958|gb|JX995167.1|	99.344	100	1.65e-152	305	463189	Centropages typicus	crustaceans	Centropages typicus
dfeb5f1cee7979b3d2585b73f126a721	gi|515418966|gb|JX995168.1|	99.016	100	7.66e-151	305	463189	Centropages typicus	crustaceans	Centropages typicus
dfeb5f1cee7979b3d2585b73f126a721	gi|959315753|gb|KT952468.1|	98.689	100	3.56e-149	305	463189	Centropages typicus	crustaceans	Centropages typicus
dfeb5f1cee7979b3d2585b73f126a721	gi|936253212|gb|KT208907.1|	98.689	100	3.56e-149	305	463189	Centropages typicus	crustaceans	Centropages typicus
dfeb5f1cee7979b3d2585b73f126a721	gi|936253002|gb|KT208802.1|	98.689	100	3.56e-149	305	463189	Centropages typicus	crustaceans	Centropages typicus
dfeb5f1cee7979b3d2585b73f126a721	gi|515419133|gb|JX995173.1|	98.689	100	3.56e-149	305	463189	Centropages typicus	crustaceans	Centropages typicus
dfeb5f1cee7979b3d2585b73f126a721	gi|515418970|gb|JX995170.1|	98.689	100	3.56e-149	305	463189	Centropages typicus	crustaceans	Centropages typicus
dfeb5f1cee7979b3d2585b73f126a721	gi|515418933|gb|JX995165.1|	98.689	100	3.56e-149	305	463189	Centropages typicus	crustaceans	Centropages typicus
dfeb5f1cee7979b3d2585b73f126a721	gi|515419131|gb|JX995172.1|	98.361	100	1.66e-147	305	463189	Centropages typicus	crustaceans	Centropages typicus
dfeb5f1cee7979b3d2585b73f126a721	gi|515419127|gb|JX995171.1|	98.361	100	1.66e-147	305	463189	Centropages typicus	crustaceans	Centropages typicus
b4f51934503297d1b2ce4dfe9395612c	gi|515418966|gb|JX995168.1|	99.344	100	1.65e-152	305	463189	Centropages typicus	crustaceans	Centropages typicus
b4f51934503297d1b2ce4dfe9395612c	gi|959315753|gb|KT952468.1|	99.016	100	7.66e-151	305	463189	Centropages typicus	crustaceans	Centropages typicus
b4f51934503297d1b2ce4dfe9395612c	gi|936253212|gb|KT208907.1|	99.016	100	7.66e-151	305	463189	Centropages typicus	crustaceans	Centropages typicus
b4f51934503297d1b2ce4dfe9395612c	gi|936253002|gb|KT208802.1|	99.016	100	7.66e-151	305	463189	Centropages typicus	crustaceans	Centropages typicus
b4f51934503297d1b2ce4dfe9395612c	gi|515419133|gb|JX995173.1|	99.016	100	7.66e-151	305	463189	Centropages typicus	crustaceans	Centropages typicus
b4f51934503297d1b2ce4dfe9395612c	gi|515418970|gb|JX995170.1|	99.016	100	7.66e-151	305	463189	Centropages typicus	crustaceans	Centropages typicus
b4f51934503297d1b2ce4dfe9395612c	gi|515418958|gb|JX995167.1|	99.016	100	7.66e-151	305	463189	Centropages typicus	crustaceans	Centropages typicus
b4f51934503297d1b2ce4dfe9395612c	gi|515418933|gb|JX995165.1|	99.016	100	7.66e-151	305	463189	Centropages typicus	crustaceans	Centropages typicus
b4f51934503297d1b2ce4dfe9395612c	gi|515419131|gb|JX995172.1|	98.689	100	3.56e-149	305	463189	Centropages typicus	crustaceans	Centropages typicus
b4f51934503297d1b2ce4dfe9395612c	gi|515419127|gb|JX995171.1|	98.689	100	3.56e-149	305	463189	Centropages typicus	crustaceans	Centropages typicus
6d4dbf2299da34c2792b273f0903d457	gi|515418966|gb|JX995168.1|	99.016	100	7.66e-151	305	463189	Centropages typicus	crustaceans	Centropages typicus
6d4dbf2299da34c2792b273f0903d457	gi|515418943|gb|JX995166.1|	99.016	100	7.66e-151	305	463189	Centropages typicus	crustaceans	Centropages typicus
6d4dbf2299da34c2792b273f0903d457	gi|959315753|gb|KT952468.1|	98.689	100	3.56e-149	305	463189	Centropages typicus	crustaceans	Centropages typicus
6d4dbf2299da34c2792b273f0903d457	gi|959315749|gb|KT952466.1|	98.689	100	3.56e-149	305	463189	Centropages typicus	crustaceans	Centropages typicus
6d4dbf2299da34c2792b273f0903d457	gi|936253212|gb|KT208907.1|	98.689	100	3.56e-149	305	463189	Centropages typicus	crustaceans	Centropages typicus
6d4dbf2299da34c2792b273f0903d457	gi|936253002|gb|KT208802.1|	98.689	100	3.56e-149	305	463189	Centropages typicus	crustaceans	Centropages typicus
6d4dbf2299da34c2792b273f0903d457	gi|515419133|gb|JX995173.1|	98.689	100	3.56e-149	305	463189	Centropages typicus	crustaceans	Centropages typicus
6d4dbf2299da34c2792b273f0903d457	gi|515418970|gb|JX995170.1|	98.689	100	3.56e-149	305	463189	Centropages typicus	crustaceans	Centropages typicus
6d4dbf2299da34c2792b273f0903d457	gi|515418958|gb|JX995167.1|	98.689	100	3.56e-149	305	463189	Centropages typicus	crustaceans	Centropages typicus
6d4dbf2299da34c2792b273f0903d457	gi|515418933|gb|JX995165.1|	98.689	100	3.56e-149	305	463189	Centropages typicus	crustaceans	Centropages typicus
8e34c16f5ee6f9596773d9e6a21df4e1	gi|1215060948|gb|KY972419.1|	99.672	100	3.54e-154	305	292503	Clymenella torquata	segmented worms	bamboo worm
8e34c16f5ee6f9596773d9e6a21df4e1	gi|305653175|gb|HQ024010.1|	99.672	100	3.54e-154	305	292503	Clymenella torquata	segmented worms	bamboo worm
8e34c16f5ee6f9596773d9e6a21df4e1	gi|305653173|gb|HQ024009.1|	99.672	100	3.54e-154	305	292503	Clymenella torquata	segmented worms	bamboo worm
8e34c16f5ee6f9596773d9e6a21df4e1	gi|305653169|gb|HQ024007.1|	99.672	100	3.54e-154	305	292503	Clymenella torquata	segmented worms	bamboo worm
8e34c16f5ee6f9596773d9e6a21df4e1	gi|305653167|gb|HQ024006.1|	99.672	100	3.54e-154	305	292503	Clymenella torquata	segmented worms	bamboo worm
8e34c16f5ee6f9596773d9e6a21df4e1	gi|305653165|gb|HQ024005.1|	99.672	100	3.54e-154	305	292503	Clymenella torquata	segmented worms	bamboo worm
8e34c16f5ee6f9596773d9e6a21df4e1	gi|305653163|gb|HQ024004.1|	99.672	100	3.54e-154	305	292503	Clymenella torquata	segmented worms	bamboo worm
8e34c16f5ee6f9596773d9e6a21df4e1	gi|305653161|gb|HQ024003.1|	99.672	100	3.54e-154	305	292503	Clymenella torquata	segmented worms	bamboo worm
8e34c16f5ee6f9596773d9e6a21df4e1	gi|52696458|ref|NC_006321.1|	99.672	100	3.54e-154	305	292503	Clymenella torquata	segmented worms	bamboo worm
8e34c16f5ee6f9596773d9e6a21df4e1	gi|2432718026|gb|OQ322826.1|	99.344	100	1.65e-152	305	292503	Clymenella torquata	segmented worms	bamboo worm
d88ee67d2a9027b68b526a4c32f20ef8	gi|1215060948|gb|KY972419.1|	100.000	100	7.61e-156	305	292503	Clymenella torquata	segmented worms	bamboo worm
d88ee67d2a9027b68b526a4c32f20ef8	gi|305653175|gb|HQ024010.1|	100.000	100	7.61e-156	305	292503	Clymenella torquata	segmented worms	bamboo worm
d88ee67d2a9027b68b526a4c32f20ef8	gi|305653173|gb|HQ024009.1|	100.000	100	7.61e-156	305	292503	Clymenella torquata	segmented worms	bamboo worm
d88ee67d2a9027b68b526a4c32f20ef8	gi|305653169|gb|HQ024007.1|	100.000	100	7.61e-156	305	292503	Clymenella torquata	segmented worms	bamboo worm
d88ee67d2a9027b68b526a4c32f20ef8	gi|305653167|gb|HQ024006.1|	100.000	100	7.61e-156	305	292503	Clymenella torquata	segmented worms	bamboo worm
d88ee67d2a9027b68b526a4c32f20ef8	gi|305653165|gb|HQ024005.1|	100.000	100	7.61e-156	305	292503	Clymenella torquata	segmented worms	bamboo worm
d88ee67d2a9027b68b526a4c32f20ef8	gi|305653163|gb|HQ024004.1|	100.000	100	7.61e-156	305	292503	Clymenella torquata	segmented worms	bamboo worm
d88ee67d2a9027b68b526a4c32f20ef8	gi|305653161|gb|HQ024003.1|	100.000	100	7.61e-156	305	292503	Clymenella torquata	segmented worms	bamboo worm
d88ee67d2a9027b68b526a4c32f20ef8	gi|52696458|ref|NC_006321.1|	100.000	100	7.61e-156	305	292503	Clymenella torquata	segmented worms	bamboo worm
d88ee67d2a9027b68b526a4c32f20ef8	gi|2432718026|gb|OQ322826.1|	99.672	100	3.54e-154	305	292503	Clymenella torquata	segmented worms	bamboo worm
109ca51ce9874ee5dac15b5186035569	gi|1215060948|gb|KY972419.1|	99.672	100	3.54e-154	305	292503	Clymenella torquata	segmented worms	bamboo worm
109ca51ce9874ee5dac15b5186035569	gi|305653175|gb|HQ024010.1|	99.672	100	3.54e-154	305	292503	Clymenella torquata	segmented worms	bamboo worm
109ca51ce9874ee5dac15b5186035569	gi|305653173|gb|HQ024009.1|	99.672	100	3.54e-154	305	292503	Clymenella torquata	segmented worms	bamboo worm
109ca51ce9874ee5dac15b5186035569	gi|305653169|gb|HQ024007.1|	99.672	100	3.54e-154	305	292503	Clymenella torquata	segmented worms	bamboo worm
109ca51ce9874ee5dac15b5186035569	gi|305653167|gb|HQ024006.1|	99.672	100	3.54e-154	305	292503	Clymenella torquata	segmented worms	bamboo worm
109ca51ce9874ee5dac15b5186035569	gi|305653165|gb|HQ024005.1|	99.672	100	3.54e-154	305	292503	Clymenella torquata	segmented worms	bamboo worm
109ca51ce9874ee5dac15b5186035569	gi|305653163|gb|HQ024004.1|	99.672	100	3.54e-154	305	292503	Clymenella torquata	segmented worms	bamboo worm
109ca51ce9874ee5dac15b5186035569	gi|305653161|gb|HQ024003.1|	99.672	100	3.54e-154	305	292503	Clymenella torquata	segmented worms	bamboo worm
109ca51ce9874ee5dac15b5186035569	gi|52696458|ref|NC_006321.1|	99.672	100	3.54e-154	305	292503	Clymenella torquata	segmented worms	bamboo worm
109ca51ce9874ee5dac15b5186035569	gi|2432718026|gb|OQ322826.1|	99.344	100	1.65e-152	305	292503	Clymenella torquata	segmented worms	bamboo worm
7d307319a3eb152008f84dfb3e14d96e	gi|1509331128|gb|MH293039.1|	100.000	100	7.61e-156	305	109628	Illex coindetii	cephalopods	Illex coindetii
7d307319a3eb152008f84dfb3e14d96e	gi|2055877709|gb|MW125297.1|	100.000	100	7.61e-156	305	6629	Illex illecebrosus	cephalopods	Illex illecebrosus
7d307319a3eb152008f84dfb3e14d96e	gi|1952660356|gb|MW444374.1|	100.000	100	7.61e-156	305	109628	Illex coindetii	cephalopods	Illex coindetii
7d307319a3eb152008f84dfb3e14d96e	gi|1952660346|gb|MW444369.1|	100.000	100	7.61e-156	305	109628	Illex coindetii	cephalopods	Illex coindetii
7d307319a3eb152008f84dfb3e14d96e	gi|87042872|gb|DQ373942.1|	100.000	100	7.61e-156	305	370612	Illex cf. illecebrosus DBC-2006	cephalopods	Illex cf. illecebrosus DBC-2006
7d307319a3eb152008f84dfb3e14d96e	gi|87042870|gb|DQ373941.1|	100.000	100	7.61e-156	305	6629	Illex illecebrosus	cephalopods	Illex illecebrosus
7d307319a3eb152008f84dfb3e14d96e	gi|87042866|gb|DQ373939.1|	100.000	100	7.61e-156	305	6629;370612	Illex illecebrosus	cephalopods	Illex illecebrosus
7d307319a3eb152008f84dfb3e14d96e	gi|1791109581|gb|MN893202.1|	99.672	100	3.54e-154	305	109628	Illex coindetii	cephalopods	Illex coindetii
7d307319a3eb152008f84dfb3e14d96e	gi|1509330998|gb|MH292974.1|	99.672	100	3.54e-154	305	109628	Illex coindetii	cephalopods	Illex coindetii
7d307319a3eb152008f84dfb3e14d96e	gi|752295599|gb|KM517901.1|	99.672	100	3.54e-154	305	109628	Illex coindetii	cephalopods	Illex coindetii
220936be8a699f93e8be6efd9797394e	gi|1372157887|gb|MG975588.1|	99.672	100	3.54e-154	305	1441599	Nicomache minor	segmented worms	Nicomache minor
220936be8a699f93e8be6efd9797394e	gi|1372157889|gb|MG975589.1|	99.344	100	1.65e-152	305	1441599	Nicomache minor	segmented worms	Nicomache minor
220936be8a699f93e8be6efd9797394e	gi|1354701436|gb|MF121077.1|	91.391	99	8.11e-111	302	1561082;2109137	Maldanidae sp. 11BIOAK-1322	segmented worms	Maldanidae sp. 11BIOAK-1322
220936be8a699f93e8be6efd9797394e	gi|2522199381|gb|OR145347.1|	91.391	99	8.11e-111	302	3039354	Nicomache sp.	segmented worms	Nicomache sp.
220936be8a699f93e8be6efd9797394e	gi|320575153|gb|HQ932566.1|	91.060	99	3.77e-109	302	2330539;2330540;2330541;2330542;2330543	Maldanidae sp. BCPOL756-10	segmented worms	Maldanidae sp. BCPOL756-10
220936be8a699f93e8be6efd9797394e	gi|2070381879|gb|MZ580851.1|	90.728	99	1.75e-107	302	1561082	Nicomache personata	segmented worms	Nicomache personata
83a416c38e29c0fa87478a9440a1b4ea	gi|301506745|gb|HM542242.1|	100.000	100	7.61e-156	305	861478	Leptasterias littoralis	starfish	Leptasterias littoralis
83a416c38e29c0fa87478a9440a1b4ea	gi|301506743|gb|HM542241.1|	100.000	100	7.61e-156	305	861478	Leptasterias littoralis	starfish	Leptasterias littoralis
83a416c38e29c0fa87478a9440a1b4ea	gi|301506739|gb|HM542239.1|	100.000	100	7.61e-156	305	861478	Leptasterias littoralis	starfish	Leptasterias littoralis
83a416c38e29c0fa87478a9440a1b4ea	gi|301506737|gb|HM542238.1|	100.000	100	7.61e-156	305	861478	Leptasterias littoralis	starfish	Leptasterias littoralis
83a416c38e29c0fa87478a9440a1b4ea	gi|301506733|gb|HM542236.1|	100.000	100	7.61e-156	305	861478	Leptasterias littoralis	starfish	Leptasterias littoralis
83a416c38e29c0fa87478a9440a1b4ea	gi|301506731|gb|HM542235.1|	100.000	100	7.61e-156	305	861478	Leptasterias littoralis	starfish	Leptasterias littoralis
83a416c38e29c0fa87478a9440a1b4ea	gi|20302960|gb|AF498645.1|	100.000	100	7.61e-156	305	7603	Asterias forbesi	starfish	Forbes's starfish
83a416c38e29c0fa87478a9440a1b4ea	gi|301506729|gb|HM542234.1|	100.000	98	5.92e-152	298	861478	Leptasterias littoralis	starfish	Leptasterias littoralis
83a416c38e29c0fa87478a9440a1b4ea	gi|300211438|gb|HM400351.1|	100.000	97	2.13e-151	297	861478	Leptasterias littoralis	starfish	Leptasterias littoralis
83a416c38e29c0fa87478a9440a1b4ea	gi|301505551|gb|HM543021.1|	99.016	100	7.66e-151	305	861478	Leptasterias littoralis	starfish	Leptasterias littoralis
469175582927a6434ac754f4d5f67bdf	gi|308035575|dbj|AB491629.1|	90.728	99	1.75e-107	302	41886	Pseudoscourfieldia marina	green algae	Pseudoscourfieldia marina
469175582927a6434ac754f4d5f67bdf	gi|2770085865|gb|OR830334.1|	90.397	99	8.16e-106	302	41886	Pseudoscourfieldia marina	green algae	Pseudoscourfieldia marina
469175582927a6434ac754f4d5f67bdf	gi|2233313824|emb|OW568905.1|	90.397	99	8.16e-106	302	41880	Pycnococcus provasolii	green algae	Pycnococcus provasolii
469175582927a6434ac754f4d5f67bdf	gi|291010610|ref|NC_013935.1|	90.397	99	8.16e-106	302	41880	Pycnococcus provasolii	green algae	Pycnococcus provasolii
123fdaf183e51f791e42512530249c4f	gi|320336105|gb|HQ708204.1|	90.970	98	1.75e-107	299	159317	Eurychasma dicksonii	oomycetes	Eurychasma dicksonii
b79a0be8aeed70d9d44dae430ef8162c	gi|2316330580|gb|MZ561060.1|	90.492	100	1.75e-107	305	265552	Coscinodiscus granii	diatoms	Coscinodiscus granii
b79a0be8aeed70d9d44dae430ef8162c	gi|2316330578|gb|MZ561059.1|	90.492	100	1.75e-107	305	265552	Coscinodiscus granii	diatoms	Coscinodiscus granii
b79a0be8aeed70d9d44dae430ef8162c	gi|2316330576|gb|MZ561058.1|	90.492	100	1.75e-107	305	265552	Coscinodiscus granii	diatoms	Coscinodiscus granii
b79a0be8aeed70d9d44dae430ef8162c	gi|2316330574|gb|MZ561057.1|	90.492	100	1.75e-107	305	265552	Coscinodiscus granii	diatoms	Coscinodiscus granii
b79a0be8aeed70d9d44dae430ef8162c	gi|2316330571|gb|MZ561056.1|	90.492	100	1.75e-107	305	265552	Coscinodiscus granii	diatoms	Coscinodiscus granii
b79a0be8aeed70d9d44dae430ef8162c	gi|2316330569|gb|MZ561055.1|	90.492	100	1.75e-107	305	265552	Coscinodiscus granii	diatoms	Coscinodiscus granii
b79a0be8aeed70d9d44dae430ef8162c	gi|2192941198|ref|NC_060315.1|	90.492	100	1.75e-107	305	265552	Coscinodiscus granii	diatoms	Coscinodiscus granii
78bf6812f6edbfe0e17f5702401de3e1	gi|320337805|gb|HQ709054.1|	90.476	96	1.77e-102	294	334529	Saprolegnia turfosa	oomycetes	Saprolegnia turfosa
78bf6812f6edbfe0e17f5702401de3e1	gi|1621569520|gb|MH760243.1|	90.203	96	8.22e-101	296	65070	Pythium aphanidermatum	oomycetes	Pythium aphanidermatum
78bf6812f6edbfe0e17f5702401de3e1	gi|2586967708|gb|OR453939.1|	90.203	96	8.22e-101	296	65070	Pythium aphanidermatum	oomycetes	Pythium aphanidermatum
78bf6812f6edbfe0e17f5702401de3e1	gi|1883776605|gb|MT222447.1|	90.203	96	8.22e-101	296	65070	Pythium aphanidermatum	oomycetes	Pythium aphanidermatum
78bf6812f6edbfe0e17f5702401de3e1	gi|1883776597|gb|MT222443.1|	90.203	96	8.22e-101	296	65070	Pythium aphanidermatum	oomycetes	Pythium aphanidermatum
78bf6812f6edbfe0e17f5702401de3e1	gi|1883776587|gb|MT222438.1|	90.203	96	8.22e-101	296	65070	Pythium aphanidermatum	oomycetes	Pythium aphanidermatum
78bf6812f6edbfe0e17f5702401de3e1	gi|1883776583|gb|MT222436.1|	90.203	96	8.22e-101	296	65070	Pythium aphanidermatum	oomycetes	Pythium aphanidermatum
78bf6812f6edbfe0e17f5702401de3e1	gi|1883776561|gb|MT222425.1|	90.203	96	8.22e-101	296	65070	Pythium aphanidermatum	oomycetes	Pythium aphanidermatum
78bf6812f6edbfe0e17f5702401de3e1	gi|1883776549|gb|MT222419.1|	90.203	96	8.22e-101	296	65070	Pythium aphanidermatum	oomycetes	Pythium aphanidermatum
78bf6812f6edbfe0e17f5702401de3e1	gi|1883776547|gb|MT222418.1|	90.203	96	8.22e-101	296	65070	Pythium aphanidermatum	oomycetes	Pythium aphanidermatum
a7d279520c5bfac39b9cfa76e0037619	gi|1865700262|gb|MK817336.1|	99.672	100	3.54e-154	305	3029579	Neobrightwellia alternans	diatoms	Neobrightwellia alternans
a7d279520c5bfac39b9cfa76e0037619	gi|1858374849|gb|MN167109.1|	99.669	99	1.65e-152	302	3029579	Neobrightwellia alternans	diatoms	Neobrightwellia alternans
7ae511810d00cc8c7c210bc9059647a5	gi|767808257|gb|KP254809.1|	99.344	100	1.65e-152	305	1629314	Polychaeta sp. BOLD:ACQ0475	segmented worms	Polychaeta sp. BOLD:ACQ0475
7ae511810d00cc8c7c210bc9059647a5	gi|767807371|gb|KP254366.1|	98.689	100	3.56e-149	305	1629314	Polychaeta sp. BOLD:ACQ0475	segmented worms	Polychaeta sp. BOLD:ACQ0475
7ae511810d00cc8c7c210bc9059647a5	gi|1021313788|gb|KU050696.1|	99.273	90	7.82e-136	275	51294	Capitella capitata	segmented worms	Capitella capitata
d33db82ecc530de3ca9af42980868473	gi|767808257|gb|KP254809.1|	99.344	100	1.65e-152	305	1629314	Polychaeta sp. BOLD:ACQ0475	segmented worms	Polychaeta sp. BOLD:ACQ0475
d33db82ecc530de3ca9af42980868473	gi|767807371|gb|KP254366.1|	98.689	100	3.56e-149	305	1629314	Polychaeta sp. BOLD:ACQ0475	segmented worms	Polychaeta sp. BOLD:ACQ0475
d33db82ecc530de3ca9af42980868473	gi|1021313788|gb|KU050696.1|	99.273	90	7.82e-136	275	51294	Capitella capitata	segmented worms	Capitella capitata
a3c48eeca8f136630e843cd4e92b4acc	gi|299832940|gb|GU670791.1|	99.669	100	1.63e-152	302	171587	Issoria lathonia	butterflies	Queen of Spain fritillary
a3c48eeca8f136630e843cd4e92b4acc	gi|299556053|gb|GU672579.1|	99.669	100	1.63e-152	302	880434	Scoloplos acutus	segmented worms	Scoloplos acutus
a3c48eeca8f136630e843cd4e92b4acc	gi|299832942|gb|GU670792.1|	99.338	100	7.57e-151	302	520884;880434	Erynnis tages	moths	Erynnis tages
a3c48eeca8f136630e843cd4e92b4acc	gi|305653615|gb|HQ024230.1|	99.016	100	9.80e-150	305	880434	Scoloplos acutus	segmented worms	Scoloplos acutus
a3c48eeca8f136630e843cd4e92b4acc	gi|305653613|gb|HQ024229.1|	99.016	100	9.80e-150	305	880434	Scoloplos acutus	segmented worms	Scoloplos acutus
a3c48eeca8f136630e843cd4e92b4acc	gi|305653605|gb|HQ024225.1|	99.016	100	9.80e-150	305	880434	Scoloplos acutus	segmented worms	Scoloplos acutus
a3c48eeca8f136630e843cd4e92b4acc	gi|305653603|gb|HQ024224.1|	99.016	100	9.80e-150	305	880434	Scoloplos acutus	segmented worms	Scoloplos acutus
a3c48eeca8f136630e843cd4e92b4acc	gi|305653601|gb|HQ024223.1|	99.016	100	9.80e-150	305	880434	Scoloplos acutus	segmented worms	Scoloplos acutus
a3c48eeca8f136630e843cd4e92b4acc	gi|305653609|gb|HQ024227.1|	98.689	100	4.56e-148	305	880434	Scoloplos acutus	segmented worms	Scoloplos acutus
a3c48eeca8f136630e843cd4e92b4acc	gi|305653607|gb|HQ024226.1|	98.689	100	4.56e-148	305	880434	Scoloplos acutus	segmented worms	Scoloplos acutus
94556b19f7776d3ea412f8d818f34763	gi|1476010400|gb|KC898196.2|	100.000	100	7.61e-156	305	7671	Strongylocentrotus droebachiensis	sea urchins	green sea urchin
94556b19f7776d3ea412f8d818f34763	gi|1063426005|gb|KU495760.1|	100.000	100	7.61e-156	305	7671;2653616	Strongylocentrotus droebachiensis	sea urchins	green sea urchin
94556b19f7776d3ea412f8d818f34763	gi|2070381489|gb|MZ580656.1|	100.000	100	7.61e-156	305	7671	Strongylocentrotus droebachiensis	sea urchins	green sea urchin
94556b19f7776d3ea412f8d818f34763	gi|2070381299|gb|MZ580561.1|	100.000	100	7.61e-156	305	7671	Strongylocentrotus droebachiensis	sea urchins	green sea urchin
94556b19f7776d3ea412f8d818f34763	gi|301507047|gb|HM542393.1|	100.000	100	7.61e-156	305	7671	Strongylocentrotus droebachiensis	sea urchins	green sea urchin
94556b19f7776d3ea412f8d818f34763	gi|301507045|gb|HM542392.1|	100.000	100	7.61e-156	305	7671	Strongylocentrotus droebachiensis	sea urchins	green sea urchin
94556b19f7776d3ea412f8d818f34763	gi|301507041|gb|HM542390.1|	100.000	100	7.61e-156	305	7671	Strongylocentrotus droebachiensis	sea urchins	green sea urchin
94556b19f7776d3ea412f8d818f34763	gi|301507027|gb|HM542383.1|	100.000	100	7.61e-156	305	7671	Strongylocentrotus droebachiensis	sea urchins	green sea urchin
94556b19f7776d3ea412f8d818f34763	gi|1563835470|gb|MK308261.1|	99.344	100	1.65e-152	305	7671	Strongylocentrotus droebachiensis	sea urchins	green sea urchin
94556b19f7776d3ea412f8d818f34763	gi|1563835200|gb|MK308114.1|	99.344	100	1.65e-152	305	7671	Strongylocentrotus droebachiensis	sea urchins	green sea urchin
b3be1a679864590c62201ad0cee8d0bb	gi|1563835470|gb|MK308261.1|	100.000	100	7.61e-156	305	7671	Strongylocentrotus droebachiensis	sea urchins	green sea urchin
b3be1a679864590c62201ad0cee8d0bb	gi|1563835200|gb|MK308114.1|	100.000	100	7.61e-156	305	7671	Strongylocentrotus droebachiensis	sea urchins	green sea urchin
b3be1a679864590c62201ad0cee8d0bb	gi|1063426089|gb|KU495802.1|	100.000	100	7.61e-156	305	7671	Strongylocentrotus droebachiensis	sea urchins	green sea urchin
b3be1a679864590c62201ad0cee8d0bb	gi|301507039|gb|HM542389.1|	100.000	100	7.61e-156	305	7671	Strongylocentrotus droebachiensis	sea urchins	green sea urchin
b3be1a679864590c62201ad0cee8d0bb	gi|301507037|gb|HM542388.1|	100.000	100	7.61e-156	305	7671	Strongylocentrotus droebachiensis	sea urchins	green sea urchin
b3be1a679864590c62201ad0cee8d0bb	gi|301507033|gb|HM542386.1|	100.000	100	7.61e-156	305	7671	Strongylocentrotus droebachiensis	sea urchins	green sea urchin
b3be1a679864590c62201ad0cee8d0bb	gi|301507031|gb|HM542385.1|	100.000	100	7.61e-156	305	7671	Strongylocentrotus droebachiensis	sea urchins	green sea urchin
b3be1a679864590c62201ad0cee8d0bb	gi|301507029|gb|HM542384.1|	100.000	100	7.61e-156	305	7671	Strongylocentrotus droebachiensis	sea urchins	green sea urchin
b3be1a679864590c62201ad0cee8d0bb	gi|1476010400|gb|KC898196.2|	99.344	100	1.65e-152	305	7671	Strongylocentrotus droebachiensis	sea urchins	green sea urchin
b3be1a679864590c62201ad0cee8d0bb	gi|1063426005|gb|KU495760.1|	99.344	100	1.65e-152	305	7671;2653616	Strongylocentrotus droebachiensis	sea urchins	green sea urchin
0a1dab25e272266bcb612556fbec34ec	gi|1465189868|gb|MG936313.1|	99.344	100	1.65e-152	305	198241	Acartia hudsonica	crustaceans	Acartia hudsonica
0a1dab25e272266bcb612556fbec34ec	gi|529949883|gb|KC287398.1|	99.344	100	1.65e-152	305	136180	Acartia tonsa	crustaceans	Acartia tonsa
0a1dab25e272266bcb612556fbec34ec	gi|529949875|gb|KC287394.1|	99.344	100	1.65e-152	305	136180	Acartia tonsa	crustaceans	Acartia tonsa
0a1dab25e272266bcb612556fbec34ec	gi|529949873|gb|KC287393.1|	99.344	100	1.65e-152	305	136180	Acartia tonsa	crustaceans	Acartia tonsa
0a1dab25e272266bcb612556fbec34ec	gi|156186214|gb|EU016218.1|	99.344	100	1.65e-152	305	198241	Acartia hudsonica	crustaceans	Acartia hudsonica
0a1dab25e272266bcb612556fbec34ec	gi|2551710548|gb|OR345072.1|	99.016	100	2.13e-151	305	198241	Acartia hudsonica	crustaceans	Acartia hudsonica
0a1dab25e272266bcb612556fbec34ec	gi|1465189806|gb|MG936282.1|	99.016	100	7.66e-151	305	198241	Acartia hudsonica	crustaceans	Acartia hudsonica
0a1dab25e272266bcb612556fbec34ec	gi|529949879|gb|KC287396.1|	99.016	100	7.66e-151	305	136180	Acartia tonsa	crustaceans	Acartia tonsa
0a1dab25e272266bcb612556fbec34ec	gi|1465189626|gb|MG936192.1|	98.689	100	3.56e-149	305	198241	Acartia hudsonica	crustaceans	Acartia hudsonica
0a1dab25e272266bcb612556fbec34ec	gi|1465190276|gb|MG936517.1|	98.997	98	1.66e-147	299	198241	Acartia hudsonica	crustaceans	Acartia hudsonica
ca1a9dc708ca99a72a011b37eb2873fd	gi|2248495830|ref|NC_063456.1|	90.492	100	1.75e-107	305	303402	Nitzschia dissipata	diatoms	Nitzschia dissipata
942090a54b0ace97c06b8d75227f6023	gi|2248495830|ref|NC_063456.1|	90.492	100	1.75e-107	305	303402	Nitzschia dissipata	diatoms	Nitzschia dissipata
5d5455883be8031268d0d2941b9dc7aa	gi|2248495830|ref|NC_063456.1|	90.492	100	1.75e-107	305	303402	Nitzschia dissipata	diatoms	Nitzschia dissipata
731036740a9c28e54510c4373da35b36	gi|6382023|dbj|AB020228.1|	97.705	100	3.59e-144	305	33649	Thalassionema nitzschioides	diatoms	Thalassionema nitzschioides
e4eaac9bc4b4ce23951b6beaded4dd77	gi|1450114863|gb|MH349032.1|	99.007	99	3.56e-149	302	2301598	Vexillifera kereti	eukaryotes	Vexillifera kereti
6fb6d673beac43cf0342a293da9c864d	gi|1450114863|gb|MH349032.1|	99.016	100	7.66e-151	305	2301598	Vexillifera kereti	eukaryotes	Vexillifera kereti
4934c36d72ac9eae0bd23125c56c2cba	gi|1450114863|gb|MH349032.1|	95.738	100	3.64e-134	305	2301598	Vexillifera kereti	eukaryotes	Vexillifera kereti
4e233eef2e9964ef2c56380b771d75cc	gi|1450114863|gb|MH349032.1|	98.689	100	3.56e-149	305	2301598	Vexillifera kereti	eukaryotes	Vexillifera kereti
c1c2594d484830876c7b79434105fb2f	gi|1450114863|gb|MH349032.1|	100.000	100	7.61e-156	305	2301598	Vexillifera kereti	eukaryotes	Vexillifera kereti
e38e0eae704d8126edad133e5abbf05b	gi|1894856888|gb|MN058729.1|	91.148	100	8.11e-111	305	1862976	Saprolegnia sp.	oomycetes	Saprolegnia sp.
e38e0eae704d8126edad133e5abbf05b	gi|320337737|gb|HQ709020.1|	91.148	100	8.11e-111	305	112098	Saprolegnia diclina	oomycetes	Saprolegnia diclina
e38e0eae704d8126edad133e5abbf05b	gi|320337761|gb|HQ709032.1|	90.820	100	3.77e-109	305	120418	Saprolegnia litoralis	oomycetes	Saprolegnia litoralis
e38e0eae704d8126edad133e5abbf05b	gi|320337757|gb|HQ709030.1|	90.820	100	3.77e-109	305	120417	Saprolegnia hypogyna	oomycetes	Saprolegnia hypogyna
e38e0eae704d8126edad133e5abbf05b	gi|320337753|gb|HQ709028.1|	90.820	100	3.77e-109	305	4770;120421	Saprolegnia ferax	oomycetes	Saprolegnia ferax
e38e0eae704d8126edad133e5abbf05b	gi|320337735|gb|HQ709019.1|	90.820	100	3.77e-109	305	112098	Saprolegnia diclina	oomycetes	Saprolegnia diclina
e38e0eae704d8126edad133e5abbf05b	gi|320336119|gb|HQ708211.1|	90.820	100	3.77e-109	305	92976	Leptolegnia caudata	oomycetes	Leptolegnia caudata
e38e0eae704d8126edad133e5abbf05b	gi|320336101|gb|HQ708202.1|	91.554	97	3.77e-109	296	944595	Brevilegnia unisperma var. delica	oomycetes	Brevilegnia unisperma var. delica
e38e0eae704d8126edad133e5abbf05b	gi|1799122920|gb|MN866097.1|	90.523	100	1.75e-107	306	2691627	Phytophthora aff. citricola X	downy mildews	Phytophthora aff. citricola X
e38e0eae704d8126edad133e5abbf05b	gi|1685826071|gb|MK493476.1|	90.492	100	1.75e-107	305	129352	Phytophthora humicola	downy mildews	Phytophthora humicola
1a54e29485e066b9568d631c5f68b76a	gi|2813228392|dbj|LC754339.1|	92.459	100	1.73e-117	305	3028233	Aphanomyces cf. keratinophilus	oomycetes	Aphanomyces cf. keratinophilus
1a54e29485e066b9568d631c5f68b76a	gi|2689404216|gb|OR526199.1|	92.131	100	8.05e-116	305	137729	Phytophthora tropicalis	downy mildews	Phytophthora tropicalis
1a54e29485e066b9568d631c5f68b76a	gi|1799122952|gb|MN866113.1|	91.475	100	1.74e-112	305	2691628	Phytophthora aff. citricola XI	downy mildews	Phytophthora aff. citricola XI
1a54e29485e066b9568d631c5f68b76a	gi|1368832220|gb|MG721489.1|	91.475	100	1.74e-112	305	2126263	Phytophthora valdiviana	downy mildews	Phytophthora valdiviana
1a54e29485e066b9568d631c5f68b76a	gi|1382811200|gb|MH136987.1|	91.475	100	1.74e-112	305	137729	Phytophthora tropicalis	downy mildews	Phytophthora tropicalis
1a54e29485e066b9568d631c5f68b76a	gi|1229861692|gb|KX396276.1|	91.475	100	1.74e-112	305	89336	Phytophthora sp.	downy mildews	Phytophthora sp.
1a54e29485e066b9568d631c5f68b76a	gi|1229861678|gb|KX396269.1|	91.475	100	1.74e-112	305	89336	Phytophthora sp.	downy mildews	Phytophthora sp.
1a54e29485e066b9568d631c5f68b76a	gi|1229861674|gb|KX396267.1|	91.475	100	1.74e-112	305	89336;3044185	Phytophthora acaciae	downy mildews	Phytophthora acaciae
1a54e29485e066b9568d631c5f68b76a	gi|2689404232|gb|OR526207.1|	91.475	100	1.74e-112	305	137729	Phytophthora tropicalis	downy mildews	Phytophthora tropicalis
1a54e29485e066b9568d631c5f68b76a	gi|2689404230|gb|OR526206.1|	91.475	100	1.74e-112	305	137729	Phytophthora tropicalis	downy mildews	Phytophthora tropicalis
96a863214dca91a367fc8d64cddb8012	gi|2452629743|ref|NC_071853.1|	99.016	100	7.66e-151	305	13221	Chrysotila carterae	haptophytes	Chrysotila carterae
e74d8beec2cf282e1b2474feb2cdfd0a	gi|2452629743|ref|NC_071853.1|	96.393	100	1.68e-137	305	13221	Chrysotila carterae	haptophytes	Chrysotila carterae
7352da63f49dcde6110575f928973c83	gi|1523769300|gb|MH535943.1|	100.000	100	7.61e-156	305	1973054	Vannella sp.	eukaryotes	Vannella sp.
7352da63f49dcde6110575f928973c83	gi|1523769298|gb|MH535942.1|	100.000	100	7.61e-156	305	1973054	Vannella sp.	eukaryotes	Vannella sp.
320fb237491ce81ed09c3f36423764b6	gi|1876161349|gb|MT228925.1|	91.803	100	3.74e-114	305	2754053	Vexillifera sp. AKu-2020a	eukaryotes	Vexillifera sp. AKu-2020a
320fb237491ce81ed09c3f36423764b6	gi|1876161346|gb|MT228924.1|	91.803	100	3.74e-114	305	2754053	Vexillifera sp. AKu-2020a	eukaryotes	Vexillifera sp. AKu-2020a
320fb237491ce81ed09c3f36423764b6	gi|1450114847|gb|MH349024.1|	90.492	100	1.75e-107	305	2301597	Vexillifera abyssalis	eukaryotes	Vexillifera abyssalis
320fb237491ce81ed09c3f36423764b6	gi|1876161344|gb|MT228923.1|	90.492	100	1.75e-107	305	2754053	Vexillifera sp. AKu-2020a	eukaryotes	Vexillifera sp. AKu-2020a
320fb237491ce81ed09c3f36423764b6	gi|1450114853|gb|MH349027.1|	90.164	100	8.16e-106	305	2301597	Vexillifera abyssalis	eukaryotes	Vexillifera abyssalis
320fb237491ce81ed09c3f36423764b6	gi|1450114851|gb|MH349026.1|	90.164	100	8.16e-106	305	2301597	Vexillifera abyssalis	eukaryotes	Vexillifera abyssalis
320fb237491ce81ed09c3f36423764b6	gi|1450114849|gb|MH349025.1|	90.397	99	8.16e-106	302	2301597	Vexillifera abyssalis	eukaryotes	Vexillifera abyssalis
4bd1064aa6047769eb97db7370d767ef	gi|2172612263|ref|NC_059753.1|	90.164	100	8.16e-106	305	2819025	Pleurosigma inscriptura	diatoms	Pleurosigma inscriptura
ffb9dde1902f079689af0262603cdff2	gi|2172612263|ref|NC_059753.1|	90.492	100	1.75e-107	305	2819025	Pleurosigma inscriptura	diatoms	Pleurosigma inscriptura
085efa9b83872fc423262defce0a80a7	gi|2172612263|ref|NC_059753.1|	90.164	100	8.16e-106	305	2819025	Pleurosigma inscriptura	diatoms	Pleurosigma inscriptura
a012f837b4e3e223d34d004910b444fb	gi|2172612263|ref|NC_059753.1|	90.164	100	8.16e-106	305	2819025	Pleurosigma inscriptura	diatoms	Pleurosigma inscriptura
1f14a9af50427c1b9f16b3ab3f9f11d3	gi|308035575|dbj|AB491629.1|	99.344	100	1.65e-152	305	41886	Pseudoscourfieldia marina	green algae	Pseudoscourfieldia marina
1f14a9af50427c1b9f16b3ab3f9f11d3	gi|2770085865|gb|OR830334.1|	98.689	100	3.56e-149	305	41886	Pseudoscourfieldia marina	green algae	Pseudoscourfieldia marina
1f14a9af50427c1b9f16b3ab3f9f11d3	gi|2233313824|emb|OW568905.1|	98.689	100	3.56e-149	305	41880	Pycnococcus provasolii	green algae	Pycnococcus provasolii
1f14a9af50427c1b9f16b3ab3f9f11d3	gi|291010610|ref|NC_013935.1|	98.689	100	3.56e-149	305	41880	Pycnococcus provasolii	green algae	Pycnococcus provasolii
f8ed7ee3c04f24d014aadd4728815492	gi|308035575|dbj|AB491629.1|	99.672	100	3.54e-154	305	41886	Pseudoscourfieldia marina	green algae	Pseudoscourfieldia marina
f8ed7ee3c04f24d014aadd4728815492	gi|2770085865|gb|OR830334.1|	99.016	100	7.66e-151	305	41886	Pseudoscourfieldia marina	green algae	Pseudoscourfieldia marina
f8ed7ee3c04f24d014aadd4728815492	gi|2233313824|emb|OW568905.1|	99.016	100	7.66e-151	305	41880	Pycnococcus provasolii	green algae	Pycnococcus provasolii
f8ed7ee3c04f24d014aadd4728815492	gi|291010610|ref|NC_013935.1|	99.016	100	7.66e-151	305	41880	Pycnococcus provasolii	green algae	Pycnococcus provasolii
888303e4e33227bba3d6cc5fb18946b4	gi|308035575|dbj|AB491629.1|	99.016	100	7.66e-151	305	41886	Pseudoscourfieldia marina	green algae	Pseudoscourfieldia marina
888303e4e33227bba3d6cc5fb18946b4	gi|2770085865|gb|OR830334.1|	98.361	100	1.66e-147	305	41886	Pseudoscourfieldia marina	green algae	Pseudoscourfieldia marina
888303e4e33227bba3d6cc5fb18946b4	gi|2233313824|emb|OW568905.1|	98.361	100	1.66e-147	305	41880	Pycnococcus provasolii	green algae	Pycnococcus provasolii
888303e4e33227bba3d6cc5fb18946b4	gi|291010610|ref|NC_013935.1|	98.361	100	1.66e-147	305	41880	Pycnococcus provasolii	green algae	Pycnococcus provasolii
3549154d13fef7935c9beda9a2520c58	gi|2770085865|gb|OR830334.1|	99.344	100	1.65e-152	305	41886	Pseudoscourfieldia marina	green algae	Pseudoscourfieldia marina
3549154d13fef7935c9beda9a2520c58	gi|2233313824|emb|OW568905.1|	99.344	100	1.65e-152	305	41880	Pycnococcus provasolii	green algae	Pycnococcus provasolii
3549154d13fef7935c9beda9a2520c58	gi|308035575|dbj|AB491629.1|	99.344	100	1.65e-152	305	41886	Pseudoscourfieldia marina	green algae	Pseudoscourfieldia marina
3549154d13fef7935c9beda9a2520c58	gi|291010610|ref|NC_013935.1|	99.344	100	1.65e-152	305	41880	Pycnococcus provasolii	green algae	Pycnococcus provasolii
7e23a62d7154b01abeb7d5d13bdec3b4	gi|308035575|dbj|AB491629.1|	99.344	100	1.65e-152	305	41886	Pseudoscourfieldia marina	green algae	Pseudoscourfieldia marina
7e23a62d7154b01abeb7d5d13bdec3b4	gi|2770085865|gb|OR830334.1|	98.689	100	3.56e-149	305	41886	Pseudoscourfieldia marina	green algae	Pseudoscourfieldia marina
7e23a62d7154b01abeb7d5d13bdec3b4	gi|2233313824|emb|OW568905.1|	98.689	100	3.56e-149	305	41880	Pycnococcus provasolii	green algae	Pycnococcus provasolii
7e23a62d7154b01abeb7d5d13bdec3b4	gi|291010610|ref|NC_013935.1|	98.689	100	3.56e-149	305	41880	Pycnococcus provasolii	green algae	Pycnococcus provasolii
c360724fbb6cb663bfc19d4e36a7c34c	gi|308035575|dbj|AB491629.1|	99.672	100	3.54e-154	305	41886	Pseudoscourfieldia marina	green algae	Pseudoscourfieldia marina
c360724fbb6cb663bfc19d4e36a7c34c	gi|2770085865|gb|OR830334.1|	99.016	100	7.66e-151	305	41886	Pseudoscourfieldia marina	green algae	Pseudoscourfieldia marina
c360724fbb6cb663bfc19d4e36a7c34c	gi|2233313824|emb|OW568905.1|	99.016	100	7.66e-151	305	41880	Pycnococcus provasolii	green algae	Pycnococcus provasolii
c360724fbb6cb663bfc19d4e36a7c34c	gi|291010610|ref|NC_013935.1|	99.016	100	7.66e-151	305	41880	Pycnococcus provasolii	green algae	Pycnococcus provasolii
79be62ab3dcbd0e1aea27581a8f9f694	gi|308035575|dbj|AB491629.1|	100.000	100	7.61e-156	305	41886	Pseudoscourfieldia marina	green algae	Pseudoscourfieldia marina
79be62ab3dcbd0e1aea27581a8f9f694	gi|2770085865|gb|OR830334.1|	99.344	100	1.65e-152	305	41886	Pseudoscourfieldia marina	green algae	Pseudoscourfieldia marina
79be62ab3dcbd0e1aea27581a8f9f694	gi|2233313824|emb|OW568905.1|	99.344	100	1.65e-152	305	41880	Pycnococcus provasolii	green algae	Pycnococcus provasolii
79be62ab3dcbd0e1aea27581a8f9f694	gi|291010610|ref|NC_013935.1|	99.344	100	1.65e-152	305	41880	Pycnococcus provasolii	green algae	Pycnococcus provasolii
d7386c18519fbfe80cbd649a5920c7fd	gi|308035575|dbj|AB491629.1|	99.672	100	3.54e-154	305	41886	Pseudoscourfieldia marina	green algae	Pseudoscourfieldia marina
d7386c18519fbfe80cbd649a5920c7fd	gi|2770085865|gb|OR830334.1|	99.016	100	7.66e-151	305	41886	Pseudoscourfieldia marina	green algae	Pseudoscourfieldia marina
d7386c18519fbfe80cbd649a5920c7fd	gi|2233313824|emb|OW568905.1|	99.016	100	7.66e-151	305	41880	Pycnococcus provasolii	green algae	Pycnococcus provasolii
d7386c18519fbfe80cbd649a5920c7fd	gi|291010610|ref|NC_013935.1|	99.016	100	7.66e-151	305	41880	Pycnococcus provasolii	green algae	Pycnococcus provasolii
fc64a3c738c2f1f89d3860ae23638cf7	gi|2770085865|gb|OR830334.1|	100.000	100	7.61e-156	305	41886	Pseudoscourfieldia marina	green algae	Pseudoscourfieldia marina
fc64a3c738c2f1f89d3860ae23638cf7	gi|2233313824|emb|OW568905.1|	100.000	100	7.61e-156	305	41880	Pycnococcus provasolii	green algae	Pycnococcus provasolii
fc64a3c738c2f1f89d3860ae23638cf7	gi|291010610|ref|NC_013935.1|	100.000	100	7.61e-156	305	41880	Pycnococcus provasolii	green algae	Pycnococcus provasolii
fc64a3c738c2f1f89d3860ae23638cf7	gi|308035575|dbj|AB491629.1|	99.344	100	1.65e-152	305	41886	Pseudoscourfieldia marina	green algae	Pseudoscourfieldia marina
3c030b6cee20fb3cb837ceafe22ad041	gi|2770085865|gb|OR830334.1|	99.672	100	3.54e-154	305	41886	Pseudoscourfieldia marina	green algae	Pseudoscourfieldia marina
3c030b6cee20fb3cb837ceafe22ad041	gi|2233313824|emb|OW568905.1|	99.672	100	3.54e-154	305	41880	Pycnococcus provasolii	green algae	Pycnococcus provasolii
3c030b6cee20fb3cb837ceafe22ad041	gi|308035575|dbj|AB491629.1|	99.672	100	3.54e-154	305	41886	Pseudoscourfieldia marina	green algae	Pseudoscourfieldia marina
3c030b6cee20fb3cb837ceafe22ad041	gi|291010610|ref|NC_013935.1|	99.672	100	3.54e-154	305	41880	Pycnococcus provasolii	green algae	Pycnococcus provasolii
f56b51dfcc580c7a531e8440aa1d150b	gi|283050881|gb|GU070901.1|	90.690	95	1.77e-102	290	693772	invertebrate environmental sample	animals	invertebrate environmental sample
dbb56c9381a0453e1fbb104c65df972e	gi|283050881|gb|GU070901.1|	90.000	95	3.82e-99	290	693772	invertebrate environmental sample	animals	invertebrate environmental sample
c1fce5477a841922e5613663a559aa13	gi|283050881|gb|GU070901.1|	90.345	95	8.22e-101	290	693772	invertebrate environmental sample	animals	invertebrate environmental sample
cdc5fc441d0121729f4243445c31a611	gi|283050881|gb|GU070901.1|	90.690	95	1.77e-102	290	693772	invertebrate environmental sample	animals	invertebrate environmental sample
76a5e15c08e20e8150189edd92081329	gi|74325165|ref|NC_007405.1|	91.391	99	8.11e-111	302	35128	Thalassiosira pseudonana	diatoms	Thalassiosira pseudonana
76a5e15c08e20e8150189edd92081329	gi|2050584375|gb|MT383636.1|	91.060	99	3.77e-109	302	35128	Thalassiosira pseudonana	diatoms	Thalassiosira pseudonana
d89e7f3ef6ed50c79e6e4abf09b0f644	gi|283050943|gb|GU070936.1|	91.060	99	3.77e-109	302	693772	invertebrate environmental sample	animals	invertebrate environmental sample
385efd8684a35607e072cd494ded61a4	gi|283050943|gb|GU070936.1|	91.391	99	8.11e-111	302	693772	invertebrate environmental sample	animals	invertebrate environmental sample
385efd8684a35607e072cd494ded61a4	gi|257798975|gb|GQ844251.1|	90.728	99	1.75e-107	302	29204	Cyclotella cryptica	diatoms	Cyclotella cryptica
385efd8684a35607e072cd494ded61a4	gi|283050937|gb|GU070933.1|	90.066	99	3.80e-104	302	693772	invertebrate environmental sample	animals	invertebrate environmental sample
5a87ec810cc9e20c41153743da457906	gi|283050943|gb|GU070936.1|	91.060	99	3.77e-109	302	693772	invertebrate environmental sample	animals	invertebrate environmental sample
5a87ec810cc9e20c41153743da457906	gi|257798975|gb|GQ844251.1|	90.397	99	8.16e-106	302	29204	Cyclotella cryptica	diatoms	Cyclotella cryptica
d1c253a5ac4c367feddb8fe520f5e79b	gi|257799000|gb|GQ844276.1|	98.680	99	4.61e-148	303	265564	Thalassiosira punctigera	diatoms	Thalassiosira punctigera
e813a83e7c906346d35d41fc69ac3a37	gi|257799000|gb|GQ844276.1|	100.000	99	9.84e-155	303	265564	Thalassiosira punctigera	diatoms	Thalassiosira punctigera
3a44eb59a60d6c69647b9721487e3bf8	gi|1450114887|gb|MH349044.1|	96.066	100	7.82e-136	305	229672	Pseudoparamoeba pagei	eukaryotes	Pseudoparamoeba pagei
3a44eb59a60d6c69647b9721487e3bf8	gi|1450114885|gb|MH349043.1|	96.066	100	7.82e-136	305	229672	Pseudoparamoeba pagei	eukaryotes	Pseudoparamoeba pagei
3a44eb59a60d6c69647b9721487e3bf8	gi|1450114883|gb|MH349042.1|	96.066	100	7.82e-136	305	229672	Pseudoparamoeba pagei	eukaryotes	Pseudoparamoeba pagei
3a44eb59a60d6c69647b9721487e3bf8	gi|1450114879|gb|MH349040.1|	96.066	100	7.82e-136	305	229672	Pseudoparamoeba pagei	eukaryotes	Pseudoparamoeba pagei
3a44eb59a60d6c69647b9721487e3bf8	gi|1450114877|gb|MH349039.1|	96.066	100	7.82e-136	305	229672	Pseudoparamoeba pagei	eukaryotes	Pseudoparamoeba pagei
3a44eb59a60d6c69647b9721487e3bf8	gi|1450114875|gb|MH349038.1|	96.066	100	7.82e-136	305	229672	Pseudoparamoeba pagei	eukaryotes	Pseudoparamoeba pagei
3a44eb59a60d6c69647b9721487e3bf8	gi|1450114873|gb|MH349037.1|	96.066	100	7.82e-136	305	229672	Pseudoparamoeba pagei	eukaryotes	Pseudoparamoeba pagei
3a44eb59a60d6c69647b9721487e3bf8	gi|1450114867|gb|MH349034.1|	96.066	100	7.82e-136	305	229672	Pseudoparamoeba pagei	eukaryotes	Pseudoparamoeba pagei
3a44eb59a60d6c69647b9721487e3bf8	gi|1450114865|gb|MH349033.1|	96.066	100	7.82e-136	305	229672	Pseudoparamoeba pagei	eukaryotes	Pseudoparamoeba pagei
3a44eb59a60d6c69647b9721487e3bf8	gi|1450114881|gb|MH349041.1|	95.738	100	3.64e-134	305	229672	Pseudoparamoeba pagei	eukaryotes	Pseudoparamoeba pagei
f82ca36f09969859c6ae50e6bf8d38e1	gi|1450114887|gb|MH349044.1|	94.754	100	3.67e-129	305	229672	Pseudoparamoeba pagei	eukaryotes	Pseudoparamoeba pagei
f82ca36f09969859c6ae50e6bf8d38e1	gi|1450114885|gb|MH349043.1|	94.754	100	3.67e-129	305	229672	Pseudoparamoeba pagei	eukaryotes	Pseudoparamoeba pagei
f82ca36f09969859c6ae50e6bf8d38e1	gi|1450114883|gb|MH349042.1|	94.754	100	3.67e-129	305	229672	Pseudoparamoeba pagei	eukaryotes	Pseudoparamoeba pagei
f82ca36f09969859c6ae50e6bf8d38e1	gi|1450114879|gb|MH349040.1|	94.754	100	3.67e-129	305	229672	Pseudoparamoeba pagei	eukaryotes	Pseudoparamoeba pagei
f82ca36f09969859c6ae50e6bf8d38e1	gi|1450114877|gb|MH349039.1|	94.754	100	3.67e-129	305	229672	Pseudoparamoeba pagei	eukaryotes	Pseudoparamoeba pagei
f82ca36f09969859c6ae50e6bf8d38e1	gi|1450114875|gb|MH349038.1|	94.754	100	3.67e-129	305	229672	Pseudoparamoeba pagei	eukaryotes	Pseudoparamoeba pagei
f82ca36f09969859c6ae50e6bf8d38e1	gi|1450114873|gb|MH349037.1|	94.754	100	3.67e-129	305	229672	Pseudoparamoeba pagei	eukaryotes	Pseudoparamoeba pagei
f82ca36f09969859c6ae50e6bf8d38e1	gi|1450114867|gb|MH349034.1|	94.754	100	3.67e-129	305	229672	Pseudoparamoeba pagei	eukaryotes	Pseudoparamoeba pagei
f82ca36f09969859c6ae50e6bf8d38e1	gi|1450114865|gb|MH349033.1|	94.754	100	3.67e-129	305	229672	Pseudoparamoeba pagei	eukaryotes	Pseudoparamoeba pagei
f82ca36f09969859c6ae50e6bf8d38e1	gi|1450114881|gb|MH349041.1|	94.426	100	1.71e-127	305	229672	Pseudoparamoeba pagei	eukaryotes	Pseudoparamoeba pagei
143d348fd5464ad72b864bbeb8970de9	gi|1450114887|gb|MH349044.1|	97.705	100	3.59e-144	305	229672	Pseudoparamoeba pagei	eukaryotes	Pseudoparamoeba pagei
143d348fd5464ad72b864bbeb8970de9	gi|1450114885|gb|MH349043.1|	97.705	100	3.59e-144	305	229672	Pseudoparamoeba pagei	eukaryotes	Pseudoparamoeba pagei
143d348fd5464ad72b864bbeb8970de9	gi|1450114883|gb|MH349042.1|	97.705	100	3.59e-144	305	229672	Pseudoparamoeba pagei	eukaryotes	Pseudoparamoeba pagei
143d348fd5464ad72b864bbeb8970de9	gi|1450114879|gb|MH349040.1|	97.705	100	3.59e-144	305	229672	Pseudoparamoeba pagei	eukaryotes	Pseudoparamoeba pagei
143d348fd5464ad72b864bbeb8970de9	gi|1450114877|gb|MH349039.1|	97.705	100	3.59e-144	305	229672	Pseudoparamoeba pagei	eukaryotes	Pseudoparamoeba pagei
143d348fd5464ad72b864bbeb8970de9	gi|1450114875|gb|MH349038.1|	97.705	100	3.59e-144	305	229672	Pseudoparamoeba pagei	eukaryotes	Pseudoparamoeba pagei
143d348fd5464ad72b864bbeb8970de9	gi|1450114873|gb|MH349037.1|	97.705	100	3.59e-144	305	229672	Pseudoparamoeba pagei	eukaryotes	Pseudoparamoeba pagei
143d348fd5464ad72b864bbeb8970de9	gi|1450114867|gb|MH349034.1|	97.705	100	3.59e-144	305	229672	Pseudoparamoeba pagei	eukaryotes	Pseudoparamoeba pagei
143d348fd5464ad72b864bbeb8970de9	gi|1450114865|gb|MH349033.1|	97.705	100	3.59e-144	305	229672	Pseudoparamoeba pagei	eukaryotes	Pseudoparamoeba pagei
143d348fd5464ad72b864bbeb8970de9	gi|1450114881|gb|MH349041.1|	97.377	100	1.67e-142	305	229672	Pseudoparamoeba pagei	eukaryotes	Pseudoparamoeba pagei
772d1a493e727d000087edf88252b66d	gi|1450114887|gb|MH349044.1|	100.000	100	7.61e-156	305	229672	Pseudoparamoeba pagei	eukaryotes	Pseudoparamoeba pagei
772d1a493e727d000087edf88252b66d	gi|1450114885|gb|MH349043.1|	100.000	100	7.61e-156	305	229672	Pseudoparamoeba pagei	eukaryotes	Pseudoparamoeba pagei
772d1a493e727d000087edf88252b66d	gi|1450114883|gb|MH349042.1|	100.000	100	7.61e-156	305	229672	Pseudoparamoeba pagei	eukaryotes	Pseudoparamoeba pagei
772d1a493e727d000087edf88252b66d	gi|1450114879|gb|MH349040.1|	100.000	100	7.61e-156	305	229672	Pseudoparamoeba pagei	eukaryotes	Pseudoparamoeba pagei
772d1a493e727d000087edf88252b66d	gi|1450114877|gb|MH349039.1|	100.000	100	7.61e-156	305	229672	Pseudoparamoeba pagei	eukaryotes	Pseudoparamoeba pagei
772d1a493e727d000087edf88252b66d	gi|1450114875|gb|MH349038.1|	100.000	100	7.61e-156	305	229672	Pseudoparamoeba pagei	eukaryotes	Pseudoparamoeba pagei
772d1a493e727d000087edf88252b66d	gi|1450114873|gb|MH349037.1|	100.000	100	7.61e-156	305	229672	Pseudoparamoeba pagei	eukaryotes	Pseudoparamoeba pagei
772d1a493e727d000087edf88252b66d	gi|1450114867|gb|MH349034.1|	100.000	100	7.61e-156	305	229672	Pseudoparamoeba pagei	eukaryotes	Pseudoparamoeba pagei
772d1a493e727d000087edf88252b66d	gi|1450114865|gb|MH349033.1|	100.000	100	7.61e-156	305	229672	Pseudoparamoeba pagei	eukaryotes	Pseudoparamoeba pagei
772d1a493e727d000087edf88252b66d	gi|1450114881|gb|MH349041.1|	99.672	100	3.54e-154	305	229672	Pseudoparamoeba pagei	eukaryotes	Pseudoparamoeba pagei
cdbaa808ff9d5b0afed116f2f798dacd	gi|1450114887|gb|MH349044.1|	98.361	100	1.66e-147	305	229672	Pseudoparamoeba pagei	eukaryotes	Pseudoparamoeba pagei
cdbaa808ff9d5b0afed116f2f798dacd	gi|1450114885|gb|MH349043.1|	98.361	100	1.66e-147	305	229672	Pseudoparamoeba pagei	eukaryotes	Pseudoparamoeba pagei
cdbaa808ff9d5b0afed116f2f798dacd	gi|1450114883|gb|MH349042.1|	98.361	100	1.66e-147	305	229672	Pseudoparamoeba pagei	eukaryotes	Pseudoparamoeba pagei
cdbaa808ff9d5b0afed116f2f798dacd	gi|1450114879|gb|MH349040.1|	98.361	100	1.66e-147	305	229672	Pseudoparamoeba pagei	eukaryotes	Pseudoparamoeba pagei
cdbaa808ff9d5b0afed116f2f798dacd	gi|1450114877|gb|MH349039.1|	98.361	100	1.66e-147	305	229672	Pseudoparamoeba pagei	eukaryotes	Pseudoparamoeba pagei
cdbaa808ff9d5b0afed116f2f798dacd	gi|1450114875|gb|MH349038.1|	98.361	100	1.66e-147	305	229672	Pseudoparamoeba pagei	eukaryotes	Pseudoparamoeba pagei
cdbaa808ff9d5b0afed116f2f798dacd	gi|1450114873|gb|MH349037.1|	98.361	100	1.66e-147	305	229672	Pseudoparamoeba pagei	eukaryotes	Pseudoparamoeba pagei
cdbaa808ff9d5b0afed116f2f798dacd	gi|1450114867|gb|MH349034.1|	98.361	100	1.66e-147	305	229672	Pseudoparamoeba pagei	eukaryotes	Pseudoparamoeba pagei
cdbaa808ff9d5b0afed116f2f798dacd	gi|1450114865|gb|MH349033.1|	98.361	100	1.66e-147	305	229672	Pseudoparamoeba pagei	eukaryotes	Pseudoparamoeba pagei
cdbaa808ff9d5b0afed116f2f798dacd	gi|1450114881|gb|MH349041.1|	98.033	100	7.71e-146	305	229672	Pseudoparamoeba pagei	eukaryotes	Pseudoparamoeba pagei
e6f93b2e6f2a93769ace70cd89a2c1b4	gi|1450114887|gb|MH349044.1|	91.475	100	1.74e-112	305	229672	Pseudoparamoeba pagei	eukaryotes	Pseudoparamoeba pagei
e6f93b2e6f2a93769ace70cd89a2c1b4	gi|1450114885|gb|MH349043.1|	91.475	100	1.74e-112	305	229672	Pseudoparamoeba pagei	eukaryotes	Pseudoparamoeba pagei
e6f93b2e6f2a93769ace70cd89a2c1b4	gi|1450114883|gb|MH349042.1|	91.475	100	1.74e-112	305	229672	Pseudoparamoeba pagei	eukaryotes	Pseudoparamoeba pagei
e6f93b2e6f2a93769ace70cd89a2c1b4	gi|1450114879|gb|MH349040.1|	91.475	100	1.74e-112	305	229672	Pseudoparamoeba pagei	eukaryotes	Pseudoparamoeba pagei
e6f93b2e6f2a93769ace70cd89a2c1b4	gi|1450114877|gb|MH349039.1|	91.475	100	1.74e-112	305	229672	Pseudoparamoeba pagei	eukaryotes	Pseudoparamoeba pagei
e6f93b2e6f2a93769ace70cd89a2c1b4	gi|1450114875|gb|MH349038.1|	91.475	100	1.74e-112	305	229672	Pseudoparamoeba pagei	eukaryotes	Pseudoparamoeba pagei
e6f93b2e6f2a93769ace70cd89a2c1b4	gi|1450114873|gb|MH349037.1|	91.475	100	1.74e-112	305	229672	Pseudoparamoeba pagei	eukaryotes	Pseudoparamoeba pagei
e6f93b2e6f2a93769ace70cd89a2c1b4	gi|1450114867|gb|MH349034.1|	91.475	100	1.74e-112	305	229672	Pseudoparamoeba pagei	eukaryotes	Pseudoparamoeba pagei
e6f93b2e6f2a93769ace70cd89a2c1b4	gi|1450114865|gb|MH349033.1|	91.475	100	1.74e-112	305	229672	Pseudoparamoeba pagei	eukaryotes	Pseudoparamoeba pagei
e6f93b2e6f2a93769ace70cd89a2c1b4	gi|1450114881|gb|MH349041.1|	91.148	100	8.11e-111	305	229672	Pseudoparamoeba pagei	eukaryotes	Pseudoparamoeba pagei
01e51af23ada0191f042545da106b6d4	gi|1450114887|gb|MH349044.1|	92.131	100	8.05e-116	305	229672	Pseudoparamoeba pagei	eukaryotes	Pseudoparamoeba pagei
01e51af23ada0191f042545da106b6d4	gi|1450114885|gb|MH349043.1|	92.131	100	8.05e-116	305	229672	Pseudoparamoeba pagei	eukaryotes	Pseudoparamoeba pagei
01e51af23ada0191f042545da106b6d4	gi|1450114883|gb|MH349042.1|	92.131	100	8.05e-116	305	229672	Pseudoparamoeba pagei	eukaryotes	Pseudoparamoeba pagei
01e51af23ada0191f042545da106b6d4	gi|1450114879|gb|MH349040.1|	92.131	100	8.05e-116	305	229672	Pseudoparamoeba pagei	eukaryotes	Pseudoparamoeba pagei
01e51af23ada0191f042545da106b6d4	gi|1450114877|gb|MH349039.1|	92.131	100	8.05e-116	305	229672	Pseudoparamoeba pagei	eukaryotes	Pseudoparamoeba pagei
01e51af23ada0191f042545da106b6d4	gi|1450114875|gb|MH349038.1|	92.131	100	8.05e-116	305	229672	Pseudoparamoeba pagei	eukaryotes	Pseudoparamoeba pagei
01e51af23ada0191f042545da106b6d4	gi|1450114873|gb|MH349037.1|	92.131	100	8.05e-116	305	229672	Pseudoparamoeba pagei	eukaryotes	Pseudoparamoeba pagei
01e51af23ada0191f042545da106b6d4	gi|1450114867|gb|MH349034.1|	92.131	100	8.05e-116	305	229672	Pseudoparamoeba pagei	eukaryotes	Pseudoparamoeba pagei
01e51af23ada0191f042545da106b6d4	gi|1450114865|gb|MH349033.1|	92.131	100	8.05e-116	305	229672	Pseudoparamoeba pagei	eukaryotes	Pseudoparamoeba pagei
01e51af23ada0191f042545da106b6d4	gi|1450114881|gb|MH349041.1|	91.803	100	3.74e-114	305	229672	Pseudoparamoeba pagei	eukaryotes	Pseudoparamoeba pagei
c5e8073d446a1337d7fdf6ad34557702	gi|2074156236|gb|MW413904.1|	96.066	100	7.82e-136	305	1514137	Guinardia striata	diatoms	Guinardia striata
c5e8073d446a1337d7fdf6ad34557702	gi|2074156200|gb|MW413905.1|	90.492	100	1.75e-107	305	216802	Guinardia delicatula	diatoms	Guinardia delicatula
a2b64161733ee097a29165a84aa7fe99	gi|6331157|dbj|AB020226.1|	99.672	100	3.54e-154	305	3005	Rhizosolenia setigera	diatoms	Rhizosolenia setigera
f2681c25afa2ad192395277b508f6cc0	gi|6331157|dbj|AB020226.1|	100.000	100	1.08e-97	200	3005	Rhizosolenia setigera	diatoms	Rhizosolenia setigera
b56fc0fc6d141d9a03773b1723215731	gi|6331157|dbj|AB020226.1|	100.000	100	7.61e-156	305	3005	Rhizosolenia setigera	diatoms	Rhizosolenia setigera
91f41d7ef1a604c1fd78ce916df42b50	gi|6331157|dbj|AB020226.1|	99.672	100	3.54e-154	305	3005	Rhizosolenia setigera	diatoms	Rhizosolenia setigera
8c3ebcb4463ee18be27e4f41ee76fd57	gi|2026158947|ref|NC_054334.1|	92.131	100	8.05e-116	305	444606	Eucampia zodiacus	diatoms	Eucampia zodiacus
fe5d22a3412c1aa3e786c620df710ff5	gi|2055417059|ref|NC_056371.1|	90.333	98	1.06e-104	300	1335017	Odontella regia	diatoms	Odontella regia
f6949c40cfa77d398b297bf7cf019cca	gi|2213903136|gb|OK091250.1|	99.344	100	1.65e-152	305	2929588	Halophytophthora sp. 'thermoambigua-like'	oomycetes	Halophytophthora sp. 'thermoambigua-like'
f6949c40cfa77d398b297bf7cf019cca	gi|2213903116|gb|OK091240.1|	97.705	100	3.59e-144	305	2874305	Halophytophthora thermoambigua	oomycetes	Halophytophthora thermoambigua
f6949c40cfa77d398b297bf7cf019cca	gi|2213903124|gb|OK091244.1|	97.377	100	1.67e-142	305	2874305	Halophytophthora thermoambigua	oomycetes	Halophytophthora thermoambigua
f6949c40cfa77d398b297bf7cf019cca	gi|2213903076|gb|OK091220.1|	97.377	100	1.67e-142	305	2874301	Halophytophthora lateralis	oomycetes	Halophytophthora lateralis
f6949c40cfa77d398b297bf7cf019cca	gi|1209844426|gb|KY327276.1|	96.721	100	3.61e-139	305	289610	Halophytophthora avicenniae	oomycetes	Halophytophthora avicenniae
f6949c40cfa77d398b297bf7cf019cca	gi|1042782946|gb|KT886048.1|	96.721	100	3.61e-139	305	1862603	Phytophthora rhizophorae	downy mildews	Phytophthora rhizophorae
f6949c40cfa77d398b297bf7cf019cca	gi|2213903034|gb|OK091199.1|	96.721	100	3.61e-139	305	289610	Halophytophthora avicenniae	oomycetes	Halophytophthora avicenniae
f6949c40cfa77d398b297bf7cf019cca	gi|2213903030|gb|OK091197.1|	96.721	100	3.61e-139	305	289610	Halophytophthora avicenniae	oomycetes	Halophytophthora avicenniae
f6949c40cfa77d398b297bf7cf019cca	gi|320336423|gb|HQ708363.1|	96.721	100	3.61e-139	305	758751	Halophytophthora polymorphica	oomycetes	Halophytophthora polymorphica
f6949c40cfa77d398b297bf7cf019cca	gi|320336135|gb|HQ708219.1|	96.721	100	3.61e-139	305	289610	Halophytophthora avicenniae	oomycetes	Halophytophthora avicenniae
78d8bdeb58cd3fd901c5a71a87e63e7c	gi|2213903822|gb|OK091593.1|	97.377	100	1.67e-142	305	2874304	Halophytophthora sinuata	oomycetes	Halophytophthora sinuata
78d8bdeb58cd3fd901c5a71a87e63e7c	gi|2213903106|gb|OK091235.1|	97.377	100	1.67e-142	305	2874304	Halophytophthora sinuata	oomycetes	Halophytophthora sinuata
78d8bdeb58cd3fd901c5a71a87e63e7c	gi|2213903098|gb|OK091231.1|	97.049	100	7.77e-141	305	2874303	Halophytophthora macrosporangia	oomycetes	Halophytophthora macrosporangia
78d8bdeb58cd3fd901c5a71a87e63e7c	gi|2213903094|gb|OK091229.1|	97.049	100	7.77e-141	305	2874303	Halophytophthora macrosporangia	oomycetes	Halophytophthora macrosporangia
78d8bdeb58cd3fd901c5a71a87e63e7c	gi|2213903064|gb|OK091214.1|	96.721	100	3.61e-139	305	2874300	Halophytophthora frigida	oomycetes	Halophytophthora frigida
78d8bdeb58cd3fd901c5a71a87e63e7c	gi|1042782946|gb|KT886048.1|	96.393	100	1.68e-137	305	1862603	Phytophthora rhizophorae	downy mildews	Phytophthora rhizophorae
78d8bdeb58cd3fd901c5a71a87e63e7c	gi|2213903136|gb|OK091250.1|	96.393	100	1.68e-137	305	2929588	Halophytophthora sp. 'thermoambigua-like'	oomycetes	Halophytophthora sp. 'thermoambigua-like'
78d8bdeb58cd3fd901c5a71a87e63e7c	gi|320336423|gb|HQ708363.1|	96.393	100	1.68e-137	305	758751	Halophytophthora polymorphica	oomycetes	Halophytophthora polymorphica
78d8bdeb58cd3fd901c5a71a87e63e7c	gi|2213903076|gb|OK091220.1|	96.066	100	7.82e-136	305	2874301	Halophytophthora lateralis	oomycetes	Halophytophthora lateralis
78d8bdeb58cd3fd901c5a71a87e63e7c	gi|1209844424|gb|KY327275.1|	95.738	100	3.64e-134	305	1980703	Halophytophthora sp. GHJ-2017a	oomycetes	Halophytophthora sp. GHJ-2017a
921a3811e932904fe763e7d2620231bc	gi|2213903044|gb|OK091204.1|	97.049	100	7.77e-141	305	2874298	Halophytophthora brevisporangia	oomycetes	Halophytophthora brevisporangia
921a3811e932904fe763e7d2620231bc	gi|2213903054|gb|OK091209.1|	96.393	100	1.68e-137	305	2874299	Halophytophthora celeris	oomycetes	Halophytophthora celeris
921a3811e932904fe763e7d2620231bc	gi|2213903098|gb|OK091231.1|	96.066	100	7.82e-136	305	2874303	Halophytophthora macrosporangia	oomycetes	Halophytophthora macrosporangia
921a3811e932904fe763e7d2620231bc	gi|2213903094|gb|OK091229.1|	96.066	100	7.82e-136	305	2874303	Halophytophthora macrosporangia	oomycetes	Halophytophthora macrosporangia
921a3811e932904fe763e7d2620231bc	gi|2213903822|gb|OK091593.1|	95.738	100	3.64e-134	305	2874304	Halophytophthora sinuata	oomycetes	Halophytophthora sinuata
921a3811e932904fe763e7d2620231bc	gi|2213903106|gb|OK091235.1|	95.738	100	3.64e-134	305	2874304	Halophytophthora sinuata	oomycetes	Halophytophthora sinuata
921a3811e932904fe763e7d2620231bc	gi|1042782946|gb|KT886048.1|	94.754	100	3.67e-129	305	1862603	Phytophthora rhizophorae	downy mildews	Phytophthora rhizophorae
921a3811e932904fe763e7d2620231bc	gi|2213903064|gb|OK091214.1|	94.754	100	3.67e-129	305	2874300	Halophytophthora frigida	oomycetes	Halophytophthora frigida
921a3811e932904fe763e7d2620231bc	gi|320336423|gb|HQ708363.1|	94.754	100	3.67e-129	305	758751	Halophytophthora polymorphica	oomycetes	Halophytophthora polymorphica
921a3811e932904fe763e7d2620231bc	gi|2213903136|gb|OK091250.1|	94.426	100	1.71e-127	305	2929588	Halophytophthora sp. 'thermoambigua-like'	oomycetes	Halophytophthora sp. 'thermoambigua-like'
c460ad00ea3901ac36feae17a2a38b3b	gi|2213903136|gb|OK091250.1|	99.672	100	3.54e-154	305	2929588	Halophytophthora sp. 'thermoambigua-like'	oomycetes	Halophytophthora sp. 'thermoambigua-like'
c460ad00ea3901ac36feae17a2a38b3b	gi|2213903116|gb|OK091240.1|	98.033	100	7.71e-146	305	2874305	Halophytophthora thermoambigua	oomycetes	Halophytophthora thermoambigua
c460ad00ea3901ac36feae17a2a38b3b	gi|2213903124|gb|OK091244.1|	97.705	100	3.59e-144	305	2874305	Halophytophthora thermoambigua	oomycetes	Halophytophthora thermoambigua
c460ad00ea3901ac36feae17a2a38b3b	gi|2213903076|gb|OK091220.1|	97.377	100	1.67e-142	305	2874301	Halophytophthora lateralis	oomycetes	Halophytophthora lateralis
c460ad00ea3901ac36feae17a2a38b3b	gi|1042782946|gb|KT886048.1|	97.049	100	7.77e-141	305	1862603	Phytophthora rhizophorae	downy mildews	Phytophthora rhizophorae
c460ad00ea3901ac36feae17a2a38b3b	gi|320336423|gb|HQ708363.1|	97.049	100	7.77e-141	305	758751	Halophytophthora polymorphica	oomycetes	Halophytophthora polymorphica
c460ad00ea3901ac36feae17a2a38b3b	gi|1209844431|gb|KY327279.1|	96.393	100	1.68e-137	305	758751	Halophytophthora polymorphica	oomycetes	Halophytophthora polymorphica
c460ad00ea3901ac36feae17a2a38b3b	gi|1209844426|gb|KY327276.1|	96.393	100	1.68e-137	305	289610	Halophytophthora avicenniae	oomycetes	Halophytophthora avicenniae
c460ad00ea3901ac36feae17a2a38b3b	gi|1209844424|gb|KY327275.1|	96.393	100	1.68e-137	305	1980703	Halophytophthora sp. GHJ-2017a	oomycetes	Halophytophthora sp. GHJ-2017a
c460ad00ea3901ac36feae17a2a38b3b	gi|1042782948|gb|KT886049.1|	96.393	100	1.68e-137	305	1862603	Phytophthora rhizophorae	downy mildews	Phytophthora rhizophorae
b5c33bb3c2ed8b62d4c00a60df4fcb8d	gi|2213903136|gb|OK091250.1|	99.344	100	1.65e-152	305	2929588	Halophytophthora sp. 'thermoambigua-like'	oomycetes	Halophytophthora sp. 'thermoambigua-like'
b5c33bb3c2ed8b62d4c00a60df4fcb8d	gi|2213903116|gb|OK091240.1|	97.705	100	3.59e-144	305	2874305	Halophytophthora thermoambigua	oomycetes	Halophytophthora thermoambigua
b5c33bb3c2ed8b62d4c00a60df4fcb8d	gi|1042782946|gb|KT886048.1|	97.377	100	1.67e-142	305	1862603	Phytophthora rhizophorae	downy mildews	Phytophthora rhizophorae
b5c33bb3c2ed8b62d4c00a60df4fcb8d	gi|2213903124|gb|OK091244.1|	97.377	100	1.67e-142	305	2874305	Halophytophthora thermoambigua	oomycetes	Halophytophthora thermoambigua
b5c33bb3c2ed8b62d4c00a60df4fcb8d	gi|320336423|gb|HQ708363.1|	97.377	100	1.67e-142	305	758751	Halophytophthora polymorphica	oomycetes	Halophytophthora polymorphica
b5c33bb3c2ed8b62d4c00a60df4fcb8d	gi|2213903076|gb|OK091220.1|	97.049	100	7.77e-141	305	2874301	Halophytophthora lateralis	oomycetes	Halophytophthora lateralis
b5c33bb3c2ed8b62d4c00a60df4fcb8d	gi|1209844424|gb|KY327275.1|	96.721	100	3.61e-139	305	1980703	Halophytophthora sp. GHJ-2017a	oomycetes	Halophytophthora sp. GHJ-2017a
b5c33bb3c2ed8b62d4c00a60df4fcb8d	gi|1209844428|gb|KY327277.1|	96.393	100	1.68e-137	305	1980704	Halophytophthora insularis	oomycetes	Halophytophthora insularis
b5c33bb3c2ed8b62d4c00a60df4fcb8d	gi|324983187|gb|HQ171171.1|	96.393	100	1.68e-137	305	758760	Halophytophthora vesicula	oomycetes	Halophytophthora vesicula
b5c33bb3c2ed8b62d4c00a60df4fcb8d	gi|1209844431|gb|KY327279.1|	96.066	100	7.82e-136	305	758751	Halophytophthora polymorphica	oomycetes	Halophytophthora polymorphica
2e7bc2da2a12b035d939e4d57ea2935c	gi|2213903136|gb|OK091250.1|	99.016	100	7.66e-151	305	2929588	Halophytophthora sp. 'thermoambigua-like'	oomycetes	Halophytophthora sp. 'thermoambigua-like'
2e7bc2da2a12b035d939e4d57ea2935c	gi|2213903116|gb|OK091240.1|	97.377	100	1.67e-142	305	2874305	Halophytophthora thermoambigua	oomycetes	Halophytophthora thermoambigua
2e7bc2da2a12b035d939e4d57ea2935c	gi|2213903124|gb|OK091244.1|	97.049	100	7.77e-141	305	2874305	Halophytophthora thermoambigua	oomycetes	Halophytophthora thermoambigua
2e7bc2da2a12b035d939e4d57ea2935c	gi|2213903076|gb|OK091220.1|	96.721	100	3.61e-139	305	2874301	Halophytophthora lateralis	oomycetes	Halophytophthora lateralis
2e7bc2da2a12b035d939e4d57ea2935c	gi|1042782946|gb|KT886048.1|	96.393	100	1.68e-137	305	1862603	Phytophthora rhizophorae	downy mildews	Phytophthora rhizophorae
2e7bc2da2a12b035d939e4d57ea2935c	gi|320336423|gb|HQ708363.1|	96.393	100	1.68e-137	305	758751	Halophytophthora polymorphica	oomycetes	Halophytophthora polymorphica
2e7bc2da2a12b035d939e4d57ea2935c	gi|1209844431|gb|KY327279.1|	95.738	100	3.64e-134	305	758751	Halophytophthora polymorphica	oomycetes	Halophytophthora polymorphica
2e7bc2da2a12b035d939e4d57ea2935c	gi|1209844426|gb|KY327276.1|	95.738	100	3.64e-134	305	289610	Halophytophthora avicenniae	oomycetes	Halophytophthora avicenniae
2e7bc2da2a12b035d939e4d57ea2935c	gi|1209844424|gb|KY327275.1|	95.738	100	3.64e-134	305	1980703	Halophytophthora sp. GHJ-2017a	oomycetes	Halophytophthora sp. GHJ-2017a
2e7bc2da2a12b035d939e4d57ea2935c	gi|1042782948|gb|KT886049.1|	95.738	100	3.64e-134	305	1862603	Phytophthora rhizophorae	downy mildews	Phytophthora rhizophorae
dee16ef4996c63680ce2d08f8e0076ee	gi|2213903822|gb|OK091593.1|	97.705	100	3.59e-144	305	2874304	Halophytophthora sinuata	oomycetes	Halophytophthora sinuata
dee16ef4996c63680ce2d08f8e0076ee	gi|2213903106|gb|OK091235.1|	97.705	100	3.59e-144	305	2874304	Halophytophthora sinuata	oomycetes	Halophytophthora sinuata
dee16ef4996c63680ce2d08f8e0076ee	gi|2213903098|gb|OK091231.1|	97.377	100	1.67e-142	305	2874303	Halophytophthora macrosporangia	oomycetes	Halophytophthora macrosporangia
dee16ef4996c63680ce2d08f8e0076ee	gi|2213903094|gb|OK091229.1|	97.377	100	1.67e-142	305	2874303	Halophytophthora macrosporangia	oomycetes	Halophytophthora macrosporangia
dee16ef4996c63680ce2d08f8e0076ee	gi|2213903064|gb|OK091214.1|	96.393	100	1.68e-137	305	2874300	Halophytophthora frigida	oomycetes	Halophytophthora frigida
dee16ef4996c63680ce2d08f8e0076ee	gi|2213903076|gb|OK091220.1|	96.066	100	7.82e-136	305	2874301	Halophytophthora lateralis	oomycetes	Halophytophthora lateralis
dee16ef4996c63680ce2d08f8e0076ee	gi|1209844426|gb|KY327276.1|	95.738	100	3.64e-134	305	289610	Halophytophthora avicenniae	oomycetes	Halophytophthora avicenniae
dee16ef4996c63680ce2d08f8e0076ee	gi|2213903054|gb|OK091209.1|	95.738	100	3.64e-134	305	2874299	Halophytophthora celeris	oomycetes	Halophytophthora celeris
dee16ef4996c63680ce2d08f8e0076ee	gi|2213903034|gb|OK091199.1|	95.738	100	3.64e-134	305	289610	Halophytophthora avicenniae	oomycetes	Halophytophthora avicenniae
dee16ef4996c63680ce2d08f8e0076ee	gi|2213903030|gb|OK091197.1|	95.738	100	3.64e-134	305	289610	Halophytophthora avicenniae	oomycetes	Halophytophthora avicenniae
769bd7da7ed3eeaaef06ab57291f7cd9	gi|324983193|gb|HQ171174.1|	92.131	100	8.05e-116	305	758755	Salisapilia bahamensis	oomycetes	Salisapilia bahamensis
769bd7da7ed3eeaaef06ab57291f7cd9	gi|324983179|gb|HQ171167.1|	91.333	98	1.05e-109	300	983661	Salisapilia tartarea	oomycetes	Salisapilia tartarea
769bd7da7ed3eeaaef06ab57291f7cd9	gi|1799122920|gb|MN866097.1|	90.492	100	1.75e-107	305	2691627	Phytophthora aff. citricola X	downy mildews	Phytophthora aff. citricola X
769bd7da7ed3eeaaef06ab57291f7cd9	gi|1382811174|gb|MH136974.1|	90.492	100	1.75e-107	305	127443	Phytophthora richardiae	downy mildews	Phytophthora richardiae
769bd7da7ed3eeaaef06ab57291f7cd9	gi|2734755929|gb|PP814663.1|	90.492	100	1.75e-107	305	83917	Pythium catenulatum	oomycetes	Pythium catenulatum
769bd7da7ed3eeaaef06ab57291f7cd9	gi|2707519032|gb|PP107950.1|	90.492	100	1.75e-107	305	3118392	Pythium sp. 'thermoculicivorax'	oomycetes	Pythium sp. 'thermoculicivorax'
769bd7da7ed3eeaaef06ab57291f7cd9	gi|2689404076|gb|OR526129.1|	90.492	100	1.75e-107	305	3073779	Phytophthora proliferata	downy mildews	Phytophthora proliferata
769bd7da7ed3eeaaef06ab57291f7cd9	gi|2689404074|gb|OR526128.1|	90.492	100	1.75e-107	305	3073779	Phytophthora proliferata	downy mildews	Phytophthora proliferata
769bd7da7ed3eeaaef06ab57291f7cd9	gi|2689404072|gb|OR526127.1|	90.492	100	1.75e-107	305	3073779	Phytophthora proliferata	downy mildews	Phytophthora proliferata
769bd7da7ed3eeaaef06ab57291f7cd9	gi|2689404070|gb|OR526126.1|	90.492	100	1.75e-107	305	3073779	Phytophthora proliferata	downy mildews	Phytophthora proliferata
42692450402119ccdae4353ad414a28b	gi|751939004|gb|KM888093.1|	90.164	99	2.94e-105	305	112082	Achlya flagellata	oomycetes	Achlya flagellata
7b71c11e8837dd2b0e13dc6ecada9ccc	gi|2912148669|gb|PQ667713.1|	94.754	100	3.67e-129	305	180228	Paramoeba pemaquidensis	eukaryotes	Paramoeba pemaquidensis
7b71c11e8837dd2b0e13dc6ecada9ccc	gi|2912148667|gb|PQ667712.1|	94.754	100	3.67e-129	305	180228	Paramoeba pemaquidensis	eukaryotes	Paramoeba pemaquidensis
7b71c11e8837dd2b0e13dc6ecada9ccc	gi|2912148665|gb|PQ667711.1|	94.754	100	3.67e-129	305	180228	Paramoeba pemaquidensis	eukaryotes	Paramoeba pemaquidensis
7b71c11e8837dd2b0e13dc6ecada9ccc	gi|2912148664|gb|PQ667710.1|	94.754	100	3.67e-129	305	180228	Paramoeba pemaquidensis	eukaryotes	Paramoeba pemaquidensis
7b71c11e8837dd2b0e13dc6ecada9ccc	gi|2912148662|gb|PQ667709.1|	94.754	100	3.67e-129	305	180228	Paramoeba pemaquidensis	eukaryotes	Paramoeba pemaquidensis
7b71c11e8837dd2b0e13dc6ecada9ccc	gi|1788196779|gb|MN025475.1|	92.131	100	8.05e-116	305	180228	Paramoeba pemaquidensis	eukaryotes	Paramoeba pemaquidensis
7b71c11e8837dd2b0e13dc6ecada9ccc	gi|1079488025|ref|NC_031417.1|	92.131	100	8.05e-116	305	180228	Paramoeba pemaquidensis	eukaryotes	Paramoeba pemaquidensis
7b71c11e8837dd2b0e13dc6ecada9ccc	gi|1788196777|gb|MK990594.1|	91.475	100	1.74e-112	305	308475	Paramoeba branchiphila	eukaryotes	Paramoeba branchiphila
7b71c11e8837dd2b0e13dc6ecada9ccc	gi|1254353662|gb|MF140256.1|	90.759	99	4.88e-108	303	2020319	Neoparamoeba longipodia	eukaryotes	Neoparamoeba longipodia
7b71c11e8837dd2b0e13dc6ecada9ccc	gi|2414548365|gb|OP429229.1|	90.759	99	4.88e-108	303	2020319	Neoparamoeba longipodia	eukaryotes	Neoparamoeba longipodia
d6ed1db4bc0587aed924e321edd033af	gi|320336101|gb|HQ708202.1|	90.476	96	4.91e-103	294	944595	Brevilegnia unisperma var. delica	oomycetes	Brevilegnia unisperma var. delica
d6ed1db4bc0587aed924e321edd033af	gi|320336053|gb|HQ708178.1|	90.136	96	2.29e-101	294	112087	Achlya racemosa	oomycetes	Achlya racemosa
d6ed1db4bc0587aed924e321edd033af	gi|320336049|gb|HQ708176.1|	90.136	96	2.29e-101	294	112087	Achlya racemosa	oomycetes	Achlya racemosa
be1e7859c5e27d5788993ed4b7b56a8e	gi|1788196775|gb|MK990593.1|	94.426	100	1.71e-127	305	180228	Paramoeba pemaquidensis	eukaryotes	Paramoeba pemaquidensis
be1e7859c5e27d5788993ed4b7b56a8e	gi|1788196779|gb|MN025475.1|	91.148	100	8.11e-111	305	180228	Paramoeba pemaquidensis	eukaryotes	Paramoeba pemaquidensis
be1e7859c5e27d5788993ed4b7b56a8e	gi|1079488025|ref|NC_031417.1|	91.148	100	8.11e-111	305	180228	Paramoeba pemaquidensis	eukaryotes	Paramoeba pemaquidensis
4db42c8b87d6f1aa2a6f99effad6cda5	gi|1788196775|gb|MK990593.1|	94.098	100	7.94e-126	305	180228	Paramoeba pemaquidensis	eukaryotes	Paramoeba pemaquidensis
4db42c8b87d6f1aa2a6f99effad6cda5	gi|1788196779|gb|MN025475.1|	91.148	100	8.11e-111	305	180228	Paramoeba pemaquidensis	eukaryotes	Paramoeba pemaquidensis
4db42c8b87d6f1aa2a6f99effad6cda5	gi|1079488025|ref|NC_031417.1|	91.148	100	8.11e-111	305	180228	Paramoeba pemaquidensis	eukaryotes	Paramoeba pemaquidensis
bc964f8eb85f78e412dfd022e367bc9d	gi|1788196775|gb|MK990593.1|	93.770	100	3.69e-124	305	180228	Paramoeba pemaquidensis	eukaryotes	Paramoeba pemaquidensis
bc964f8eb85f78e412dfd022e367bc9d	gi|1788196779|gb|MN025475.1|	90.820	100	3.77e-109	305	180228	Paramoeba pemaquidensis	eukaryotes	Paramoeba pemaquidensis
bc964f8eb85f78e412dfd022e367bc9d	gi|1079488025|ref|NC_031417.1|	90.820	100	3.77e-109	305	180228	Paramoeba pemaquidensis	eukaryotes	Paramoeba pemaquidensis
4104235bb529d714150b68d663ffc5bb	gi|1788196775|gb|MK990593.1|	94.098	100	7.94e-126	305	180228	Paramoeba pemaquidensis	eukaryotes	Paramoeba pemaquidensis
4104235bb529d714150b68d663ffc5bb	gi|1788196779|gb|MN025475.1|	90.820	100	3.77e-109	305	180228	Paramoeba pemaquidensis	eukaryotes	Paramoeba pemaquidensis
4104235bb529d714150b68d663ffc5bb	gi|1079488025|ref|NC_031417.1|	90.820	100	3.77e-109	305	180228	Paramoeba pemaquidensis	eukaryotes	Paramoeba pemaquidensis
c9aa99d967a3dbd9713568f3c39084ea	gi|1279123071|gb|MF326861.1|	91.475	100	1.74e-112	305	2759522	Phytophthora personensis	downy mildews	Phytophthora personensis
c9aa99d967a3dbd9713568f3c39084ea	gi|1279123069|gb|MF326860.1|	91.475	100	1.74e-112	305	2759522	Phytophthora personensis	downy mildews	Phytophthora personensis
c9aa99d967a3dbd9713568f3c39084ea	gi|2625145588|gb|OR818450.1|	91.475	100	1.74e-112	305	2759522	Phytophthora personensis	downy mildews	Phytophthora personensis
c9aa99d967a3dbd9713568f3c39084ea	gi|906542517|gb|KP749431.1|	91.475	100	1.74e-112	305	459873	Phytophthora sp. 'personii'	downy mildews	Phytophthora sp. 'personii'
c9aa99d967a3dbd9713568f3c39084ea	gi|2183096465|gb|MW246830.1|	91.475	100	1.74e-112	305	89336	Phytophthora sp.	downy mildews	Phytophthora sp.
c9aa99d967a3dbd9713568f3c39084ea	gi|2131668366|gb|OK185364.1|	91.475	100	1.74e-112	305	2759522	Phytophthora personensis	downy mildews	Phytophthora personensis
c9aa99d967a3dbd9713568f3c39084ea	gi|310770271|gb|HQ012877.1|	91.475	100	1.74e-112	305	2759522	Phytophthora personensis	downy mildews	Phytophthora personensis
c9aa99d967a3dbd9713568f3c39084ea	gi|1855717859|gb|MN991994.1|	91.148	100	8.11e-111	305	669489	Phytophthora frigida	downy mildews	Phytophthora frigida
c9aa99d967a3dbd9713568f3c39084ea	gi|1855717857|gb|MN991993.1|	91.148	100	8.11e-111	305	669489	Phytophthora frigida	downy mildews	Phytophthora frigida
c9aa99d967a3dbd9713568f3c39084ea	gi|1382811010|gb|MH136892.1|	91.148	100	8.11e-111	305	669489	Phytophthora frigida	downy mildews	Phytophthora frigida
ea0fec3160e3b972feef1bc939987610	gi|1809497209|gb|MN513256.1|	95.082	100	7.88e-131	305	658425	Phytophthora pini	downy mildews	Phytophthora pini
ea0fec3160e3b972feef1bc939987610	gi|1809497207|gb|MN513255.1|	95.082	100	7.88e-131	305	658425	Phytophthora pini	downy mildews	Phytophthora pini
ea0fec3160e3b972feef1bc939987610	gi|1809497205|gb|MN513254.1|	95.082	100	7.88e-131	305	658425	Phytophthora pini	downy mildews	Phytophthora pini
ea0fec3160e3b972feef1bc939987610	gi|1809497203|gb|MN513253.1|	95.082	100	7.88e-131	305	658425	Phytophthora pini	downy mildews	Phytophthora pini
ea0fec3160e3b972feef1bc939987610	gi|1809497201|gb|MN513252.1|	95.082	100	7.88e-131	305	658425	Phytophthora pini	downy mildews	Phytophthora pini
ea0fec3160e3b972feef1bc939987610	gi|2843530817|gb|PQ231434.1|	95.082	100	7.88e-131	305	639000	Phytophthora plurivora	downy mildews	Phytophthora plurivora
ea0fec3160e3b972feef1bc939987610	gi|2843530815|gb|PQ231433.1|	95.082	100	7.88e-131	305	639000	Phytophthora plurivora	downy mildews	Phytophthora plurivora
ea0fec3160e3b972feef1bc939987610	gi|1461827313|gb|MG817525.1|	95.082	100	7.88e-131	305	639000	Phytophthora plurivora	downy mildews	Phytophthora plurivora
ea0fec3160e3b972feef1bc939987610	gi|1461827311|gb|MG817524.1|	95.082	100	7.88e-131	305	639000	Phytophthora plurivora	downy mildews	Phytophthora plurivora
ea0fec3160e3b972feef1bc939987610	gi|1461827309|gb|MG817523.1|	95.082	100	7.88e-131	305	639000	Phytophthora plurivora	downy mildews	Phytophthora plurivora
c289b8f1cfbaded241ae72d7cb563ed6	gi|2254928387|gb|MW661030.1|	90.301	98	3.80e-104	299	2951979	Pythium sp. 'aquasilvae'	oomycetes	Pythium sp. 'aquasilvae'
65d421a38585e6f7fe4734cd294aefd6	gi|2572566542|dbj|LC728444.1|	90.789	99	1.36e-108	304	253176	Aphanomyces cladogamus	oomycetes	Aphanomyces cladogamus
65d421a38585e6f7fe4734cd294aefd6	gi|961555267|gb|KR264880.1|	90.789	99	1.36e-108	304	1628357	Achlya catenulata	oomycetes	Achlya catenulata
65d421a38585e6f7fe4734cd294aefd6	gi|961555265|gb|KR264879.1|	90.789	99	1.36e-108	304	1628357	Achlya catenulata	oomycetes	Achlya catenulata
65d421a38585e6f7fe4734cd294aefd6	gi|320336067|gb|HQ708185.1|	90.461	99	6.31e-107	304	253176	Aphanomyces cladogamus	oomycetes	Aphanomyces cladogamus
65d421a38585e6f7fe4734cd294aefd6	gi|320336057|gb|HQ708180.1|	90.461	99	6.31e-107	304	112089	Achlya recurva	oomycetes	Achlya recurva
65d421a38585e6f7fe4734cd294aefd6	gi|2813228392|dbj|LC754339.1|	90.164	100	8.16e-106	305	3028233	Aphanomyces cf. keratinophilus	oomycetes	Aphanomyces cf. keratinophilus
65d421a38585e6f7fe4734cd294aefd6	gi|2802644551|gb|PQ228180.1|	90.397	99	8.16e-106	302	3072560	Aphanomyces mitsuba	oomycetes	Aphanomyces mitsuba
65d421a38585e6f7fe4734cd294aefd6	gi|2802644549|gb|PQ228179.1|	90.397	99	8.16e-106	302	3072560	Aphanomyces mitsuba	oomycetes	Aphanomyces mitsuba
65d421a38585e6f7fe4734cd294aefd6	gi|2802644547|gb|PQ228178.1|	90.397	99	8.16e-106	302	3072560	Aphanomyces mitsuba	oomycetes	Aphanomyces mitsuba
65d421a38585e6f7fe4734cd294aefd6	gi|2802644545|gb|PQ228177.1|	90.397	99	8.16e-106	302	3072560	Aphanomyces mitsuba	oomycetes	Aphanomyces mitsuba
b729e15cb9a87b3ad4da78c874ee0dfc	gi|324983193|gb|HQ171174.1|	92.131	100	8.05e-116	305	758755	Salisapilia bahamensis	oomycetes	Salisapilia bahamensis
b729e15cb9a87b3ad4da78c874ee0dfc	gi|320337671|gb|HQ708987.1|	92.131	100	8.05e-116	305	127444	Elongisporangium undulatum	oomycetes	Elongisporangium undulatum
b729e15cb9a87b3ad4da78c874ee0dfc	gi|299777421|gb|GU071823.1|	92.131	100	8.05e-116	305	289607	Elongisporangium helicandrum	oomycetes	Elongisporangium helicandrum
b729e15cb9a87b3ad4da78c874ee0dfc	gi|2843530995|gb|PQ231523.1|	91.803	100	3.74e-114	305	127444	Elongisporangium undulatum	oomycetes	Elongisporangium undulatum
b729e15cb9a87b3ad4da78c874ee0dfc	gi|2622040071|gb|OR790624.1|	91.803	100	3.74e-114	305	127444	Elongisporangium undulatum	oomycetes	Elongisporangium undulatum
b729e15cb9a87b3ad4da78c874ee0dfc	gi|320337325|gb|HQ708814.1|	91.803	100	3.74e-114	305	643143	Elongisporangium senticosum	oomycetes	Elongisporangium senticosum
b729e15cb9a87b3ad4da78c874ee0dfc	gi|320336839|gb|HQ708571.1|	91.803	100	3.74e-114	305	127444;141266	Elongisporangium dimorphum	oomycetes	Elongisporangium dimorphum
b729e15cb9a87b3ad4da78c874ee0dfc	gi|827085593|gb|KM058088.1|	91.475	100	1.74e-112	305	1632285	Pythium burgundicum	oomycetes	Pythium burgundicum
b729e15cb9a87b3ad4da78c874ee0dfc	gi|985769127|gb|KT692906.1|	91.475	100	1.74e-112	305	1792279	Elongisporangium aff. undulatum JEB-2016	oomycetes	Elongisporangium aff. undulatum JEB-2016
b729e15cb9a87b3ad4da78c874ee0dfc	gi|908775953|gb|KT247389.1|	91.475	100	1.74e-112	305	1695209	Pythium sp. CLE-2015b	oomycetes	Pythium sp. CLE-2015b
9c1ae4314f1c6429e2020e920e2bd112	gi|223029672|gb|FJ030898.1|	99.672	100	3.54e-154	305	42467	Thraustochytrium aureum	slime nets	Thraustochytrium aureum
9c1ae4314f1c6429e2020e920e2bd112	gi|11693479|gb|AF288091.2|	99.672	100	3.54e-154	305	42467	Thraustochytrium aureum	slime nets	Thraustochytrium aureum
9c1ae4314f1c6429e2020e920e2bd112	gi|1374488892|dbj|LC318560.1|	99.344	100	1.65e-152	305	1524159	Thraustochytrium aff. aureum SEK 621	slime nets	Thraustochytrium aff. aureum SEK 621
9c3482cefb44e1a4f866349d1e7b78ba	gi|223029672|gb|FJ030898.1|	99.672	100	3.54e-154	305	42467	Thraustochytrium aureum	slime nets	Thraustochytrium aureum
9c3482cefb44e1a4f866349d1e7b78ba	gi|11693479|gb|AF288091.2|	99.672	100	3.54e-154	305	42467	Thraustochytrium aureum	slime nets	Thraustochytrium aureum
9c3482cefb44e1a4f866349d1e7b78ba	gi|1374488892|dbj|LC318560.1|	99.344	100	1.65e-152	305	1524159	Thraustochytrium aff. aureum SEK 621	slime nets	Thraustochytrium aff. aureum SEK 621
48a8275b0feee1bdf56218e7a27ba250	gi|2912148669|gb|PQ667713.1|	91.148	100	8.11e-111	305	180228	Paramoeba pemaquidensis	eukaryotes	Paramoeba pemaquidensis
48a8275b0feee1bdf56218e7a27ba250	gi|2912148667|gb|PQ667712.1|	91.148	100	8.11e-111	305	180228	Paramoeba pemaquidensis	eukaryotes	Paramoeba pemaquidensis
48a8275b0feee1bdf56218e7a27ba250	gi|2912148665|gb|PQ667711.1|	91.148	100	8.11e-111	305	180228	Paramoeba pemaquidensis	eukaryotes	Paramoeba pemaquidensis
48a8275b0feee1bdf56218e7a27ba250	gi|2912148664|gb|PQ667710.1|	91.148	100	8.11e-111	305	180228	Paramoeba pemaquidensis	eukaryotes	Paramoeba pemaquidensis
48a8275b0feee1bdf56218e7a27ba250	gi|2414548374|gb|OP429234.1|	91.148	100	8.11e-111	305	180227	Paramoeba aestuarina	eukaryotes	Paramoeba aestuarina
48a8275b0feee1bdf56218e7a27ba250	gi|2414548372|gb|OP429233.1|	91.148	100	8.11e-111	305	180227	Paramoeba aestuarina	eukaryotes	Paramoeba aestuarina
48a8275b0feee1bdf56218e7a27ba250	gi|2414548370|gb|OP429232.1|	91.148	100	8.11e-111	305	180227	Paramoeba aestuarina	eukaryotes	Paramoeba aestuarina
48a8275b0feee1bdf56218e7a27ba250	gi|2414548368|gb|OP429231.1|	91.148	100	8.11e-111	305	180227	Paramoeba aestuarina	eukaryotes	Paramoeba aestuarina
48a8275b0feee1bdf56218e7a27ba250	gi|2912148662|gb|PQ667709.1|	90.820	100	3.77e-109	305	180228	Paramoeba pemaquidensis	eukaryotes	Paramoeba pemaquidensis
e33bf03b99176a1c86448546a451a0a7	gi|2414548374|gb|OP429234.1|	91.803	100	3.74e-114	305	180227	Paramoeba aestuarina	eukaryotes	Paramoeba aestuarina
e33bf03b99176a1c86448546a451a0a7	gi|2414548372|gb|OP429233.1|	91.803	100	3.74e-114	305	180227	Paramoeba aestuarina	eukaryotes	Paramoeba aestuarina
e33bf03b99176a1c86448546a451a0a7	gi|2414548370|gb|OP429232.1|	91.803	100	3.74e-114	305	180227	Paramoeba aestuarina	eukaryotes	Paramoeba aestuarina
e33bf03b99176a1c86448546a451a0a7	gi|2414548368|gb|OP429231.1|	91.803	100	3.74e-114	305	180227	Paramoeba aestuarina	eukaryotes	Paramoeba aestuarina
e33bf03b99176a1c86448546a451a0a7	gi|2912148662|gb|PQ667709.1|	91.475	100	1.74e-112	305	180228	Paramoeba pemaquidensis	eukaryotes	Paramoeba pemaquidensis
e33bf03b99176a1c86448546a451a0a7	gi|2912148669|gb|PQ667713.1|	91.148	100	8.11e-111	305	180228	Paramoeba pemaquidensis	eukaryotes	Paramoeba pemaquidensis
e33bf03b99176a1c86448546a451a0a7	gi|2912148667|gb|PQ667712.1|	91.148	100	8.11e-111	305	180228	Paramoeba pemaquidensis	eukaryotes	Paramoeba pemaquidensis
e33bf03b99176a1c86448546a451a0a7	gi|2912148665|gb|PQ667711.1|	91.148	100	8.11e-111	305	180228	Paramoeba pemaquidensis	eukaryotes	Paramoeba pemaquidensis
e33bf03b99176a1c86448546a451a0a7	gi|2912148664|gb|PQ667710.1|	91.148	100	8.11e-111	305	180228	Paramoeba pemaquidensis	eukaryotes	Paramoeba pemaquidensis
c8e83068f4920e90c885d8a9d722bd17	gi|2912148669|gb|PQ667713.1|	93.770	100	3.69e-124	305	180228	Paramoeba pemaquidensis	eukaryotes	Paramoeba pemaquidensis
c8e83068f4920e90c885d8a9d722bd17	gi|2912148667|gb|PQ667712.1|	93.770	100	3.69e-124	305	180228	Paramoeba pemaquidensis	eukaryotes	Paramoeba pemaquidensis
c8e83068f4920e90c885d8a9d722bd17	gi|2912148665|gb|PQ667711.1|	93.770	100	3.69e-124	305	180228	Paramoeba pemaquidensis	eukaryotes	Paramoeba pemaquidensis
c8e83068f4920e90c885d8a9d722bd17	gi|2912148664|gb|PQ667710.1|	93.770	100	3.69e-124	305	180228	Paramoeba pemaquidensis	eukaryotes	Paramoeba pemaquidensis
c8e83068f4920e90c885d8a9d722bd17	gi|2912148662|gb|PQ667709.1|	93.115	100	7.99e-121	305	180228	Paramoeba pemaquidensis	eukaryotes	Paramoeba pemaquidensis
c8e83068f4920e90c885d8a9d722bd17	gi|1788196779|gb|MN025475.1|	92.131	100	8.05e-116	305	180228	Paramoeba pemaquidensis	eukaryotes	Paramoeba pemaquidensis
c8e83068f4920e90c885d8a9d722bd17	gi|1079488025|ref|NC_031417.1|	92.131	100	8.05e-116	305	180228	Paramoeba pemaquidensis	eukaryotes	Paramoeba pemaquidensis
c8e83068f4920e90c885d8a9d722bd17	gi|2414548374|gb|OP429234.1|	92.131	100	8.05e-116	305	180227	Paramoeba aestuarina	eukaryotes	Paramoeba aestuarina
c8e83068f4920e90c885d8a9d722bd17	gi|2414548372|gb|OP429233.1|	92.131	100	8.05e-116	305	180227	Paramoeba aestuarina	eukaryotes	Paramoeba aestuarina
c8e83068f4920e90c885d8a9d722bd17	gi|2414548370|gb|OP429232.1|	92.131	100	8.05e-116	305	180227	Paramoeba aestuarina	eukaryotes	Paramoeba aestuarina
b89d03984e84275eb757f6b410cbfa90	gi|2912148669|gb|PQ667713.1|	92.131	100	8.05e-116	305	180228	Paramoeba pemaquidensis	eukaryotes	Paramoeba pemaquidensis
b89d03984e84275eb757f6b410cbfa90	gi|2912148667|gb|PQ667712.1|	92.131	100	8.05e-116	305	180228	Paramoeba pemaquidensis	eukaryotes	Paramoeba pemaquidensis
b89d03984e84275eb757f6b410cbfa90	gi|2912148665|gb|PQ667711.1|	92.131	100	8.05e-116	305	180228	Paramoeba pemaquidensis	eukaryotes	Paramoeba pemaquidensis
b89d03984e84275eb757f6b410cbfa90	gi|2912148664|gb|PQ667710.1|	92.131	100	8.05e-116	305	180228	Paramoeba pemaquidensis	eukaryotes	Paramoeba pemaquidensis
b89d03984e84275eb757f6b410cbfa90	gi|1788196779|gb|MN025475.1|	90.820	100	3.77e-109	305	180228	Paramoeba pemaquidensis	eukaryotes	Paramoeba pemaquidensis
b89d03984e84275eb757f6b410cbfa90	gi|1079488025|ref|NC_031417.1|	90.820	100	3.77e-109	305	180228	Paramoeba pemaquidensis	eukaryotes	Paramoeba pemaquidensis
b89d03984e84275eb757f6b410cbfa90	gi|1788196777|gb|MK990594.1|	90.196	100	8.16e-106	306	308475	Paramoeba branchiphila	eukaryotes	Paramoeba branchiphila
b89d03984e84275eb757f6b410cbfa90	gi|1788196775|gb|MK990593.1|	90.164	100	8.16e-106	305	180228	Paramoeba pemaquidensis	eukaryotes	Paramoeba pemaquidensis
b89d03984e84275eb757f6b410cbfa90	gi|2414548374|gb|OP429234.1|	90.164	100	8.16e-106	305	180227	Paramoeba aestuarina	eukaryotes	Paramoeba aestuarina
b89d03984e84275eb757f6b410cbfa90	gi|2414548372|gb|OP429233.1|	90.164	100	8.16e-106	305	180227	Paramoeba aestuarina	eukaryotes	Paramoeba aestuarina
b8a268e6d1738f5a1706eccb40d05f97	gi|1239640685|gb|MF077924.1|	91.803	100	3.74e-114	305	2031100	Pontostratiotes sp. DZMB517	crustaceans	Pontostratiotes sp. DZMB517
1eba8aedd426e734e67f2723871133ee	gi|305653659|gb|HQ024252.1|	99.672	100	3.54e-154	305	880399	Terebellides stroemii CMC01	segmented worms	Terebellides stroemii CMC01
1eba8aedd426e734e67f2723871133ee	gi|305653655|gb|HQ024250.1|	99.672	100	3.54e-154	305	880399	Terebellides stroemii CMC01	segmented worms	Terebellides stroemii CMC01
1eba8aedd426e734e67f2723871133ee	gi|192288377|ref|NC_011014.1|	99.344	100	1.65e-152	305	1037239	Terebellides stroemii	segmented worms	Terebellides stroemii
1eba8aedd426e734e67f2723871133ee	gi|305653653|gb|HQ024249.1|	99.666	98	7.66e-151	299	880399	Terebellides stroemii CMC01	segmented worms	Terebellides stroemii CMC01
2dfccae1fcb5eb06e5e9aa8eee48a63b	gi|305653659|gb|HQ024252.1|	99.672	100	3.54e-154	305	880399	Terebellides stroemii CMC01	segmented worms	Terebellides stroemii CMC01
2dfccae1fcb5eb06e5e9aa8eee48a63b	gi|305653655|gb|HQ024250.1|	99.672	100	3.54e-154	305	880399	Terebellides stroemii CMC01	segmented worms	Terebellides stroemii CMC01
2dfccae1fcb5eb06e5e9aa8eee48a63b	gi|192288377|ref|NC_011014.1|	99.344	100	1.65e-152	305	1037239	Terebellides stroemii	segmented worms	Terebellides stroemii
2dfccae1fcb5eb06e5e9aa8eee48a63b	gi|305653653|gb|HQ024249.1|	99.666	98	7.66e-151	299	880399	Terebellides stroemii CMC01	segmented worms	Terebellides stroemii CMC01
2f9adfc8ba082a4a8045b448573bde4f	gi|305653659|gb|HQ024252.1|	100.000	100	7.61e-156	305	880399	Terebellides stroemii CMC01	segmented worms	Terebellides stroemii CMC01
2f9adfc8ba082a4a8045b448573bde4f	gi|305653655|gb|HQ024250.1|	100.000	100	7.61e-156	305	880399	Terebellides stroemii CMC01	segmented worms	Terebellides stroemii CMC01
2f9adfc8ba082a4a8045b448573bde4f	gi|192288377|ref|NC_011014.1|	99.672	100	3.54e-154	305	1037239	Terebellides stroemii	segmented worms	Terebellides stroemii
2f9adfc8ba082a4a8045b448573bde4f	gi|305653653|gb|HQ024249.1|	100.000	98	1.65e-152	299	880399	Terebellides stroemii CMC01	segmented worms	Terebellides stroemii CMC01
ff14bba119b1a30a123201ee52fbe5b3	gi|305653659|gb|HQ024252.1|	99.344	100	1.65e-152	305	880399	Terebellides stroemii CMC01	segmented worms	Terebellides stroemii CMC01
ff14bba119b1a30a123201ee52fbe5b3	gi|305653655|gb|HQ024250.1|	99.344	100	1.65e-152	305	880399	Terebellides stroemii CMC01	segmented worms	Terebellides stroemii CMC01
ff14bba119b1a30a123201ee52fbe5b3	gi|192288377|ref|NC_011014.1|	99.016	100	7.66e-151	305	1037239	Terebellides stroemii	segmented worms	Terebellides stroemii
ff14bba119b1a30a123201ee52fbe5b3	gi|305653653|gb|HQ024249.1|	99.331	98	3.56e-149	299	880399	Terebellides stroemii CMC01	segmented worms	Terebellides stroemii CMC01
7972afc2bd38eaead2c127eb023982dd	gi|192288377|ref|NC_011014.1|	100.000	100	7.61e-156	305	1037239	Terebellides stroemii	segmented worms	Terebellides stroemii
7972afc2bd38eaead2c127eb023982dd	gi|305653659|gb|HQ024252.1|	99.672	100	3.54e-154	305	880399	Terebellides stroemii CMC01	segmented worms	Terebellides stroemii CMC01
7972afc2bd38eaead2c127eb023982dd	gi|305653655|gb|HQ024250.1|	99.672	100	3.54e-154	305	880399	Terebellides stroemii CMC01	segmented worms	Terebellides stroemii CMC01
7972afc2bd38eaead2c127eb023982dd	gi|305653653|gb|HQ024249.1|	99.666	98	7.66e-151	299	880399	Terebellides stroemii CMC01	segmented worms	Terebellides stroemii CMC01
0e4205dd2f618f7e96a20a32b3551ccc	gi|283050920|gb|GU070923.1|	94.649	100	7.76e-126	299	693772	invertebrate environmental sample	animals	invertebrate environmental sample
74530e39f728d7ee15e5db4c1bb8f4f5	gi|931153253|gb|KM992039.1|	100.000	100	7.61e-156	305	1113474	Chironomus quinnitukqut	flies	Chironomus quinnitukqut
74530e39f728d7ee15e5db4c1bb8f4f5	gi|321135688|gb|HQ979113.1|	100.000	100	7.61e-156	305	1113474	Chironomus quinnitukqut	flies	Chironomus quinnitukqut
74530e39f728d7ee15e5db4c1bb8f4f5	gi|844169329|gb|KR941560.1|	100.000	99	3.54e-154	302	1113474	Chironomus quinnitukqut	flies	Chironomus quinnitukqut
74530e39f728d7ee15e5db4c1bb8f4f5	gi|1935583073|gb|MW086866.1|	100.000	98	4.58e-153	300	1113474	Chironomus quinnitukqut	flies	Chironomus quinnitukqut
74530e39f728d7ee15e5db4c1bb8f4f5	gi|313752980|gb|HQ551666.1|	99.344	100	1.65e-152	305	2326665	Chironomus sp. BBDEE209-10	flies	Chironomus sp. BBDEE209-10
74530e39f728d7ee15e5db4c1bb8f4f5	gi|635375615|gb|KJ445134.1|	99.016	100	7.66e-151	305	1474784	Chironomus cf. decorus BOLD:AAB7030	flies	Chironomus cf. decorus BOLD:AAB7030
74530e39f728d7ee15e5db4c1bb8f4f5	gi|331181115|gb|JF871106.1|	99.016	100	7.66e-151	305	1672267	Chironomus sp. BOLD:AAB7030	flies	Chironomus sp. BOLD:AAB7030
74530e39f728d7ee15e5db4c1bb8f4f5	gi|320565757|gb|HQ944865.1|	99.016	100	7.66e-151	305	1672267	Chironomus sp. BOLD:AAB7030	flies	Chironomus sp. BOLD:AAB7030
74530e39f728d7ee15e5db4c1bb8f4f5	gi|635374879|gb|KJ444765.1|	98.689	100	3.56e-149	305	1474784	Chironomus cf. decorus BOLD:AAB7030	flies	Chironomus cf. decorus BOLD:AAB7030
74530e39f728d7ee15e5db4c1bb8f4f5	gi|635373737|gb|KJ444194.1|	98.689	100	3.56e-149	305	1474784;2399144	Chironomus cf. decorus BOLD:AAB7030	flies	Chironomus cf. decorus BOLD:AAB7030
3ee37169f156d51e79350512a70739a7	gi|1465189822|gb|MG936290.1|	100.000	100	7.61e-156	305	2304780	Evadne sp. 12NJNB0017	crustaceans	Evadne sp. 12NJNB0017
3ee37169f156d51e79350512a70739a7	gi|1465189612|gb|MG936185.1|	100.000	100	7.61e-156	305	2304763	Evadne sp. 12NJNB0019	crustaceans	Evadne sp. 12NJNB0019
3ee37169f156d51e79350512a70739a7	gi|1465189556|gb|MG936157.1|	100.000	100	7.61e-156	305	2304760	Evadne sp. 12NJNB0018	crustaceans	Evadne sp. 12NJNB0018
3ee37169f156d51e79350512a70739a7	gi|83742958|gb|DQ310656.1|	100.000	100	7.61e-156	305	186182	Evadne spinifera	crustaceans	Evadne spinifera
3ee37169f156d51e79350512a70739a7	gi|1465189680|gb|MG936219.1|	99.672	100	3.54e-154	305	2304767	Evadne sp. 12NJNB0016	crustaceans	Evadne sp. 12NJNB0016
3ee37169f156d51e79350512a70739a7	gi|2460634931|gb|OQ644560.1|	99.344	100	1.65e-152	305	3035257	Evadne sp.	crustaceans	Evadne sp.
3ee37169f156d51e79350512a70739a7	gi|959315779|gb|KT952481.1|	99.344	100	1.65e-152	305	141403	Evadne nordmanni	crustaceans	Evadne nordmanni
3ee37169f156d51e79350512a70739a7	gi|2482668052|gb|OQ785654.1|	99.344	100	1.65e-152	305	141403	Evadne nordmanni	crustaceans	Evadne nordmanni
3ee37169f156d51e79350512a70739a7	gi|936254200|gb|KT209401.1|	99.344	100	1.65e-152	305	141403	Evadne nordmanni	crustaceans	Evadne nordmanni
3ee37169f156d51e79350512a70739a7	gi|189474222|gb|EU675888.1|	99.344	100	1.65e-152	305	141403	Evadne nordmanni	crustaceans	Evadne nordmanni
d43e9054dd0c9366ddcbdfcded82962c	gi|1391840334|gb|MH087643.1|	99.672	100	3.54e-154	305	3246845	Ilyanassa trivittata	gastropods	Ilyanassa trivittata
d43e9054dd0c9366ddcbdfcded82962c	gi|672424589|gb|KM211999.1|	99.655	95	7.71e-146	290	1525404	Tritia sp. OPC-2014	gastropods	Tritia sp. OPC-2014
d43e9054dd0c9366ddcbdfcded82962c	gi|1182001369|gb|KY451298.1|	92.440	95	2.25e-111	291	1934727	Tritia ephamilla	gastropods	Tritia ephamilla
d43e9054dd0c9366ddcbdfcded82962c	gi|1182001401|gb|KY451314.1|	91.089	99	1.05e-109	303	1934670	Nassarius herosae	gastropods	Nassarius herosae
d43e9054dd0c9366ddcbdfcded82962c	gi|2025192213|gb|MT755654.1|	92.096	95	1.05e-109	291	1934727	Tritia ephamilla	gastropods	Tritia ephamilla
d43e9054dd0c9366ddcbdfcded82962c	gi|1173157125|gb|KY489428.1|	91.304	98	3.77e-109	299	1934904	Tritia corniculum	gastropods	Tritia corniculum
d43e9054dd0c9366ddcbdfcded82962c	gi|1173157089|gb|KY489410.1|	91.304	98	3.77e-109	299	1934731	Tritia mutabilis	gastropods	mutable nassa
d43e9054dd0c9366ddcbdfcded82962c	gi|1173157079|gb|KY489405.1|	91.304	98	3.77e-109	299	1934731	Tritia mutabilis	gastropods	mutable nassa
d43e9054dd0c9366ddcbdfcded82962c	gi|1769324272|gb|MK091870.1|	90.492	100	1.75e-107	305	1842846	Nassarius mendicus	gastropods	Nassarius mendicus
d43e9054dd0c9366ddcbdfcded82962c	gi|1182001543|gb|KY451385.1|	90.492	100	1.75e-107	305	1934771	Nassarius sp. 655 LAG-2016	gastropods	Nassarius sp. 655 LAG-2016
fd52656ef3ebdb5fd4723d651e2c16fb	gi|1391840334|gb|MH087643.1|	99.672	100	3.54e-154	305	3246845	Ilyanassa trivittata	gastropods	Ilyanassa trivittata
fd52656ef3ebdb5fd4723d651e2c16fb	gi|672424589|gb|KM211999.1|	99.655	95	7.71e-146	290	1525404	Tritia sp. OPC-2014	gastropods	Tritia sp. OPC-2014
fd52656ef3ebdb5fd4723d651e2c16fb	gi|1182001401|gb|KY451314.1|	91.089	99	1.05e-109	303	1934670	Nassarius herosae	gastropods	Nassarius herosae
fd52656ef3ebdb5fd4723d651e2c16fb	gi|1173157125|gb|KY489428.1|	91.304	98	3.77e-109	299	1934904	Tritia corniculum	gastropods	Tritia corniculum
fd52656ef3ebdb5fd4723d651e2c16fb	gi|1173157089|gb|KY489410.1|	91.304	98	3.77e-109	299	1934731	Tritia mutabilis	gastropods	mutable nassa
fd52656ef3ebdb5fd4723d651e2c16fb	gi|1173157079|gb|KY489405.1|	91.304	98	3.77e-109	299	1934731	Tritia mutabilis	gastropods	mutable nassa
fd52656ef3ebdb5fd4723d651e2c16fb	gi|1182001369|gb|KY451298.1|	91.753	95	4.88e-108	291	1934727	Tritia ephamilla	gastropods	Tritia ephamilla
fd52656ef3ebdb5fd4723d651e2c16fb	gi|1182001543|gb|KY451385.1|	90.492	100	1.75e-107	305	1934771	Nassarius sp. 655 LAG-2016	gastropods	Nassarius sp. 655 LAG-2016
fd52656ef3ebdb5fd4723d651e2c16fb	gi|1173157093|gb|KY489412.1|	90.970	98	1.75e-107	299	1934731	Tritia mutabilis	gastropods	mutable nassa
fd52656ef3ebdb5fd4723d651e2c16fb	gi|1025625873|gb|KX069673.1|	90.492	100	1.75e-107	305	1842846	Nassarius mendicus	gastropods	Nassarius mendicus
18aac4ca04702d38ce0ab68f7550190e	gi|1407918098|gb|MF346312.1|	99.000	98	4.61e-148	300	1954221	Haliclystus auricula	cnidarians	Haliclystus auricula
18aac4ca04702d38ce0ab68f7550190e	gi|320516263|gb|HQ938398.1|	98.361	100	1.66e-147	305	2330353	Lucernariidae sp. CCSMA208-10	cnidarians	Lucernariidae sp. CCSMA208-10
18aac4ca04702d38ce0ab68f7550190e	gi|1407918065|gb|MF346311.1|	98.667	98	2.14e-146	300	1954221	Haliclystus auricula	cnidarians	Haliclystus auricula
18aac4ca04702d38ce0ab68f7550190e	gi|1407918004|gb|MF346309.1|	98.667	98	2.14e-146	300	1954221	Haliclystus auricula	cnidarians	Haliclystus auricula
18aac4ca04702d38ce0ab68f7550190e	gi|1037241279|ref|NC_030337.1|	94.754	100	3.67e-129	305	654955	Haliclystus antarcticus	cnidarians	Haliclystus antarcticus
5796cf248ededbfd0f18d0948b44149b	gi|1280963112|gb|MG202007.1|	99.672	100	3.54e-154	305	1157699	Picobiliphyte sp. MS584-11	eukaryotes	Picobiliphyte sp. MS584-11
dec0c4d5d852585eb637360c8e721437	gi|1280963112|gb|MG202007.1|	100.000	100	7.61e-156	305	1157699	Picobiliphyte sp. MS584-11	eukaryotes	Picobiliphyte sp. MS584-11
9393f5f4bdb6630d637fb3efef845007	gi|343915525|gb|JN202434.1|	90.000	95	3.82e-99	290	1076758	Parvamoeba rugata	eukaryotes	Parvamoeba rugata
bcd1c38c758224d742809d9e4d2a1da2	gi|523430772|gb|KC967226.1|	100.000	100	7.61e-156	305	33658	Phaeocystis globosa	haptophytes	Phaeocystis globosa
bcd1c38c758224d742809d9e4d2a1da2	gi|2211721218|gb|MT760726.1|	90.820	100	3.77e-109	305	33658	Phaeocystis globosa	haptophytes	Phaeocystis globosa
bcd1c38c758224d742809d9e4d2a1da2	gi|2897783|dbj|AB000120.1|	90.820	100	3.77e-109	305	33659	Phaeocystis pouchetii	haptophytes	Phaeocystis pouchetii
fa6e723bbdf27effa7feeae49db3a65f	gi|523430772|gb|KC967226.1|	99.016	100	7.66e-151	305	33658	Phaeocystis globosa	haptophytes	Phaeocystis globosa
fa6e723bbdf27effa7feeae49db3a65f	gi|2211721218|gb|MT760726.1|	90.492	100	1.75e-107	305	33658	Phaeocystis globosa	haptophytes	Phaeocystis globosa
fa6e723bbdf27effa7feeae49db3a65f	gi|2897783|dbj|AB000120.1|	90.492	100	1.75e-107	305	33659	Phaeocystis pouchetii	haptophytes	Phaeocystis pouchetii
e744d34324629dc5dde1403cac74b3f9	gi|1430076120|gb|MG935408.1|	100.000	100	7.61e-156	305	308606	Dynamena pumila	hydrozoans	Dynamena pumila
e744d34324629dc5dde1403cac74b3f9	gi|1430074805|gb|MG934977.1|	99.672	100	9.84e-155	305	308606	Dynamena pumila	hydrozoans	Dynamena pumila
cd50c2e5c3ebedbdfd4b4d12c269386f	gi|2876007162|gb|PP213754.1|	100.000	100	7.61e-156	305	645360	Nanomia cara	hydrozoans	Nanomia cara
cd50c2e5c3ebedbdfd4b4d12c269386f	gi|2876007146|gb|PP213746.1|	100.000	100	7.61e-156	305	645360	Nanomia cara	hydrozoans	Nanomia cara
cd50c2e5c3ebedbdfd4b4d12c269386f	gi|2876007142|gb|PP213744.1|	100.000	100	7.61e-156	305	645360	Nanomia cara	hydrozoans	Nanomia cara
cd50c2e5c3ebedbdfd4b4d12c269386f	gi|2868138915|gb|PQ739952.1|	100.000	100	7.61e-156	305	645360	Nanomia cara	hydrozoans	Nanomia cara
cd50c2e5c3ebedbdfd4b4d12c269386f	gi|270271750|gb|GQ120029.1|	100.000	100	7.61e-156	305	645360	Nanomia cara	hydrozoans	Nanomia cara
cd50c2e5c3ebedbdfd4b4d12c269386f	gi|270271748|gb|GQ120028.1|	100.000	100	7.61e-156	305	645360	Nanomia cara	hydrozoans	Nanomia cara
cd50c2e5c3ebedbdfd4b4d12c269386f	gi|270271746|gb|GQ120027.1|	100.000	100	7.61e-156	305	645360	Nanomia cara	hydrozoans	Nanomia cara
cd50c2e5c3ebedbdfd4b4d12c269386f	gi|270271744|gb|GQ120026.1|	100.000	100	7.61e-156	305	645360	Nanomia cara	hydrozoans	Nanomia cara
cd50c2e5c3ebedbdfd4b4d12c269386f	gi|270271738|gb|GQ120023.1|	100.000	100	7.61e-156	305	645360	Nanomia cara	hydrozoans	Nanomia cara
cd50c2e5c3ebedbdfd4b4d12c269386f	gi|2876007148|gb|PP213747.1|	99.672	100	3.54e-154	305	645360	Nanomia cara	hydrozoans	Nanomia cara
452d678795d6b1003a3b772d1b315f2a	gi|2860008421|gb|PQ628112.1|	91.089	99	1.05e-109	303	1209932	Colletotrichum scovillei	ascomycete fungi	Colletotrichum scovillei
452d678795d6b1003a3b772d1b315f2a	gi|2519756475|ref|NC_079576.1|	91.089	99	1.05e-109	303	176007	Pholiota spumosa	basidiomycete fungi	Pholiota spumosa
452d678795d6b1003a3b772d1b315f2a	gi|836643807|ref|NC_027280.1|	91.089	99	1.05e-109	303	27357	Colletotrichum acutatum	ascomycete fungi	Colletotrichum acutatum
452d678795d6b1003a3b772d1b315f2a	gi|1236514028|ref|NC_035496.1|	91.000	98	4.88e-108	300	1209931	Colletotrichum salicis	ascomycete fungi	Colletotrichum salicis
452d678795d6b1003a3b772d1b315f2a	gi|2724831508|ref|NC_088548.1|	90.099	99	1.06e-104	303	2283408	Colletotrichum jinshuiense	ascomycete fungi	Colletotrichum jinshuiense
452d678795d6b1003a3b772d1b315f2a	gi|1011056737|ref|NC_029706.1|	90.333	98	1.06e-104	300	1209934	Colletotrichum tamarilloi	ascomycete fungi	Colletotrichum tamarilloi
452d678795d6b1003a3b772d1b315f2a	gi|992330294|ref|NC_029213.1|	90.333	98	1.06e-104	300	145971	Colletotrichum lupini	ascomycete fungi	Colletotrichum lupini
452d678795d6b1003a3b772d1b315f2a	gi|2235722463|gb|CP019482.1|	90.333	98	1.06e-104	300	145971	Colletotrichum lupini	ascomycete fungi	Colletotrichum lupini
daa2e7f5aa7a019dead1fd5445e1a296	gi|2863699531|gb|PQ658194.1|	90.301	98	3.80e-104	299	73499	Corniculantispora psalliotae	ascomycete fungi	Corniculantispora psalliotae
6120cb728f17b914919c087eec721d76	gi|1784812960|gb|MK512381.1|	91.148	100	8.11e-111	305	89141	Cordyceps farinosa	ascomycete fungi	Cordyceps farinosa
6120cb728f17b914919c087eec721d76	gi|2879910256|gb|PQ625785.1|	91.148	100	8.11e-111	305	3381451	Samsoniella aranea	ascomycete fungi	Samsoniella aranea
6120cb728f17b914919c087eec721d76	gi|2806491756|gb|PQ276910.1|	91.148	100	8.11e-111	305	114497	Cordyceps fumosorosea	ascomycete fungi	Cordyceps fumosorosea
6120cb728f17b914919c087eec721d76	gi|2328378751|ref|NC_068092.1|	91.148	100	8.11e-111	305	797268	Samsoniella hepiali	ascomycete fungi	Samsoniella hepiali
6120cb728f17b914919c087eec721d76	gi|194579818|gb|EU835658.1|	91.391	99	8.11e-111	302	547546	Dasybranchus sp. DH1	segmented worms	Dasybranchus sp. DH1
6120cb728f17b914919c087eec721d76	gi|1829772163|ref|NC_046840.1|	90.820	100	3.77e-109	305	2714763	Akanthomyces lecanii	ascomycete fungi	Akanthomyces lecanii
6120cb728f17b914919c087eec721d76	gi|2583763507|gb|OR506462.1|	90.820	100	3.77e-109	305	2714763	Akanthomyces lecanii	ascomycete fungi	Akanthomyces lecanii
6120cb728f17b914919c087eec721d76	gi|2891851651|gb|OR045902.1|	90.728	99	1.75e-107	302	3018325	Pleurocordyceps vitellina	ascomycete fungi	Pleurocordyceps vitellina
6120cb728f17b914919c087eec721d76	gi|2833138010|gb|PQ468422.1|	90.492	100	1.75e-107	305	129524	Cordyceps pruinosa	ascomycete fungi	Cordyceps pruinosa
6120cb728f17b914919c087eec721d76	gi|2833137984|gb|PQ468421.1|	90.492	100	1.75e-107	305	2794018	Cordyceps neopruinosa	ascomycete fungi	Cordyceps neopruinosa
77b0163e2f277f36e12b174be8eea0f5	gi|194579818|gb|EU835658.1|	91.722	99	1.74e-112	302	547546	Dasybranchus sp. DH1	segmented worms	Dasybranchus sp. DH1
77b0163e2f277f36e12b174be8eea0f5	gi|1784812960|gb|MK512381.1|	90.820	100	3.77e-109	305	89141	Cordyceps farinosa	ascomycete fungi	Cordyceps farinosa
77b0163e2f277f36e12b174be8eea0f5	gi|2879910256|gb|PQ625785.1|	90.820	100	3.77e-109	305	3381451	Samsoniella aranea	ascomycete fungi	Samsoniella aranea
77b0163e2f277f36e12b174be8eea0f5	gi|2806491756|gb|PQ276910.1|	90.820	100	3.77e-109	305	114497	Cordyceps fumosorosea	ascomycete fungi	Cordyceps fumosorosea
77b0163e2f277f36e12b174be8eea0f5	gi|2328378751|ref|NC_068092.1|	90.820	100	3.77e-109	305	797268	Samsoniella hepiali	ascomycete fungi	Samsoniella hepiali
77b0163e2f277f36e12b174be8eea0f5	gi|1829772163|ref|NC_046840.1|	90.492	100	1.75e-107	305	2714763	Akanthomyces lecanii	ascomycete fungi	Akanthomyces lecanii
77b0163e2f277f36e12b174be8eea0f5	gi|2583763507|gb|OR506462.1|	90.492	100	1.75e-107	305	2714763	Akanthomyces lecanii	ascomycete fungi	Akanthomyces lecanii
77b0163e2f277f36e12b174be8eea0f5	gi|2891851651|gb|OR045902.1|	90.397	99	8.16e-106	302	3018325	Pleurocordyceps vitellina	ascomycete fungi	Pleurocordyceps vitellina
77b0163e2f277f36e12b174be8eea0f5	gi|2833138010|gb|PQ468422.1|	90.164	100	8.16e-106	305	129524	Cordyceps pruinosa	ascomycete fungi	Cordyceps pruinosa
77b0163e2f277f36e12b174be8eea0f5	gi|2833137984|gb|PQ468421.1|	90.164	100	8.16e-106	305	2794018	Cordyceps neopruinosa	ascomycete fungi	Cordyceps neopruinosa
b15eab223a4c98cfa4aa112ae22e4f1b	gi|558603437|ref|NC_022835.1|	90.728	99	1.75e-107	302	280754	Pochonia chlamydosporia	ascomycete fungi	Pochonia chlamydosporia
b15eab223a4c98cfa4aa112ae22e4f1b	gi|1330355453|ref|NC_036610.1|	90.196	100	8.16e-106	306	369263	Hirsutella vermicola	ascomycete fungi	Hirsutella vermicola
b15eab223a4c98cfa4aa112ae22e4f1b	gi|2210943948|gb|MT091970.1|	90.196	100	8.16e-106	306	1856741	Tolypocladium sp.	ascomycete fungi	Tolypocladium sp.
b15eab223a4c98cfa4aa112ae22e4f1b	gi|2210943922|gb|MT091969.1|	90.196	100	8.16e-106	306	1856741	Tolypocladium sp.	ascomycete fungi	Tolypocladium sp.
b15eab223a4c98cfa4aa112ae22e4f1b	gi|2214664552|ref|NC_061540.1|	90.164	100	8.16e-106	305	2060973	Purpureocillium takamizusanense	ascomycete fungi	Purpureocillium takamizusanense
b15eab223a4c98cfa4aa112ae22e4f1b	gi|194579818|gb|EU835658.1|	90.099	99	1.06e-104	303	547546	Dasybranchus sp. DH1	segmented worms	Dasybranchus sp. DH1
9b3de064edc8a8ace0a1375bef896461	gi|2891851651|gb|OR045902.1|	90.397	99	8.16e-106	302	3018325	Pleurocordyceps vitellina	ascomycete fungi	Pleurocordyceps vitellina
9b3de064edc8a8ace0a1375bef896461	gi|2328358126|ref|NC_067712.1|	90.397	99	8.16e-106	302	99896	Pleurocordyceps sinensis	ascomycete fungi	Pleurocordyceps sinensis
ae512bf76c31c857bca063de2193aacb	gi|194579818|gb|EU835658.1|	91.722	99	1.74e-112	302	547546	Dasybranchus sp. DH1	segmented worms	Dasybranchus sp. DH1
ae512bf76c31c857bca063de2193aacb	gi|1784812960|gb|MK512381.1|	90.820	100	3.77e-109	305	89141	Cordyceps farinosa	ascomycete fungi	Cordyceps farinosa
ae512bf76c31c857bca063de2193aacb	gi|2879910256|gb|PQ625785.1|	90.820	100	3.77e-109	305	3381451	Samsoniella aranea	ascomycete fungi	Samsoniella aranea
ae512bf76c31c857bca063de2193aacb	gi|2806491756|gb|PQ276910.1|	90.820	100	3.77e-109	305	114497	Cordyceps fumosorosea	ascomycete fungi	Cordyceps fumosorosea
ae512bf76c31c857bca063de2193aacb	gi|2328378751|ref|NC_068092.1|	90.820	100	3.77e-109	305	797268	Samsoniella hepiali	ascomycete fungi	Samsoniella hepiali
ae512bf76c31c857bca063de2193aacb	gi|1829772163|ref|NC_046840.1|	90.492	100	1.75e-107	305	2714763	Akanthomyces lecanii	ascomycete fungi	Akanthomyces lecanii
ae512bf76c31c857bca063de2193aacb	gi|2863699531|gb|PQ658194.1|	90.728	99	1.75e-107	302	73499	Corniculantispora psalliotae	ascomycete fungi	Corniculantispora psalliotae
ae512bf76c31c857bca063de2193aacb	gi|2617469749|emb|OY756929.1|	90.492	100	1.75e-107	305	114497	Cordyceps fumosorosea	ascomycete fungi	Cordyceps fumosorosea
ae512bf76c31c857bca063de2193aacb	gi|2583763507|gb|OR506462.1|	90.492	100	1.75e-107	305	2714763	Akanthomyces lecanii	ascomycete fungi	Akanthomyces lecanii
ae512bf76c31c857bca063de2193aacb	gi|2891851651|gb|OR045902.1|	90.397	99	8.16e-106	302	3018325	Pleurocordyceps vitellina	ascomycete fungi	Pleurocordyceps vitellina
9de4001506a3936bcfccfb03c7ccd744	gi|1835927594|gb|MT269798.1|	99.346	100	1.65e-152	306	61284	Fusarium tricinctum	ascomycete fungi	Fusarium tricinctum
9de4001506a3936bcfccfb03c7ccd744	gi|2717306168|gb|CP151270.1|	99.346	100	1.65e-152	306	5515	Fusarium acuminatum	ascomycete fungi	Fusarium acuminatum
9de4001506a3936bcfccfb03c7ccd744	gi|218138594|gb|FJ501230.1|	99.346	100	1.65e-152	306	33205;281068;586552	Fusarium cf. avenaceum HY046-07	ascomycete fungi	Fusarium cf. avenaceum HY046-07
9de4001506a3936bcfccfb03c7ccd744	gi|219964435|gb|FJ544547.1|	99.016	100	5.92e-152	305	586552	Fusarium cf. avenaceum HY046-07	ascomycete fungi	Fusarium cf. avenaceum HY046-07
9de4001506a3936bcfccfb03c7ccd744	gi|219964431|gb|FJ544543.1|	99.016	100	7.66e-151	305	582650	Fusarium delphinoides	ascomycete fungi	Fusarium delphinoides
9de4001506a3936bcfccfb03c7ccd744	gi|219964449|gb|FJ544561.1|	99.656	95	2.14e-146	291	581192	Fusarium lateritium var. buxi	ascomycete fungi	Fusarium lateritium var. buxi
9de4001506a3936bcfccfb03c7ccd744	gi|219964457|gb|FJ544569.1|	99.313	95	2.77e-145	291	40199	Fusarium avenaceum	ascomycete fungi	Fusarium avenaceum
9de4001506a3936bcfccfb03c7ccd744	gi|218138598|gb|FJ501234.1|	97.377	100	1.67e-142	305	57164	Fusarium coeruleum	ascomycete fungi	Fusarium coeruleum
9de4001506a3936bcfccfb03c7ccd744	gi|1839126855|gb|MT010909.1|	97.049	100	7.77e-141	305	48865	Fusarium redolens	ascomycete fungi	Fusarium redolens
9de4001506a3936bcfccfb03c7ccd744	gi|219964451|gb|FJ544563.1|	98.940	93	3.61e-139	283	56642	Fusarium flocciferum	ascomycete fungi	Fusarium flocciferum
6f71b4398fa6ce942d7634d88847095c	gi|1495976855|gb|MH614987.1|	98.361	100	1.66e-147	305	2483064	Zelentia willowsi	gastropods	Zelentia willowsi
6f71b4398fa6ce942d7634d88847095c	gi|1495976853|gb|MH614986.1|	98.033	100	7.71e-146	305	2483064	Zelentia willowsi	gastropods	Zelentia willowsi
6f71b4398fa6ce942d7634d88847095c	gi|1125607848|gb|KY128951.1|	93.115	100	7.99e-121	305	1154715	Zelentia fulgens	gastropods	Zelentia fulgens
6f71b4398fa6ce942d7634d88847095c	gi|1125607850|gb|KY128952.1|	92.810	100	3.72e-119	306	1154715	Zelentia fulgens	gastropods	Zelentia fulgens
6f71b4398fa6ce942d7634d88847095c	gi|1495976851|gb|MH614985.1|	92.308	98	3.74e-114	299	2483065	Zelentia nepunicea	gastropods	Zelentia nepunicea
6f71b4398fa6ce942d7634d88847095c	gi|1495976849|gb|MH614984.1|	91.973	98	1.74e-112	299	2483065	Zelentia nepunicea	gastropods	Zelentia nepunicea
6f71b4398fa6ce942d7634d88847095c	gi|1125607890|gb|KY128972.1|	90.728	99	1.75e-107	302	1920138	Tenellia cf. pustulata DS-2016	gastropods	Tenellia cf. pustulata DS-2016
6f71b4398fa6ce942d7634d88847095c	gi|1858378317|gb|MT623359.1|	90.970	98	1.75e-107	299	2053712	Zelentia pustulata	gastropods	Zelentia pustulata
6f71b4398fa6ce942d7634d88847095c	gi|1858378299|gb|MT623350.1|	90.728	99	1.75e-107	302	2053712	Zelentia pustulata	gastropods	Zelentia pustulata
6f71b4398fa6ce942d7634d88847095c	gi|1858378297|gb|MT623349.1|	90.970	98	1.75e-107	299	2053712	Zelentia pustulata	gastropods	Zelentia pustulata
33a0732f722583b20ed647354f8e69d7	gi|1788585466|gb|MN883274.1|	100.000	100	7.61e-156	305	8199	Zoarces americanus	bony fishes	ocean pout
33a0732f722583b20ed647354f8e69d7	gi|1788585464|gb|MN883273.1|	100.000	100	7.61e-156	305	8199	Zoarces americanus	bony fishes	ocean pout
33a0732f722583b20ed647354f8e69d7	gi|2692953615|ref|NC_086796.1|	100.000	100	7.61e-156	305	8199	Zoarces americanus	bony fishes	ocean pout
33a0732f722583b20ed647354f8e69d7	gi|429141411|gb|KC016051.1|	100.000	100	7.61e-156	305	8199	Zoarces americanus	bony fishes	ocean pout
33a0732f722583b20ed647354f8e69d7	gi|429141413|gb|KC016052.1|	100.000	100	7.61e-156	305	8199	Zoarces americanus	bony fishes	ocean pout
33a0732f722583b20ed647354f8e69d7	gi|300678101|gb|GQ844846.1|	100.000	100	7.61e-156	305	8199	Zoarces americanus	bony fishes	ocean pout
33a0732f722583b20ed647354f8e69d7	gi|429141409|gb|KC016050.1|	100.000	99	3.54e-154	302	8199	Zoarces americanus	bony fishes	ocean pout
33a0732f722583b20ed647354f8e69d7	gi|429141407|gb|KC016049.1|	100.000	99	3.54e-154	302	8199	Zoarces americanus	bony fishes	ocean pout
33a0732f722583b20ed647354f8e69d7	gi|429141405|gb|KC016048.1|	99.672	100	3.54e-154	305	8199	Zoarces americanus	bony fishes	ocean pout
33a0732f722583b20ed647354f8e69d7	gi|300678105|gb|GQ844848.1|	99.672	100	3.54e-154	305	8199	Zoarces americanus	bony fishes	ocean pout
c48cd6e27d2f8da4133bdf983348f39d	gi|2721953992|gb|OR464345.1|	90.164	100	8.16e-106	305	2675857	Nitzschia reversa	diatoms	Nitzschia reversa
a2159d1c93f3c8dc5f594d947a3e7e5a	gi|1845253162|gb|MN493653.1|	98.689	100	3.56e-149	305	2614563	Chaetonotus aff. persimilis MK-2019	gastrotrichs	Chaetonotus aff. persimilis MK-2019
a2159d1c93f3c8dc5f594d947a3e7e5a	gi|2184422535|gb|OM424077.1|	98.361	100	1.66e-147	305	2913360	Chaetonotus gulosus	gastrotrichs	Chaetonotus gulosus
a2159d1c93f3c8dc5f594d947a3e7e5a	gi|2184422533|gb|OM424076.1|	98.361	100	1.66e-147	305	2913360	Chaetonotus gulosus	gastrotrichs	Chaetonotus gulosus
a2159d1c93f3c8dc5f594d947a3e7e5a	gi|1845253172|gb|MN493658.1|	92.131	100	8.05e-116	305	2614563	Chaetonotus aff. persimilis MK-2019	gastrotrichs	Chaetonotus aff. persimilis MK-2019
a2159d1c93f3c8dc5f594d947a3e7e5a	gi|1845253166|gb|MN493655.1|	91.722	99	1.74e-112	302	2259394	Chaetonotus persimilis	gastrotrichs	Chaetonotus persimilis
a2159d1c93f3c8dc5f594d947a3e7e5a	gi|1421408759|gb|MF374697.1|	91.722	99	1.74e-112	302	2259394	Chaetonotus persimilis	gastrotrichs	Chaetonotus persimilis
a2159d1c93f3c8dc5f594d947a3e7e5a	gi|2184422539|gb|OM424079.1|	91.722	99	1.74e-112	302	2913365	Chaetonotus slavicus	gastrotrichs	Chaetonotus slavicus
a2159d1c93f3c8dc5f594d947a3e7e5a	gi|1845253182|gb|MN493663.1|	91.667	98	8.11e-111	300	2259394	Chaetonotus persimilis	gastrotrichs	Chaetonotus persimilis
a2159d1c93f3c8dc5f594d947a3e7e5a	gi|1845253160|gb|MN493652.1|	91.391	99	8.11e-111	302	2614563	Chaetonotus aff. persimilis MK-2019	gastrotrichs	Chaetonotus aff. persimilis MK-2019
a2159d1c93f3c8dc5f594d947a3e7e5a	gi|1421408761|gb|MF374698.1|	91.892	97	8.11e-111	296	2259394	Chaetonotus persimilis	gastrotrichs	Chaetonotus persimilis
cd2a943677410b22cf6910ae1893fd2f	gi|1430075933|gb|MG935347.1|	99.344	100	1.65e-152	305	37519	Tubularia indivisa	hydrozoans	Tubularia indivisa
cd2a943677410b22cf6910ae1893fd2f	gi|1430074622|gb|MG934916.1|	99.344	100	1.65e-152	305	37519	Tubularia indivisa	hydrozoans	Tubularia indivisa
3d035d88b8c2afb13c84dc96e8b13a54	gi|1430075933|gb|MG935347.1|	99.672	100	3.54e-154	305	37519	Tubularia indivisa	hydrozoans	Tubularia indivisa
3d035d88b8c2afb13c84dc96e8b13a54	gi|1430074622|gb|MG934916.1|	99.672	100	3.54e-154	305	37519	Tubularia indivisa	hydrozoans	Tubularia indivisa
830b9d5e6204d8f69bd44eb6a7dfbbdc	gi|222093389|gb|FJ004548.1|	93.863	91	6.27e-112	277	69788	Penicillium sclerotiorum	ascomycete fungi	Penicillium sclerotiorum
39577e2f5d55ff10152a86f5a1ad65f7	gi|2213903822|gb|OK091593.1|	97.049	100	7.77e-141	305	2874304	Halophytophthora sinuata	oomycetes	Halophytophthora sinuata
39577e2f5d55ff10152a86f5a1ad65f7	gi|2213903106|gb|OK091235.1|	97.049	100	7.77e-141	305	2874304	Halophytophthora sinuata	oomycetes	Halophytophthora sinuata
39577e2f5d55ff10152a86f5a1ad65f7	gi|2213903054|gb|OK091209.1|	96.393	100	1.68e-137	305	2874299	Halophytophthora celeris	oomycetes	Halophytophthora celeris
39577e2f5d55ff10152a86f5a1ad65f7	gi|2213903044|gb|OK091204.1|	96.393	100	1.68e-137	305	2874298	Halophytophthora brevisporangia	oomycetes	Halophytophthora brevisporangia
39577e2f5d55ff10152a86f5a1ad65f7	gi|2213903064|gb|OK091214.1|	96.066	100	7.82e-136	305	2874300	Halophytophthora frigida	oomycetes	Halophytophthora frigida
39577e2f5d55ff10152a86f5a1ad65f7	gi|2213903098|gb|OK091231.1|	95.738	100	3.64e-134	305	2874303	Halophytophthora macrosporangia	oomycetes	Halophytophthora macrosporangia
39577e2f5d55ff10152a86f5a1ad65f7	gi|2213903094|gb|OK091229.1|	95.738	100	3.64e-134	305	2874303	Halophytophthora macrosporangia	oomycetes	Halophytophthora macrosporangia
39577e2f5d55ff10152a86f5a1ad65f7	gi|1209844426|gb|KY327276.1|	94.754	100	3.67e-129	305	289610	Halophytophthora avicenniae	oomycetes	Halophytophthora avicenniae
39577e2f5d55ff10152a86f5a1ad65f7	gi|2213903034|gb|OK091199.1|	94.754	100	3.67e-129	305	289610	Halophytophthora avicenniae	oomycetes	Halophytophthora avicenniae
39577e2f5d55ff10152a86f5a1ad65f7	gi|2213903030|gb|OK091197.1|	94.754	100	3.67e-129	305	289610	Halophytophthora avicenniae	oomycetes	Halophytophthora avicenniae
5f60019e02323c9a828c0d7e4b2e0fda	gi|2213903054|gb|OK091209.1|	98.689	100	3.56e-149	305	2874299	Halophytophthora celeris	oomycetes	Halophytophthora celeris
5f60019e02323c9a828c0d7e4b2e0fda	gi|2213903044|gb|OK091204.1|	98.689	100	3.56e-149	305	2874298	Halophytophthora brevisporangia	oomycetes	Halophytophthora brevisporangia
5f60019e02323c9a828c0d7e4b2e0fda	gi|2213903822|gb|OK091593.1|	96.721	100	3.61e-139	305	2874304	Halophytophthora sinuata	oomycetes	Halophytophthora sinuata
5f60019e02323c9a828c0d7e4b2e0fda	gi|2213903106|gb|OK091235.1|	96.721	100	3.61e-139	305	2874304	Halophytophthora sinuata	oomycetes	Halophytophthora sinuata
5f60019e02323c9a828c0d7e4b2e0fda	gi|2213903098|gb|OK091231.1|	95.738	100	3.64e-134	305	2874303	Halophytophthora macrosporangia	oomycetes	Halophytophthora macrosporangia
5f60019e02323c9a828c0d7e4b2e0fda	gi|2213903094|gb|OK091229.1|	95.738	100	3.64e-134	305	2874303	Halophytophthora macrosporangia	oomycetes	Halophytophthora macrosporangia
5f60019e02323c9a828c0d7e4b2e0fda	gi|2213903064|gb|OK091214.1|	95.082	100	7.88e-131	305	2874300	Halophytophthora frigida	oomycetes	Halophytophthora frigida
5f60019e02323c9a828c0d7e4b2e0fda	gi|1209844428|gb|KY327277.1|	94.098	100	7.94e-126	305	1980704	Halophytophthora insularis	oomycetes	Halophytophthora insularis
5f60019e02323c9a828c0d7e4b2e0fda	gi|1209844426|gb|KY327276.1|	94.098	100	7.94e-126	305	289610	Halophytophthora avicenniae	oomycetes	Halophytophthora avicenniae
5f60019e02323c9a828c0d7e4b2e0fda	gi|2213903034|gb|OK091199.1|	94.098	100	7.94e-126	305	289610	Halophytophthora avicenniae	oomycetes	Halophytophthora avicenniae
8997828dd7a9c65b7b684a069142bf93	gi|2213903136|gb|OK091250.1|	97.377	100	1.67e-142	305	2929588	Halophytophthora sp. 'thermoambigua-like'	oomycetes	Halophytophthora sp. 'thermoambigua-like'
8997828dd7a9c65b7b684a069142bf93	gi|1209844426|gb|KY327276.1|	96.721	100	3.61e-139	305	289610	Halophytophthora avicenniae	oomycetes	Halophytophthora avicenniae
8997828dd7a9c65b7b684a069142bf93	gi|2213903034|gb|OK091199.1|	96.721	100	3.61e-139	305	289610	Halophytophthora avicenniae	oomycetes	Halophytophthora avicenniae
8997828dd7a9c65b7b684a069142bf93	gi|2213903030|gb|OK091197.1|	96.721	100	3.61e-139	305	289610	Halophytophthora avicenniae	oomycetes	Halophytophthora avicenniae
8997828dd7a9c65b7b684a069142bf93	gi|320336135|gb|HQ708219.1|	96.721	100	3.61e-139	305	289610	Halophytophthora avicenniae	oomycetes	Halophytophthora avicenniae
8997828dd7a9c65b7b684a069142bf93	gi|1209844428|gb|KY327277.1|	96.393	100	1.68e-137	305	1980704	Halophytophthora insularis	oomycetes	Halophytophthora insularis
8997828dd7a9c65b7b684a069142bf93	gi|2213903076|gb|OK091220.1|	96.066	100	7.82e-136	305	2874301	Halophytophthora lateralis	oomycetes	Halophytophthora lateralis
8997828dd7a9c65b7b684a069142bf93	gi|324983187|gb|HQ171171.1|	96.066	100	7.82e-136	305	758760	Halophytophthora vesicula	oomycetes	Halophytophthora vesicula
8997828dd7a9c65b7b684a069142bf93	gi|2213903116|gb|OK091240.1|	96.346	99	2.81e-135	301	2874305	Halophytophthora thermoambigua	oomycetes	Halophytophthora thermoambigua
8997828dd7a9c65b7b684a069142bf93	gi|2213903822|gb|OK091593.1|	95.738	100	3.64e-134	305	2874304	Halophytophthora sinuata	oomycetes	Halophytophthora sinuata
8b11cd54e86850b346697c50d38732f6	gi|1209844426|gb|KY327276.1|	97.705	100	3.59e-144	305	289610	Halophytophthora avicenniae	oomycetes	Halophytophthora avicenniae
8b11cd54e86850b346697c50d38732f6	gi|2213903034|gb|OK091199.1|	97.705	100	3.59e-144	305	289610	Halophytophthora avicenniae	oomycetes	Halophytophthora avicenniae
8b11cd54e86850b346697c50d38732f6	gi|2213903030|gb|OK091197.1|	97.705	100	3.59e-144	305	289610	Halophytophthora avicenniae	oomycetes	Halophytophthora avicenniae
8b11cd54e86850b346697c50d38732f6	gi|320336135|gb|HQ708219.1|	97.705	100	3.59e-144	305	289610	Halophytophthora avicenniae	oomycetes	Halophytophthora avicenniae
8b11cd54e86850b346697c50d38732f6	gi|2213903116|gb|OK091240.1|	98.007	99	1.29e-143	301	2874305	Halophytophthora thermoambigua	oomycetes	Halophytophthora thermoambigua
8b11cd54e86850b346697c50d38732f6	gi|2213903124|gb|OK091244.1|	97.674	99	6.01e-142	301	2874305	Halophytophthora thermoambigua	oomycetes	Halophytophthora thermoambigua
8b11cd54e86850b346697c50d38732f6	gi|2213903076|gb|OK091220.1|	97.049	100	7.77e-141	305	2874301	Halophytophthora lateralis	oomycetes	Halophytophthora lateralis
8b11cd54e86850b346697c50d38732f6	gi|2499017835|gb|OP903809.1|	96.721	100	3.61e-139	305	1446881	Halophytophthora fluviatilis	oomycetes	Halophytophthora fluviatilis
8b11cd54e86850b346697c50d38732f6	gi|1209844428|gb|KY327277.1|	96.393	100	1.68e-137	305	1980704	Halophytophthora insularis	oomycetes	Halophytophthora insularis
8b11cd54e86850b346697c50d38732f6	gi|2213903818|gb|OK091591.1|	96.393	100	1.68e-137	305	2874302	Halophytophthora lusitanica	oomycetes	Halophytophthora lusitanica
ad51d0ccab495a713c4bcdd48f029b45	gi|2452629743|ref|NC_071853.1|	98.361	100	5.94e-147	305	13221	Chrysotila carterae	haptophytes	Chrysotila carterae
dabd7a5ef2b841fb6518303ce6fb1d25	gi|2452629743|ref|NC_071853.1|	99.016	100	7.66e-151	305	13221	Chrysotila carterae	haptophytes	Chrysotila carterae
5849c906073734ecfcfffad23f6d7fbf	gi|2452629743|ref|NC_071853.1|	99.344	100	1.65e-152	305	13221	Chrysotila carterae	haptophytes	Chrysotila carterae
6ce262a0becfb767880944b896592a2a	gi|2452629743|ref|NC_071853.1|	99.016	100	7.66e-151	305	13221	Chrysotila carterae	haptophytes	Chrysotila carterae
bd4d30657d1a1fe422a12d873a5e917e	gi|2452629743|ref|NC_071853.1|	93.046	99	3.72e-119	302	13221	Chrysotila carterae	haptophytes	Chrysotila carterae
914293daf47e91198499270bf6031093	gi|2633304248|gb|OR795084.1|	91.803	100	3.74e-114	305	1923966	Navicula sp.	diatoms	Navicula sp.
57826ad70894683979a4b515e7005091	gi|2633304248|gb|OR795084.1|	93.770	100	3.69e-124	305	1923966	Navicula sp.	diatoms	Navicula sp.
7c783d45f8454676012f9441ba44620b	gi|2633304248|gb|OR795084.1|	93.709	99	1.72e-122	302	1923966	Navicula sp.	diatoms	Navicula sp.
c11f2c57999802eace7bae5d60832ae6	gi|2633304248|gb|OR795084.1|	93.443	100	1.72e-122	305	1923966	Navicula sp.	diatoms	Navicula sp.
fce0eb993d2d4a4e41690f4e3266bbc8	gi|2633304248|gb|OR795084.1|	95.082	100	7.88e-131	305	1923966	Navicula sp.	diatoms	Navicula sp.
1076fcd7e9c5bd28210c14393cff61fd	gi|2633304248|gb|OR795084.1|	94.754	100	3.67e-129	305	1923966	Navicula sp.	diatoms	Navicula sp.
ba1d9c1996dfa71e020c772a0a6f19d2	gi|2633304248|gb|OR795084.1|	94.426	100	1.71e-127	305	1923966	Navicula sp.	diatoms	Navicula sp.
6b9499fae7500c13426a4225932e3aa7	gi|2633304248|gb|OR795084.1|	95.410	100	1.69e-132	305	1923966	Navicula sp.	diatoms	Navicula sp.
ac4221a21e2c3b4dfa047068fea71897	gi|2633304248|gb|OR795084.1|	93.443	100	1.72e-122	305	1923966	Navicula sp.	diatoms	Navicula sp.
77503fa08a6450eb4e97bce2b8cd2127	gi|2633304248|gb|OR795084.1|	94.098	100	7.94e-126	305	1923966	Navicula sp.	diatoms	Navicula sp.
ccacbf51d098788a5d4fa3563365d96a	gi|2633304248|gb|OR795084.1|	93.770	100	3.69e-124	305	1923966	Navicula sp.	diatoms	Navicula sp.
97faea813c8c7934ccca14f9b179ab59	gi|2633304248|gb|OR795084.1|	94.426	100	1.71e-127	305	1923966	Navicula sp.	diatoms	Navicula sp.
fd4ff1f1b894eb2774c728ce5cd2af62	gi|2633304248|gb|OR795084.1|	93.443	100	1.72e-122	305	1923966	Navicula sp.	diatoms	Navicula sp.
8cf893d95c8d579de37c53dd286d2ed4	gi|2633304248|gb|OR795084.1|	94.754	100	3.67e-129	305	1923966	Navicula sp.	diatoms	Navicula sp.
fbc23c5c6275e27401b1b858d663f39c	gi|2633304248|gb|OR795084.1|	95.082	100	7.88e-131	305	1923966	Navicula sp.	diatoms	Navicula sp.
62f976f4cdd3ef5e0dc27b345ea6097e	gi|2633304248|gb|OR795084.1|	92.787	100	3.72e-119	305	1923966	Navicula sp.	diatoms	Navicula sp.
1ebf6c1aa7f1b88fac3b20cd90b4062f	gi|1843765678|gb|MT491713.1|	94.098	100	7.94e-126	305	2737405	Isodictya elastica	sponges	Isodictya elastica
1ebf6c1aa7f1b88fac3b20cd90b4062f	gi|2870405953|tpg|BK068138.1|	94.118	100	7.94e-126	306	2259400	Iophon methanophila	sponges	Iophon methanophila
1ebf6c1aa7f1b88fac3b20cd90b4062f	gi|1158825673|gb|KU659138.1|	94.118	100	7.94e-126	306	2259400	Iophon methanophila	sponges	Iophon methanophila
1ebf6c1aa7f1b88fac3b20cd90b4062f	gi|1843765694|gb|MT491721.1|	95.374	92	3.69e-124	281	2737324	Iophon sp. 1 PRT-2020	sponges	Iophon sp. 1 PRT-2020
1ebf6c1aa7f1b88fac3b20cd90b4062f	gi|1843765682|gb|MT491715.1|	90.164	100	8.16e-106	305	2737398	Myxilla sp. G3833	sponges	Myxilla sp. G3833
1ebf6c1aa7f1b88fac3b20cd90b4062f	gi|1843765680|gb|MT491714.1|	90.164	100	8.16e-106	305	2737398	Myxilla sp. G3833	sponges	Myxilla sp. G3833
1ebf6c1aa7f1b88fac3b20cd90b4062f	gi|2737587410|gb|PP851889.1|	90.164	100	8.16e-106	305	3158010	Clathria sp.	sponges	Clathria sp.
1ebf6c1aa7f1b88fac3b20cd90b4062f	gi|2737587408|gb|PP851888.1|	90.164	100	8.16e-106	305	3158010	Clathria sp.	sponges	Clathria sp.
ebec16556ec94afbd42e2b2f72c11d70	gi|1758131109|gb|MN389530.1|	92.459	100	1.73e-117	305	2652063	Cochliopodium marrii	eukaryotes	Cochliopodium marrii
ebec16556ec94afbd42e2b2f72c11d70	gi|659103837|gb|KJ569724.1|	92.459	100	1.73e-117	305	1512279	Cochliopodium sp. SG-2014	eukaryotes	Cochliopodium sp. SG-2014
ebec16556ec94afbd42e2b2f72c11d70	gi|667063451|gb|KJ781453.1|	91.803	100	3.74e-114	305	703020	Cochliopodium minutoidum	eukaryotes	Cochliopodium minutoidum
ebec16556ec94afbd42e2b2f72c11d70	gi|659103834|gb|KJ569723.1|	91.803	100	3.74e-114	305	703020	Cochliopodium minutoidum	eukaryotes	Cochliopodium minutoidum
ebec16556ec94afbd42e2b2f72c11d70	gi|667063449|gb|KJ781452.1|	91.475	100	1.74e-112	305	703020	Cochliopodium minutoidum	eukaryotes	Cochliopodium minutoidum
ebec16556ec94afbd42e2b2f72c11d70	gi|659103877|gb|KJ569731.1|	93.431	90	1.36e-108	274	1512277	Cochliopodium plurinucleolum	eukaryotes	Cochliopodium plurinucleolum
ebec16556ec94afbd42e2b2f72c11d70	gi|667063475|gb|KJ781465.1|	90.492	100	1.75e-107	305	703021	Cochliopodium actinophorum	eukaryotes	Cochliopodium actinophorum
ebec16556ec94afbd42e2b2f72c11d70	gi|667063473|gb|KJ781464.1|	90.492	100	1.75e-107	305	703021	Cochliopodium actinophorum	eukaryotes	Cochliopodium actinophorum
ebec16556ec94afbd42e2b2f72c11d70	gi|667063469|gb|KJ781462.1|	90.492	100	1.75e-107	305	703021	Cochliopodium actinophorum	eukaryotes	Cochliopodium actinophorum
ebec16556ec94afbd42e2b2f72c11d70	gi|604622600|gb|KJ173779.1|	90.164	100	2.27e-106	305	703021	Cochliopodium actinophorum	eukaryotes	Cochliopodium actinophorum
6bc618bc936c2ce0211c9b99aa2b0c62	gi|1125608080|gb|KY129067.1|	98.653	97	9.98e-145	297	76182	Eubranchus exiguus	gastropods	Eubranchus exiguus
6bc618bc936c2ce0211c9b99aa2b0c62	gi|1125608004|gb|KY129029.1|	97.705	100	9.98e-145	305	76182	Eubranchus exiguus	gastropods	Eubranchus exiguus
6bc618bc936c2ce0211c9b99aa2b0c62	gi|1430075417|gb|MG935179.1|	98.182	90	7.88e-131	275	76182	Eubranchus exiguus	gastropods	Eubranchus exiguus
6bc618bc936c2ce0211c9b99aa2b0c62	gi|2868138446|gb|PQ739718.1|	90.000	95	3.82e-99	290	76182	Eubranchus exiguus	gastropods	Eubranchus exiguus
b4a72dc496cd627844f35910f231f75e	gi|1125608010|gb|KY129032.1|	96.393	100	1.68e-137	305	1676543	Eubranchus tricolor	gastropods	Eubranchus tricolor
b4a72dc496cd627844f35910f231f75e	gi|908309404|gb|KR084872.1|	96.393	100	1.68e-137	305	1676543	Eubranchus tricolor	gastropods	Eubranchus tricolor
b4a72dc496cd627844f35910f231f75e	gi|1430074999|gb|MG935043.1|	96.066	100	7.82e-136	305	1676543	Eubranchus tricolor	gastropods	Eubranchus tricolor
b4a72dc496cd627844f35910f231f75e	gi|1334708076|gb|MF523379.1|	96.066	100	7.82e-136	305	1676543	Eubranchus tricolor	gastropods	Eubranchus tricolor
b4a72dc496cd627844f35910f231f75e	gi|908309326|gb|KR084833.1|	96.066	100	7.82e-136	305	1676543	Eubranchus tricolor	gastropods	Eubranchus tricolor
4b36bf12a83bccf1bf5ae142f96ab705	gi|2416458000|gb|OQ108628.1|	91.475	100	1.74e-112	305	3016418	Dendronotus sp. 2 DS-2022	gastropods	Dendronotus sp. 2 DS-2022
4b36bf12a83bccf1bf5ae142f96ab705	gi|2416457986|gb|OQ108621.1|	91.475	100	1.74e-112	305	3016416	Dendronotus valdesi	gastropods	Dendronotus valdesi
4b36bf12a83bccf1bf5ae142f96ab705	gi|310775319|gb|GQ292064.1|	91.475	100	1.74e-112	305	763120	Dendronotus albopunctatus	gastropods	Dendronotus albopunctatus
4b36bf12a83bccf1bf5ae142f96ab705	gi|1752317156|gb|MN138331.1|	91.148	100	8.11e-111	305	1355463	Dendronotus niveus	gastropods	Dendronotus niveus
4b36bf12a83bccf1bf5ae142f96ab705	gi|1111781048|gb|KX058084.1|	91.148	100	8.11e-111	305	904360	Dendronotus rufus	gastropods	red frond-aeolis
4b36bf12a83bccf1bf5ae142f96ab705	gi|2416457982|gb|OQ108619.1|	91.148	100	8.11e-111	305	3016416	Dendronotus valdesi	gastropods	Dendronotus valdesi
4b36bf12a83bccf1bf5ae142f96ab705	gi|2136532487|gb|OL457043.1|	91.391	99	8.11e-111	302	2894252	Dendronotus shpataki	gastropods	Dendronotus shpataki
4b36bf12a83bccf1bf5ae142f96ab705	gi|2136532469|gb|OL457034.1|	91.391	99	8.11e-111	302	2894252	Dendronotus shpataki	gastropods	Dendronotus shpataki
4b36bf12a83bccf1bf5ae142f96ab705	gi|2070381935|gb|MZ580879.1|	91.148	100	8.11e-111	305	904360	Dendronotus rufus	gastropods	red frond-aeolis
4b36bf12a83bccf1bf5ae142f96ab705	gi|1860583693|gb|MT654640.1|	91.148	100	8.11e-111	305	2747559	Dendronotus elegans	gastropods	Dendronotus elegans
400081961415408e2db62aa8d3d79bd9	gi|2085611526|gb|MZ902297.1|	99.016	100	7.66e-151	305	2872279	Doto sp. NTNU VM 66937	gastropods	Doto sp. NTNU VM 66937
400081961415408e2db62aa8d3d79bd9	gi|2085611530|gb|MZ902298.1|	98.033	100	7.71e-146	305	2872280	Doto sp. NTNU VM 66935	gastropods	Doto sp. NTNU VM 66935
400081961415408e2db62aa8d3d79bd9	gi|2085611534|gb|MZ902299.1|	97.705	100	3.59e-144	305	2872281	Doto sp. NTNU VM 66936	gastropods	Doto sp. NTNU VM 66936
400081961415408e2db62aa8d3d79bd9	gi|2868137614|gb|PQ739302.1|	93.115	100	7.99e-121	305	1552834	Doto dunnei	gastropods	Doto dunnei
400081961415408e2db62aa8d3d79bd9	gi|2868137610|gb|PQ739300.1|	92.715	99	4.81e-118	302	154624	Doto coronata	gastropods	Doto coronata
400081961415408e2db62aa8d3d79bd9	gi|2868138522|gb|PQ739756.1|	92.977	98	1.73e-117	299	3185187	Doto hydrallmaniae	gastropods	Doto hydrallmaniae
400081961415408e2db62aa8d3d79bd9	gi|2868138438|gb|PQ739714.1|	92.977	98	1.73e-117	299	154624	Doto coronata	gastropods	Doto coronata
400081961415408e2db62aa8d3d79bd9	gi|2868137722|gb|PQ739356.1|	92.977	98	1.73e-117	299	154624	Doto coronata	gastropods	Doto coronata
400081961415408e2db62aa8d3d79bd9	gi|2868137618|gb|PQ739304.1|	92.977	98	1.73e-117	299	3185187	Doto hydrallmaniae	gastropods	Doto hydrallmaniae
400081961415408e2db62aa8d3d79bd9	gi|2868137608|gb|PQ739299.1|	92.977	98	1.73e-117	299	154624	Doto coronata	gastropods	Doto coronata
d00578d7ce341fa51f3e78c82b85b4da	gi|349588221|gb|JN029437.1|	94.059	99	1.03e-124	303	34465	Ganoderma resinaceum	basidiomycete fungi	Ganoderma resinaceum
7a352057c80e4309ad468cce3a4dffa9	gi|194579818|gb|EU835658.1|	95.082	100	7.88e-131	305	547546	Dasybranchus sp. DH1	segmented worms	Dasybranchus sp. DH1
7a352057c80e4309ad468cce3a4dffa9	gi|1330355453|ref|NC_036610.1|	92.053	99	3.74e-114	302	369263	Hirsutella vermicola	ascomycete fungi	Hirsutella vermicola
7a352057c80e4309ad468cce3a4dffa9	gi|1791079874|gb|MK674497.1|	91.148	100	8.11e-111	305	135283	Podosphaera xanthii	powdery mildews	Podosphaera xanthii
7a352057c80e4309ad468cce3a4dffa9	gi|2863699531|gb|PQ658194.1|	90.759	99	4.88e-108	303	73499	Corniculantispora psalliotae	ascomycete fungi	Corniculantispora psalliotae
7a352057c80e4309ad468cce3a4dffa9	gi|948299288|ref|NC_028330.1|	90.759	99	4.88e-108	303	468837	Lecanicillium saksenae	ascomycete fungi	Lecanicillium saksenae
7a352057c80e4309ad468cce3a4dffa9	gi|2192922241|ref|NC_060511.1|	90.429	99	2.27e-106	303	110576	Myrothecium inundatum	ascomycete fungi	Myrothecium inundatum
dcb4f20c74004b427b3475d923b8cb41	gi|1043378333|ref|NC_030600.1|	92.079	99	1.04e-114	303	89940	Cladophialophora bantiana	ascomycete fungi	Cladophialophora bantiana
dcb4f20c74004b427b3475d923b8cb41	gi|1799706669|gb|MN593345.1|	91.447	100	6.24e-112	304	1758292	Arthrocladium fulminans	ascomycete fungi	Arthrocladium fulminans
5cddee4b774a53be20a22cb7a4a7d1cf	gi|1791079874|gb|MK674497.1|	91.060	99	3.77e-109	302	135283	Podosphaera xanthii	powdery mildews	Podosphaera xanthii
5cddee4b774a53be20a22cb7a4a7d1cf	gi|2617469749|emb|OY756929.1|	90.820	100	3.77e-109	305	114497	Cordyceps fumosorosea	ascomycete fungi	Cordyceps fumosorosea
5cddee4b774a53be20a22cb7a4a7d1cf	gi|194579818|gb|EU835658.1|	91.060	99	3.77e-109	302	547546	Dasybranchus sp. DH1	segmented worms	Dasybranchus sp. DH1
5cddee4b774a53be20a22cb7a4a7d1cf	gi|2328388840|ref|NC_068268.1|	90.759	99	4.88e-108	303	2164018	Cordyceps blackwelliae	ascomycete fungi	Cordyceps blackwelliae
5cddee4b774a53be20a22cb7a4a7d1cf	gi|2833138010|gb|PQ468422.1|	90.492	100	1.75e-107	305	129524	Cordyceps pruinosa	ascomycete fungi	Cordyceps pruinosa
5cddee4b774a53be20a22cb7a4a7d1cf	gi|2833137984|gb|PQ468421.1|	90.492	100	1.75e-107	305	2794018	Cordyceps neopruinosa	ascomycete fungi	Cordyceps neopruinosa
5cddee4b774a53be20a22cb7a4a7d1cf	gi|2833137928|gb|PQ468419.1|	90.492	100	1.75e-107	305	2775437	Cordyceps cocoonihabita	ascomycete fungi	Cordyceps cocoonihabita
5cddee4b774a53be20a22cb7a4a7d1cf	gi|2192910169|ref|NC_060296.1|	90.492	100	1.75e-107	305	129524	Cordyceps pruinosa	ascomycete fungi	Cordyceps pruinosa
5cddee4b774a53be20a22cb7a4a7d1cf	gi|2591972188|gb|OR545380.1|	90.429	99	2.27e-106	303	931006	Beauveria pseudobassiana	ascomycete fungi	Beauveria pseudobassiana
5cddee4b774a53be20a22cb7a4a7d1cf	gi|2293410448|gb|OM782665.1|	90.429	99	2.27e-106	303	931006	Beauveria pseudobassiana	ascomycete fungi	Beauveria pseudobassiana
e0e14cf0d9e81ab439d272ad1eef2419	gi|1791079874|gb|MK674497.1|	91.391	99	8.11e-111	302	135283	Podosphaera xanthii	powdery mildews	Podosphaera xanthii
e0e14cf0d9e81ab439d272ad1eef2419	gi|2617469749|emb|OY756929.1|	91.148	100	8.11e-111	305	114497	Cordyceps fumosorosea	ascomycete fungi	Cordyceps fumosorosea
e0e14cf0d9e81ab439d272ad1eef2419	gi|194579818|gb|EU835658.1|	91.391	99	8.11e-111	302	547546	Dasybranchus sp. DH1	segmented worms	Dasybranchus sp. DH1
e0e14cf0d9e81ab439d272ad1eef2419	gi|2328388840|ref|NC_068268.1|	91.089	99	1.05e-109	303	2164018	Cordyceps blackwelliae	ascomycete fungi	Cordyceps blackwelliae
e0e14cf0d9e81ab439d272ad1eef2419	gi|2833138010|gb|PQ468422.1|	90.820	100	3.77e-109	305	129524	Cordyceps pruinosa	ascomycete fungi	Cordyceps pruinosa
e0e14cf0d9e81ab439d272ad1eef2419	gi|2833137984|gb|PQ468421.1|	90.820	100	3.77e-109	305	2794018	Cordyceps neopruinosa	ascomycete fungi	Cordyceps neopruinosa
e0e14cf0d9e81ab439d272ad1eef2419	gi|2833137928|gb|PQ468419.1|	90.820	100	3.77e-109	305	2775437	Cordyceps cocoonihabita	ascomycete fungi	Cordyceps cocoonihabita
e0e14cf0d9e81ab439d272ad1eef2419	gi|2192910169|ref|NC_060296.1|	90.820	100	3.77e-109	305	129524	Cordyceps pruinosa	ascomycete fungi	Cordyceps pruinosa
e0e14cf0d9e81ab439d272ad1eef2419	gi|2591972188|gb|OR545380.1|	90.759	99	4.88e-108	303	931006	Beauveria pseudobassiana	ascomycete fungi	Beauveria pseudobassiana
e0e14cf0d9e81ab439d272ad1eef2419	gi|2293410448|gb|OM782665.1|	90.759	99	4.88e-108	303	931006	Beauveria pseudobassiana	ascomycete fungi	Beauveria pseudobassiana
6127c8ee21fb790f6a901bf2ef777bf4	gi|1791079874|gb|MK674497.1|	91.060	99	3.77e-109	302	135283	Podosphaera xanthii	powdery mildews	Podosphaera xanthii
6127c8ee21fb790f6a901bf2ef777bf4	gi|194579818|gb|EU835658.1|	91.060	99	3.77e-109	302	547546	Dasybranchus sp. DH1	segmented worms	Dasybranchus sp. DH1
6127c8ee21fb790f6a901bf2ef777bf4	gi|2617469749|emb|OY756929.1|	90.492	100	1.75e-107	305	114497	Cordyceps fumosorosea	ascomycete fungi	Cordyceps fumosorosea
6127c8ee21fb790f6a901bf2ef777bf4	gi|2328388840|ref|NC_068268.1|	90.429	99	2.27e-106	303	2164018	Cordyceps blackwelliae	ascomycete fungi	Cordyceps blackwelliae
6127c8ee21fb790f6a901bf2ef777bf4	gi|2833138010|gb|PQ468422.1|	90.164	100	8.16e-106	305	129524	Cordyceps pruinosa	ascomycete fungi	Cordyceps pruinosa
6127c8ee21fb790f6a901bf2ef777bf4	gi|2833137984|gb|PQ468421.1|	90.164	100	8.16e-106	305	2794018	Cordyceps neopruinosa	ascomycete fungi	Cordyceps neopruinosa
6127c8ee21fb790f6a901bf2ef777bf4	gi|2833137928|gb|PQ468419.1|	90.164	100	8.16e-106	305	2775437	Cordyceps cocoonihabita	ascomycete fungi	Cordyceps cocoonihabita
6127c8ee21fb790f6a901bf2ef777bf4	gi|2192910169|ref|NC_060296.1|	90.164	100	8.16e-106	305	129524	Cordyceps pruinosa	ascomycete fungi	Cordyceps pruinosa
6127c8ee21fb790f6a901bf2ef777bf4	gi|2591972188|gb|OR545380.1|	90.099	99	1.06e-104	303	931006	Beauveria pseudobassiana	ascomycete fungi	Beauveria pseudobassiana
6127c8ee21fb790f6a901bf2ef777bf4	gi|2293410448|gb|OM782665.1|	90.099	99	1.06e-104	303	931006	Beauveria pseudobassiana	ascomycete fungi	Beauveria pseudobassiana
9f636102e551d1ffecf228c0d8a45c00	gi|1791079874|gb|MK674497.1|	90.728	99	1.75e-107	302	135283	Podosphaera xanthii	powdery mildews	Podosphaera xanthii
9f636102e551d1ffecf228c0d8a45c00	gi|2617469749|emb|OY756929.1|	90.492	100	1.75e-107	305	114497	Cordyceps fumosorosea	ascomycete fungi	Cordyceps fumosorosea
9f636102e551d1ffecf228c0d8a45c00	gi|194579818|gb|EU835658.1|	90.728	99	1.75e-107	302	547546	Dasybranchus sp. DH1	segmented worms	Dasybranchus sp. DH1
9f636102e551d1ffecf228c0d8a45c00	gi|2328388840|ref|NC_068268.1|	90.429	99	2.27e-106	303	2164018	Cordyceps blackwelliae	ascomycete fungi	Cordyceps blackwelliae
9f636102e551d1ffecf228c0d8a45c00	gi|2833138010|gb|PQ468422.1|	90.164	100	8.16e-106	305	129524	Cordyceps pruinosa	ascomycete fungi	Cordyceps pruinosa
9f636102e551d1ffecf228c0d8a45c00	gi|2833137984|gb|PQ468421.1|	90.164	100	8.16e-106	305	2794018	Cordyceps neopruinosa	ascomycete fungi	Cordyceps neopruinosa
9f636102e551d1ffecf228c0d8a45c00	gi|2833137928|gb|PQ468419.1|	90.164	100	8.16e-106	305	2775437	Cordyceps cocoonihabita	ascomycete fungi	Cordyceps cocoonihabita
9f636102e551d1ffecf228c0d8a45c00	gi|2192910169|ref|NC_060296.1|	90.164	100	8.16e-106	305	129524	Cordyceps pruinosa	ascomycete fungi	Cordyceps pruinosa
9f636102e551d1ffecf228c0d8a45c00	gi|2591972188|gb|OR545380.1|	90.099	99	1.06e-104	303	931006	Beauveria pseudobassiana	ascomycete fungi	Beauveria pseudobassiana
9f636102e551d1ffecf228c0d8a45c00	gi|2293410448|gb|OM782665.1|	90.099	99	1.06e-104	303	931006	Beauveria pseudobassiana	ascomycete fungi	Beauveria pseudobassiana
2187c78da92143d1f325268469f684e6	gi|1769006115|gb|MN546855.1|	100.000	100	7.61e-156	305	6551	Mytilus trossulus	bivalves	common blue mussel
2187c78da92143d1f325268469f684e6	gi|1769006111|gb|MN546853.1|	100.000	100	7.61e-156	305	6551	Mytilus trossulus	bivalves	common blue mussel
2187c78da92143d1f325268469f684e6	gi|1761030848|gb|MK037215.1|	100.000	100	7.61e-156	305	2653597	Mytilus sp. 17_MOLL_003_072	bivalves	Mytilus sp. 17_MOLL_003_072
2187c78da92143d1f325268469f684e6	gi|1721708759|gb|MN119673.1|	100.000	100	7.61e-156	305	6551	Mytilus trossulus	bivalves	common blue mussel
2187c78da92143d1f325268469f684e6	gi|1036253850|gb|KX018527.1|	100.000	100	7.61e-156	305	6551	Mytilus trossulus	bivalves	common blue mussel
2187c78da92143d1f325268469f684e6	gi|1036253848|gb|KX018526.1|	100.000	100	7.61e-156	305	6551	Mytilus trossulus	bivalves	common blue mussel
2187c78da92143d1f325268469f684e6	gi|2413562671|gb|OQ032414.1|	100.000	100	7.61e-156	305	6551	Mytilus trossulus	bivalves	common blue mussel
2187c78da92143d1f325268469f684e6	gi|2413562652|gb|OQ032411.1|	100.000	100	7.61e-156	305	61855	Mytilus sp.	bivalves	Mytilus sp.
2187c78da92143d1f325268469f684e6	gi|2413562650|gb|OQ032410.1|	100.000	100	7.61e-156	305	61855	Mytilus sp.	bivalves	Mytilus sp.
2187c78da92143d1f325268469f684e6	gi|2413562521|gb|OQ032391.1|	100.000	100	7.61e-156	305	6551	Mytilus trossulus	bivalves	common blue mussel
05c77f2afb9e092dec6bafad17307a5f	gi|1383527757|gb|MH242724.1|	92.787	100	3.72e-119	305	1545973	Dendrobeania murrayana	bryozoans	Dendrobeania murrayana
28c67c70cd725cb345639963ab8fd1c4	gi|220030343|gb|FJ581785.1|	97.705	100	3.59e-144	305	223651	Neomysis americana	crustaceans	Neomysis americana
28c67c70cd725cb345639963ab8fd1c4	gi|78271560|emb|AJ852562.1|	98.282	95	1.00e-139	291	223651	Neomysis americana	crustaceans	Neomysis americana
28c67c70cd725cb345639963ab8fd1c4	gi|220030339|gb|FJ581783.1|	96.066	100	7.82e-136	305	223651	Neomysis americana	crustaceans	Neomysis americana
28c67c70cd725cb345639963ab8fd1c4	gi|220030349|gb|FJ581788.1|	95.738	100	3.64e-134	305	223651	Neomysis americana	crustaceans	Neomysis americana
28c67c70cd725cb345639963ab8fd1c4	gi|220030341|gb|FJ581784.1|	95.738	100	3.64e-134	305	223651	Neomysis americana	crustaceans	Neomysis americana
28c67c70cd725cb345639963ab8fd1c4	gi|936254398|gb|KT209500.1|	95.410	100	1.69e-132	305	223651	Neomysis americana	crustaceans	Neomysis americana
28c67c70cd725cb345639963ab8fd1c4	gi|345647407|gb|HQ700927.1|	95.695	99	1.69e-132	302	1049545	Neomysis awatschensis	crustaceans	Neomysis awatschensis
28c67c70cd725cb345639963ab8fd1c4	gi|936253912|gb|KT209257.1|	95.082	100	7.88e-131	305	223651	Neomysis americana	crustaceans	Neomysis americana
28c67c70cd725cb345639963ab8fd1c4	gi|936253898|gb|KT209250.1|	95.082	100	7.88e-131	305	223651	Neomysis americana	crustaceans	Neomysis americana
28c67c70cd725cb345639963ab8fd1c4	gi|936253860|gb|KT209231.1|	95.082	100	7.88e-131	305	223651	Neomysis americana	crustaceans	Neomysis americana
8a9cc1355bd7b0669c2ee77cc16eeef6	gi|220030343|gb|FJ581785.1|	98.689	100	3.56e-149	305	223651	Neomysis americana	crustaceans	Neomysis americana
8a9cc1355bd7b0669c2ee77cc16eeef6	gi|78271560|emb|AJ852562.1|	98.625	95	2.16e-141	291	223651	Neomysis americana	crustaceans	Neomysis americana
8a9cc1355bd7b0669c2ee77cc16eeef6	gi|936254398|gb|KT209500.1|	95.738	100	3.64e-134	305	223651	Neomysis americana	crustaceans	Neomysis americana
8a9cc1355bd7b0669c2ee77cc16eeef6	gi|936253912|gb|KT209257.1|	95.410	100	1.69e-132	305	223651	Neomysis americana	crustaceans	Neomysis americana
8a9cc1355bd7b0669c2ee77cc16eeef6	gi|936253898|gb|KT209250.1|	95.410	100	1.69e-132	305	223651	Neomysis americana	crustaceans	Neomysis americana
8a9cc1355bd7b0669c2ee77cc16eeef6	gi|936253860|gb|KT209231.1|	95.410	100	1.69e-132	305	223651	Neomysis americana	crustaceans	Neomysis americana
8a9cc1355bd7b0669c2ee77cc16eeef6	gi|936253564|gb|KT209083.1|	95.410	100	1.69e-132	305	223651	Neomysis americana	crustaceans	Neomysis americana
8a9cc1355bd7b0669c2ee77cc16eeef6	gi|220030339|gb|FJ581783.1|	95.410	100	1.69e-132	305	223651	Neomysis americana	crustaceans	Neomysis americana
8a9cc1355bd7b0669c2ee77cc16eeef6	gi|220030349|gb|FJ581788.1|	95.082	100	7.88e-131	305	223651	Neomysis americana	crustaceans	Neomysis americana
8a9cc1355bd7b0669c2ee77cc16eeef6	gi|220030341|gb|FJ581784.1|	95.082	100	7.88e-131	305	223651	Neomysis americana	crustaceans	Neomysis americana
6f7c4587c67b5810fbf348f193f1ee35	gi|220030343|gb|FJ581785.1|	99.344	100	1.65e-152	305	223651	Neomysis americana	crustaceans	Neomysis americana
6f7c4587c67b5810fbf348f193f1ee35	gi|78271560|emb|AJ852562.1|	98.969	95	4.64e-143	291	223651	Neomysis americana	crustaceans	Neomysis americana
6f7c4587c67b5810fbf348f193f1ee35	gi|220030339|gb|FJ581783.1|	95.410	100	1.69e-132	305	223651	Neomysis americana	crustaceans	Neomysis americana
6f7c4587c67b5810fbf348f193f1ee35	gi|936254398|gb|KT209500.1|	95.082	100	7.88e-131	305	223651	Neomysis americana	crustaceans	Neomysis americana
6f7c4587c67b5810fbf348f193f1ee35	gi|220030349|gb|FJ581788.1|	95.082	100	7.88e-131	305	223651	Neomysis americana	crustaceans	Neomysis americana
6f7c4587c67b5810fbf348f193f1ee35	gi|220030341|gb|FJ581784.1|	95.082	100	7.88e-131	305	223651	Neomysis americana	crustaceans	Neomysis americana
6f7c4587c67b5810fbf348f193f1ee35	gi|936253912|gb|KT209257.1|	94.754	100	3.67e-129	305	223651	Neomysis americana	crustaceans	Neomysis americana
6f7c4587c67b5810fbf348f193f1ee35	gi|936253898|gb|KT209250.1|	94.754	100	3.67e-129	305	223651	Neomysis americana	crustaceans	Neomysis americana
6f7c4587c67b5810fbf348f193f1ee35	gi|936253860|gb|KT209231.1|	94.754	100	3.67e-129	305	223651	Neomysis americana	crustaceans	Neomysis americana
6f7c4587c67b5810fbf348f193f1ee35	gi|936253564|gb|KT209083.1|	94.754	100	3.67e-129	305	223651	Neomysis americana	crustaceans	Neomysis americana
24bb2c8239ba8d76b1a6f3909732b715	gi|220030343|gb|FJ581785.1|	99.672	100	3.54e-154	305	223651	Neomysis americana	crustaceans	Neomysis americana
24bb2c8239ba8d76b1a6f3909732b715	gi|78271560|emb|AJ852562.1|	100.000	95	4.61e-148	291	223651	Neomysis americana	crustaceans	Neomysis americana
24bb2c8239ba8d76b1a6f3909732b715	gi|220030339|gb|FJ581783.1|	96.393	100	1.68e-137	305	223651	Neomysis americana	crustaceans	Neomysis americana
24bb2c8239ba8d76b1a6f3909732b715	gi|220030349|gb|FJ581788.1|	96.066	100	7.82e-136	305	223651	Neomysis americana	crustaceans	Neomysis americana
24bb2c8239ba8d76b1a6f3909732b715	gi|220030341|gb|FJ581784.1|	96.066	100	7.82e-136	305	223651	Neomysis americana	crustaceans	Neomysis americana
24bb2c8239ba8d76b1a6f3909732b715	gi|345647407|gb|HQ700927.1|	96.026	99	3.64e-134	302	1049545	Neomysis awatschensis	crustaceans	Neomysis awatschensis
24bb2c8239ba8d76b1a6f3909732b715	gi|936254398|gb|KT209500.1|	95.082	100	7.88e-131	305	223651	Neomysis americana	crustaceans	Neomysis americana
24bb2c8239ba8d76b1a6f3909732b715	gi|936253912|gb|KT209257.1|	95.082	100	7.88e-131	305	223651	Neomysis americana	crustaceans	Neomysis americana
24bb2c8239ba8d76b1a6f3909732b715	gi|936253898|gb|KT209250.1|	95.082	100	7.88e-131	305	223651	Neomysis americana	crustaceans	Neomysis americana
24bb2c8239ba8d76b1a6f3909732b715	gi|936253860|gb|KT209231.1|	95.082	100	7.88e-131	305	223651	Neomysis americana	crustaceans	Neomysis americana
7e018cad7a672612bb62603f8a65b3de	gi|220030343|gb|FJ581785.1|	97.377	100	1.67e-142	305	223651	Neomysis americana	crustaceans	Neomysis americana
7e018cad7a672612bb62603f8a65b3de	gi|78271560|emb|AJ852562.1|	97.938	95	4.68e-138	291	223651	Neomysis americana	crustaceans	Neomysis americana
7e018cad7a672612bb62603f8a65b3de	gi|220030339|gb|FJ581783.1|	96.393	100	1.68e-137	305	223651	Neomysis americana	crustaceans	Neomysis americana
7e018cad7a672612bb62603f8a65b3de	gi|220030349|gb|FJ581788.1|	96.066	100	7.82e-136	305	223651	Neomysis americana	crustaceans	Neomysis americana
7e018cad7a672612bb62603f8a65b3de	gi|220030341|gb|FJ581784.1|	96.066	100	7.82e-136	305	223651	Neomysis americana	crustaceans	Neomysis americana
7e018cad7a672612bb62603f8a65b3de	gi|345647407|gb|HQ700927.1|	96.026	99	3.64e-134	302	1049545	Neomysis awatschensis	crustaceans	Neomysis awatschensis
7e018cad7a672612bb62603f8a65b3de	gi|936254398|gb|KT209500.1|	95.410	100	1.69e-132	305	223651	Neomysis americana	crustaceans	Neomysis americana
7e018cad7a672612bb62603f8a65b3de	gi|936253912|gb|KT209257.1|	95.410	100	1.69e-132	305	223651	Neomysis americana	crustaceans	Neomysis americana
7e018cad7a672612bb62603f8a65b3de	gi|936253898|gb|KT209250.1|	95.410	100	1.69e-132	305	223651	Neomysis americana	crustaceans	Neomysis americana
7e018cad7a672612bb62603f8a65b3de	gi|936253860|gb|KT209231.1|	95.410	100	1.69e-132	305	223651	Neomysis americana	crustaceans	Neomysis americana
47da25193e9d4f9b01db7c6865680f8e	gi|283050881|gb|GU070901.1|	91.379	95	8.16e-106	290	693772	invertebrate environmental sample	animals	invertebrate environmental sample
83f9573ae4c6b00c6a4441555d102e29	gi|343915525|gb|JN202434.1|	90.345	95	8.22e-101	290	1076758	Parvamoeba rugata	eukaryotes	Parvamoeba rugata
83f9573ae4c6b00c6a4441555d102e29	gi|343915527|gb|JN202435.1|	90.000	95	3.82e-99	290	1076758	Parvamoeba rugata	eukaryotes	Parvamoeba rugata
d15007b0b40178fc522da23de53993ea	gi|283050881|gb|GU070901.1|	90.541	97	3.80e-104	296	693772	invertebrate environmental sample	animals	invertebrate environmental sample
ca0819920b1336a65c83b5d5b51d9141	gi|11466298|ref|NC_000946.1|	91.148	100	8.11e-111	305	33653	Cafeteria roenbergensis	eukaryotes	Cafeteria roenbergensis
56747ae4394811aa9166872860832618	gi|914696987|gb|KP977832.1|	99.669	100	1.63e-152	302	1638745	Hiatella sp. K HML-2015	bivalves	Hiatella sp. K HML-2015
56747ae4394811aa9166872860832618	gi|914696493|gb|KP977585.1|	99.338	100	7.57e-151	302	1638745	Hiatella sp. K HML-2015	bivalves	Hiatella sp. K HML-2015
56747ae4394811aa9166872860832618	gi|914697255|gb|KP977966.1|	99.007	100	3.52e-149	302	1638745	Hiatella sp. K HML-2015	bivalves	Hiatella sp. K HML-2015
56747ae4394811aa9166872860832618	gi|914696827|gb|KP977752.1|	99.007	100	3.52e-149	302	1638745	Hiatella sp. K HML-2015	bivalves	Hiatella sp. K HML-2015
56747ae4394811aa9166872860832618	gi|914696803|gb|KP977740.1|	99.007	100	3.52e-149	302	1638745	Hiatella sp. K HML-2015	bivalves	Hiatella sp. K HML-2015
56747ae4394811aa9166872860832618	gi|914696483|gb|KP977580.1|	99.007	100	3.52e-149	302	1638745	Hiatella sp. K HML-2015	bivalves	Hiatella sp. K HML-2015
56747ae4394811aa9166872860832618	gi|914697235|gb|KP977956.1|	98.675	100	1.64e-147	302	1638745	Hiatella sp. K HML-2015	bivalves	Hiatella sp. K HML-2015
56747ae4394811aa9166872860832618	gi|914697095|gb|KP977886.1|	90.000	99	4.86e-103	300	1638756	Hiatella sp. L HML-2015	bivalves	Hiatella sp. L HML-2015
3d5ad2ac0c3fcdc5cdbcbb59e6abc0f3	gi|2868137408|gb|PQ739199.1|	99.672	100	3.54e-154	305	40256	Modiolus modiolus	bivalves	northern horsemussel
3d5ad2ac0c3fcdc5cdbcbb59e6abc0f3	gi|1134945633|ref|NC_033537.1|	99.672	100	3.54e-154	305	40256	Modiolus modiolus	bivalves	northern horsemussel
3d5ad2ac0c3fcdc5cdbcbb59e6abc0f3	gi|2586927870|gb|OR618286.1|	99.344	100	1.65e-152	305	40256	Modiolus modiolus	bivalves	northern horsemussel
3d5ad2ac0c3fcdc5cdbcbb59e6abc0f3	gi|1104599752|gb|KX713479.1|	99.344	100	1.65e-152	305	40256	Modiolus modiolus	bivalves	northern horsemussel
3d5ad2ac0c3fcdc5cdbcbb59e6abc0f3	gi|1008910239|gb|KT307121.1|	99.344	100	1.65e-152	305	40256	Modiolus modiolus	bivalves	northern horsemussel
3d5ad2ac0c3fcdc5cdbcbb59e6abc0f3	gi|908309460|gb|KR084900.1|	99.344	100	1.65e-152	305	40256	Modiolus modiolus	bivalves	northern horsemussel
3d5ad2ac0c3fcdc5cdbcbb59e6abc0f3	gi|313485698|gb|HM884246.1|	99.344	100	1.65e-152	305	40256	Modiolus modiolus	bivalves	northern horsemussel
3d5ad2ac0c3fcdc5cdbcbb59e6abc0f3	gi|2868137410|gb|PQ739200.1|	99.016	100	2.13e-151	305	40256	Modiolus modiolus	bivalves	northern horsemussel
3d5ad2ac0c3fcdc5cdbcbb59e6abc0f3	gi|2868137414|gb|PQ739202.1|	99.016	100	7.66e-151	305	40256	Modiolus modiolus	bivalves	northern horsemussel
3d5ad2ac0c3fcdc5cdbcbb59e6abc0f3	gi|2868137416|gb|PQ739203.1|	98.689	100	9.91e-150	305	40256	Modiolus modiolus	bivalves	northern horsemussel
e661a71356e0f76de09fbecf4e725c2c	gi|1898550027|gb|MT293090.1|	100.000	100	7.61e-156	305	95170	Membranipora membranacea	bryozoans	Membranipora membranacea
e661a71356e0f76de09fbecf4e725c2c	gi|225542676|gb|FJ196092.1|	99.344	100	1.65e-152	305	95170	Membranipora membranacea	bryozoans	Membranipora membranacea
e661a71356e0f76de09fbecf4e725c2c	gi|2095611982|emb|OU612076.1|	99.338	99	7.66e-151	302	95170	Membranipora membranacea	bryozoans	Membranipora membranacea
e661a71356e0f76de09fbecf4e725c2c	gi|1898550042|gb|MT293110.1|	99.016	100	7.66e-151	305	95170	Membranipora membranacea	bryozoans	Membranipora membranacea
e661a71356e0f76de09fbecf4e725c2c	gi|1785493611|gb|MN718183.1|	100.000	92	6.01e-142	280	95170	Membranipora membranacea	bryozoans	Membranipora membranacea
e661a71356e0f76de09fbecf4e725c2c	gi|182628194|gb|EU410262.1|	100.000	90	1.30e-138	274	95170	Membranipora membranacea	bryozoans	Membranipora membranacea
e661a71356e0f76de09fbecf4e725c2c	gi|182628192|gb|EU410261.1|	100.000	90	1.30e-138	274	95170	Membranipora membranacea	bryozoans	Membranipora membranacea
e661a71356e0f76de09fbecf4e725c2c	gi|182628190|gb|EU410260.1|	100.000	90	1.30e-138	274	95170	Membranipora membranacea	bryozoans	Membranipora membranacea
e661a71356e0f76de09fbecf4e725c2c	gi|182628240|gb|EU410285.1|	99.635	90	6.05e-137	274	95170	Membranipora membranacea	bryozoans	Membranipora membranacea
e661a71356e0f76de09fbecf4e725c2c	gi|182628232|gb|EU410281.1|	99.635	90	6.05e-137	274	95170	Membranipora membranacea	bryozoans	Membranipora membranacea
833bb789d4d9ea256b2861e424a38aea	gi|343211736|gb|JN291513.1|	100.000	100	7.61e-156	305	204566	Chaoborus punctipennis	flies	Chaoborus punctipennis
833bb789d4d9ea256b2861e424a38aea	gi|323325026|gb|HQ981324.1|	99.672	100	3.54e-154	305	204566	Chaoborus punctipennis	flies	Chaoborus punctipennis
833bb789d4d9ea256b2861e424a38aea	gi|1368660823|gb|MG448857.1|	99.016	100	7.66e-151	305	204566	Chaoborus punctipennis	flies	Chaoborus punctipennis
833bb789d4d9ea256b2861e424a38aea	gi|323898639|gb|HQ984616.1|	98.689	100	3.56e-149	305	204566	Chaoborus punctipennis	flies	Chaoborus punctipennis
833bb789d4d9ea256b2861e424a38aea	gi|311987796|gb|HQ582766.1|	98.689	100	3.56e-149	305	204566	Chaoborus punctipennis	flies	Chaoborus punctipennis
833bb789d4d9ea256b2861e424a38aea	gi|1368661003|gb|MG448960.1|	98.361	100	1.66e-147	305	204566	Chaoborus punctipennis	flies	Chaoborus punctipennis
833bb789d4d9ea256b2861e424a38aea	gi|848113990|gb|KR085212.1|	98.361	100	1.66e-147	305	204566	Chaoborus punctipennis	flies	Chaoborus punctipennis
833bb789d4d9ea256b2861e424a38aea	gi|323898431|gb|HQ984512.1|	98.361	100	1.66e-147	305	204566	Chaoborus punctipennis	flies	Chaoborus punctipennis
833bb789d4d9ea256b2861e424a38aea	gi|320566425|gb|HQ945199.1|	98.361	100	1.66e-147	305	204566	Chaoborus punctipennis	flies	Chaoborus punctipennis
833bb789d4d9ea256b2861e424a38aea	gi|311988134|gb|HQ582935.1|	98.361	100	1.66e-147	305	204566	Chaoborus punctipennis	flies	Chaoborus punctipennis
08321f3f931fe54fe111991724003b3e	gi|743123747|gb|KM373437.1|	92.787	100	3.72e-119	305	1588095	Amathia tertia	bryozoans	Amathia tertia
ff7d5da7b658271a63f74e6926598d99	gi|743123747|gb|KM373437.1|	93.115	100	7.99e-121	305	1588095	Amathia tertia	bryozoans	Amathia tertia
ff7d5da7b658271a63f74e6926598d99	gi|2206655463|gb|OM964649.1|	90.278	94	1.06e-99	288	2925327	Amathia sp. 16586	bryozoans	Amathia sp. 16586
e494c8692bb1a84f85d4344da94f7ab5	gi|225542658|gb|FJ196083.1|	100.000	100	7.61e-156	305	560980	Amathia gracilis	bryozoans	Amathia gracilis
51269dc0a5113f9c51ae9813e407ed80	gi|1898550052|gb|MT293122.1|	90.820	100	3.77e-109	305	2172674	Caberea ellisii	bryozoans	Caberea ellisii
3954b9695d8b52cdfc0d0e7fb3f94e41	gi|1898550052|gb|MT293122.1|	94.426	100	1.71e-127	305	2172674	Caberea ellisii	bryozoans	Caberea ellisii
00f4e05bc1f11f632fb1a53a465f95f8	gi|1898550052|gb|MT293122.1|	91.148	100	8.11e-111	305	2172674	Caberea ellisii	bryozoans	Caberea ellisii
5e58d8386683c107ce97c7036a1518e3	gi|283050881|gb|GU070901.1|	90.203	97	1.77e-102	296	693772	invertebrate environmental sample	animals	invertebrate environmental sample
e8ed3cbb119c9f8ec5d60c388c5dc006	gi|343915525|gb|JN202434.1|	90.033	98	4.91e-103	301	1076758	Parvamoeba rugata	eukaryotes	Parvamoeba rugata
8cb9e23335a79f9b1d7a58b224bdc1eb	gi|343915525|gb|JN202434.1|	90.365	98	1.06e-104	301	1076758	Parvamoeba rugata	eukaryotes	Parvamoeba rugata
8cb9e23335a79f9b1d7a58b224bdc1eb	gi|343915527|gb|JN202435.1|	90.033	98	4.91e-103	301	1076758	Parvamoeba rugata	eukaryotes	Parvamoeba rugata
68af53fe2f7d729e3ccfddb99d228ebe	gi|1235975302|gb|KX810692.1|	93.443	100	1.72e-122	305	1552237	uncultured Jaminaea	basidiomycete fungi	uncultured Jaminaea
68af53fe2f7d729e3ccfddb99d228ebe	gi|1235975296|gb|KX810689.1|	93.443	100	1.72e-122	305	1552237	uncultured Jaminaea	basidiomycete fungi	uncultured Jaminaea
0015d005717d312aabdf43026ee4a983	gi|1483524919|gb|MG097784.1|	96.721	100	3.61e-139	305	2361906	Limoniidae sp. BARS_2016_09_091	flies	Limoniidae sp. BARS_2016_09_091
0015d005717d312aabdf43026ee4a983	gi|1483506949|gb|MG088799.1|	96.721	100	3.61e-139	305	2362191;2362192;2362194	Limoniidae sp. BIOUG25620-G04	flies	Limoniidae sp. BIOUG25620-G04
0015d005717d312aabdf43026ee4a983	gi|2232368902|gb|OM612120.1|	92.787	100	3.72e-119	305	2901172	Limoniidae sp.	flies	Limoniidae sp.
0015d005717d312aabdf43026ee4a983	gi|310960329|gb|HM881893.1|	92.787	100	3.72e-119	305	2579533	Eucelatoria sp. CR 153	flies	Eucelatoria sp. CR 153
0015d005717d312aabdf43026ee4a983	gi|1060889313|gb|KR971695.1|	92.459	100	1.73e-117	305	1886933	Dicranomyia sp. BOLD-2016	flies	Dicranomyia sp. BOLD-2016
0015d005717d312aabdf43026ee4a983	gi|1060889301|gb|KR971689.1|	92.459	100	1.73e-117	305	1886933	Dicranomyia sp. BOLD-2016	flies	Dicranomyia sp. BOLD-2016
0015d005717d312aabdf43026ee4a983	gi|1060887817|gb|KR970947.1|	92.459	100	1.73e-117	305	1886933	Dicranomyia sp. BOLD-2016	flies	Dicranomyia sp. BOLD-2016
0015d005717d312aabdf43026ee4a983	gi|1060883455|gb|KR968766.1|	92.459	100	1.73e-117	305	1886933	Dicranomyia sp. BOLD-2016	flies	Dicranomyia sp. BOLD-2016
0015d005717d312aabdf43026ee4a983	gi|1755825999|gb|MN520656.1|	92.434	99	6.22e-117	304	2651757	Dicranomyia sp. DNAS-443-5ZYC	flies	Dicranomyia sp. DNAS-443-5ZYC
0015d005717d312aabdf43026ee4a983	gi|2130412883|gb|MW200317.1|	92.131	100	2.24e-116	305	2892683	Eucelatoria sp. AAI4903	flies	Eucelatoria sp. AAI4903
a2c05b1993ffb29fe58dece384fc3c4d	gi|324983179|gb|HQ171167.1|	94.754	100	3.67e-129	305	983661	Salisapilia tartarea	oomycetes	Salisapilia tartarea
a2c05b1993ffb29fe58dece384fc3c4d	gi|1470016555|gb|MG701990.1|	91.000	98	4.88e-108	300	2065310	Phytophthora sp. 'guadalupesoil'	downy mildews	Phytophthora sp. 'guadalupesoil'
a2c05b1993ffb29fe58dece384fc3c4d	gi|320336817|gb|HQ708560.1|	91.030	98	4.88e-108	301	110438	Pythium contiguanum	oomycetes	Pythium contiguanum
a2c05b1993ffb29fe58dece384fc3c4d	gi|1799122948|gb|MN866111.1|	90.667	98	2.27e-106	300	67591	Phytophthora macrochlamydospora	downy mildews	Phytophthora macrochlamydospora
a2c05b1993ffb29fe58dece384fc3c4d	gi|1799122920|gb|MN866097.1|	90.667	98	2.27e-106	300	2691627	Phytophthora aff. citricola X	downy mildews	Phytophthora aff. citricola X
a2c05b1993ffb29fe58dece384fc3c4d	gi|1382811174|gb|MH136974.1|	90.667	98	2.27e-106	300	127443	Phytophthora richardiae	downy mildews	Phytophthora richardiae
a2c05b1993ffb29fe58dece384fc3c4d	gi|1382811072|gb|MH136923.1|	90.667	98	2.27e-106	300	67591;134455	Phytophthora macrochlamydospora	downy mildews	Phytophthora macrochlamydospora
a2c05b1993ffb29fe58dece384fc3c4d	gi|1382810920|gb|MH136847.1|	90.667	98	2.27e-106	300	611798	Phytophthora aquimorbida	downy mildews	Phytophthora aquimorbida
a2c05b1993ffb29fe58dece384fc3c4d	gi|2689404076|gb|OR526129.1|	90.667	98	2.27e-106	300	3073779	Phytophthora proliferata	downy mildews	Phytophthora proliferata
a2c05b1993ffb29fe58dece384fc3c4d	gi|2689404074|gb|OR526128.1|	90.667	98	2.27e-106	300	3073779	Phytophthora proliferata	downy mildews	Phytophthora proliferata
f4147b9cf1804410f15df180cc8e4ec6	gi|324983179|gb|HQ171167.1|	94.426	100	1.71e-127	305	983661	Salisapilia tartarea	oomycetes	Salisapilia tartarea
f4147b9cf1804410f15df180cc8e4ec6	gi|320336817|gb|HQ708560.1|	91.362	98	1.05e-109	301	110438	Pythium contiguanum	oomycetes	Pythium contiguanum
f4147b9cf1804410f15df180cc8e4ec6	gi|2499017864|gb|OP903819.1|	91.000	98	4.88e-108	300	2998203	Pythium sp. 'strain 1-9-like1'	oomycetes	Pythium sp. 'strain 1-9-like1'
f4147b9cf1804410f15df180cc8e4ec6	gi|2171553913|gb|MZ435257.1|	91.000	98	4.88e-108	300	2849776	Phytophthora docyniae	downy mildews	Phytophthora docyniae
f4147b9cf1804410f15df180cc8e4ec6	gi|324983193|gb|HQ171174.1|	91.000	98	4.88e-108	300	758755	Salisapilia bahamensis	oomycetes	Salisapilia bahamensis
f4147b9cf1804410f15df180cc8e4ec6	gi|1470016555|gb|MG701990.1|	90.667	98	2.27e-106	300	2065310	Phytophthora sp. 'guadalupesoil'	downy mildews	Phytophthora sp. 'guadalupesoil'
f4147b9cf1804410f15df180cc8e4ec6	gi|1799122948|gb|MN866111.1|	90.333	98	1.06e-104	300	67591	Phytophthora macrochlamydospora	downy mildews	Phytophthora macrochlamydospora
f4147b9cf1804410f15df180cc8e4ec6	gi|1799122930|gb|MN866102.1|	90.333	98	1.06e-104	300	2691830	Phytophthora cf. quininea	downy mildews	Phytophthora cf. quininea
f4147b9cf1804410f15df180cc8e4ec6	gi|1799122920|gb|MN866097.1|	90.333	98	1.06e-104	300	2691627	Phytophthora aff. citricola X	downy mildews	Phytophthora aff. citricola X
f4147b9cf1804410f15df180cc8e4ec6	gi|1567433529|gb|MH289797.1|	90.365	98	1.06e-104	301	2175193	Pythium aff. pachycaule	oomycetes	Pythium aff. pachycaule
6ace5f0e7fbfcd9e69fc12ebc9233053	gi|324983179|gb|HQ171167.1|	94.426	100	1.71e-127	305	983661	Salisapilia tartarea	oomycetes	Salisapilia tartarea
6ace5f0e7fbfcd9e69fc12ebc9233053	gi|1470016555|gb|MG701990.1|	91.000	98	4.88e-108	300	2065310	Phytophthora sp. 'guadalupesoil'	downy mildews	Phytophthora sp. 'guadalupesoil'
6ace5f0e7fbfcd9e69fc12ebc9233053	gi|320336817|gb|HQ708560.1|	91.030	98	4.88e-108	301	110438	Pythium contiguanum	oomycetes	Pythium contiguanum
6ace5f0e7fbfcd9e69fc12ebc9233053	gi|1799122948|gb|MN866111.1|	90.667	98	2.27e-106	300	67591	Phytophthora macrochlamydospora	downy mildews	Phytophthora macrochlamydospora
6ace5f0e7fbfcd9e69fc12ebc9233053	gi|1799122920|gb|MN866097.1|	90.667	98	2.27e-106	300	2691627	Phytophthora aff. citricola X	downy mildews	Phytophthora aff. citricola X
6ace5f0e7fbfcd9e69fc12ebc9233053	gi|1382811174|gb|MH136974.1|	90.667	98	2.27e-106	300	127443	Phytophthora richardiae	downy mildews	Phytophthora richardiae
6ace5f0e7fbfcd9e69fc12ebc9233053	gi|1382811072|gb|MH136923.1|	90.667	98	2.27e-106	300	67591;134455	Phytophthora macrochlamydospora	downy mildews	Phytophthora macrochlamydospora
6ace5f0e7fbfcd9e69fc12ebc9233053	gi|1382810920|gb|MH136847.1|	90.667	98	2.27e-106	300	611798	Phytophthora aquimorbida	downy mildews	Phytophthora aquimorbida
6ace5f0e7fbfcd9e69fc12ebc9233053	gi|2689404076|gb|OR526129.1|	90.667	98	2.27e-106	300	3073779	Phytophthora proliferata	downy mildews	Phytophthora proliferata
6ace5f0e7fbfcd9e69fc12ebc9233053	gi|2689404074|gb|OR526128.1|	90.667	98	2.27e-106	300	3073779	Phytophthora proliferata	downy mildews	Phytophthora proliferata
c28e1cf27f190998d711e7a7439a335f	gi|11466298|ref|NC_000946.1|	95.410	100	1.69e-132	305	33653	Cafeteria roenbergensis	eukaryotes	Cafeteria roenbergensis
82ac7782d197ec045279ab5093e261b1	gi|11466298|ref|NC_000946.1|	94.426	100	1.71e-127	305	33653	Cafeteria roenbergensis	eukaryotes	Cafeteria roenbergensis
e2234fa8b7b194db07c18c880cafb585	gi|305653525|gb|HQ024185.1|	100.000	100	9.76e-155	303	880431	Pherusa affinis	segmented worms	Pherusa affinis
e2234fa8b7b194db07c18c880cafb585	gi|305653523|gb|HQ024184.1|	100.000	100	9.76e-155	303	880431	Pherusa affinis	segmented worms	Pherusa affinis
e2234fa8b7b194db07c18c880cafb585	gi|305653521|gb|HQ024183.1|	100.000	100	9.76e-155	303	880431	Pherusa affinis	segmented worms	Pherusa affinis
e2234fa8b7b194db07c18c880cafb585	gi|305653519|gb|HQ024182.1|	100.000	100	9.76e-155	303	880431	Pherusa affinis	segmented worms	Pherusa affinis
e2234fa8b7b194db07c18c880cafb585	gi|305653515|gb|HQ024180.1|	100.000	100	9.76e-155	303	880431	Pherusa affinis	segmented worms	Pherusa affinis
b9441623a8f1c844628858749fa3f306	gi|1509160789|gb|MG421466.1|	99.670	100	4.54e-153	303	1273218	Lacuna vincta	gastropods	Lacuna vincta
b9441623a8f1c844628858749fa3f306	gi|1509160650|gb|MG421411.1|	99.670	100	4.54e-153	303	1273218	Lacuna vincta	gastropods	Lacuna vincta
b9441623a8f1c844628858749fa3f306	gi|1509160509|gb|MG421355.1|	99.670	100	4.54e-153	303	1273218	Lacuna vincta	gastropods	Lacuna vincta
b9441623a8f1c844628858749fa3f306	gi|1489969054|gb|MG422107.1|	99.670	100	4.54e-153	303	1273218	Lacuna vincta	gastropods	Lacuna vincta
b9441623a8f1c844628858749fa3f306	gi|564735259|gb|KF644099.1|	99.670	100	4.54e-153	303	1273218	Lacuna vincta	gastropods	Lacuna vincta
b9441623a8f1c844628858749fa3f306	gi|564733783|gb|KF643361.1|	99.670	100	4.54e-153	303	1273218	Lacuna vincta	gastropods	Lacuna vincta
b9441623a8f1c844628858749fa3f306	gi|564733595|gb|KF643267.1|	99.670	100	4.54e-153	303	1273218	Lacuna vincta	gastropods	Lacuna vincta
b9441623a8f1c844628858749fa3f306	gi|1025625653|gb|KX069563.1|	99.669	99	1.63e-152	302	1273218	Lacuna vincta	gastropods	Lacuna vincta
b9441623a8f1c844628858749fa3f306	gi|564733579|gb|KF643259.1|	99.669	99	1.63e-152	302	1273218	Lacuna vincta	gastropods	Lacuna vincta
b9441623a8f1c844628858749fa3f306	gi|564735329|gb|KF644134.1|	99.340	100	2.11e-151	303	1273218	Lacuna vincta	gastropods	Lacuna vincta
25768553b8d3fb41027af8f4bda795e5	gi|1509160789|gb|MG421466.1|	100.000	100	9.76e-155	303	1273218	Lacuna vincta	gastropods	Lacuna vincta
25768553b8d3fb41027af8f4bda795e5	gi|1509160650|gb|MG421411.1|	100.000	100	9.76e-155	303	1273218	Lacuna vincta	gastropods	Lacuna vincta
25768553b8d3fb41027af8f4bda795e5	gi|1509160509|gb|MG421355.1|	100.000	100	9.76e-155	303	1273218	Lacuna vincta	gastropods	Lacuna vincta
25768553b8d3fb41027af8f4bda795e5	gi|1489969054|gb|MG422107.1|	100.000	100	9.76e-155	303	1273218	Lacuna vincta	gastropods	Lacuna vincta
25768553b8d3fb41027af8f4bda795e5	gi|564735259|gb|KF644099.1|	100.000	100	9.76e-155	303	1273218	Lacuna vincta	gastropods	Lacuna vincta
25768553b8d3fb41027af8f4bda795e5	gi|564733783|gb|KF643361.1|	100.000	100	9.76e-155	303	1273218	Lacuna vincta	gastropods	Lacuna vincta
25768553b8d3fb41027af8f4bda795e5	gi|564733595|gb|KF643267.1|	100.000	100	9.76e-155	303	1273218	Lacuna vincta	gastropods	Lacuna vincta
25768553b8d3fb41027af8f4bda795e5	gi|1025625653|gb|KX069563.1|	100.000	99	3.51e-154	302	1273218	Lacuna vincta	gastropods	Lacuna vincta
25768553b8d3fb41027af8f4bda795e5	gi|564733579|gb|KF643259.1|	100.000	99	3.51e-154	302	1273218	Lacuna vincta	gastropods	Lacuna vincta
25768553b8d3fb41027af8f4bda795e5	gi|564735329|gb|KF644134.1|	99.670	100	4.54e-153	303	1273218	Lacuna vincta	gastropods	Lacuna vincta
ca8ef7928014cfd2cbc02bb0a6531e1e	gi|1842676499|gb|MT455086.1|	100.000	100	9.76e-155	303	238744	Menidia menidia	bony fishes	Atlantic silverside
ca8ef7928014cfd2cbc02bb0a6531e1e	gi|1517363193|gb|MH538896.1|	100.000	100	9.76e-155	303	238744	Menidia menidia	bony fishes	Atlantic silverside
ca8ef7928014cfd2cbc02bb0a6531e1e	gi|1517363166|gb|MH538894.1|	100.000	100	9.76e-155	303	238744	Menidia menidia	bony fishes	Atlantic silverside
ca8ef7928014cfd2cbc02bb0a6531e1e	gi|1517363124|gb|MH538891.1|	100.000	100	9.76e-155	303	238744	Menidia menidia	bony fishes	Atlantic silverside
ca8ef7928014cfd2cbc02bb0a6531e1e	gi|1517363097|gb|MH538889.1|	100.000	100	9.76e-155	303	238744	Menidia menidia	bony fishes	Atlantic silverside
ca8ef7928014cfd2cbc02bb0a6531e1e	gi|1517363084|gb|MH538888.1|	100.000	100	9.76e-155	303	238744	Menidia menidia	bony fishes	Atlantic silverside
ca8ef7928014cfd2cbc02bb0a6531e1e	gi|1517363057|gb|MH538886.1|	100.000	100	9.76e-155	303	238744	Menidia menidia	bony fishes	Atlantic silverside
ca8ef7928014cfd2cbc02bb0a6531e1e	gi|1517363044|gb|MH538885.1|	100.000	100	9.76e-155	303	238744	Menidia menidia	bony fishes	Atlantic silverside
ca8ef7928014cfd2cbc02bb0a6531e1e	gi|1517363031|gb|MH538884.1|	100.000	100	9.76e-155	303	238744	Menidia menidia	bony fishes	Atlantic silverside
ca8ef7928014cfd2cbc02bb0a6531e1e	gi|1517362990|gb|MH538881.1|	100.000	100	9.76e-155	303	238744	Menidia menidia	bony fishes	Atlantic silverside
dfc7a7229a1bcc995fb74ebb800f872e	gi|1517360744|gb|MH538715.1|	100.000	100	9.76e-155	303	238744	Menidia menidia	bony fishes	Atlantic silverside
dfc7a7229a1bcc995fb74ebb800f872e	gi|1517360716|gb|MH538713.1|	100.000	100	9.76e-155	303	238744	Menidia menidia	bony fishes	Atlantic silverside
dfc7a7229a1bcc995fb74ebb800f872e	gi|1842676499|gb|MT455086.1|	99.670	100	4.54e-153	303	238744	Menidia menidia	bony fishes	Atlantic silverside
dfc7a7229a1bcc995fb74ebb800f872e	gi|1517363193|gb|MH538896.1|	99.670	100	4.54e-153	303	238744	Menidia menidia	bony fishes	Atlantic silverside
dfc7a7229a1bcc995fb74ebb800f872e	gi|1517363166|gb|MH538894.1|	99.670	100	4.54e-153	303	238744	Menidia menidia	bony fishes	Atlantic silverside
dfc7a7229a1bcc995fb74ebb800f872e	gi|1517363124|gb|MH538891.1|	99.670	100	4.54e-153	303	238744	Menidia menidia	bony fishes	Atlantic silverside
dfc7a7229a1bcc995fb74ebb800f872e	gi|1517363097|gb|MH538889.1|	99.670	100	4.54e-153	303	238744	Menidia menidia	bony fishes	Atlantic silverside
dfc7a7229a1bcc995fb74ebb800f872e	gi|1517363084|gb|MH538888.1|	99.670	100	4.54e-153	303	238744	Menidia menidia	bony fishes	Atlantic silverside
dfc7a7229a1bcc995fb74ebb800f872e	gi|1517363057|gb|MH538886.1|	99.670	100	4.54e-153	303	238744	Menidia menidia	bony fishes	Atlantic silverside
dfc7a7229a1bcc995fb74ebb800f872e	gi|1517363044|gb|MH538885.1|	99.670	100	4.54e-153	303	238744	Menidia menidia	bony fishes	Atlantic silverside
2226c1c714ffb336eed260266fed096d	gi|564735113|gb|KF644026.1|	100.000	99	4.54e-153	300	76168	Onchidoris bilamellata	gastropods	Onchidoris bilamellata
2226c1c714ffb336eed260266fed096d	gi|564734807|gb|KF643873.1|	99.667	99	2.11e-151	300	76168	Onchidoris bilamellata	gastropods	Onchidoris bilamellata
2226c1c714ffb336eed260266fed096d	gi|2070381561|gb|MZ580692.1|	99.340	100	2.11e-151	303	76168	Onchidoris bilamellata	gastropods	Onchidoris bilamellata
2226c1c714ffb336eed260266fed096d	gi|1383528061|gb|MH242876.1|	99.010	100	9.83e-150	303	76168	Onchidoris bilamellata	gastropods	Onchidoris bilamellata
2226c1c714ffb336eed260266fed096d	gi|564734011|gb|KF643475.1|	99.010	100	9.83e-150	303	76168	Onchidoris bilamellata	gastropods	Onchidoris bilamellata
2226c1c714ffb336eed260266fed096d	gi|564733551|gb|KF643245.1|	99.333	99	9.83e-150	300	76168	Onchidoris bilamellata	gastropods	Onchidoris bilamellata
2226c1c714ffb336eed260266fed096d	gi|2070381567|gb|MZ580695.1|	99.010	100	9.83e-150	303	76168	Onchidoris bilamellata	gastropods	Onchidoris bilamellata
2226c1c714ffb336eed260266fed096d	gi|2070382007|gb|MZ580915.1|	98.680	100	4.58e-148	303	76168	Onchidoris bilamellata	gastropods	Onchidoris bilamellata
2226c1c714ffb336eed260266fed096d	gi|2070381202|gb|MZ580513.1|	98.680	100	4.58e-148	303	76168	Onchidoris bilamellata	gastropods	Onchidoris bilamellata
2226c1c714ffb336eed260266fed096d	gi|2868138366|gb|PQ739678.1|	94.719	100	4.71e-128	303	76168	Onchidoris bilamellata	gastropods	Onchidoris bilamellata
57b5060d6fcec23145728125291315ac	gi|1247177207|gb|KY572744.1|	99.010	100	9.83e-150	303	80365	Laminaria digitata	brown algae	Laminaria digitata
57b5060d6fcec23145728125291315ac	gi|1247177125|gb|KY572703.1|	99.010	100	9.83e-150	303	80365	Laminaria digitata	brown algae	Laminaria digitata
57b5060d6fcec23145728125291315ac	gi|1247176901|gb|KY572591.1|	99.010	100	9.83e-150	303	80365	Laminaria digitata	brown algae	Laminaria digitata
57b5060d6fcec23145728125291315ac	gi|1247176737|gb|KY572509.1|	99.010	100	9.83e-150	303	80365	Laminaria digitata	brown algae	Laminaria digitata
57b5060d6fcec23145728125291315ac	gi|1247176693|gb|KY572487.1|	99.010	100	9.83e-150	303	80365	Laminaria digitata	brown algae	Laminaria digitata
57b5060d6fcec23145728125291315ac	gi|1247176667|gb|KY572474.1|	99.010	100	9.83e-150	303	80365	Laminaria digitata	brown algae	Laminaria digitata
57b5060d6fcec23145728125291315ac	gi|1247176621|gb|KY572451.1|	99.010	100	9.83e-150	303	80365	Laminaria digitata	brown algae	Laminaria digitata
57b5060d6fcec23145728125291315ac	gi|1247176449|gb|KY572365.1|	99.010	100	9.83e-150	303	80365	Laminaria digitata	brown algae	Laminaria digitata
57b5060d6fcec23145728125291315ac	gi|1247176285|gb|KY572283.1|	99.010	100	9.83e-150	303	80365	Laminaria digitata	brown algae	Laminaria digitata
57b5060d6fcec23145728125291315ac	gi|1247176033|gb|KY572157.1|	99.010	100	9.83e-150	303	80365	Laminaria digitata	brown algae	Laminaria digitata
007bf2b76e8556a1adfbc1736f0d5004	gi|1247177207|gb|KY572744.1|	100.000	100	9.76e-155	303	80365	Laminaria digitata	brown algae	Laminaria digitata
007bf2b76e8556a1adfbc1736f0d5004	gi|1247177125|gb|KY572703.1|	100.000	100	9.76e-155	303	80365	Laminaria digitata	brown algae	Laminaria digitata
007bf2b76e8556a1adfbc1736f0d5004	gi|1247176901|gb|KY572591.1|	100.000	100	9.76e-155	303	80365	Laminaria digitata	brown algae	Laminaria digitata
007bf2b76e8556a1adfbc1736f0d5004	gi|1247176737|gb|KY572509.1|	100.000	100	9.76e-155	303	80365	Laminaria digitata	brown algae	Laminaria digitata
007bf2b76e8556a1adfbc1736f0d5004	gi|1247176693|gb|KY572487.1|	100.000	100	9.76e-155	303	80365	Laminaria digitata	brown algae	Laminaria digitata
007bf2b76e8556a1adfbc1736f0d5004	gi|1247176667|gb|KY572474.1|	100.000	100	9.76e-155	303	80365	Laminaria digitata	brown algae	Laminaria digitata
007bf2b76e8556a1adfbc1736f0d5004	gi|1247176621|gb|KY572451.1|	100.000	100	9.76e-155	303	80365	Laminaria digitata	brown algae	Laminaria digitata
007bf2b76e8556a1adfbc1736f0d5004	gi|1247176449|gb|KY572365.1|	100.000	100	9.76e-155	303	80365	Laminaria digitata	brown algae	Laminaria digitata
007bf2b76e8556a1adfbc1736f0d5004	gi|1247176285|gb|KY572283.1|	100.000	100	9.76e-155	303	80365	Laminaria digitata	brown algae	Laminaria digitata
007bf2b76e8556a1adfbc1736f0d5004	gi|1247176033|gb|KY572157.1|	100.000	100	9.76e-155	303	80365	Laminaria digitata	brown algae	Laminaria digitata
e67b81feddc1f525788824206a6f08e1	gi|1595638372|gb|MG306765.1|	99.340	100	2.11e-151	303	1158954	Micropsectra xantha	flies	Micropsectra xantha
e67b81feddc1f525788824206a6f08e1	gi|379644164|gb|JQ667075.1|	99.340	100	2.11e-151	303	1158954	Micropsectra xantha	flies	Micropsectra xantha
e67b81feddc1f525788824206a6f08e1	gi|379644160|gb|JQ667073.1|	99.340	100	2.11e-151	303	1158954	Micropsectra xantha	flies	Micropsectra xantha
e67b81feddc1f525788824206a6f08e1	gi|379644156|gb|JQ667071.1|	99.340	100	2.11e-151	303	1158954	Micropsectra xantha	flies	Micropsectra xantha
e67b81feddc1f525788824206a6f08e1	gi|379644170|gb|JQ667078.1|	99.338	99	7.60e-151	302	1158954	Micropsectra xantha	flies	Micropsectra xantha
e67b81feddc1f525788824206a6f08e1	gi|379644168|gb|JQ667077.1|	99.338	99	7.60e-151	302	1158954	Micropsectra xantha	flies	Micropsectra xantha
e67b81feddc1f525788824206a6f08e1	gi|379644162|gb|JQ667074.1|	99.338	99	7.60e-151	302	1158954	Micropsectra xantha	flies	Micropsectra xantha
e67b81feddc1f525788824206a6f08e1	gi|379644166|gb|JQ667076.1|	99.010	100	2.73e-150	303	1158954	Micropsectra xantha	flies	Micropsectra xantha
e67b81feddc1f525788824206a6f08e1	gi|379644172|gb|JQ667079.1|	99.007	99	9.83e-150	302	1158954	Micropsectra xantha	flies	Micropsectra xantha
e67b81feddc1f525788824206a6f08e1	gi|379644158|gb|JQ667072.1|	98.344	99	1.65e-147	302	1158954	Micropsectra xantha	flies	Micropsectra xantha
